date,sku,value,series_id,source_name,source_url,is_proxy,note
1992-01-01,Espresso Beans (Arabica),73.03181818181818,PCOFFOTMUSDM,"IMF Global price of Coffee, Other Mild Arabica (via FRED)",https://fred.stlouisfed.org/series/PCOFFOTMUSDM,False,Real global spot price -- direct match for this ingredient.
1992-02-01,Espresso Beans (Arabica),69.298,PCOFFOTMUSDM,"IMF Global price of Coffee, Other Mild Arabica (via FRED)",https://fred.stlouisfed.org/series/PCOFFOTMUSDM,False,Real global spot price -- direct match for this ingredient.
1992-03-01,Espresso Beans (Arabica),69.89363636363636,PCOFFOTMUSDM,"IMF Global price of Coffee, Other Mild Arabica (via FRED)",https://fred.stlouisfed.org/series/PCOFFOTMUSDM,False,Real global spot price -- direct match for this ingredient.
1992-04-01,Espresso Beans (Arabica),66.52227272727274,PCOFFOTMUSDM,"IMF Global price of Coffee, Other Mild Arabica (via FRED)",https://fred.stlouisfed.org/series/PCOFFOTMUSDM,False,Real global spot price -- direct match for this ingredient.
1992-05-01,Espresso Beans (Arabica),60.79666666666667,PCOFFOTMUSDM,"IMF Global price of Coffee, Other Mild Arabica (via FRED)",https://fred.stlouisfed.org/series/PCOFFOTMUSDM,False,Real global spot price -- direct match for this ingredient.
1992-06-01,Espresso Beans (Arabica),59.44818181818182,PCOFFOTMUSDM,"IMF Global price of Coffee, Other Mild Arabica (via FRED)",https://fred.stlouisfed.org/series/PCOFFOTMUSDM,False,Real global spot price -- direct match for this ingredient.
1992-07-01,Espresso Beans (Arabica),58.34913043478261,PCOFFOTMUSDM,"IMF Global price of Coffee, Other Mild Arabica (via FRED)",https://fred.stlouisfed.org/series/PCOFFOTMUSDM,False,Real global spot price -- direct match for this ingredient.
1992-08-01,Espresso Beans (Arabica),53.35380952380952,PCOFFOTMUSDM,"IMF Global price of Coffee, Other Mild Arabica (via FRED)",https://fred.stlouisfed.org/series/PCOFFOTMUSDM,False,Real global spot price -- direct match for this ingredient.
1992-09-01,Espresso Beans (Arabica),51.67318181818182,PCOFFOTMUSDM,"IMF Global price of Coffee, Other Mild Arabica (via FRED)",https://fred.stlouisfed.org/series/PCOFFOTMUSDM,False,Real global spot price -- direct match for this ingredient.
1992-10-01,Espresso Beans (Arabica),50.83,PCOFFOTMUSDM,"IMF Global price of Coffee, Other Mild Arabica (via FRED)",https://fred.stlouisfed.org/series/PCOFFOTMUSDM,False,Real global spot price -- direct match for this ingredient.
1992-11-01,Espresso Beans (Arabica),52.51285714285714,PCOFFOTMUSDM,"IMF Global price of Coffee, Other Mild Arabica (via FRED)",https://fred.stlouisfed.org/series/PCOFFOTMUSDM,False,Real global spot price -- direct match for this ingredient.
1992-12-01,Espresso Beans (Arabica),75.13913043478261,PCOFFOTMUSDM,"IMF Global price of Coffee, Other Mild Arabica (via FRED)",https://fred.stlouisfed.org/series/PCOFFOTMUSDM,False,Real global spot price -- direct match for this ingredient.
1993-01-01,Espresso Beans (Arabica),71.81904761904762,PCOFFOTMUSDM,"IMF Global price of Coffee, Other Mild Arabica (via FRED)",https://fred.stlouisfed.org/series/PCOFFOTMUSDM,False,Real global spot price -- direct match for this ingredient.
1993-02-01,Espresso Beans (Arabica),67.4365,PCOFFOTMUSDM,"IMF Global price of Coffee, Other Mild Arabica (via FRED)",https://fred.stlouisfed.org/series/PCOFFOTMUSDM,False,Real global spot price -- direct match for this ingredient.
1993-03-01,Espresso Beans (Arabica),64.68130434782609,PCOFFOTMUSDM,"IMF Global price of Coffee, Other Mild Arabica (via FRED)",https://fred.stlouisfed.org/series/PCOFFOTMUSDM,False,Real global spot price -- direct match for this ingredient.
1993-04-01,Espresso Beans (Arabica),58.41454545454545,PCOFFOTMUSDM,"IMF Global price of Coffee, Other Mild Arabica (via FRED)",https://fred.stlouisfed.org/series/PCOFFOTMUSDM,False,Real global spot price -- direct match for this ingredient.
1993-05-01,Espresso Beans (Arabica),61.65904761904762,PCOFFOTMUSDM,"IMF Global price of Coffee, Other Mild Arabica (via FRED)",https://fred.stlouisfed.org/series/PCOFFOTMUSDM,False,Real global spot price -- direct match for this ingredient.
1993-06-01,Espresso Beans (Arabica),63.19045454545455,PCOFFOTMUSDM,"IMF Global price of Coffee, Other Mild Arabica (via FRED)",https://fred.stlouisfed.org/series/PCOFFOTMUSDM,False,Real global spot price -- direct match for this ingredient.
1993-07-01,Espresso Beans (Arabica),70.47909090909091,PCOFFOTMUSDM,"IMF Global price of Coffee, Other Mild Arabica (via FRED)",https://fred.stlouisfed.org/series/PCOFFOTMUSDM,False,Real global spot price -- direct match for this ingredient.
1993-08-01,Espresso Beans (Arabica),76.18727272727273,PCOFFOTMUSDM,"IMF Global price of Coffee, Other Mild Arabica (via FRED)",https://fred.stlouisfed.org/series/PCOFFOTMUSDM,False,Real global spot price -- direct match for this ingredient.
1993-09-01,Espresso Beans (Arabica),81.12181818181818,PCOFFOTMUSDM,"IMF Global price of Coffee, Other Mild Arabica (via FRED)",https://fred.stlouisfed.org/series/PCOFFOTMUSDM,False,Real global spot price -- direct match for this ingredient.
1993-10-01,Espresso Beans (Arabica),76.64333333333333,PCOFFOTMUSDM,"IMF Global price of Coffee, Other Mild Arabica (via FRED)",https://fred.stlouisfed.org/series/PCOFFOTMUSDM,False,Real global spot price -- direct match for this ingredient.
1993-11-01,Espresso Beans (Arabica),79.23863636363636,PCOFFOTMUSDM,"IMF Global price of Coffee, Other Mild Arabica (via FRED)",https://fred.stlouisfed.org/series/PCOFFOTMUSDM,False,Real global spot price -- direct match for this ingredient.
1993-12-01,Espresso Beans (Arabica),82.55260869565217,PCOFFOTMUSDM,"IMF Global price of Coffee, Other Mild Arabica (via FRED)",https://fred.stlouisfed.org/series/PCOFFOTMUSDM,False,Real global spot price -- direct match for this ingredient.
1994-01-01,Espresso Beans (Arabica),79.58238095238094,PCOFFOTMUSDM,"IMF Global price of Coffee, Other Mild Arabica (via FRED)",https://fred.stlouisfed.org/series/PCOFFOTMUSDM,False,Real global spot price -- direct match for this ingredient.
1994-02-01,Espresso Beans (Arabica),83.2,PCOFFOTMUSDM,"IMF Global price of Coffee, Other Mild Arabica (via FRED)",https://fred.stlouisfed.org/series/PCOFFOTMUSDM,False,Real global spot price -- direct match for this ingredient.
1994-03-01,Espresso Beans (Arabica),87.01478260869565,PCOFFOTMUSDM,"IMF Global price of Coffee, Other Mild Arabica (via FRED)",https://fred.stlouisfed.org/series/PCOFFOTMUSDM,False,Real global spot price -- direct match for this ingredient.
1994-04-01,Espresso Beans (Arabica),90.93761904761904,PCOFFOTMUSDM,"IMF Global price of Coffee, Other Mild Arabica (via FRED)",https://fred.stlouisfed.org/series/PCOFFOTMUSDM,False,Real global spot price -- direct match for this ingredient.
1994-05-01,Espresso Beans (Arabica),117.1663636363636,PCOFFOTMUSDM,"IMF Global price of Coffee, Other Mild Arabica (via FRED)",https://fred.stlouisfed.org/series/PCOFFOTMUSDM,False,Real global spot price -- direct match for this ingredient.
1994-06-01,Espresso Beans (Arabica),133.3613636363636,PCOFFOTMUSDM,"IMF Global price of Coffee, Other Mild Arabica (via FRED)",https://fred.stlouisfed.org/series/PCOFFOTMUSDM,False,Real global spot price -- direct match for this ingredient.
1994-07-01,Espresso Beans (Arabica),201.41,PCOFFOTMUSDM,"IMF Global price of Coffee, Other Mild Arabica (via FRED)",https://fred.stlouisfed.org/series/PCOFFOTMUSDM,False,Real global spot price -- direct match for this ingredient.
1994-08-01,Espresso Beans (Arabica),199.1395652173913,PCOFFOTMUSDM,"IMF Global price of Coffee, Other Mild Arabica (via FRED)",https://fred.stlouisfed.org/series/PCOFFOTMUSDM,False,Real global spot price -- direct match for this ingredient.
1994-09-01,Espresso Beans (Arabica),218.68045454545447,PCOFFOTMUSDM,"IMF Global price of Coffee, Other Mild Arabica (via FRED)",https://fred.stlouisfed.org/series/PCOFFOTMUSDM,False,Real global spot price -- direct match for this ingredient.
1994-10-01,Espresso Beans (Arabica),207.3138095238095,PCOFFOTMUSDM,"IMF Global price of Coffee, Other Mild Arabica (via FRED)",https://fred.stlouisfed.org/series/PCOFFOTMUSDM,False,Real global spot price -- direct match for this ingredient.
1994-11-01,Espresso Beans (Arabica),188.1163636363636,PCOFFOTMUSDM,"IMF Global price of Coffee, Other Mild Arabica (via FRED)",https://fred.stlouisfed.org/series/PCOFFOTMUSDM,False,Real global spot price -- direct match for this ingredient.
1994-12-01,Espresso Beans (Arabica),162.265,PCOFFOTMUSDM,"IMF Global price of Coffee, Other Mild Arabica (via FRED)",https://fred.stlouisfed.org/series/PCOFFOTMUSDM,False,Real global spot price -- direct match for this ingredient.
1995-01-01,Espresso Beans (Arabica),171.0881818181818,PCOFFOTMUSDM,"IMF Global price of Coffee, Other Mild Arabica (via FRED)",https://fred.stlouisfed.org/series/PCOFFOTMUSDM,False,Real global spot price -- direct match for this ingredient.
1995-02-01,Espresso Beans (Arabica),167.475,PCOFFOTMUSDM,"IMF Global price of Coffee, Other Mild Arabica (via FRED)",https://fred.stlouisfed.org/series/PCOFFOTMUSDM,False,Real global spot price -- direct match for this ingredient.
1995-03-01,Espresso Beans (Arabica),179.2108695652174,PCOFFOTMUSDM,"IMF Global price of Coffee, Other Mild Arabica (via FRED)",https://fred.stlouisfed.org/series/PCOFFOTMUSDM,False,Real global spot price -- direct match for this ingredient.
1995-04-01,Espresso Beans (Arabica),173.237,PCOFFOTMUSDM,"IMF Global price of Coffee, Other Mild Arabica (via FRED)",https://fred.stlouisfed.org/series/PCOFFOTMUSDM,False,Real global spot price -- direct match for this ingredient.
1995-05-01,Espresso Beans (Arabica),173.245652173913,PCOFFOTMUSDM,"IMF Global price of Coffee, Other Mild Arabica (via FRED)",https://fred.stlouisfed.org/series/PCOFFOTMUSDM,False,Real global spot price -- direct match for this ingredient.
1995-06-01,Espresso Beans (Arabica),158.6031818181818,PCOFFOTMUSDM,"IMF Global price of Coffee, Other Mild Arabica (via FRED)",https://fred.stlouisfed.org/series/PCOFFOTMUSDM,False,Real global spot price -- direct match for this ingredient.
1995-07-01,Espresso Beans (Arabica),140.2966666666667,PCOFFOTMUSDM,"IMF Global price of Coffee, Other Mild Arabica (via FRED)",https://fred.stlouisfed.org/series/PCOFFOTMUSDM,False,Real global spot price -- direct match for this ingredient.
1995-08-01,Espresso Beans (Arabica),150.9917391304348,PCOFFOTMUSDM,"IMF Global price of Coffee, Other Mild Arabica (via FRED)",https://fred.stlouisfed.org/series/PCOFFOTMUSDM,False,Real global spot price -- direct match for this ingredient.
1995-09-01,Espresso Beans (Arabica),137.1380952380952,PCOFFOTMUSDM,"IMF Global price of Coffee, Other Mild Arabica (via FRED)",https://fred.stlouisfed.org/series/PCOFFOTMUSDM,False,Real global spot price -- direct match for this ingredient.
1995-10-01,Espresso Beans (Arabica),127.0859090909091,PCOFFOTMUSDM,"IMF Global price of Coffee, Other Mild Arabica (via FRED)",https://fred.stlouisfed.org/series/PCOFFOTMUSDM,False,Real global spot price -- direct match for this ingredient.
1995-11-01,Espresso Beans (Arabica),125.26045454545448,PCOFFOTMUSDM,"IMF Global price of Coffee, Other Mild Arabica (via FRED)",https://fred.stlouisfed.org/series/PCOFFOTMUSDM,False,Real global spot price -- direct match for this ingredient.
1995-12-01,Espresso Beans (Arabica),106.3680952380952,PCOFFOTMUSDM,"IMF Global price of Coffee, Other Mild Arabica (via FRED)",https://fred.stlouisfed.org/series/PCOFFOTMUSDM,False,Real global spot price -- direct match for this ingredient.
1996-01-01,Espresso Beans (Arabica),107.9617391304348,PCOFFOTMUSDM,"IMF Global price of Coffee, Other Mild Arabica (via FRED)",https://fred.stlouisfed.org/series/PCOFFOTMUSDM,False,Real global spot price -- direct match for this ingredient.
1996-02-01,Espresso Beans (Arabica),124.7804761904762,PCOFFOTMUSDM,"IMF Global price of Coffee, Other Mild Arabica (via FRED)",https://fred.stlouisfed.org/series/PCOFFOTMUSDM,False,Real global spot price -- direct match for this ingredient.
1996-03-01,Espresso Beans (Arabica),120.807619047619,PCOFFOTMUSDM,"IMF Global price of Coffee, Other Mild Arabica (via FRED)",https://fred.stlouisfed.org/series/PCOFFOTMUSDM,False,Real global spot price -- direct match for this ingredient.
1996-04-01,Espresso Beans (Arabica),121.8831818181818,PCOFFOTMUSDM,"IMF Global price of Coffee, Other Mild Arabica (via FRED)",https://fred.stlouisfed.org/series/PCOFFOTMUSDM,False,Real global spot price -- direct match for this ingredient.
1996-05-01,Espresso Beans (Arabica),129.595652173913,PCOFFOTMUSDM,"IMF Global price of Coffee, Other Mild Arabica (via FRED)",https://fred.stlouisfed.org/series/PCOFFOTMUSDM,False,Real global spot price -- direct match for this ingredient.
1996-06-01,Espresso Beans (Arabica),125.03,PCOFFOTMUSDM,"IMF Global price of Coffee, Other Mild Arabica (via FRED)",https://fred.stlouisfed.org/series/PCOFFOTMUSDM,False,Real global spot price -- direct match for this ingredient.
1996-07-01,Espresso Beans (Arabica),123.7008695652174,PCOFFOTMUSDM,"IMF Global price of Coffee, Other Mild Arabica (via FRED)",https://fred.stlouisfed.org/series/PCOFFOTMUSDM,False,Real global spot price -- direct match for this ingredient.
1996-08-01,Espresso Beans (Arabica),125.50772727272728,PCOFFOTMUSDM,"IMF Global price of Coffee, Other Mild Arabica (via FRED)",https://fred.stlouisfed.org/series/PCOFFOTMUSDM,False,Real global spot price -- direct match for this ingredient.
1996-09-01,Espresso Beans (Arabica),119.812380952381,PCOFFOTMUSDM,"IMF Global price of Coffee, Other Mild Arabica (via FRED)",https://fred.stlouisfed.org/series/PCOFFOTMUSDM,False,Real global spot price -- direct match for this ingredient.
1996-10-01,Espresso Beans (Arabica),123.77695652173908,PCOFFOTMUSDM,"IMF Global price of Coffee, Other Mild Arabica (via FRED)",https://fred.stlouisfed.org/series/PCOFFOTMUSDM,False,Real global spot price -- direct match for this ingredient.
1996-11-01,Espresso Beans (Arabica),123.9138095238095,PCOFFOTMUSDM,"IMF Global price of Coffee, Other Mild Arabica (via FRED)",https://fred.stlouisfed.org/series/PCOFFOTMUSDM,False,Real global spot price -- direct match for this ingredient.
1996-12-01,Espresso Beans (Arabica),116.8936363636364,PCOFFOTMUSDM,"IMF Global price of Coffee, Other Mild Arabica (via FRED)",https://fred.stlouisfed.org/series/PCOFFOTMUSDM,False,Real global spot price -- direct match for this ingredient.
1997-01-01,Espresso Beans (Arabica),131.2339130434783,PCOFFOTMUSDM,"IMF Global price of Coffee, Other Mild Arabica (via FRED)",https://fred.stlouisfed.org/series/PCOFFOTMUSDM,False,Real global spot price -- direct match for this ingredient.
1997-02-01,Espresso Beans (Arabica),166.3255,PCOFFOTMUSDM,"IMF Global price of Coffee, Other Mild Arabica (via FRED)",https://fred.stlouisfed.org/series/PCOFFOTMUSDM,False,Real global spot price -- direct match for this ingredient.
1997-03-01,Espresso Beans (Arabica),193.4080952380952,PCOFFOTMUSDM,"IMF Global price of Coffee, Other Mild Arabica (via FRED)",https://fred.stlouisfed.org/series/PCOFFOTMUSDM,False,Real global spot price -- direct match for this ingredient.
1997-04-01,Espresso Beans (Arabica),205.44090909090912,PCOFFOTMUSDM,"IMF Global price of Coffee, Other Mild Arabica (via FRED)",https://fred.stlouisfed.org/series/PCOFFOTMUSDM,False,Real global spot price -- direct match for this ingredient.
1997-05-01,Espresso Beans (Arabica),265.6059090909091,PCOFFOTMUSDM,"IMF Global price of Coffee, Other Mild Arabica (via FRED)",https://fred.stlouisfed.org/series/PCOFFOTMUSDM,False,Real global spot price -- direct match for this ingredient.
1997-06-01,Espresso Beans (Arabica),226.7609523809524,PCOFFOTMUSDM,"IMF Global price of Coffee, Other Mild Arabica (via FRED)",https://fred.stlouisfed.org/series/PCOFFOTMUSDM,False,Real global spot price -- direct match for this ingredient.
1997-07-01,Espresso Beans (Arabica),190.1582608695652,PCOFFOTMUSDM,"IMF Global price of Coffee, Other Mild Arabica (via FRED)",https://fred.stlouisfed.org/series/PCOFFOTMUSDM,False,Real global spot price -- direct match for this ingredient.
1997-08-01,Espresso Beans (Arabica),191.0990476190476,PCOFFOTMUSDM,"IMF Global price of Coffee, Other Mild Arabica (via FRED)",https://fred.stlouisfed.org/series/PCOFFOTMUSDM,False,Real global spot price -- direct match for this ingredient.
1997-09-01,Espresso Beans (Arabica),190.86454545454552,PCOFFOTMUSDM,"IMF Global price of Coffee, Other Mild Arabica (via FRED)",https://fred.stlouisfed.org/series/PCOFFOTMUSDM,False,Real global spot price -- direct match for this ingredient.
1997-10-01,Espresso Beans (Arabica),169.1491304347826,PCOFFOTMUSDM,"IMF Global price of Coffee, Other Mild Arabica (via FRED)",https://fred.stlouisfed.org/series/PCOFFOTMUSDM,False,Real global spot price -- direct match for this ingredient.
1997-11-01,Espresso Beans (Arabica),160.3115,PCOFFOTMUSDM,"IMF Global price of Coffee, Other Mild Arabica (via FRED)",https://fred.stlouisfed.org/series/PCOFFOTMUSDM,False,Real global spot price -- direct match for this ingredient.
1997-12-01,Espresso Beans (Arabica),176.7795652173913,PCOFFOTMUSDM,"IMF Global price of Coffee, Other Mild Arabica (via FRED)",https://fred.stlouisfed.org/series/PCOFFOTMUSDM,False,Real global spot price -- direct match for this ingredient.
1998-01-01,Espresso Beans (Arabica),176.9136363636364,PCOFFOTMUSDM,"IMF Global price of Coffee, Other Mild Arabica (via FRED)",https://fred.stlouisfed.org/series/PCOFFOTMUSDM,False,Real global spot price -- direct match for this ingredient.
1998-02-01,Espresso Beans (Arabica),178.374,PCOFFOTMUSDM,"IMF Global price of Coffee, Other Mild Arabica (via FRED)",https://fred.stlouisfed.org/series/PCOFFOTMUSDM,False,Real global spot price -- direct match for this ingredient.
1998-03-01,Espresso Beans (Arabica),158.39,PCOFFOTMUSDM,"IMF Global price of Coffee, Other Mild Arabica (via FRED)",https://fred.stlouisfed.org/series/PCOFFOTMUSDM,False,Real global spot price -- direct match for this ingredient.
1998-04-01,Espresso Beans (Arabica),150.255,PCOFFOTMUSDM,"IMF Global price of Coffee, Other Mild Arabica (via FRED)",https://fred.stlouisfed.org/series/PCOFFOTMUSDM,False,Real global spot price -- direct match for this ingredient.
1998-05-01,Espresso Beans (Arabica),138.937619047619,PCOFFOTMUSDM,"IMF Global price of Coffee, Other Mild Arabica (via FRED)",https://fred.stlouisfed.org/series/PCOFFOTMUSDM,False,Real global spot price -- direct match for this ingredient.
1998-06-01,Espresso Beans (Arabica),126.6631818181818,PCOFFOTMUSDM,"IMF Global price of Coffee, Other Mild Arabica (via FRED)",https://fred.stlouisfed.org/series/PCOFFOTMUSDM,False,Real global spot price -- direct match for this ingredient.
1998-07-01,Espresso Beans (Arabica),116.9413043478261,PCOFFOTMUSDM,"IMF Global price of Coffee, Other Mild Arabica (via FRED)",https://fred.stlouisfed.org/series/PCOFFOTMUSDM,False,Real global spot price -- direct match for this ingredient.
1998-08-01,Espresso Beans (Arabica),123.6471428571429,PCOFFOTMUSDM,"IMF Global price of Coffee, Other Mild Arabica (via FRED)",https://fred.stlouisfed.org/series/PCOFFOTMUSDM,False,Real global spot price -- direct match for this ingredient.
1998-09-01,Espresso Beans (Arabica),112.9440909090909,PCOFFOTMUSDM,"IMF Global price of Coffee, Other Mild Arabica (via FRED)",https://fred.stlouisfed.org/series/PCOFFOTMUSDM,False,Real global spot price -- direct match for this ingredient.
1998-10-01,Espresso Beans (Arabica),109.3872727272727,PCOFFOTMUSDM,"IMF Global price of Coffee, Other Mild Arabica (via FRED)",https://fred.stlouisfed.org/series/PCOFFOTMUSDM,False,Real global spot price -- direct match for this ingredient.
1998-11-01,Espresso Beans (Arabica),116.1219047619048,PCOFFOTMUSDM,"IMF Global price of Coffee, Other Mild Arabica (via FRED)",https://fred.stlouisfed.org/series/PCOFFOTMUSDM,False,Real global spot price -- direct match for this ingredient.
1998-12-01,Espresso Beans (Arabica),117.0560869565217,PCOFFOTMUSDM,"IMF Global price of Coffee, Other Mild Arabica (via FRED)",https://fred.stlouisfed.org/series/PCOFFOTMUSDM,False,Real global spot price -- direct match for this ingredient.
1999-01-01,Espresso Beans (Arabica),114.227619047619,PCOFFOTMUSDM,"IMF Global price of Coffee, Other Mild Arabica (via FRED)",https://fred.stlouisfed.org/series/PCOFFOTMUSDM,False,Real global spot price -- direct match for this ingredient.
1999-02-01,Espresso Beans (Arabica),104.762,PCOFFOTMUSDM,"IMF Global price of Coffee, Other Mild Arabica (via FRED)",https://fred.stlouisfed.org/series/PCOFFOTMUSDM,False,Real global spot price -- direct match for this ingredient.
1999-03-01,Espresso Beans (Arabica),105.1321739130435,PCOFFOTMUSDM,"IMF Global price of Coffee, Other Mild Arabica (via FRED)",https://fred.stlouisfed.org/series/PCOFFOTMUSDM,False,Real global spot price -- direct match for this ingredient.
1999-04-01,Espresso Beans (Arabica),102.8286363636364,PCOFFOTMUSDM,"IMF Global price of Coffee, Other Mild Arabica (via FRED)",https://fred.stlouisfed.org/series/PCOFFOTMUSDM,False,Real global spot price -- direct match for this ingredient.
1999-05-01,Espresso Beans (Arabica),111.3547619047619,PCOFFOTMUSDM,"IMF Global price of Coffee, Other Mild Arabica (via FRED)",https://fred.stlouisfed.org/series/PCOFFOTMUSDM,False,Real global spot price -- direct match for this ingredient.
1999-06-01,Espresso Beans (Arabica),108.11727272727272,PCOFFOTMUSDM,"IMF Global price of Coffee, Other Mild Arabica (via FRED)",https://fred.stlouisfed.org/series/PCOFFOTMUSDM,False,Real global spot price -- direct match for this ingredient.
1999-07-01,Espresso Beans (Arabica),95.7918181818182,PCOFFOTMUSDM,"IMF Global price of Coffee, Other Mild Arabica (via FRED)",https://fred.stlouisfed.org/series/PCOFFOTMUSDM,False,Real global spot price -- direct match for this ingredient.
1999-08-01,Espresso Beans (Arabica),91.49954545454544,PCOFFOTMUSDM,"IMF Global price of Coffee, Other Mild Arabica (via FRED)",https://fred.stlouisfed.org/series/PCOFFOTMUSDM,False,Real global spot price -- direct match for this ingredient.
1999-09-01,Espresso Beans (Arabica),84.52409090909092,PCOFFOTMUSDM,"IMF Global price of Coffee, Other Mild Arabica (via FRED)",https://fred.stlouisfed.org/series/PCOFFOTMUSDM,False,Real global spot price -- direct match for this ingredient.
1999-10-01,Espresso Beans (Arabica),92.75904761904762,PCOFFOTMUSDM,"IMF Global price of Coffee, Other Mild Arabica (via FRED)",https://fred.stlouisfed.org/series/PCOFFOTMUSDM,False,Real global spot price -- direct match for this ingredient.
1999-11-01,Espresso Beans (Arabica),112.45090909090908,PCOFFOTMUSDM,"IMF Global price of Coffee, Other Mild Arabica (via FRED)",https://fred.stlouisfed.org/series/PCOFFOTMUSDM,False,Real global spot price -- direct match for this ingredient.
1999-12-01,Espresso Beans (Arabica),123.1652173913043,PCOFFOTMUSDM,"IMF Global price of Coffee, Other Mild Arabica (via FRED)",https://fred.stlouisfed.org/series/PCOFFOTMUSDM,False,Real global spot price -- direct match for this ingredient.
2000-01-01,Espresso Beans (Arabica),111.8514285714286,PCOFFOTMUSDM,"IMF Global price of Coffee, Other Mild Arabica (via FRED)",https://fred.stlouisfed.org/series/PCOFFOTMUSDM,False,Real global spot price -- direct match for this ingredient.
2000-02-01,Espresso Beans (Arabica),104.0414285714286,PCOFFOTMUSDM,"IMF Global price of Coffee, Other Mild Arabica (via FRED)",https://fred.stlouisfed.org/series/PCOFFOTMUSDM,False,Real global spot price -- direct match for this ingredient.
2000-03-01,Espresso Beans (Arabica),100.6526086956522,PCOFFOTMUSDM,"IMF Global price of Coffee, Other Mild Arabica (via FRED)",https://fred.stlouisfed.org/series/PCOFFOTMUSDM,False,Real global spot price -- direct match for this ingredient.
2000-04-01,Espresso Beans (Arabica),94.65,PCOFFOTMUSDM,"IMF Global price of Coffee, Other Mild Arabica (via FRED)",https://fred.stlouisfed.org/series/PCOFFOTMUSDM,False,Real global spot price -- direct match for this ingredient.
2000-05-01,Espresso Beans (Arabica),91.50608695652174,PCOFFOTMUSDM,"IMF Global price of Coffee, Other Mild Arabica (via FRED)",https://fred.stlouisfed.org/series/PCOFFOTMUSDM,False,Real global spot price -- direct match for this ingredient.
2000-06-01,Espresso Beans (Arabica),86.8940909090909,PCOFFOTMUSDM,"IMF Global price of Coffee, Other Mild Arabica (via FRED)",https://fred.stlouisfed.org/series/PCOFFOTMUSDM,False,Real global spot price -- direct match for this ingredient.
2000-07-01,Espresso Beans (Arabica),87.65619047619047,PCOFFOTMUSDM,"IMF Global price of Coffee, Other Mild Arabica (via FRED)",https://fred.stlouisfed.org/series/PCOFFOTMUSDM,False,Real global spot price -- direct match for this ingredient.
2000-08-01,Espresso Beans (Arabica),79.30391304347826,PCOFFOTMUSDM,"IMF Global price of Coffee, Other Mild Arabica (via FRED)",https://fred.stlouisfed.org/series/PCOFFOTMUSDM,False,Real global spot price -- direct match for this ingredient.
2000-09-01,Espresso Beans (Arabica),75.8352380952381,PCOFFOTMUSDM,"IMF Global price of Coffee, Other Mild Arabica (via FRED)",https://fred.stlouisfed.org/series/PCOFFOTMUSDM,False,Real global spot price -- direct match for this ingredient.
2000-10-01,Espresso Beans (Arabica),76.76454545454546,PCOFFOTMUSDM,"IMF Global price of Coffee, Other Mild Arabica (via FRED)",https://fred.stlouisfed.org/series/PCOFFOTMUSDM,False,Real global spot price -- direct match for this ingredient.
2000-11-01,Espresso Beans (Arabica),71.39045454545455,PCOFFOTMUSDM,"IMF Global price of Coffee, Other Mild Arabica (via FRED)",https://fred.stlouisfed.org/series/PCOFFOTMUSDM,False,Real global spot price -- direct match for this ingredient.
2000-12-01,Espresso Beans (Arabica),65.90333333333334,PCOFFOTMUSDM,"IMF Global price of Coffee, Other Mild Arabica (via FRED)",https://fred.stlouisfed.org/series/PCOFFOTMUSDM,False,Real global spot price -- direct match for this ingredient.
2001-01-01,Espresso Beans (Arabica),65.65260869565218,PCOFFOTMUSDM,"IMF Global price of Coffee, Other Mild Arabica (via FRED)",https://fred.stlouisfed.org/series/PCOFFOTMUSDM,False,Real global spot price -- direct match for this ingredient.
2001-02-01,Espresso Beans (Arabica),67.2755,PCOFFOTMUSDM,"IMF Global price of Coffee, Other Mild Arabica (via FRED)",https://fred.stlouisfed.org/series/PCOFFOTMUSDM,False,Real global spot price -- direct match for this ingredient.
2001-03-01,Espresso Beans (Arabica),66.6659090909091,PCOFFOTMUSDM,"IMF Global price of Coffee, Other Mild Arabica (via FRED)",https://fred.stlouisfed.org/series/PCOFFOTMUSDM,False,Real global spot price -- direct match for this ingredient.
2001-04-01,Espresso Beans (Arabica),65.99761904761905,PCOFFOTMUSDM,"IMF Global price of Coffee, Other Mild Arabica (via FRED)",https://fred.stlouisfed.org/series/PCOFFOTMUSDM,False,Real global spot price -- direct match for this ingredient.
2001-05-01,Espresso Beans (Arabica),69.63130434782609,PCOFFOTMUSDM,"IMF Global price of Coffee, Other Mild Arabica (via FRED)",https://fred.stlouisfed.org/series/PCOFFOTMUSDM,False,Real global spot price -- direct match for this ingredient.
2001-06-01,Espresso Beans (Arabica),63.84619047619048,PCOFFOTMUSDM,"IMF Global price of Coffee, Other Mild Arabica (via FRED)",https://fred.stlouisfed.org/series/PCOFFOTMUSDM,False,Real global spot price -- direct match for this ingredient.
2001-07-01,Espresso Beans (Arabica),58.94136363636364,PCOFFOTMUSDM,"IMF Global price of Coffee, Other Mild Arabica (via FRED)",https://fred.stlouisfed.org/series/PCOFFOTMUSDM,False,Real global spot price -- direct match for this ingredient.
2001-08-01,Espresso Beans (Arabica),59.33130434782609,PCOFFOTMUSDM,"IMF Global price of Coffee, Other Mild Arabica (via FRED)",https://fred.stlouisfed.org/series/PCOFFOTMUSDM,False,Real global spot price -- direct match for this ingredient.
2001-09-01,Espresso Beans (Arabica),58.267,PCOFFOTMUSDM,"IMF Global price of Coffee, Other Mild Arabica (via FRED)",https://fred.stlouisfed.org/series/PCOFFOTMUSDM,False,Real global spot price -- direct match for this ingredient.
2001-10-01,Espresso Beans (Arabica),56.36782608695652,PCOFFOTMUSDM,"IMF Global price of Coffee, Other Mild Arabica (via FRED)",https://fred.stlouisfed.org/series/PCOFFOTMUSDM,False,Real global spot price -- direct match for this ingredient.
2001-11-01,Espresso Beans (Arabica),58.84772727272727,PCOFFOTMUSDM,"IMF Global price of Coffee, Other Mild Arabica (via FRED)",https://fred.stlouisfed.org/series/PCOFFOTMUSDM,False,Real global spot price -- direct match for this ingredient.
2001-12-01,Espresso Beans (Arabica),56.5852380952381,PCOFFOTMUSDM,"IMF Global price of Coffee, Other Mild Arabica (via FRED)",https://fred.stlouisfed.org/series/PCOFFOTMUSDM,False,Real global spot price -- direct match for this ingredient.
2002-01-01,Espresso Beans (Arabica),58.24304347826087,PCOFFOTMUSDM,"IMF Global price of Coffee, Other Mild Arabica (via FRED)",https://fred.stlouisfed.org/series/PCOFFOTMUSDM,False,Real global spot price -- direct match for this ingredient.
2002-02-01,Espresso Beans (Arabica),59.116,PCOFFOTMUSDM,"IMF Global price of Coffee, Other Mild Arabica (via FRED)",https://fred.stlouisfed.org/series/PCOFFOTMUSDM,False,Real global spot price -- direct match for this ingredient.
2002-03-01,Espresso Beans (Arabica),64.07047619047619,PCOFFOTMUSDM,"IMF Global price of Coffee, Other Mild Arabica (via FRED)",https://fred.stlouisfed.org/series/PCOFFOTMUSDM,False,Real global spot price -- direct match for this ingredient.
2002-04-01,Espresso Beans (Arabica),65.33681818181817,PCOFFOTMUSDM,"IMF Global price of Coffee, Other Mild Arabica (via FRED)",https://fred.stlouisfed.org/series/PCOFFOTMUSDM,False,Real global spot price -- direct match for this ingredient.
2002-05-01,Espresso Beans (Arabica),61.4604347826087,PCOFFOTMUSDM,"IMF Global price of Coffee, Other Mild Arabica (via FRED)",https://fred.stlouisfed.org/series/PCOFFOTMUSDM,False,Real global spot price -- direct match for this ingredient.
2002-06-01,Espresso Beans (Arabica),58.5555,PCOFFOTMUSDM,"IMF Global price of Coffee, Other Mild Arabica (via FRED)",https://fred.stlouisfed.org/series/PCOFFOTMUSDM,False,Real global spot price -- direct match for this ingredient.
2002-07-01,Espresso Beans (Arabica),56.47739130434783,PCOFFOTMUSDM,"IMF Global price of Coffee, Other Mild Arabica (via FRED)",https://fred.stlouisfed.org/series/PCOFFOTMUSDM,False,Real global spot price -- direct match for this ingredient.
2002-08-01,Espresso Beans (Arabica),54.36409090909091,PCOFFOTMUSDM,"IMF Global price of Coffee, Other Mild Arabica (via FRED)",https://fred.stlouisfed.org/series/PCOFFOTMUSDM,False,Real global spot price -- direct match for this ingredient.
2002-09-01,Espresso Beans (Arabica),60.66619047619048,PCOFFOTMUSDM,"IMF Global price of Coffee, Other Mild Arabica (via FRED)",https://fred.stlouisfed.org/series/PCOFFOTMUSDM,False,Real global spot price -- direct match for this ingredient.
2002-10-01,Espresso Beans (Arabica),65.73086956521739,PCOFFOTMUSDM,"IMF Global price of Coffee, Other Mild Arabica (via FRED)",https://fred.stlouisfed.org/series/PCOFFOTMUSDM,False,Real global spot price -- direct match for this ingredient.
2002-11-01,Espresso Beans (Arabica),69.86809523809524,PCOFFOTMUSDM,"IMF Global price of Coffee, Other Mild Arabica (via FRED)",https://fred.stlouisfed.org/series/PCOFFOTMUSDM,False,Real global spot price -- direct match for this ingredient.
2002-12-01,Espresso Beans (Arabica),63.65590909090909,PCOFFOTMUSDM,"IMF Global price of Coffee, Other Mild Arabica (via FRED)",https://fred.stlouisfed.org/series/PCOFFOTMUSDM,False,Real global spot price -- direct match for this ingredient.
2003-01-01,Espresso Beans (Arabica),65.38347826086957,PCOFFOTMUSDM,"IMF Global price of Coffee, Other Mild Arabica (via FRED)",https://fred.stlouisfed.org/series/PCOFFOTMUSDM,False,Real global spot price -- direct match for this ingredient.
2003-02-01,Espresso Beans (Arabica),66.4085,PCOFFOTMUSDM,"IMF Global price of Coffee, Other Mild Arabica (via FRED)",https://fred.stlouisfed.org/series/PCOFFOTMUSDM,False,Real global spot price -- direct match for this ingredient.
2003-03-01,Espresso Beans (Arabica),61.74809523809524,PCOFFOTMUSDM,"IMF Global price of Coffee, Other Mild Arabica (via FRED)",https://fred.stlouisfed.org/series/PCOFFOTMUSDM,False,Real global spot price -- direct match for this ingredient.
2003-04-01,Espresso Beans (Arabica),64.69227272727272,PCOFFOTMUSDM,"IMF Global price of Coffee, Other Mild Arabica (via FRED)",https://fred.stlouisfed.org/series/PCOFFOTMUSDM,False,Real global spot price -- direct match for this ingredient.
2003-05-01,Espresso Beans (Arabica),66.09681818181818,PCOFFOTMUSDM,"IMF Global price of Coffee, Other Mild Arabica (via FRED)",https://fred.stlouisfed.org/series/PCOFFOTMUSDM,False,Real global spot price -- direct match for this ingredient.
2003-06-01,Espresso Beans (Arabica),61.04666666666667,PCOFFOTMUSDM,"IMF Global price of Coffee, Other Mild Arabica (via FRED)",https://fred.stlouisfed.org/series/PCOFFOTMUSDM,False,Real global spot price -- direct match for this ingredient.
2003-07-01,Espresso Beans (Arabica),62.95130434782609,PCOFFOTMUSDM,"IMF Global price of Coffee, Other Mild Arabica (via FRED)",https://fred.stlouisfed.org/series/PCOFFOTMUSDM,False,Real global spot price -- direct match for this ingredient.
2003-08-01,Espresso Beans (Arabica),63.89142857142857,PCOFFOTMUSDM,"IMF Global price of Coffee, Other Mild Arabica (via FRED)",https://fred.stlouisfed.org/series/PCOFFOTMUSDM,False,Real global spot price -- direct match for this ingredient.
2003-09-01,Espresso Beans (Arabica),66.41045454545456,PCOFFOTMUSDM,"IMF Global price of Coffee, Other Mild Arabica (via FRED)",https://fred.stlouisfed.org/series/PCOFFOTMUSDM,False,Real global spot price -- direct match for this ingredient.
2003-10-01,Espresso Beans (Arabica),64.28347826086957,PCOFFOTMUSDM,"IMF Global price of Coffee, Other Mild Arabica (via FRED)",https://fred.stlouisfed.org/series/PCOFFOTMUSDM,False,Real global spot price -- direct match for this ingredient.
2003-11-01,Espresso Beans (Arabica),62.2775,PCOFFOTMUSDM,"IMF Global price of Coffee, Other Mild Arabica (via FRED)",https://fred.stlouisfed.org/series/PCOFFOTMUSDM,False,Real global spot price -- direct match for this ingredient.
2003-12-01,Espresso Beans (Arabica),64.88434782608697,PCOFFOTMUSDM,"IMF Global price of Coffee, Other Mild Arabica (via FRED)",https://fred.stlouisfed.org/series/PCOFFOTMUSDM,False,Real global spot price -- direct match for this ingredient.
2004-01-01,Espresso Beans (Arabica),72.02863636363637,PCOFFOTMUSDM,"IMF Global price of Coffee, Other Mild Arabica (via FRED)",https://fred.stlouisfed.org/series/PCOFFOTMUSDM,False,Real global spot price -- direct match for this ingredient.
2004-02-01,Espresso Beans (Arabica),76.2255,PCOFFOTMUSDM,"IMF Global price of Coffee, Other Mild Arabica (via FRED)",https://fred.stlouisfed.org/series/PCOFFOTMUSDM,False,Real global spot price -- direct match for this ingredient.
2004-03-01,Espresso Beans (Arabica),78.05913043478262,PCOFFOTMUSDM,"IMF Global price of Coffee, Other Mild Arabica (via FRED)",https://fred.stlouisfed.org/series/PCOFFOTMUSDM,False,Real global spot price -- direct match for this ingredient.
2004-04-01,Espresso Beans (Arabica),75.53772727272727,PCOFFOTMUSDM,"IMF Global price of Coffee, Other Mild Arabica (via FRED)",https://fred.stlouisfed.org/series/PCOFFOTMUSDM,False,Real global spot price -- direct match for this ingredient.
2004-05-01,Espresso Beans (Arabica),77.44,PCOFFOTMUSDM,"IMF Global price of Coffee, Other Mild Arabica (via FRED)",https://fred.stlouisfed.org/series/PCOFFOTMUSDM,False,Real global spot price -- direct match for this ingredient.
2004-06-01,Espresso Beans (Arabica),82.21454545454544,PCOFFOTMUSDM,"IMF Global price of Coffee, Other Mild Arabica (via FRED)",https://fred.stlouisfed.org/series/PCOFFOTMUSDM,False,Real global spot price -- direct match for this ingredient.
2004-07-01,Espresso Beans (Arabica),74.96772727272727,PCOFFOTMUSDM,"IMF Global price of Coffee, Other Mild Arabica (via FRED)",https://fred.stlouisfed.org/series/PCOFFOTMUSDM,False,Real global spot price -- direct match for this ingredient.
2004-08-01,Espresso Beans (Arabica),73.60818181818182,PCOFFOTMUSDM,"IMF Global price of Coffee, Other Mild Arabica (via FRED)",https://fred.stlouisfed.org/series/PCOFFOTMUSDM,False,Real global spot price -- direct match for this ingredient.
2004-09-01,Espresso Beans (Arabica),80.4659090909091,PCOFFOTMUSDM,"IMF Global price of Coffee, Other Mild Arabica (via FRED)",https://fred.stlouisfed.org/series/PCOFFOTMUSDM,False,Real global spot price -- direct match for this ingredient.
2004-10-01,Espresso Beans (Arabica),80.55095238095238,PCOFFOTMUSDM,"IMF Global price of Coffee, Other Mild Arabica (via FRED)",https://fred.stlouisfed.org/series/PCOFFOTMUSDM,False,Real global spot price -- direct match for this ingredient.
2004-11-01,Espresso Beans (Arabica),90.26772727272729,PCOFFOTMUSDM,"IMF Global price of Coffee, Other Mild Arabica (via FRED)",https://fred.stlouisfed.org/series/PCOFFOTMUSDM,False,Real global spot price -- direct match for this ingredient.
2004-12-01,Espresso Beans (Arabica),104.3882608695652,PCOFFOTMUSDM,"IMF Global price of Coffee, Other Mild Arabica (via FRED)",https://fred.stlouisfed.org/series/PCOFFOTMUSDM,False,Real global spot price -- direct match for this ingredient.
2005-01-01,Espresso Beans (Arabica),107.1642857142857,PCOFFOTMUSDM,"IMF Global price of Coffee, Other Mild Arabica (via FRED)",https://fred.stlouisfed.org/series/PCOFFOTMUSDM,False,Real global spot price -- direct match for this ingredient.
2005-02-01,Espresso Beans (Arabica),120.8325,PCOFFOTMUSDM,"IMF Global price of Coffee, Other Mild Arabica (via FRED)",https://fred.stlouisfed.org/series/PCOFFOTMUSDM,False,Real global spot price -- direct match for this ingredient.
2005-03-01,Espresso Beans (Arabica),134.7778260869565,PCOFFOTMUSDM,"IMF Global price of Coffee, Other Mild Arabica (via FRED)",https://fred.stlouisfed.org/series/PCOFFOTMUSDM,False,Real global spot price -- direct match for this ingredient.
2005-04-01,Espresso Beans (Arabica),129.5295238095238,PCOFFOTMUSDM,"IMF Global price of Coffee, Other Mild Arabica (via FRED)",https://fred.stlouisfed.org/series/PCOFFOTMUSDM,False,Real global spot price -- direct match for this ingredient.
2005-05-01,Espresso Beans (Arabica),128.3977272727273,PCOFFOTMUSDM,"IMF Global price of Coffee, Other Mild Arabica (via FRED)",https://fred.stlouisfed.org/series/PCOFFOTMUSDM,False,Real global spot price -- direct match for this ingredient.
2005-06-01,Espresso Beans (Arabica),121.15590909090912,PCOFFOTMUSDM,"IMF Global price of Coffee, Other Mild Arabica (via FRED)",https://fred.stlouisfed.org/series/PCOFFOTMUSDM,False,Real global spot price -- direct match for this ingredient.
2005-07-01,Espresso Beans (Arabica),109.9285714285714,PCOFFOTMUSDM,"IMF Global price of Coffee, Other Mild Arabica (via FRED)",https://fred.stlouisfed.org/series/PCOFFOTMUSDM,False,Real global spot price -- direct match for this ingredient.
2005-08-01,Espresso Beans (Arabica),108.20391304347828,PCOFFOTMUSDM,"IMF Global price of Coffee, Other Mild Arabica (via FRED)",https://fred.stlouisfed.org/series/PCOFFOTMUSDM,False,Real global spot price -- direct match for this ingredient.
2005-09-01,Espresso Beans (Arabica),99.49090909090908,PCOFFOTMUSDM,"IMF Global price of Coffee, Other Mild Arabica (via FRED)",https://fred.stlouisfed.org/series/PCOFFOTMUSDM,False,Real global spot price -- direct match for this ingredient.
2005-10-01,Espresso Beans (Arabica),105.0990476190476,PCOFFOTMUSDM,"IMF Global price of Coffee, Other Mild Arabica (via FRED)",https://fred.stlouisfed.org/series/PCOFFOTMUSDM,False,Real global spot price -- direct match for this ingredient.
2005-11-01,Espresso Beans (Arabica),107.74227272727272,PCOFFOTMUSDM,"IMF Global price of Coffee, Other Mild Arabica (via FRED)",https://fred.stlouisfed.org/series/PCOFFOTMUSDM,False,Real global spot price -- direct match for this ingredient.
2005-12-01,Espresso Beans (Arabica),105.92454545454548,PCOFFOTMUSDM,"IMF Global price of Coffee, Other Mild Arabica (via FRED)",https://fred.stlouisfed.org/series/PCOFFOTMUSDM,False,Real global spot price -- direct match for this ingredient.
2006-01-01,Espresso Beans (Arabica),124.1986363636364,PCOFFOTMUSDM,"IMF Global price of Coffee, Other Mild Arabica (via FRED)",https://fred.stlouisfed.org/series/PCOFFOTMUSDM,False,Real global spot price -- direct match for this ingredient.
2006-02-01,Espresso Beans (Arabica),119.1215,PCOFFOTMUSDM,"IMF Global price of Coffee, Other Mild Arabica (via FRED)",https://fred.stlouisfed.org/series/PCOFFOTMUSDM,False,Real global spot price -- direct match for this ingredient.
2006-03-01,Espresso Beans (Arabica),113.6604347826087,PCOFFOTMUSDM,"IMF Global price of Coffee, Other Mild Arabica (via FRED)",https://fred.stlouisfed.org/series/PCOFFOTMUSDM,False,Real global spot price -- direct match for this ingredient.
2006-04-01,Espresso Beans (Arabica),115.3375,PCOFFOTMUSDM,"IMF Global price of Coffee, Other Mild Arabica (via FRED)",https://fred.stlouisfed.org/series/PCOFFOTMUSDM,False,Real global spot price -- direct match for this ingredient.
2006-05-01,Espresso Beans (Arabica),109.6295652173913,PCOFFOTMUSDM,"IMF Global price of Coffee, Other Mild Arabica (via FRED)",https://fred.stlouisfed.org/series/PCOFFOTMUSDM,False,Real global spot price -- direct match for this ingredient.
2006-06-01,Espresso Beans (Arabica),103.1495454545455,PCOFFOTMUSDM,"IMF Global price of Coffee, Other Mild Arabica (via FRED)",https://fred.stlouisfed.org/series/PCOFFOTMUSDM,False,Real global spot price -- direct match for this ingredient.
2006-07-01,Espresso Beans (Arabica),104.997619047619,PCOFFOTMUSDM,"IMF Global price of Coffee, Other Mild Arabica (via FRED)",https://fred.stlouisfed.org/series/PCOFFOTMUSDM,False,Real global spot price -- direct match for this ingredient.
2006-08-01,Espresso Beans (Arabica),111.73,PCOFFOTMUSDM,"IMF Global price of Coffee, Other Mild Arabica (via FRED)",https://fred.stlouisfed.org/series/PCOFFOTMUSDM,False,Real global spot price -- direct match for this ingredient.
2006-09-01,Espresso Beans (Arabica),109.8266666666667,PCOFFOTMUSDM,"IMF Global price of Coffee, Other Mild Arabica (via FRED)",https://fred.stlouisfed.org/series/PCOFFOTMUSDM,False,Real global spot price -- direct match for this ingredient.
2006-10-01,Espresso Beans (Arabica),110.6331818181818,PCOFFOTMUSDM,"IMF Global price of Coffee, Other Mild Arabica (via FRED)",https://fred.stlouisfed.org/series/PCOFFOTMUSDM,False,Real global spot price -- direct match for this ingredient.
2006-11-01,Espresso Beans (Arabica),122.2654545454545,PCOFFOTMUSDM,"IMF Global price of Coffee, Other Mild Arabica (via FRED)",https://fred.stlouisfed.org/series/PCOFFOTMUSDM,False,Real global spot price -- direct match for this ingredient.
2006-12-01,Espresso Beans (Arabica),128.35619047619053,PCOFFOTMUSDM,"IMF Global price of Coffee, Other Mild Arabica (via FRED)",https://fred.stlouisfed.org/series/PCOFFOTMUSDM,False,Real global spot price -- direct match for this ingredient.
2007-01-01,Espresso Beans (Arabica),124.694347826087,PCOFFOTMUSDM,"IMF Global price of Coffee, Other Mild Arabica (via FRED)",https://fred.stlouisfed.org/series/PCOFFOTMUSDM,False,Real global spot price -- direct match for this ingredient.
2007-02-01,Espresso Beans (Arabica),122.032,PCOFFOTMUSDM,"IMF Global price of Coffee, Other Mild Arabica (via FRED)",https://fred.stlouisfed.org/series/PCOFFOTMUSDM,False,Real global spot price -- direct match for this ingredient.
2007-03-01,Espresso Beans (Arabica),117.0836363636364,PCOFFOTMUSDM,"IMF Global price of Coffee, Other Mild Arabica (via FRED)",https://fred.stlouisfed.org/series/PCOFFOTMUSDM,False,Real global spot price -- direct match for this ingredient.
2007-04-01,Espresso Beans (Arabica),114.6947619047619,PCOFFOTMUSDM,"IMF Global price of Coffee, Other Mild Arabica (via FRED)",https://fred.stlouisfed.org/series/PCOFFOTMUSDM,False,Real global spot price -- direct match for this ingredient.
2007-05-01,Espresso Beans (Arabica),113.32695652173912,PCOFFOTMUSDM,"IMF Global price of Coffee, Other Mild Arabica (via FRED)",https://fred.stlouisfed.org/series/PCOFFOTMUSDM,False,Real global spot price -- direct match for this ingredient.
2007-06-01,Espresso Beans (Arabica),119.3280952380952,PCOFFOTMUSDM,"IMF Global price of Coffee, Other Mild Arabica (via FRED)",https://fred.stlouisfed.org/series/PCOFFOTMUSDM,False,Real global spot price -- direct match for this ingredient.
2007-07-01,Espresso Beans (Arabica),117.6331818181818,PCOFFOTMUSDM,"IMF Global price of Coffee, Other Mild Arabica (via FRED)",https://fred.stlouisfed.org/series/PCOFFOTMUSDM,False,Real global spot price -- direct match for this ingredient.
2007-08-01,Espresso Beans (Arabica),123.1508695652174,PCOFFOTMUSDM,"IMF Global price of Coffee, Other Mild Arabica (via FRED)",https://fred.stlouisfed.org/series/PCOFFOTMUSDM,False,Real global spot price -- direct match for this ingredient.
2007-09-01,Espresso Beans (Arabica),128.0435,PCOFFOTMUSDM,"IMF Global price of Coffee, Other Mild Arabica (via FRED)",https://fred.stlouisfed.org/series/PCOFFOTMUSDM,False,Real global spot price -- direct match for this ingredient.
2007-10-01,Espresso Beans (Arabica),134.2908695652174,PCOFFOTMUSDM,"IMF Global price of Coffee, Other Mild Arabica (via FRED)",https://fred.stlouisfed.org/series/PCOFFOTMUSDM,False,Real global spot price -- direct match for this ingredient.
2007-11-01,Espresso Beans (Arabica),131.0454545454545,PCOFFOTMUSDM,"IMF Global price of Coffee, Other Mild Arabica (via FRED)",https://fred.stlouisfed.org/series/PCOFFOTMUSDM,False,Real global spot price -- direct match for this ingredient.
2007-12-01,Espresso Beans (Arabica),138.0428571428571,PCOFFOTMUSDM,"IMF Global price of Coffee, Other Mild Arabica (via FRED)",https://fred.stlouisfed.org/series/PCOFFOTMUSDM,False,Real global spot price -- direct match for this ingredient.
2008-01-01,Espresso Beans (Arabica),139.8226086956522,PCOFFOTMUSDM,"IMF Global price of Coffee, Other Mild Arabica (via FRED)",https://fred.stlouisfed.org/series/PCOFFOTMUSDM,False,Real global spot price -- direct match for this ingredient.
2008-02-01,Espresso Beans (Arabica),157.2895238095238,PCOFFOTMUSDM,"IMF Global price of Coffee, Other Mild Arabica (via FRED)",https://fred.stlouisfed.org/series/PCOFFOTMUSDM,False,Real global spot price -- direct match for this ingredient.
2008-03-01,Espresso Beans (Arabica),149.2204761904762,PCOFFOTMUSDM,"IMF Global price of Coffee, Other Mild Arabica (via FRED)",https://fred.stlouisfed.org/series/PCOFFOTMUSDM,False,Real global spot price -- direct match for this ingredient.
2008-04-01,Espresso Beans (Arabica),140.7045454545455,PCOFFOTMUSDM,"IMF Global price of Coffee, Other Mild Arabica (via FRED)",https://fred.stlouisfed.org/series/PCOFFOTMUSDM,False,Real global spot price -- direct match for this ingredient.
2008-05-01,Espresso Beans (Arabica),142.0436363636364,PCOFFOTMUSDM,"IMF Global price of Coffee, Other Mild Arabica (via FRED)",https://fred.stlouisfed.org/series/PCOFFOTMUSDM,False,Real global spot price -- direct match for this ingredient.
2008-06-01,Espresso Beans (Arabica),146.1495238095238,PCOFFOTMUSDM,"IMF Global price of Coffee, Other Mild Arabica (via FRED)",https://fred.stlouisfed.org/series/PCOFFOTMUSDM,False,Real global spot price -- direct match for this ingredient.
2008-07-01,Espresso Beans (Arabica),147.3569565217391,PCOFFOTMUSDM,"IMF Global price of Coffee, Other Mild Arabica (via FRED)",https://fred.stlouisfed.org/series/PCOFFOTMUSDM,False,Real global spot price -- direct match for this ingredient.
2008-08-01,Espresso Beans (Arabica),146.4280952380952,PCOFFOTMUSDM,"IMF Global price of Coffee, Other Mild Arabica (via FRED)",https://fred.stlouisfed.org/series/PCOFFOTMUSDM,False,Real global spot price -- direct match for this ingredient.
2008-09-01,Espresso Beans (Arabica),143.2690909090909,PCOFFOTMUSDM,"IMF Global price of Coffee, Other Mild Arabica (via FRED)",https://fred.stlouisfed.org/series/PCOFFOTMUSDM,False,Real global spot price -- direct match for this ingredient.
2008-10-01,Espresso Beans (Arabica),123.5869565217391,PCOFFOTMUSDM,"IMF Global price of Coffee, Other Mild Arabica (via FRED)",https://fred.stlouisfed.org/series/PCOFFOTMUSDM,False,Real global spot price -- direct match for this ingredient.
2008-11-01,Espresso Beans (Arabica),121.886,PCOFFOTMUSDM,"IMF Global price of Coffee, Other Mild Arabica (via FRED)",https://fred.stlouisfed.org/series/PCOFFOTMUSDM,False,Real global spot price -- direct match for this ingredient.
2008-12-01,Espresso Beans (Arabica),118.7921739130435,PCOFFOTMUSDM,"IMF Global price of Coffee, Other Mild Arabica (via FRED)",https://fred.stlouisfed.org/series/PCOFFOTMUSDM,False,Real global spot price -- direct match for this ingredient.
2009-01-01,Espresso Beans (Arabica),127.8072727272727,PCOFFOTMUSDM,"IMF Global price of Coffee, Other Mild Arabica (via FRED)",https://fred.stlouisfed.org/series/PCOFFOTMUSDM,False,Real global spot price -- direct match for this ingredient.
2009-02-01,Espresso Beans (Arabica),129.4815,PCOFFOTMUSDM,"IMF Global price of Coffee, Other Mild Arabica (via FRED)",https://fred.stlouisfed.org/series/PCOFFOTMUSDM,False,Real global spot price -- direct match for this ingredient.
2009-03-01,Espresso Beans (Arabica),128.52,PCOFFOTMUSDM,"IMF Global price of Coffee, Other Mild Arabica (via FRED)",https://fred.stlouisfed.org/series/PCOFFOTMUSDM,False,Real global spot price -- direct match for this ingredient.
2009-04-01,Espresso Beans (Arabica),135.0781818181818,PCOFFOTMUSDM,"IMF Global price of Coffee, Other Mild Arabica (via FRED)",https://fred.stlouisfed.org/series/PCOFFOTMUSDM,False,Real global spot price -- direct match for this ingredient.
2009-05-01,Espresso Beans (Arabica),150.492380952381,PCOFFOTMUSDM,"IMF Global price of Coffee, Other Mild Arabica (via FRED)",https://fred.stlouisfed.org/series/PCOFFOTMUSDM,False,Real global spot price -- direct match for this ingredient.
2009-06-01,Espresso Beans (Arabica),149.7813636363636,PCOFFOTMUSDM,"IMF Global price of Coffee, Other Mild Arabica (via FRED)",https://fred.stlouisfed.org/series/PCOFFOTMUSDM,False,Real global spot price -- direct match for this ingredient.
2009-07-01,Espresso Beans (Arabica),140.8978260869565,PCOFFOTMUSDM,"IMF Global price of Coffee, Other Mild Arabica (via FRED)",https://fred.stlouisfed.org/series/PCOFFOTMUSDM,False,Real global spot price -- direct match for this ingredient.
2009-08-01,Espresso Beans (Arabica),149.7619047619048,PCOFFOTMUSDM,"IMF Global price of Coffee, Other Mild Arabica (via FRED)",https://fred.stlouisfed.org/series/PCOFFOTMUSDM,False,Real global spot price -- direct match for this ingredient.
2009-09-01,Espresso Beans (Arabica),148.51,PCOFFOTMUSDM,"IMF Global price of Coffee, Other Mild Arabica (via FRED)",https://fred.stlouisfed.org/series/PCOFFOTMUSDM,False,Real global spot price -- direct match for this ingredient.
2009-10-01,Espresso Beans (Arabica),154.5722727272727,PCOFFOTMUSDM,"IMF Global price of Coffee, Other Mild Arabica (via FRED)",https://fred.stlouisfed.org/series/PCOFFOTMUSDM,False,Real global spot price -- direct match for this ingredient.
2009-11-01,Espresso Beans (Arabica),152.2104761904762,PCOFFOTMUSDM,"IMF Global price of Coffee, Other Mild Arabica (via FRED)",https://fred.stlouisfed.org/series/PCOFFOTMUSDM,False,Real global spot price -- direct match for this ingredient.
2009-12-01,Espresso Beans (Arabica),157.9439130434783,PCOFFOTMUSDM,"IMF Global price of Coffee, Other Mild Arabica (via FRED)",https://fred.stlouisfed.org/series/PCOFFOTMUSDM,False,Real global spot price -- direct match for this ingredient.
2010-01-01,Espresso Beans (Arabica),158.6557142857143,PCOFFOTMUSDM,"IMF Global price of Coffee, Other Mild Arabica (via FRED)",https://fred.stlouisfed.org/series/PCOFFOTMUSDM,False,Real global spot price -- direct match for this ingredient.
2010-02-01,Espresso Beans (Arabica),157.8565,PCOFFOTMUSDM,"IMF Global price of Coffee, Other Mild Arabica (via FRED)",https://fred.stlouisfed.org/series/PCOFFOTMUSDM,False,Real global spot price -- direct match for this ingredient.
2010-03-01,Espresso Beans (Arabica),164.5026086956522,PCOFFOTMUSDM,"IMF Global price of Coffee, Other Mild Arabica (via FRED)",https://fred.stlouisfed.org/series/PCOFFOTMUSDM,False,Real global spot price -- direct match for this ingredient.
2010-04-01,Espresso Beans (Arabica),169.3895454545455,PCOFFOTMUSDM,"IMF Global price of Coffee, Other Mild Arabica (via FRED)",https://fred.stlouisfed.org/series/PCOFFOTMUSDM,False,Real global spot price -- direct match for this ingredient.
2010-05-01,Espresso Beans (Arabica),173.3690476190476,PCOFFOTMUSDM,"IMF Global price of Coffee, Other Mild Arabica (via FRED)",https://fred.stlouisfed.org/series/PCOFFOTMUSDM,False,Real global spot price -- direct match for this ingredient.
2010-06-01,Espresso Beans (Arabica),190.90318181818176,PCOFFOTMUSDM,"IMF Global price of Coffee, Other Mild Arabica (via FRED)",https://fred.stlouisfed.org/series/PCOFFOTMUSDM,False,Real global spot price -- direct match for this ingredient.
2010-07-01,Espresso Beans (Arabica),203.2136363636364,PCOFFOTMUSDM,"IMF Global price of Coffee, Other Mild Arabica (via FRED)",https://fred.stlouisfed.org/series/PCOFFOTMUSDM,False,Real global spot price -- direct match for this ingredient.
2010-08-01,Espresso Beans (Arabica),211.59,PCOFFOTMUSDM,"IMF Global price of Coffee, Other Mild Arabica (via FRED)",https://fred.stlouisfed.org/series/PCOFFOTMUSDM,False,Real global spot price -- direct match for this ingredient.
2010-09-01,Espresso Beans (Arabica),222.71318181818177,PCOFFOTMUSDM,"IMF Global price of Coffee, Other Mild Arabica (via FRED)",https://fred.stlouisfed.org/series/PCOFFOTMUSDM,False,Real global spot price -- direct match for this ingredient.
2010-10-01,Espresso Beans (Arabica),217.4390476190476,PCOFFOTMUSDM,"IMF Global price of Coffee, Other Mild Arabica (via FRED)",https://fred.stlouisfed.org/series/PCOFFOTMUSDM,False,Real global spot price -- direct match for this ingredient.
2010-11-01,Espresso Beans (Arabica),233.5127272727273,PCOFFOTMUSDM,"IMF Global price of Coffee, Other Mild Arabica (via FRED)",https://fred.stlouisfed.org/series/PCOFFOTMUSDM,False,Real global spot price -- direct match for this ingredient.
2010-12-01,Espresso Beans (Arabica),249.44391304347832,PCOFFOTMUSDM,"IMF Global price of Coffee, Other Mild Arabica (via FRED)",https://fred.stlouisfed.org/series/PCOFFOTMUSDM,False,Real global spot price -- direct match for this ingredient.
2011-01-01,Espresso Beans (Arabica),263.7657142857143,PCOFFOTMUSDM,"IMF Global price of Coffee, Other Mild Arabica (via FRED)",https://fred.stlouisfed.org/series/PCOFFOTMUSDM,False,Real global spot price -- direct match for this ingredient.
2011-02-01,Espresso Beans (Arabica),288.3885,PCOFFOTMUSDM,"IMF Global price of Coffee, Other Mild Arabica (via FRED)",https://fred.stlouisfed.org/series/PCOFFOTMUSDM,False,Real global spot price -- direct match for this ingredient.
2011-03-01,Espresso Beans (Arabica),292.0673913043478,PCOFFOTMUSDM,"IMF Global price of Coffee, Other Mild Arabica (via FRED)",https://fred.stlouisfed.org/series/PCOFFOTMUSDM,False,Real global spot price -- direct match for this ingredient.
2011-04-01,Espresso Beans (Arabica),300.4771428571429,PCOFFOTMUSDM,"IMF Global price of Coffee, Other Mild Arabica (via FRED)",https://fred.stlouisfed.org/series/PCOFFOTMUSDM,False,Real global spot price -- direct match for this ingredient.
2011-05-01,Espresso Beans (Arabica),291.06590909090914,PCOFFOTMUSDM,"IMF Global price of Coffee, Other Mild Arabica (via FRED)",https://fred.stlouisfed.org/series/PCOFFOTMUSDM,False,Real global spot price -- direct match for this ingredient.
2011-06-01,Espresso Beans (Arabica),274.9809090909091,PCOFFOTMUSDM,"IMF Global price of Coffee, Other Mild Arabica (via FRED)",https://fred.stlouisfed.org/series/PCOFFOTMUSDM,False,Real global spot price -- direct match for this ingredient.
2011-07-01,Espresso Beans (Arabica),268.0214285714286,PCOFFOTMUSDM,"IMF Global price of Coffee, Other Mild Arabica (via FRED)",https://fred.stlouisfed.org/series/PCOFFOTMUSDM,False,Real global spot price -- direct match for this ingredient.
2011-08-01,Espresso Beans (Arabica),270.44043478260875,PCOFFOTMUSDM,"IMF Global price of Coffee, Other Mild Arabica (via FRED)",https://fred.stlouisfed.org/series/PCOFFOTMUSDM,False,Real global spot price -- direct match for this ingredient.
2011-09-01,Espresso Beans (Arabica),274.8804545454545,PCOFFOTMUSDM,"IMF Global price of Coffee, Other Mild Arabica (via FRED)",https://fred.stlouisfed.org/series/PCOFFOTMUSDM,False,Real global spot price -- direct match for this ingredient.
2011-10-01,Espresso Beans (Arabica),247.82380952380956,PCOFFOTMUSDM,"IMF Global price of Coffee, Other Mild Arabica (via FRED)",https://fred.stlouisfed.org/series/PCOFFOTMUSDM,False,Real global spot price -- direct match for this ingredient.
2011-11-01,Espresso Beans (Arabica),245.08727272727276,PCOFFOTMUSDM,"IMF Global price of Coffee, Other Mild Arabica (via FRED)",https://fred.stlouisfed.org/series/PCOFFOTMUSDM,False,Real global spot price -- direct match for this ingredient.
2011-12-01,Espresso Beans (Arabica),236.2977272727273,PCOFFOTMUSDM,"IMF Global price of Coffee, Other Mild Arabica (via FRED)",https://fred.stlouisfed.org/series/PCOFFOTMUSDM,False,Real global spot price -- direct match for this ingredient.
2012-01-01,Espresso Beans (Arabica),237.20681818181816,PCOFFOTMUSDM,"IMF Global price of Coffee, Other Mild Arabica (via FRED)",https://fred.stlouisfed.org/series/PCOFFOTMUSDM,False,Real global spot price -- direct match for this ingredient.
2012-02-01,Espresso Beans (Arabica),224.15761904761897,PCOFFOTMUSDM,"IMF Global price of Coffee, Other Mild Arabica (via FRED)",https://fred.stlouisfed.org/series/PCOFFOTMUSDM,False,Real global spot price -- direct match for this ingredient.
2012-03-01,Espresso Beans (Arabica),201.2559090909091,PCOFFOTMUSDM,"IMF Global price of Coffee, Other Mild Arabica (via FRED)",https://fred.stlouisfed.org/series/PCOFFOTMUSDM,False,Real global spot price -- direct match for this ingredient.
2012-04-01,Espresso Beans (Arabica),191.4485714285714,PCOFFOTMUSDM,"IMF Global price of Coffee, Other Mild Arabica (via FRED)",https://fred.stlouisfed.org/series/PCOFFOTMUSDM,False,Real global spot price -- direct match for this ingredient.
2012-05-01,Espresso Beans (Arabica),184.3647826086957,PCOFFOTMUSDM,"IMF Global price of Coffee, Other Mild Arabica (via FRED)",https://fred.stlouisfed.org/series/PCOFFOTMUSDM,False,Real global spot price -- direct match for this ingredient.
2012-06-01,Espresso Beans (Arabica),168.6866666666667,PCOFFOTMUSDM,"IMF Global price of Coffee, Other Mild Arabica (via FRED)",https://fred.stlouisfed.org/series/PCOFFOTMUSDM,False,Real global spot price -- direct match for this ingredient.
2012-07-01,Espresso Beans (Arabica),190.4459090909091,PCOFFOTMUSDM,"IMF Global price of Coffee, Other Mild Arabica (via FRED)",https://fred.stlouisfed.org/series/PCOFFOTMUSDM,False,Real global spot price -- direct match for this ingredient.
2012-08-01,Espresso Beans (Arabica),174.824347826087,PCOFFOTMUSDM,"IMF Global price of Coffee, Other Mild Arabica (via FRED)",https://fred.stlouisfed.org/series/PCOFFOTMUSDM,False,Real global spot price -- direct match for this ingredient.
2012-09-01,Espresso Beans (Arabica),178.977,PCOFFOTMUSDM,"IMF Global price of Coffee, Other Mild Arabica (via FRED)",https://fred.stlouisfed.org/series/PCOFFOTMUSDM,False,Real global spot price -- direct match for this ingredient.
2012-10-01,Espresso Beans (Arabica),173.3173913043478,PCOFFOTMUSDM,"IMF Global price of Coffee, Other Mild Arabica (via FRED)",https://fred.stlouisfed.org/series/PCOFFOTMUSDM,False,Real global spot price -- direct match for this ingredient.
2012-11-01,Espresso Beans (Arabica),159.9063636363636,PCOFFOTMUSDM,"IMF Global price of Coffee, Other Mild Arabica (via FRED)",https://fred.stlouisfed.org/series/PCOFFOTMUSDM,False,Real global spot price -- direct match for this ingredient.
2012-12-01,Espresso Beans (Arabica),152.707619047619,PCOFFOTMUSDM,"IMF Global price of Coffee, Other Mild Arabica (via FRED)",https://fred.stlouisfed.org/series/PCOFFOTMUSDM,False,Real global spot price -- direct match for this ingredient.
2013-01-01,Espresso Beans (Arabica),157.0373913043478,PCOFFOTMUSDM,"IMF Global price of Coffee, Other Mild Arabica (via FRED)",https://fred.stlouisfed.org/series/PCOFFOTMUSDM,False,Real global spot price -- direct match for this ingredient.
2013-02-01,Espresso Beans (Arabica),149.459,PCOFFOTMUSDM,"IMF Global price of Coffee, Other Mild Arabica (via FRED)",https://fred.stlouisfed.org/series/PCOFFOTMUSDM,False,Real global spot price -- direct match for this ingredient.
2013-03-01,Espresso Beans (Arabica),149.8080952380952,PCOFFOTMUSDM,"IMF Global price of Coffee, Other Mild Arabica (via FRED)",https://fred.stlouisfed.org/series/PCOFFOTMUSDM,False,Real global spot price -- direct match for this ingredient.
2013-04-01,Espresso Beans (Arabica),149.7868181818182,PCOFFOTMUSDM,"IMF Global price of Coffee, Other Mild Arabica (via FRED)",https://fred.stlouisfed.org/series/PCOFFOTMUSDM,False,Real global spot price -- direct match for this ingredient.
2013-05-01,Espresso Beans (Arabica),147.1860869565217,PCOFFOTMUSDM,"IMF Global price of Coffee, Other Mild Arabica (via FRED)",https://fred.stlouisfed.org/series/PCOFFOTMUSDM,False,Real global spot price -- direct match for this ingredient.
2013-06-01,Espresso Beans (Arabica),138.2595,PCOFFOTMUSDM,"IMF Global price of Coffee, Other Mild Arabica (via FRED)",https://fred.stlouisfed.org/series/PCOFFOTMUSDM,False,Real global spot price -- direct match for this ingredient.
2013-07-01,Espresso Beans (Arabica),138.3873913043478,PCOFFOTMUSDM,"IMF Global price of Coffee, Other Mild Arabica (via FRED)",https://fred.stlouisfed.org/series/PCOFFOTMUSDM,False,Real global spot price -- direct match for this ingredient.
2013-08-01,Espresso Beans (Arabica),135.1540909090909,PCOFFOTMUSDM,"IMF Global price of Coffee, Other Mild Arabica (via FRED)",https://fred.stlouisfed.org/series/PCOFFOTMUSDM,False,Real global spot price -- direct match for this ingredient.
2013-09-01,Espresso Beans (Arabica),132.2814285714286,PCOFFOTMUSDM,"IMF Global price of Coffee, Other Mild Arabica (via FRED)",https://fred.stlouisfed.org/series/PCOFFOTMUSDM,False,Real global spot price -- direct match for this ingredient.
2013-10-01,Espresso Beans (Arabica),128.6986956521739,PCOFFOTMUSDM,"IMF Global price of Coffee, Other Mild Arabica (via FRED)",https://fred.stlouisfed.org/series/PCOFFOTMUSDM,False,Real global spot price -- direct match for this ingredient.
2013-11-01,Espresso Beans (Arabica),122.0180952380952,PCOFFOTMUSDM,"IMF Global price of Coffee, Other Mild Arabica (via FRED)",https://fred.stlouisfed.org/series/PCOFFOTMUSDM,False,Real global spot price -- direct match for this ingredient.
2013-12-01,Espresso Beans (Arabica),125.7354545454545,PCOFFOTMUSDM,"IMF Global price of Coffee, Other Mild Arabica (via FRED)",https://fred.stlouisfed.org/series/PCOFFOTMUSDM,False,Real global spot price -- direct match for this ingredient.
2014-01-01,Espresso Beans (Arabica),132.5182608695652,PCOFFOTMUSDM,"IMF Global price of Coffee, Other Mild Arabica (via FRED)",https://fred.stlouisfed.org/series/PCOFFOTMUSDM,False,Real global spot price -- direct match for this ingredient.
2014-02-01,Espresso Beans (Arabica),173.6435,PCOFFOTMUSDM,"IMF Global price of Coffee, Other Mild Arabica (via FRED)",https://fred.stlouisfed.org/series/PCOFFOTMUSDM,False,Real global spot price -- direct match for this ingredient.
2014-03-01,Espresso Beans (Arabica),214.08666666666676,PCOFFOTMUSDM,"IMF Global price of Coffee, Other Mild Arabica (via FRED)",https://fred.stlouisfed.org/series/PCOFFOTMUSDM,False,Real global spot price -- direct match for this ingredient.
2014-04-01,Espresso Beans (Arabica),223.4940909090909,PCOFFOTMUSDM,"IMF Global price of Coffee, Other Mild Arabica (via FRED)",https://fred.stlouisfed.org/series/PCOFFOTMUSDM,False,Real global spot price -- direct match for this ingredient.
2014-05-01,Espresso Beans (Arabica),214.2027272727273,PCOFFOTMUSDM,"IMF Global price of Coffee, Other Mild Arabica (via FRED)",https://fred.stlouisfed.org/series/PCOFFOTMUSDM,False,Real global spot price -- direct match for this ingredient.
2014-06-01,Espresso Beans (Arabica),197.8909523809524,PCOFFOTMUSDM,"IMF Global price of Coffee, Other Mild Arabica (via FRED)",https://fred.stlouisfed.org/series/PCOFFOTMUSDM,False,Real global spot price -- direct match for this ingredient.
2014-07-01,Espresso Beans (Arabica),196.89521739130436,PCOFFOTMUSDM,"IMF Global price of Coffee, Other Mild Arabica (via FRED)",https://fred.stlouisfed.org/series/PCOFFOTMUSDM,False,Real global spot price -- direct match for this ingredient.
2014-08-01,Espresso Beans (Arabica),212.96523809523808,PCOFFOTMUSDM,"IMF Global price of Coffee, Other Mild Arabica (via FRED)",https://fred.stlouisfed.org/series/PCOFFOTMUSDM,False,Real global spot price -- direct match for this ingredient.
2014-09-01,Espresso Beans (Arabica),210.5263636363636,PCOFFOTMUSDM,"IMF Global price of Coffee, Other Mild Arabica (via FRED)",https://fred.stlouisfed.org/series/PCOFFOTMUSDM,False,Real global spot price -- direct match for this ingredient.
2014-10-01,Espresso Beans (Arabica),225.285652173913,PCOFFOTMUSDM,"IMF Global price of Coffee, Other Mild Arabica (via FRED)",https://fred.stlouisfed.org/series/PCOFFOTMUSDM,False,Real global spot price -- direct match for this ingredient.
2014-11-01,Espresso Beans (Arabica),209.376,PCOFFOTMUSDM,"IMF Global price of Coffee, Other Mild Arabica (via FRED)",https://fred.stlouisfed.org/series/PCOFFOTMUSDM,False,Real global spot price -- direct match for this ingredient.
2014-12-01,Espresso Beans (Arabica),193.38608695652167,PCOFFOTMUSDM,"IMF Global price of Coffee, Other Mild Arabica (via FRED)",https://fred.stlouisfed.org/series/PCOFFOTMUSDM,False,Real global spot price -- direct match for this ingredient.
2015-01-01,Espresso Beans (Arabica),189.6263636363636,PCOFFOTMUSDM,"IMF Global price of Coffee, Other Mild Arabica (via FRED)",https://fred.stlouisfed.org/series/PCOFFOTMUSDM,False,Real global spot price -- direct match for this ingredient.
2015-02-01,Espresso Beans (Arabica),178.8885,PCOFFOTMUSDM,"IMF Global price of Coffee, Other Mild Arabica (via FRED)",https://fred.stlouisfed.org/series/PCOFFOTMUSDM,False,Real global spot price -- direct match for this ingredient.
2015-03-01,Espresso Beans (Arabica),160.7359090909091,PCOFFOTMUSDM,"IMF Global price of Coffee, Other Mild Arabica (via FRED)",https://fred.stlouisfed.org/series/PCOFFOTMUSDM,False,Real global spot price -- direct match for this ingredient.
2015-04-01,Espresso Beans (Arabica),163.9977272727273,PCOFFOTMUSDM,"IMF Global price of Coffee, Other Mild Arabica (via FRED)",https://fred.stlouisfed.org/series/PCOFFOTMUSDM,False,Real global spot price -- direct match for this ingredient.
2015-05-01,Espresso Beans (Arabica),158.4828571428571,PCOFFOTMUSDM,"IMF Global price of Coffee, Other Mild Arabica (via FRED)",https://fred.stlouisfed.org/series/PCOFFOTMUSDM,False,Real global spot price -- direct match for this ingredient.
2015-06-01,Espresso Beans (Arabica),159.755,PCOFFOTMUSDM,"IMF Global price of Coffee, Other Mild Arabica (via FRED)",https://fred.stlouisfed.org/series/PCOFFOTMUSDM,False,Real global spot price -- direct match for this ingredient.
2015-07-01,Espresso Beans (Arabica),154.4465217391304,PCOFFOTMUSDM,"IMF Global price of Coffee, Other Mild Arabica (via FRED)",https://fred.stlouisfed.org/series/PCOFFOTMUSDM,False,Real global spot price -- direct match for this ingredient.
2015-08-01,Espresso Beans (Arabica),156.9233333333333,PCOFFOTMUSDM,"IMF Global price of Coffee, Other Mild Arabica (via FRED)",https://fred.stlouisfed.org/series/PCOFFOTMUSDM,False,Real global spot price -- direct match for this ingredient.
2015-09-01,Espresso Beans (Arabica),146.1468181818182,PCOFFOTMUSDM,"IMF Global price of Coffee, Other Mild Arabica (via FRED)",https://fred.stlouisfed.org/series/PCOFFOTMUSDM,False,Real global spot price -- direct match for this ingredient.
2015-10-01,Espresso Beans (Arabica),153.2504545454545,PCOFFOTMUSDM,"IMF Global price of Coffee, Other Mild Arabica (via FRED)",https://fred.stlouisfed.org/series/PCOFFOTMUSDM,False,Real global spot price -- direct match for this ingredient.
2015-11-01,Espresso Beans (Arabica),147.9785714285714,PCOFFOTMUSDM,"IMF Global price of Coffee, Other Mild Arabica (via FRED)",https://fred.stlouisfed.org/series/PCOFFOTMUSDM,False,Real global spot price -- direct match for this ingredient.
2015-12-01,Espresso Beans (Arabica),148.6121739130435,PCOFFOTMUSDM,"IMF Global price of Coffee, Other Mild Arabica (via FRED)",https://fred.stlouisfed.org/series/PCOFFOTMUSDM,False,Real global spot price -- direct match for this ingredient.
2016-01-01,Espresso Beans (Arabica),145.4347619047619,PCOFFOTMUSDM,"IMF Global price of Coffee, Other Mild Arabica (via FRED)",https://fred.stlouisfed.org/series/PCOFFOTMUSDM,False,Real global spot price -- direct match for this ingredient.
2016-02-01,Espresso Beans (Arabica),147.6971428571429,PCOFFOTMUSDM,"IMF Global price of Coffee, Other Mild Arabica (via FRED)",https://fred.stlouisfed.org/series/PCOFFOTMUSDM,False,Real global spot price -- direct match for this ingredient.
2016-03-01,Espresso Beans (Arabica),157.6313043478261,PCOFFOTMUSDM,"IMF Global price of Coffee, Other Mild Arabica (via FRED)",https://fred.stlouisfed.org/series/PCOFFOTMUSDM,False,Real global spot price -- direct match for this ingredient.
2016-04-01,Espresso Beans (Arabica),154.217619047619,PCOFFOTMUSDM,"IMF Global price of Coffee, Other Mild Arabica (via FRED)",https://fred.stlouisfed.org/series/PCOFFOTMUSDM,False,Real global spot price -- direct match for this ingredient.
2016-05-01,Espresso Beans (Arabica),155.1945454545455,PCOFFOTMUSDM,"IMF Global price of Coffee, Other Mild Arabica (via FRED)",https://fred.stlouisfed.org/series/PCOFFOTMUSDM,False,Real global spot price -- direct match for this ingredient.
2016-06-01,Espresso Beans (Arabica),165.4522727272727,PCOFFOTMUSDM,"IMF Global price of Coffee, Other Mild Arabica (via FRED)",https://fred.stlouisfed.org/series/PCOFFOTMUSDM,False,Real global spot price -- direct match for this ingredient.
2016-07-01,Espresso Beans (Arabica),171.7638095238095,PCOFFOTMUSDM,"IMF Global price of Coffee, Other Mild Arabica (via FRED)",https://fred.stlouisfed.org/series/PCOFFOTMUSDM,False,Real global spot price -- direct match for this ingredient.
2016-08-01,Espresso Beans (Arabica),167.5413043478261,PCOFFOTMUSDM,"IMF Global price of Coffee, Other Mild Arabica (via FRED)",https://fred.stlouisfed.org/series/PCOFFOTMUSDM,False,Real global spot price -- direct match for this ingredient.
2016-09-01,Espresso Beans (Arabica),176.2954545454545,PCOFFOTMUSDM,"IMF Global price of Coffee, Other Mild Arabica (via FRED)",https://fred.stlouisfed.org/series/PCOFFOTMUSDM,False,Real global spot price -- direct match for this ingredient.
2016-10-01,Espresso Beans (Arabica),178.9552380952381,PCOFFOTMUSDM,"IMF Global price of Coffee, Other Mild Arabica (via FRED)",https://fred.stlouisfed.org/series/PCOFFOTMUSDM,False,Real global spot price -- direct match for this ingredient.
2016-11-01,Espresso Beans (Arabica),184.11545454545447,PCOFFOTMUSDM,"IMF Global price of Coffee, Other Mild Arabica (via FRED)",https://fred.stlouisfed.org/series/PCOFFOTMUSDM,False,Real global spot price -- direct match for this ingredient.
2016-12-01,Espresso Beans (Arabica),161.7809090909091,PCOFFOTMUSDM,"IMF Global price of Coffee, Other Mild Arabica (via FRED)",https://fred.stlouisfed.org/series/PCOFFOTMUSDM,False,Real global spot price -- direct match for this ingredient.
2017-01-01,Espresso Beans (Arabica),168.6127272727273,PCOFFOTMUSDM,"IMF Global price of Coffee, Other Mild Arabica (via FRED)",https://fred.stlouisfed.org/series/PCOFFOTMUSDM,False,Real global spot price -- direct match for this ingredient.
2017-02-01,Espresso Beans (Arabica),166.351,PCOFFOTMUSDM,"IMF Global price of Coffee, Other Mild Arabica (via FRED)",https://fred.stlouisfed.org/series/PCOFFOTMUSDM,False,Real global spot price -- direct match for this ingredient.
2017-03-01,Espresso Beans (Arabica),160.1504347826087,PCOFFOTMUSDM,"IMF Global price of Coffee, Other Mild Arabica (via FRED)",https://fred.stlouisfed.org/series/PCOFFOTMUSDM,False,Real global spot price -- direct match for this ingredient.
2017-04-01,Espresso Beans (Arabica),155.574,PCOFFOTMUSDM,"IMF Global price of Coffee, Other Mild Arabica (via FRED)",https://fred.stlouisfed.org/series/PCOFFOTMUSDM,False,Real global spot price -- direct match for this ingredient.
2017-05-01,Espresso Beans (Arabica),150.0,PCOFFOTMUSDM,"IMF Global price of Coffee, Other Mild Arabica (via FRED)",https://fred.stlouisfed.org/series/PCOFFOTMUSDM,False,Real global spot price -- direct match for this ingredient.
2017-06-01,Espresso Beans (Arabica),143.2227272727273,PCOFFOTMUSDM,"IMF Global price of Coffee, Other Mild Arabica (via FRED)",https://fred.stlouisfed.org/series/PCOFFOTMUSDM,False,Real global spot price -- direct match for this ingredient.
2017-07-01,Espresso Beans (Arabica),149.8028571428571,PCOFFOTMUSDM,"IMF Global price of Coffee, Other Mild Arabica (via FRED)",https://fred.stlouisfed.org/series/PCOFFOTMUSDM,False,Real global spot price -- direct match for this ingredient.
2017-08-01,Espresso Beans (Arabica),149.8773913043478,PCOFFOTMUSDM,"IMF Global price of Coffee, Other Mild Arabica (via FRED)",https://fred.stlouisfed.org/series/PCOFFOTMUSDM,False,Real global spot price -- direct match for this ingredient.
2017-09-01,Espresso Beans (Arabica),146.5604761904762,PCOFFOTMUSDM,"IMF Global price of Coffee, Other Mild Arabica (via FRED)",https://fred.stlouisfed.org/series/PCOFFOTMUSDM,False,Real global spot price -- direct match for this ingredient.
2017-10-01,Espresso Beans (Arabica),140.7095454545455,PCOFFOTMUSDM,"IMF Global price of Coffee, Other Mild Arabica (via FRED)",https://fred.stlouisfed.org/series/PCOFFOTMUSDM,False,Real global spot price -- direct match for this ingredient.
2017-11-01,Espresso Beans (Arabica),140.9040909090909,PCOFFOTMUSDM,"IMF Global price of Coffee, Other Mild Arabica (via FRED)",https://fred.stlouisfed.org/series/PCOFFOTMUSDM,False,Real global spot price -- direct match for this ingredient.
2017-12-01,Espresso Beans (Arabica),137.3061904761905,PCOFFOTMUSDM,"IMF Global price of Coffee, Other Mild Arabica (via FRED)",https://fred.stlouisfed.org/series/PCOFFOTMUSDM,False,Real global spot price -- direct match for this ingredient.
2018-01-01,Espresso Beans (Arabica),138.8760869565217,PCOFFOTMUSDM,"IMF Global price of Coffee, Other Mild Arabica (via FRED)",https://fred.stlouisfed.org/series/PCOFFOTMUSDM,False,Real global spot price -- direct match for this ingredient.
2018-02-01,Espresso Beans (Arabica),136.2835,PCOFFOTMUSDM,"IMF Global price of Coffee, Other Mild Arabica (via FRED)",https://fred.stlouisfed.org/series/PCOFFOTMUSDM,False,Real global spot price -- direct match for this ingredient.
2018-03-01,Espresso Beans (Arabica),134.9390909090909,PCOFFOTMUSDM,"IMF Global price of Coffee, Other Mild Arabica (via FRED)",https://fred.stlouisfed.org/series/PCOFFOTMUSDM,False,Real global spot price -- direct match for this ingredient.
2018-04-01,Espresso Beans (Arabica),134.3395238095238,PCOFFOTMUSDM,"IMF Global price of Coffee, Other Mild Arabica (via FRED)",https://fred.stlouisfed.org/series/PCOFFOTMUSDM,False,Real global spot price -- direct match for this ingredient.
2018-05-01,Espresso Beans (Arabica),135.6095652173913,PCOFFOTMUSDM,"IMF Global price of Coffee, Other Mild Arabica (via FRED)",https://fred.stlouisfed.org/series/PCOFFOTMUSDM,False,Real global spot price -- direct match for this ingredient.
2018-06-01,Espresso Beans (Arabica),134.0338095238095,PCOFFOTMUSDM,"IMF Global price of Coffee, Other Mild Arabica (via FRED)",https://fred.stlouisfed.org/series/PCOFFOTMUSDM,False,Real global spot price -- direct match for this ingredient.
2018-07-01,Espresso Beans (Arabica),130.5986363636364,PCOFFOTMUSDM,"IMF Global price of Coffee, Other Mild Arabica (via FRED)",https://fred.stlouisfed.org/series/PCOFFOTMUSDM,False,Real global spot price -- direct match for this ingredient.
2018-08-01,Espresso Beans (Arabica),125.2108695652174,PCOFFOTMUSDM,"IMF Global price of Coffee, Other Mild Arabica (via FRED)",https://fred.stlouisfed.org/series/PCOFFOTMUSDM,False,Real global spot price -- direct match for this ingredient.
2018-09-01,Espresso Beans (Arabica),121.18,PCOFFOTMUSDM,"IMF Global price of Coffee, Other Mild Arabica (via FRED)",https://fred.stlouisfed.org/series/PCOFFOTMUSDM,False,Real global spot price -- direct match for this ingredient.
2018-10-01,Espresso Beans (Arabica),137.3417391304348,PCOFFOTMUSDM,"IMF Global price of Coffee, Other Mild Arabica (via FRED)",https://fred.stlouisfed.org/series/PCOFFOTMUSDM,False,Real global spot price -- direct match for this ingredient.
2018-11-01,Espresso Beans (Arabica),137.1077272727273,PCOFFOTMUSDM,"IMF Global price of Coffee, Other Mild Arabica (via FRED)",https://fred.stlouisfed.org/series/PCOFFOTMUSDM,False,Real global spot price -- direct match for this ingredient.
2018-12-01,Espresso Beans (Arabica),127.0585714285714,PCOFFOTMUSDM,"IMF Global price of Coffee, Other Mild Arabica (via FRED)",https://fred.stlouisfed.org/series/PCOFFOTMUSDM,False,Real global spot price -- direct match for this ingredient.
2019-01-01,Espresso Beans (Arabica),128.3573913043478,PCOFFOTMUSDM,"IMF Global price of Coffee, Other Mild Arabica (via FRED)",https://fred.stlouisfed.org/series/PCOFFOTMUSDM,False,Real global spot price -- direct match for this ingredient.
2019-02-01,Espresso Beans (Arabica),128.454,PCOFFOTMUSDM,"IMF Global price of Coffee, Other Mild Arabica (via FRED)",https://fred.stlouisfed.org/series/PCOFFOTMUSDM,False,Real global spot price -- direct match for this ingredient.
2019-03-01,Espresso Beans (Arabica),123.8885714285714,PCOFFOTMUSDM,"IMF Global price of Coffee, Other Mild Arabica (via FRED)",https://fred.stlouisfed.org/series/PCOFFOTMUSDM,False,Real global spot price -- direct match for this ingredient.
2019-04-01,Espresso Beans (Arabica),120.9904545454545,PCOFFOTMUSDM,"IMF Global price of Coffee, Other Mild Arabica (via FRED)",https://fred.stlouisfed.org/series/PCOFFOTMUSDM,False,Real global spot price -- direct match for this ingredient.
2019-05-01,Espresso Beans (Arabica),120.5491304347826,PCOFFOTMUSDM,"IMF Global price of Coffee, Other Mild Arabica (via FRED)",https://fred.stlouisfed.org/series/PCOFFOTMUSDM,False,Real global spot price -- direct match for this ingredient.
2019-06-01,Espresso Beans (Arabica),129.7235,PCOFFOTMUSDM,"IMF Global price of Coffee, Other Mild Arabica (via FRED)",https://fred.stlouisfed.org/series/PCOFFOTMUSDM,False,Real global spot price -- direct match for this ingredient.
2019-07-01,Espresso Beans (Arabica),135.4704347826087,PCOFFOTMUSDM,"IMF Global price of Coffee, Other Mild Arabica (via FRED)",https://fred.stlouisfed.org/series/PCOFFOTMUSDM,False,Real global spot price -- direct match for this ingredient.
2019-08-01,Espresso Beans (Arabica),126.2795454545455,PCOFFOTMUSDM,"IMF Global price of Coffee, Other Mild Arabica (via FRED)",https://fred.stlouisfed.org/series/PCOFFOTMUSDM,False,Real global spot price -- direct match for this ingredient.
2019-09-01,Espresso Beans (Arabica),128.8942857142857,PCOFFOTMUSDM,"IMF Global price of Coffee, Other Mild Arabica (via FRED)",https://fred.stlouisfed.org/series/PCOFFOTMUSDM,False,Real global spot price -- direct match for this ingredient.
2019-10-01,Espresso Beans (Arabica),127.0513043478261,PCOFFOTMUSDM,"IMF Global price of Coffee, Other Mild Arabica (via FRED)",https://fred.stlouisfed.org/series/PCOFFOTMUSDM,False,Real global spot price -- direct match for this ingredient.
2019-11-01,Espresso Beans (Arabica),140.9814285714286,PCOFFOTMUSDM,"IMF Global price of Coffee, Other Mild Arabica (via FRED)",https://fred.stlouisfed.org/series/PCOFFOTMUSDM,False,Real global spot price -- direct match for this ingredient.
2019-12-01,Espresso Beans (Arabica),156.0290909090909,PCOFFOTMUSDM,"IMF Global price of Coffee, Other Mild Arabica (via FRED)",https://fred.stlouisfed.org/series/PCOFFOTMUSDM,False,Real global spot price -- direct match for this ingredient.
2020-01-01,Espresso Beans (Arabica),142.9365217391304,PCOFFOTMUSDM,"IMF Global price of Coffee, Other Mild Arabica (via FRED)",https://fred.stlouisfed.org/series/PCOFFOTMUSDM,False,Real global spot price -- direct match for this ingredient.
2020-02-01,Espresso Beans (Arabica),135.5005,PCOFFOTMUSDM,"IMF Global price of Coffee, Other Mild Arabica (via FRED)",https://fred.stlouisfed.org/series/PCOFFOTMUSDM,False,Real global spot price -- direct match for this ingredient.
2020-03-01,Espresso Beans (Arabica),148.3272727272727,PCOFFOTMUSDM,"IMF Global price of Coffee, Other Mild Arabica (via FRED)",https://fred.stlouisfed.org/series/PCOFFOTMUSDM,False,Real global spot price -- direct match for this ingredient.
2020-04-01,Espresso Beans (Arabica),154.6304545454545,PCOFFOTMUSDM,"IMF Global price of Coffee, Other Mild Arabica (via FRED)",https://fred.stlouisfed.org/series/PCOFFOTMUSDM,False,Real global spot price -- direct match for this ingredient.
2020-05-01,Espresso Beans (Arabica),149.9161904761905,PCOFFOTMUSDM,"IMF Global price of Coffee, Other Mild Arabica (via FRED)",https://fred.stlouisfed.org/series/PCOFFOTMUSDM,False,Real global spot price -- direct match for this ingredient.
2020-06-01,Espresso Beans (Arabica),141.52,PCOFFOTMUSDM,"IMF Global price of Coffee, Other Mild Arabica (via FRED)",https://fred.stlouisfed.org/series/PCOFFOTMUSDM,False,Real global spot price -- direct match for this ingredient.
2020-07-01,Espresso Beans (Arabica),146.7808695652174,PCOFFOTMUSDM,"IMF Global price of Coffee, Other Mild Arabica (via FRED)",https://fred.stlouisfed.org/series/PCOFFOTMUSDM,False,Real global spot price -- direct match for this ingredient.
2020-08-01,Espresso Beans (Arabica),163.0714285714286,PCOFFOTMUSDM,"IMF Global price of Coffee, Other Mild Arabica (via FRED)",https://fred.stlouisfed.org/series/PCOFFOTMUSDM,False,Real global spot price -- direct match for this ingredient.
2020-09-01,Espresso Beans (Arabica),166.5645454545455,PCOFFOTMUSDM,"IMF Global price of Coffee, Other Mild Arabica (via FRED)",https://fred.stlouisfed.org/series/PCOFFOTMUSDM,False,Real global spot price -- direct match for this ingredient.
2020-10-01,Espresso Beans (Arabica),152.0568181818182,PCOFFOTMUSDM,"IMF Global price of Coffee, Other Mild Arabica (via FRED)",https://fred.stlouisfed.org/series/PCOFFOTMUSDM,False,Real global spot price -- direct match for this ingredient.
2020-11-01,Espresso Beans (Arabica),150.7261904761905,PCOFFOTMUSDM,"IMF Global price of Coffee, Other Mild Arabica (via FRED)",https://fred.stlouisfed.org/series/PCOFFOTMUSDM,False,Real global spot price -- direct match for this ingredient.
2020-12-01,Espresso Beans (Arabica),157.9526086956522,PCOFFOTMUSDM,"IMF Global price of Coffee, Other Mild Arabica (via FRED)",https://fred.stlouisfed.org/series/PCOFFOTMUSDM,False,Real global spot price -- direct match for this ingredient.
2021-01-01,Espresso Beans (Arabica),160.8195238095238,PCOFFOTMUSDM,"IMF Global price of Coffee, Other Mild Arabica (via FRED)",https://fred.stlouisfed.org/series/PCOFFOTMUSDM,False,Real global spot price -- direct match for this ingredient.
2021-02-01,Espresso Beans (Arabica),166.429,PCOFFOTMUSDM,"IMF Global price of Coffee, Other Mild Arabica (via FRED)",https://fred.stlouisfed.org/series/PCOFFOTMUSDM,False,Real global spot price -- direct match for this ingredient.
2021-03-01,Espresso Beans (Arabica),167.0508695652174,PCOFFOTMUSDM,"IMF Global price of Coffee, Other Mild Arabica (via FRED)",https://fred.stlouisfed.org/series/PCOFFOTMUSDM,False,Real global spot price -- direct match for this ingredient.
2021-04-01,Espresso Beans (Arabica),168.6486363636364,PCOFFOTMUSDM,"IMF Global price of Coffee, Other Mild Arabica (via FRED)",https://fred.stlouisfed.org/series/PCOFFOTMUSDM,False,Real global spot price -- direct match for this ingredient.
2021-05-01,Espresso Beans (Arabica),186.46285714285716,PCOFFOTMUSDM,"IMF Global price of Coffee, Other Mild Arabica (via FRED)",https://fred.stlouisfed.org/series/PCOFFOTMUSDM,False,Real global spot price -- direct match for this ingredient.
2021-06-01,Espresso Beans (Arabica),192.0645454545455,PCOFFOTMUSDM,"IMF Global price of Coffee, Other Mild Arabica (via FRED)",https://fred.stlouisfed.org/series/PCOFFOTMUSDM,False,Real global spot price -- direct match for this ingredient.
2021-07-01,Espresso Beans (Arabica),204.50090909090912,PCOFFOTMUSDM,"IMF Global price of Coffee, Other Mild Arabica (via FRED)",https://fred.stlouisfed.org/series/PCOFFOTMUSDM,False,Real global spot price -- direct match for this ingredient.
2021-08-01,Espresso Beans (Arabica),216.4345454545455,PCOFFOTMUSDM,"IMF Global price of Coffee, Other Mild Arabica (via FRED)",https://fred.stlouisfed.org/series/PCOFFOTMUSDM,False,Real global spot price -- direct match for this ingredient.
2021-09-01,Espresso Beans (Arabica),225.5368181818182,PCOFFOTMUSDM,"IMF Global price of Coffee, Other Mild Arabica (via FRED)",https://fred.stlouisfed.org/series/PCOFFOTMUSDM,False,Real global spot price -- direct match for this ingredient.
2021-10-01,Espresso Beans (Arabica),241.07333333333327,PCOFFOTMUSDM,"IMF Global price of Coffee, Other Mild Arabica (via FRED)",https://fred.stlouisfed.org/series/PCOFFOTMUSDM,False,Real global spot price -- direct match for this ingredient.
2021-11-01,Espresso Beans (Arabica),258.9781818181818,PCOFFOTMUSDM,"IMF Global price of Coffee, Other Mild Arabica (via FRED)",https://fred.stlouisfed.org/series/PCOFFOTMUSDM,False,Real global spot price -- direct match for this ingredient.
2021-12-01,Espresso Beans (Arabica),268.3291304347826,PCOFFOTMUSDM,"IMF Global price of Coffee, Other Mild Arabica (via FRED)",https://fred.stlouisfed.org/series/PCOFFOTMUSDM,False,Real global spot price -- direct match for this ingredient.
2022-01-01,Espresso Beans (Arabica),271.0814285714286,PCOFFOTMUSDM,"IMF Global price of Coffee, Other Mild Arabica (via FRED)",https://fred.stlouisfed.org/series/PCOFFOTMUSDM,False,Real global spot price -- direct match for this ingredient.
2022-02-01,Espresso Beans (Arabica),279.8335,PCOFFOTMUSDM,"IMF Global price of Coffee, Other Mild Arabica (via FRED)",https://fred.stlouisfed.org/series/PCOFFOTMUSDM,False,Real global spot price -- direct match for this ingredient.
2022-03-01,Espresso Beans (Arabica),258.9934782608696,PCOFFOTMUSDM,"IMF Global price of Coffee, Other Mild Arabica (via FRED)",https://fred.stlouisfed.org/series/PCOFFOTMUSDM,False,Real global spot price -- direct match for this ingredient.
2022-04-01,Espresso Beans (Arabica),265.397619047619,PCOFFOTMUSDM,"IMF Global price of Coffee, Other Mild Arabica (via FRED)",https://fred.stlouisfed.org/series/PCOFFOTMUSDM,False,Real global spot price -- direct match for this ingredient.
2022-05-01,Espresso Beans (Arabica),260.4495454545455,PCOFFOTMUSDM,"IMF Global price of Coffee, Other Mild Arabica (via FRED)",https://fred.stlouisfed.org/series/PCOFFOTMUSDM,False,Real global spot price -- direct match for this ingredient.
2022-06-01,Espresso Beans (Arabica),273.7636363636364,PCOFFOTMUSDM,"IMF Global price of Coffee, Other Mild Arabica (via FRED)",https://fred.stlouisfed.org/series/PCOFFOTMUSDM,False,Real global spot price -- direct match for this ingredient.
2022-07-01,Espresso Beans (Arabica),255.90666666666672,PCOFFOTMUSDM,"IMF Global price of Coffee, Other Mild Arabica (via FRED)",https://fred.stlouisfed.org/series/PCOFFOTMUSDM,False,Real global spot price -- direct match for this ingredient.
2022-08-01,Espresso Beans (Arabica),268.4834782608696,PCOFFOTMUSDM,"IMF Global price of Coffee, Other Mild Arabica (via FRED)",https://fred.stlouisfed.org/series/PCOFFOTMUSDM,False,Real global spot price -- direct match for this ingredient.
2022-09-01,Espresso Beans (Arabica),267.49227272727273,PCOFFOTMUSDM,"IMF Global price of Coffee, Other Mild Arabica (via FRED)",https://fred.stlouisfed.org/series/PCOFFOTMUSDM,False,Real global spot price -- direct match for this ingredient.
2022-10-01,Espresso Beans (Arabica),240.08238095238096,PCOFFOTMUSDM,"IMF Global price of Coffee, Other Mild Arabica (via FRED)",https://fred.stlouisfed.org/series/PCOFFOTMUSDM,False,Real global spot price -- direct match for this ingredient.
2022-11-01,Espresso Beans (Arabica),213.71818181818176,PCOFFOTMUSDM,"IMF Global price of Coffee, Other Mild Arabica (via FRED)",https://fred.stlouisfed.org/series/PCOFFOTMUSDM,False,Real global spot price -- direct match for this ingredient.
2022-12-01,Espresso Beans (Arabica),210.3886363636364,PCOFFOTMUSDM,"IMF Global price of Coffee, Other Mild Arabica (via FRED)",https://fred.stlouisfed.org/series/PCOFFOTMUSDM,False,Real global spot price -- direct match for this ingredient.
2023-01-01,Espresso Beans (Arabica),206.76,PCOFFOTMUSDM,"IMF Global price of Coffee, Other Mild Arabica (via FRED)",https://fred.stlouisfed.org/series/PCOFFOTMUSDM,False,Real global spot price -- direct match for this ingredient.
2023-02-01,Espresso Beans (Arabica),229.506,PCOFFOTMUSDM,"IMF Global price of Coffee, Other Mild Arabica (via FRED)",https://fred.stlouisfed.org/series/PCOFFOTMUSDM,False,Real global spot price -- direct match for this ingredient.
2023-03-01,Espresso Beans (Arabica),222.66391304347832,PCOFFOTMUSDM,"IMF Global price of Coffee, Other Mild Arabica (via FRED)",https://fred.stlouisfed.org/series/PCOFFOTMUSDM,False,Real global spot price -- direct match for this ingredient.
2023-04-01,Espresso Beans (Arabica),229.9555,PCOFFOTMUSDM,"IMF Global price of Coffee, Other Mild Arabica (via FRED)",https://fred.stlouisfed.org/series/PCOFFOTMUSDM,False,Real global spot price -- direct match for this ingredient.
2023-05-01,Espresso Beans (Arabica),220.12130434782608,PCOFFOTMUSDM,"IMF Global price of Coffee, Other Mild Arabica (via FRED)",https://fred.stlouisfed.org/series/PCOFFOTMUSDM,False,Real global spot price -- direct match for this ingredient.
2023-06-01,Espresso Beans (Arabica),207.385,PCOFFOTMUSDM,"IMF Global price of Coffee, Other Mild Arabica (via FRED)",https://fred.stlouisfed.org/series/PCOFFOTMUSDM,False,Real global spot price -- direct match for this ingredient.
2023-07-01,Espresso Beans (Arabica),193.49428571428567,PCOFFOTMUSDM,"IMF Global price of Coffee, Other Mild Arabica (via FRED)",https://fred.stlouisfed.org/series/PCOFFOTMUSDM,False,Real global spot price -- direct match for this ingredient.
2023-08-01,Espresso Beans (Arabica),186.34695652173912,PCOFFOTMUSDM,"IMF Global price of Coffee, Other Mild Arabica (via FRED)",https://fred.stlouisfed.org/series/PCOFFOTMUSDM,False,Real global spot price -- direct match for this ingredient.
2023-09-01,Espresso Beans (Arabica),183.5890476190476,PCOFFOTMUSDM,"IMF Global price of Coffee, Other Mild Arabica (via FRED)",https://fred.stlouisfed.org/series/PCOFFOTMUSDM,False,Real global spot price -- direct match for this ingredient.
2023-10-01,Espresso Beans (Arabica),183.9513636363636,PCOFFOTMUSDM,"IMF Global price of Coffee, Other Mild Arabica (via FRED)",https://fred.stlouisfed.org/series/PCOFFOTMUSDM,False,Real global spot price -- direct match for this ingredient.
2023-11-01,Espresso Beans (Arabica),197.43318181818177,PCOFFOTMUSDM,"IMF Global price of Coffee, Other Mild Arabica (via FRED)",https://fred.stlouisfed.org/series/PCOFFOTMUSDM,False,Real global spot price -- direct match for this ingredient.
2023-12-01,Espresso Beans (Arabica),210.3104761904762,PCOFFOTMUSDM,"IMF Global price of Coffee, Other Mild Arabica (via FRED)",https://fred.stlouisfed.org/series/PCOFFOTMUSDM,False,Real global spot price -- direct match for this ingredient.
2024-01-01,Espresso Beans (Arabica),203.8791304347826,PCOFFOTMUSDM,"IMF Global price of Coffee, Other Mild Arabica (via FRED)",https://fred.stlouisfed.org/series/PCOFFOTMUSDM,False,Real global spot price -- direct match for this ingredient.
2024-02-01,Espresso Beans (Arabica),208.78333333333327,PCOFFOTMUSDM,"IMF Global price of Coffee, Other Mild Arabica (via FRED)",https://fred.stlouisfed.org/series/PCOFFOTMUSDM,False,Real global spot price -- direct match for this ingredient.
2024-03-01,Espresso Beans (Arabica),208.91333333333327,PCOFFOTMUSDM,"IMF Global price of Coffee, Other Mild Arabica (via FRED)",https://fred.stlouisfed.org/series/PCOFFOTMUSDM,False,Real global spot price -- direct match for this ingredient.
2024-04-01,Espresso Beans (Arabica),239.8663636363636,PCOFFOTMUSDM,"IMF Global price of Coffee, Other Mild Arabica (via FRED)",https://fred.stlouisfed.org/series/PCOFFOTMUSDM,False,Real global spot price -- direct match for this ingredient.
2024-05-01,Espresso Beans (Arabica),232.34260869565216,PCOFFOTMUSDM,"IMF Global price of Coffee, Other Mild Arabica (via FRED)",https://fred.stlouisfed.org/series/PCOFFOTMUSDM,False,Real global spot price -- direct match for this ingredient.
2024-06-01,Espresso Beans (Arabica),248.405,PCOFFOTMUSDM,"IMF Global price of Coffee, Other Mild Arabica (via FRED)",https://fred.stlouisfed.org/series/PCOFFOTMUSDM,False,Real global spot price -- direct match for this ingredient.
2024-07-01,Espresso Beans (Arabica),257.09869565217394,PCOFFOTMUSDM,"IMF Global price of Coffee, Other Mild Arabica (via FRED)",https://fred.stlouisfed.org/series/PCOFFOTMUSDM,False,Real global spot price -- direct match for this ingredient.
2024-08-01,Espresso Beans (Arabica),261.4377272727273,PCOFFOTMUSDM,"IMF Global price of Coffee, Other Mild Arabica (via FRED)",https://fred.stlouisfed.org/series/PCOFFOTMUSDM,False,Real global spot price -- direct match for this ingredient.
2024-09-01,Espresso Beans (Arabica),278.7604761904762,PCOFFOTMUSDM,"IMF Global price of Coffee, Other Mild Arabica (via FRED)",https://fred.stlouisfed.org/series/PCOFFOTMUSDM,False,Real global spot price -- direct match for this ingredient.
2024-10-01,Espresso Beans (Arabica),276.7773913043478,PCOFFOTMUSDM,"IMF Global price of Coffee, Other Mild Arabica (via FRED)",https://fred.stlouisfed.org/series/PCOFFOTMUSDM,False,Real global spot price -- direct match for this ingredient.
2024-11-01,Espresso Beans (Arabica),304.9528571428571,PCOFFOTMUSDM,"IMF Global price of Coffee, Other Mild Arabica (via FRED)",https://fred.stlouisfed.org/series/PCOFFOTMUSDM,False,Real global spot price -- direct match for this ingredient.
2024-12-01,Espresso Beans (Arabica),344.1186363636364,PCOFFOTMUSDM,"IMF Global price of Coffee, Other Mild Arabica (via FRED)",https://fred.stlouisfed.org/series/PCOFFOTMUSDM,False,Real global spot price -- direct match for this ingredient.
2025-01-01,Espresso Beans (Arabica),353.9334782608696,PCOFFOTMUSDM,"IMF Global price of Coffee, Other Mild Arabica (via FRED)",https://fred.stlouisfed.org/series/PCOFFOTMUSDM,False,Real global spot price -- direct match for this ingredient.
2025-02-01,Espresso Beans (Arabica),409.5165,PCOFFOTMUSDM,"IMF Global price of Coffee, Other Mild Arabica (via FRED)",https://fred.stlouisfed.org/series/PCOFFOTMUSDM,False,Real global spot price -- direct match for this ingredient.
2025-03-01,Espresso Beans (Arabica),404.2104761904762,PCOFFOTMUSDM,"IMF Global price of Coffee, Other Mild Arabica (via FRED)",https://fred.stlouisfed.org/series/PCOFFOTMUSDM,False,Real global spot price -- direct match for this ingredient.
2025-04-01,Espresso Beans (Arabica),392.9127272727273,PCOFFOTMUSDM,"IMF Global price of Coffee, Other Mild Arabica (via FRED)",https://fred.stlouisfed.org/series/PCOFFOTMUSDM,False,Real global spot price -- direct match for this ingredient.
2025-05-01,Espresso Beans (Arabica),397.5886363636364,PCOFFOTMUSDM,"IMF Global price of Coffee, Other Mild Arabica (via FRED)",https://fred.stlouisfed.org/series/PCOFFOTMUSDM,False,Real global spot price -- direct match for this ingredient.
2025-06-01,Espresso Beans (Arabica),363.16238095238094,PCOFFOTMUSDM,"IMF Global price of Coffee, Other Mild Arabica (via FRED)",https://fred.stlouisfed.org/series/PCOFFOTMUSDM,False,Real global spot price -- direct match for this ingredient.
2025-07-01,Espresso Beans (Arabica),316.725652173913,PCOFFOTMUSDM,"IMF Global price of Coffee, Other Mild Arabica (via FRED)",https://fred.stlouisfed.org/series/PCOFFOTMUSDM,False,Real global spot price -- direct match for this ingredient.
2025-08-01,Espresso Beans (Arabica),365.6857142857143,PCOFFOTMUSDM,"IMF Global price of Coffee, Other Mild Arabica (via FRED)",https://fred.stlouisfed.org/series/PCOFFOTMUSDM,False,Real global spot price -- direct match for this ingredient.
2025-09-01,Espresso Beans (Arabica),399.5513636363636,PCOFFOTMUSDM,"IMF Global price of Coffee, Other Mild Arabica (via FRED)",https://fred.stlouisfed.org/series/PCOFFOTMUSDM,False,Real global spot price -- direct match for this ingredient.
2025-10-01,Espresso Beans (Arabica),403.7926086956522,PCOFFOTMUSDM,"IMF Global price of Coffee, Other Mild Arabica (via FRED)",https://fred.stlouisfed.org/series/PCOFFOTMUSDM,False,Real global spot price -- direct match for this ingredient.
2025-11-01,Espresso Beans (Arabica),409.679,PCOFFOTMUSDM,"IMF Global price of Coffee, Other Mild Arabica (via FRED)",https://fred.stlouisfed.org/series/PCOFFOTMUSDM,False,Real global spot price -- direct match for this ingredient.
2025-12-01,Espresso Beans (Arabica),380.4172727272728,PCOFFOTMUSDM,"IMF Global price of Coffee, Other Mild Arabica (via FRED)",https://fred.stlouisfed.org/series/PCOFFOTMUSDM,False,Real global spot price -- direct match for this ingredient.
2026-01-01,Espresso Beans (Arabica),363.91045454545446,PCOFFOTMUSDM,"IMF Global price of Coffee, Other Mild Arabica (via FRED)",https://fred.stlouisfed.org/series/PCOFFOTMUSDM,False,Real global spot price -- direct match for this ingredient.
2026-02-01,Espresso Beans (Arabica),321.3525,PCOFFOTMUSDM,"IMF Global price of Coffee, Other Mild Arabica (via FRED)",https://fred.stlouisfed.org/series/PCOFFOTMUSDM,False,Real global spot price -- direct match for this ingredient.
2026-03-01,Espresso Beans (Arabica),334.11181818181814,PCOFFOTMUSDM,"IMF Global price of Coffee, Other Mild Arabica (via FRED)",https://fred.stlouisfed.org/series/PCOFFOTMUSDM,False,Real global spot price -- direct match for this ingredient.
2026-04-01,Espresso Beans (Arabica),331.2227272727273,PCOFFOTMUSDM,"IMF Global price of Coffee, Other Mild Arabica (via FRED)",https://fred.stlouisfed.org/series/PCOFFOTMUSDM,False,Real global spot price -- direct match for this ingredient.
2026-05-01,Espresso Beans (Arabica),315.0595238095238,PCOFFOTMUSDM,"IMF Global price of Coffee, Other Mild Arabica (via FRED)",https://fred.stlouisfed.org/series/PCOFFOTMUSDM,False,Real global spot price -- direct match for this ingredient.
2026-06-01,Espresso Beans (Arabica),307.8263636363636,PCOFFOTMUSDM,"IMF Global price of Coffee, Other Mild Arabica (via FRED)",https://fred.stlouisfed.org/series/PCOFFOTMUSDM,False,Real global spot price -- direct match for this ingredient.
2026-07-01,Espresso Beans (Arabica),359.1622727272727,PCOFFOTMUSDM,"IMF Global price of Coffee, Other Mild Arabica (via FRED)",https://fred.stlouisfed.org/series/PCOFFOTMUSDM,False,Real global spot price -- direct match for this ingredient.
1992-01-01,Sugar,8.42409133911133,PSUGAISAUSDM,"IMF Global price of Sugar, No. 11, World (via FRED)",https://fred.stlouisfed.org/series/PSUGAISAUSDM,False,Real global spot price -- direct match for this ingredient.
1992-02-01,Sugar,7.84299993515015,PSUGAISAUSDM,"IMF Global price of Sugar, No. 11, World (via FRED)",https://fred.stlouisfed.org/series/PSUGAISAUSDM,False,Real global spot price -- direct match for this ingredient.
1992-03-01,Sugar,8.25045394897461,PSUGAISAUSDM,"IMF Global price of Sugar, No. 11, World (via FRED)",https://fred.stlouisfed.org/series/PSUGAISAUSDM,False,Real global spot price -- direct match for this ingredient.
1992-04-01,Sugar,9.45571517944336,PSUGAISAUSDM,"IMF Global price of Sugar, No. 11, World (via FRED)",https://fred.stlouisfed.org/series/PSUGAISAUSDM,False,Real global spot price -- direct match for this ingredient.
1992-05-01,Sugar,9.61333465576172,PSUGAISAUSDM,"IMF Global price of Sugar, No. 11, World (via FRED)",https://fred.stlouisfed.org/series/PSUGAISAUSDM,False,Real global spot price -- direct match for this ingredient.
1992-06-01,Sugar,10.347728729248,PSUGAISAUSDM,"IMF Global price of Sugar, No. 11, World (via FRED)",https://fred.stlouisfed.org/series/PSUGAISAUSDM,False,Real global spot price -- direct match for this ingredient.
1992-07-01,Sugar,10.3121757507324,PSUGAISAUSDM,"IMF Global price of Sugar, No. 11, World (via FRED)",https://fred.stlouisfed.org/series/PSUGAISAUSDM,False,Real global spot price -- direct match for this ingredient.
1992-08-01,Sugar,9.86476135253906,PSUGAISAUSDM,"IMF Global price of Sugar, No. 11, World (via FRED)",https://fred.stlouisfed.org/series/PSUGAISAUSDM,False,Real global spot price -- direct match for this ingredient.
1992-09-01,Sugar,9.31227493286133,PSUGAISAUSDM,"IMF Global price of Sugar, No. 11, World (via FRED)",https://fred.stlouisfed.org/series/PSUGAISAUSDM,False,Real global spot price -- direct match for this ingredient.
1992-10-01,Sugar,8.7054557800293,PSUGAISAUSDM,"IMF Global price of Sugar, No. 11, World (via FRED)",https://fred.stlouisfed.org/series/PSUGAISAUSDM,False,Real global spot price -- direct match for this ingredient.
1992-11-01,Sugar,8.55952453613281,PSUGAISAUSDM,"IMF Global price of Sugar, No. 11, World (via FRED)",https://fred.stlouisfed.org/series/PSUGAISAUSDM,False,Real global spot price -- direct match for this ingredient.
1992-12-01,Sugar,8.14863681793213,PSUGAISAUSDM,"IMF Global price of Sugar, No. 11, World (via FRED)",https://fred.stlouisfed.org/series/PSUGAISAUSDM,False,Real global spot price -- direct match for this ingredient.
1993-01-01,Sugar,8.23799991607666,PSUGAISAUSDM,"IMF Global price of Sugar, No. 11, World (via FRED)",https://fred.stlouisfed.org/series/PSUGAISAUSDM,False,Real global spot price -- direct match for this ingredient.
1993-02-01,Sugar,8.55949974060059,PSUGAISAUSDM,"IMF Global price of Sugar, No. 11, World (via FRED)",https://fred.stlouisfed.org/series/PSUGAISAUSDM,False,Real global spot price -- direct match for this ingredient.
1993-03-01,Sugar,10.6247825622559,PSUGAISAUSDM,"IMF Global price of Sugar, No. 11, World (via FRED)",https://fred.stlouisfed.org/series/PSUGAISAUSDM,False,Real global spot price -- direct match for this ingredient.
1993-04-01,Sugar,11.1538095474243,PSUGAISAUSDM,"IMF Global price of Sugar, No. 11, World (via FRED)",https://fred.stlouisfed.org/series/PSUGAISAUSDM,False,Real global spot price -- direct match for this ingredient.
1993-05-01,Sugar,11.8280000686646,PSUGAISAUSDM,"IMF Global price of Sugar, No. 11, World (via FRED)",https://fred.stlouisfed.org/series/PSUGAISAUSDM,False,Real global spot price -- direct match for this ingredient.
1993-06-01,Sugar,10.3986368179321,PSUGAISAUSDM,"IMF Global price of Sugar, No. 11, World (via FRED)",https://fred.stlouisfed.org/series/PSUGAISAUSDM,False,Real global spot price -- direct match for this ingredient.
1993-07-01,Sugar,9.67500019073486,PSUGAISAUSDM,"IMF Global price of Sugar, No. 11, World (via FRED)",https://fred.stlouisfed.org/series/PSUGAISAUSDM,False,Real global spot price -- direct match for this ingredient.
1993-08-01,Sugar,9.34227275848389,PSUGAISAUSDM,"IMF Global price of Sugar, No. 11, World (via FRED)",https://fred.stlouisfed.org/series/PSUGAISAUSDM,False,Real global spot price -- direct match for this ingredient.
1993-09-01,Sugar,9.53590869903564,PSUGAISAUSDM,"IMF Global price of Sugar, No. 11, World (via FRED)",https://fred.stlouisfed.org/series/PSUGAISAUSDM,False,Real global spot price -- direct match for this ingredient.
1993-10-01,Sugar,10.2947616577148,PSUGAISAUSDM,"IMF Global price of Sugar, No. 11, World (via FRED)",https://fred.stlouisfed.org/series/PSUGAISAUSDM,False,Real global spot price -- direct match for this ingredient.
1993-11-01,Sugar,10.0740909576416,PSUGAISAUSDM,"IMF Global price of Sugar, No. 11, World (via FRED)",https://fred.stlouisfed.org/series/PSUGAISAUSDM,False,Real global spot price -- direct match for this ingredient.
1993-12-01,Sugar,10.522608757019,PSUGAISAUSDM,"IMF Global price of Sugar, No. 11, World (via FRED)",https://fred.stlouisfed.org/series/PSUGAISAUSDM,False,Real global spot price -- direct match for this ingredient.
1994-01-01,Sugar,10.2990474700928,PSUGAISAUSDM,"IMF Global price of Sugar, No. 11, World (via FRED)",https://fred.stlouisfed.org/series/PSUGAISAUSDM,False,Real global spot price -- direct match for this ingredient.
1994-02-01,Sugar,10.8225002288818,PSUGAISAUSDM,"IMF Global price of Sugar, No. 11, World (via FRED)",https://fred.stlouisfed.org/series/PSUGAISAUSDM,False,Real global spot price -- direct match for this ingredient.
1994-03-01,Sugar,11.7291307449341,PSUGAISAUSDM,"IMF Global price of Sugar, No. 11, World (via FRED)",https://fred.stlouisfed.org/series/PSUGAISAUSDM,False,Real global spot price -- direct match for this ingredient.
1994-04-01,Sugar,11.013500213623,PSUGAISAUSDM,"IMF Global price of Sugar, No. 11, World (via FRED)",https://fred.stlouisfed.org/series/PSUGAISAUSDM,False,Real global spot price -- direct match for this ingredient.
1994-05-01,Sugar,11.5799999237061,PSUGAISAUSDM,"IMF Global price of Sugar, No. 11, World (via FRED)",https://fred.stlouisfed.org/series/PSUGAISAUSDM,False,Real global spot price -- direct match for this ingredient.
1994-06-01,Sugar,12.0481815338135,PSUGAISAUSDM,"IMF Global price of Sugar, No. 11, World (via FRED)",https://fred.stlouisfed.org/series/PSUGAISAUSDM,False,Real global spot price -- direct match for this ingredient.
1994-07-01,Sugar,11.7742853164673,PSUGAISAUSDM,"IMF Global price of Sugar, No. 11, World (via FRED)",https://fred.stlouisfed.org/series/PSUGAISAUSDM,False,Real global spot price -- direct match for this ingredient.
1994-08-01,Sugar,12.0947828292847,PSUGAISAUSDM,"IMF Global price of Sugar, No. 11, World (via FRED)",https://fred.stlouisfed.org/series/PSUGAISAUSDM,False,Real global spot price -- direct match for this ingredient.
1994-09-01,Sugar,12.594090461731,PSUGAISAUSDM,"IMF Global price of Sugar, No. 11, World (via FRED)",https://fred.stlouisfed.org/series/PSUGAISAUSDM,False,Real global spot price -- direct match for this ingredient.
1994-10-01,Sugar,12.7580947875977,PSUGAISAUSDM,"IMF Global price of Sugar, No. 11, World (via FRED)",https://fred.stlouisfed.org/series/PSUGAISAUSDM,False,Real global spot price -- direct match for this ingredient.
1994-11-01,Sugar,13.9259090423584,PSUGAISAUSDM,"IMF Global price of Sugar, No. 11, World (via FRED)",https://fred.stlouisfed.org/series/PSUGAISAUSDM,False,Real global spot price -- direct match for this ingredient.
1994-12-01,Sugar,14.6747617721558,PSUGAISAUSDM,"IMF Global price of Sugar, No. 11, World (via FRED)",https://fred.stlouisfed.org/series/PSUGAISAUSDM,False,Real global spot price -- direct match for this ingredient.
1995-01-01,Sugar,14.7950000762939,PSUGAISAUSDM,"IMF Global price of Sugar, No. 11, World (via FRED)",https://fred.stlouisfed.org/series/PSUGAISAUSDM,False,Real global spot price -- direct match for this ingredient.
1995-02-01,Sugar,14.4075002670288,PSUGAISAUSDM,"IMF Global price of Sugar, No. 11, World (via FRED)",https://fred.stlouisfed.org/series/PSUGAISAUSDM,False,Real global spot price -- direct match for this ingredient.
1995-03-01,Sugar,14.5934782028198,PSUGAISAUSDM,"IMF Global price of Sugar, No. 11, World (via FRED)",https://fred.stlouisfed.org/series/PSUGAISAUSDM,False,Real global spot price -- direct match for this ingredient.
1995-04-01,Sugar,13.6052627563477,PSUGAISAUSDM,"IMF Global price of Sugar, No. 11, World (via FRED)",https://fred.stlouisfed.org/series/PSUGAISAUSDM,False,Real global spot price -- direct match for this ingredient.
1995-05-01,Sugar,13.5222730636597,PSUGAISAUSDM,"IMF Global price of Sugar, No. 11, World (via FRED)",https://fred.stlouisfed.org/series/PSUGAISAUSDM,False,Real global spot price -- direct match for this ingredient.
1995-06-01,Sugar,14.0204544067383,PSUGAISAUSDM,"IMF Global price of Sugar, No. 11, World (via FRED)",https://fred.stlouisfed.org/series/PSUGAISAUSDM,False,Real global spot price -- direct match for this ingredient.
1995-07-01,Sugar,13.5923805236816,PSUGAISAUSDM,"IMF Global price of Sugar, No. 11, World (via FRED)",https://fred.stlouisfed.org/series/PSUGAISAUSDM,False,Real global spot price -- direct match for this ingredient.
1995-08-01,Sugar,12.9808692932129,PSUGAISAUSDM,"IMF Global price of Sugar, No. 11, World (via FRED)",https://fred.stlouisfed.org/series/PSUGAISAUSDM,False,Real global spot price -- direct match for this ingredient.
1995-09-01,Sugar,11.6899995803833,PSUGAISAUSDM,"IMF Global price of Sugar, No. 11, World (via FRED)",https://fred.stlouisfed.org/series/PSUGAISAUSDM,False,Real global spot price -- direct match for this ingredient.
1995-10-01,Sugar,11.837272644043,PSUGAISAUSDM,"IMF Global price of Sugar, No. 11, World (via FRED)",https://fred.stlouisfed.org/series/PSUGAISAUSDM,False,Real global spot price -- direct match for this ingredient.
1995-11-01,Sugar,11.9840908050537,PSUGAISAUSDM,"IMF Global price of Sugar, No. 11, World (via FRED)",https://fred.stlouisfed.org/series/PSUGAISAUSDM,False,Real global spot price -- direct match for this ingredient.
1995-12-01,Sugar,12.3100004196167,PSUGAISAUSDM,"IMF Global price of Sugar, No. 11, World (via FRED)",https://fred.stlouisfed.org/series/PSUGAISAUSDM,False,Real global spot price -- direct match for this ingredient.
1996-01-01,Sugar,12.5336360931396,PSUGAISAUSDM,"IMF Global price of Sugar, No. 11, World (via FRED)",https://fred.stlouisfed.org/series/PSUGAISAUSDM,False,Real global spot price -- direct match for this ingredient.
1996-02-01,Sugar,12.8185710906982,PSUGAISAUSDM,"IMF Global price of Sugar, No. 11, World (via FRED)",https://fred.stlouisfed.org/series/PSUGAISAUSDM,False,Real global spot price -- direct match for this ingredient.
1996-03-01,Sugar,12.8990478515625,PSUGAISAUSDM,"IMF Global price of Sugar, No. 11, World (via FRED)",https://fred.stlouisfed.org/series/PSUGAISAUSDM,False,Real global spot price -- direct match for this ingredient.
1996-04-01,Sugar,11.9838094711304,PSUGAISAUSDM,"IMF Global price of Sugar, No. 11, World (via FRED)",https://fred.stlouisfed.org/series/PSUGAISAUSDM,False,Real global spot price -- direct match for this ingredient.
1996-05-01,Sugar,11.3777275085449,PSUGAISAUSDM,"IMF Global price of Sugar, No. 11, World (via FRED)",https://fred.stlouisfed.org/series/PSUGAISAUSDM,False,Real global spot price -- direct match for this ingredient.
1996-06-01,Sugar,12.173999786377,PSUGAISAUSDM,"IMF Global price of Sugar, No. 11, World (via FRED)",https://fred.stlouisfed.org/series/PSUGAISAUSDM,False,Real global spot price -- direct match for this ingredient.
1996-07-01,Sugar,12.8069562911987,PSUGAISAUSDM,"IMF Global price of Sugar, No. 11, World (via FRED)",https://fred.stlouisfed.org/series/PSUGAISAUSDM,False,Real global spot price -- direct match for this ingredient.
1996-08-01,Sugar,12.3663635253906,PSUGAISAUSDM,"IMF Global price of Sugar, No. 11, World (via FRED)",https://fred.stlouisfed.org/series/PSUGAISAUSDM,False,Real global spot price -- direct match for this ingredient.
1996-09-01,Sugar,11.915714263916,PSUGAISAUSDM,"IMF Global price of Sugar, No. 11, World (via FRED)",https://fred.stlouisfed.org/series/PSUGAISAUSDM,False,Real global spot price -- direct match for this ingredient.
1996-10-01,Sugar,11.1239128112793,PSUGAISAUSDM,"IMF Global price of Sugar, No. 11, World (via FRED)",https://fred.stlouisfed.org/series/PSUGAISAUSDM,False,Real global spot price -- direct match for this ingredient.
1996-11-01,Sugar,10.7247619628906,PSUGAISAUSDM,"IMF Global price of Sugar, No. 11, World (via FRED)",https://fred.stlouisfed.org/series/PSUGAISAUSDM,False,Real global spot price -- direct match for this ingredient.
1996-12-01,Sugar,10.7379999160767,PSUGAISAUSDM,"IMF Global price of Sugar, No. 11, World (via FRED)",https://fred.stlouisfed.org/series/PSUGAISAUSDM,False,Real global spot price -- direct match for this ingredient.
1997-01-01,Sugar,10.6919050216675,PSUGAISAUSDM,"IMF Global price of Sugar, No. 11, World (via FRED)",https://fred.stlouisfed.org/series/PSUGAISAUSDM,False,Real global spot price -- direct match for this ingredient.
1997-02-01,Sugar,10.8129997253418,PSUGAISAUSDM,"IMF Global price of Sugar, No. 11, World (via FRED)",https://fred.stlouisfed.org/series/PSUGAISAUSDM,False,Real global spot price -- direct match for this ingredient.
1997-03-01,Sugar,11.1409997940063,PSUGAISAUSDM,"IMF Global price of Sugar, No. 11, World (via FRED)",https://fred.stlouisfed.org/series/PSUGAISAUSDM,False,Real global spot price -- direct match for this ingredient.
1997-04-01,Sugar,11.2990913391113,PSUGAISAUSDM,"IMF Global price of Sugar, No. 11, World (via FRED)",https://fred.stlouisfed.org/series/PSUGAISAUSDM,False,Real global spot price -- direct match for this ingredient.
1997-05-01,Sugar,11.1281814575195,PSUGAISAUSDM,"IMF Global price of Sugar, No. 11, World (via FRED)",https://fred.stlouisfed.org/series/PSUGAISAUSDM,False,Real global spot price -- direct match for this ingredient.
1997-06-01,Sugar,11.4290475845337,PSUGAISAUSDM,"IMF Global price of Sugar, No. 11, World (via FRED)",https://fred.stlouisfed.org/series/PSUGAISAUSDM,False,Real global spot price -- direct match for this ingredient.
1997-07-01,Sugar,11.5721740722656,PSUGAISAUSDM,"IMF Global price of Sugar, No. 11, World (via FRED)",https://fred.stlouisfed.org/series/PSUGAISAUSDM,False,Real global spot price -- direct match for this ingredient.
1997-08-01,Sugar,11.7014284133911,PSUGAISAUSDM,"IMF Global price of Sugar, No. 11, World (via FRED)",https://fred.stlouisfed.org/series/PSUGAISAUSDM,False,Real global spot price -- direct match for this ingredient.
1997-09-01,Sugar,11.3313636779785,PSUGAISAUSDM,"IMF Global price of Sugar, No. 11, World (via FRED)",https://fred.stlouisfed.org/series/PSUGAISAUSDM,False,Real global spot price -- direct match for this ingredient.
1997-10-01,Sugar,11.3822727203369,PSUGAISAUSDM,"IMF Global price of Sugar, No. 11, World (via FRED)",https://fred.stlouisfed.org/series/PSUGAISAUSDM,False,Real global spot price -- direct match for this ingredient.
1997-11-01,Sugar,12.0120000839233,PSUGAISAUSDM,"IMF Global price of Sugar, No. 11, World (via FRED)",https://fred.stlouisfed.org/series/PSUGAISAUSDM,False,Real global spot price -- direct match for this ingredient.
1997-12-01,Sugar,12.3266668319702,PSUGAISAUSDM,"IMF Global price of Sugar, No. 11, World (via FRED)",https://fred.stlouisfed.org/series/PSUGAISAUSDM,False,Real global spot price -- direct match for this ingredient.
1998-01-01,Sugar,11.518500328064,PSUGAISAUSDM,"IMF Global price of Sugar, No. 11, World (via FRED)",https://fred.stlouisfed.org/series/PSUGAISAUSDM,False,Real global spot price -- direct match for this ingredient.
1998-02-01,Sugar,10.7194995880127,PSUGAISAUSDM,"IMF Global price of Sugar, No. 11, World (via FRED)",https://fred.stlouisfed.org/series/PSUGAISAUSDM,False,Real global spot price -- direct match for this ingredient.
1998-03-01,Sugar,9.84227275848389,PSUGAISAUSDM,"IMF Global price of Sugar, No. 11, World (via FRED)",https://fred.stlouisfed.org/series/PSUGAISAUSDM,False,Real global spot price -- direct match for this ingredient.
1998-04-01,Sugar,9.67681789398193,PSUGAISAUSDM,"IMF Global price of Sugar, No. 11, World (via FRED)",https://fred.stlouisfed.org/series/PSUGAISAUSDM,False,Real global spot price -- direct match for this ingredient.
1998-05-01,Sugar,9.22550010681152,PSUGAISAUSDM,"IMF Global price of Sugar, No. 11, World (via FRED)",https://fred.stlouisfed.org/series/PSUGAISAUSDM,False,Real global spot price -- direct match for this ingredient.
1998-06-01,Sugar,8.09863662719727,PSUGAISAUSDM,"IMF Global price of Sugar, No. 11, World (via FRED)",https://fred.stlouisfed.org/series/PSUGAISAUSDM,False,Real global spot price -- direct match for this ingredient.
1998-07-01,Sugar,8.6247615814209,PSUGAISAUSDM,"IMF Global price of Sugar, No. 11, World (via FRED)",https://fred.stlouisfed.org/series/PSUGAISAUSDM,False,Real global spot price -- direct match for this ingredient.
1998-08-01,Sugar,8.48238086700439,PSUGAISAUSDM,"IMF Global price of Sugar, No. 11, World (via FRED)",https://fred.stlouisfed.org/series/PSUGAISAUSDM,False,Real global spot price -- direct match for this ingredient.
1998-09-01,Sugar,7.22909069061279,PSUGAISAUSDM,"IMF Global price of Sugar, No. 11, World (via FRED)",https://fred.stlouisfed.org/series/PSUGAISAUSDM,False,Real global spot price -- direct match for this ingredient.
1998-10-01,Sugar,7.46272706985474,PSUGAISAUSDM,"IMF Global price of Sugar, No. 11, World (via FRED)",https://fred.stlouisfed.org/series/PSUGAISAUSDM,False,Real global spot price -- direct match for this ingredient.
1998-11-01,Sugar,8.06142902374268,PSUGAISAUSDM,"IMF Global price of Sugar, No. 11, World (via FRED)",https://fred.stlouisfed.org/series/PSUGAISAUSDM,False,Real global spot price -- direct match for this ingredient.
1998-12-01,Sugar,8.07681846618652,PSUGAISAUSDM,"IMF Global price of Sugar, No. 11, World (via FRED)",https://fred.stlouisfed.org/series/PSUGAISAUSDM,False,Real global spot price -- direct match for this ingredient.
1999-01-01,Sugar,8.10900020599365,PSUGAISAUSDM,"IMF Global price of Sugar, No. 11, World (via FRED)",https://fred.stlouisfed.org/series/PSUGAISAUSDM,False,Real global spot price -- direct match for this ingredient.
1999-02-01,Sugar,6.8155,PSUGAISAUSDM,"IMF Global price of Sugar, No. 11, World (via FRED)",https://fred.stlouisfed.org/series/PSUGAISAUSDM,False,Real global spot price -- direct match for this ingredient.
1999-03-01,Sugar,6.02521739130435,PSUGAISAUSDM,"IMF Global price of Sugar, No. 11, World (via FRED)",https://fred.stlouisfed.org/series/PSUGAISAUSDM,False,Real global spot price -- direct match for this ingredient.
1999-04-01,Sugar,5.42190476190476,PSUGAISAUSDM,"IMF Global price of Sugar, No. 11, World (via FRED)",https://fred.stlouisfed.org/series/PSUGAISAUSDM,False,Real global spot price -- direct match for this ingredient.
1999-05-01,Sugar,5.7485,PSUGAISAUSDM,"IMF Global price of Sugar, No. 11, World (via FRED)",https://fred.stlouisfed.org/series/PSUGAISAUSDM,False,Real global spot price -- direct match for this ingredient.
1999-06-01,Sugar,6.03863636363636,PSUGAISAUSDM,"IMF Global price of Sugar, No. 11, World (via FRED)",https://fred.stlouisfed.org/series/PSUGAISAUSDM,False,Real global spot price -- direct match for this ingredient.
1999-07-01,Sugar,5.37818181818182,PSUGAISAUSDM,"IMF Global price of Sugar, No. 11, World (via FRED)",https://fred.stlouisfed.org/series/PSUGAISAUSDM,False,Real global spot price -- direct match for this ingredient.
1999-08-01,Sugar,5.72347826086956,PSUGAISAUSDM,"IMF Global price of Sugar, No. 11, World (via FRED)",https://fred.stlouisfed.org/series/PSUGAISAUSDM,False,Real global spot price -- direct match for this ingredient.
1999-09-01,Sugar,6.67454545454545,PSUGAISAUSDM,"IMF Global price of Sugar, No. 11, World (via FRED)",https://fred.stlouisfed.org/series/PSUGAISAUSDM,False,Real global spot price -- direct match for this ingredient.
1999-10-01,Sugar,6.75428571428571,PSUGAISAUSDM,"IMF Global price of Sugar, No. 11, World (via FRED)",https://fred.stlouisfed.org/series/PSUGAISAUSDM,False,Real global spot price -- direct match for this ingredient.
1999-11-01,Sugar,6.505,PSUGAISAUSDM,"IMF Global price of Sugar, No. 11, World (via FRED)",https://fred.stlouisfed.org/series/PSUGAISAUSDM,False,Real global spot price -- direct match for this ingredient.
1999-12-01,Sugar,5.982,PSUGAISAUSDM,"IMF Global price of Sugar, No. 11, World (via FRED)",https://fred.stlouisfed.org/series/PSUGAISAUSDM,False,Real global spot price -- direct match for this ingredient.
2000-01-01,Sugar,5.6295,PSUGAISAUSDM,"IMF Global price of Sugar, No. 11, World (via FRED)",https://fred.stlouisfed.org/series/PSUGAISAUSDM,False,Real global spot price -- direct match for this ingredient.
2000-02-01,Sugar,5.351,PSUGAISAUSDM,"IMF Global price of Sugar, No. 11, World (via FRED)",https://fred.stlouisfed.org/series/PSUGAISAUSDM,False,Real global spot price -- direct match for this ingredient.
2000-03-01,Sugar,5.1112,PSUGAISAUSDM,"IMF Global price of Sugar, No. 11, World (via FRED)",https://fred.stlouisfed.org/series/PSUGAISAUSDM,False,Real global spot price -- direct match for this ingredient.
2000-04-01,Sugar,6.011,PSUGAISAUSDM,"IMF Global price of Sugar, No. 11, World (via FRED)",https://fred.stlouisfed.org/series/PSUGAISAUSDM,False,Real global spot price -- direct match for this ingredient.
2000-05-01,Sugar,6.78086956521739,PSUGAISAUSDM,"IMF Global price of Sugar, No. 11, World (via FRED)",https://fred.stlouisfed.org/series/PSUGAISAUSDM,False,Real global spot price -- direct match for this ingredient.
2000-06-01,Sugar,8.33454545454546,PSUGAISAUSDM,"IMF Global price of Sugar, No. 11, World (via FRED)",https://fred.stlouisfed.org/series/PSUGAISAUSDM,False,Real global spot price -- direct match for this ingredient.
2000-07-01,Sugar,9.64047619047619,PSUGAISAUSDM,"IMF Global price of Sugar, No. 11, World (via FRED)",https://fred.stlouisfed.org/series/PSUGAISAUSDM,False,Real global spot price -- direct match for this ingredient.
2000-08-01,Sugar,10.5978260869565,PSUGAISAUSDM,"IMF Global price of Sugar, No. 11, World (via FRED)",https://fred.stlouisfed.org/series/PSUGAISAUSDM,False,Real global spot price -- direct match for this ingredient.
2000-09-01,Sugar,9.8575,PSUGAISAUSDM,"IMF Global price of Sugar, No. 11, World (via FRED)",https://fred.stlouisfed.org/series/PSUGAISAUSDM,False,Real global spot price -- direct match for this ingredient.
2000-10-01,Sugar,10.4131818181818,PSUGAISAUSDM,"IMF Global price of Sugar, No. 11, World (via FRED)",https://fred.stlouisfed.org/series/PSUGAISAUSDM,False,Real global spot price -- direct match for this ingredient.
2000-11-01,Sugar,9.5135,PSUGAISAUSDM,"IMF Global price of Sugar, No. 11, World (via FRED)",https://fred.stlouisfed.org/series/PSUGAISAUSDM,False,Real global spot price -- direct match for this ingredient.
2000-12-01,Sugar,9.7175,PSUGAISAUSDM,"IMF Global price of Sugar, No. 11, World (via FRED)",https://fred.stlouisfed.org/series/PSUGAISAUSDM,False,Real global spot price -- direct match for this ingredient.
2001-01-01,Sugar,10.0595238095238,PSUGAISAUSDM,"IMF Global price of Sugar, No. 11, World (via FRED)",https://fred.stlouisfed.org/series/PSUGAISAUSDM,False,Real global spot price -- direct match for this ingredient.
2001-02-01,Sugar,9.3625,PSUGAISAUSDM,"IMF Global price of Sugar, No. 11, World (via FRED)",https://fred.stlouisfed.org/series/PSUGAISAUSDM,False,Real global spot price -- direct match for this ingredient.
2001-03-01,Sugar,8.71681818181818,PSUGAISAUSDM,"IMF Global price of Sugar, No. 11, World (via FRED)",https://fred.stlouisfed.org/series/PSUGAISAUSDM,False,Real global spot price -- direct match for this ingredient.
2001-04-01,Sugar,8.05210526315789,PSUGAISAUSDM,"IMF Global price of Sugar, No. 11, World (via FRED)",https://fred.stlouisfed.org/series/PSUGAISAUSDM,False,Real global spot price -- direct match for this ingredient.
2001-05-01,Sugar,8.95954545454546,PSUGAISAUSDM,"IMF Global price of Sugar, No. 11, World (via FRED)",https://fred.stlouisfed.org/series/PSUGAISAUSDM,False,Real global spot price -- direct match for this ingredient.
2001-06-01,Sugar,8.74285714285714,PSUGAISAUSDM,"IMF Global price of Sugar, No. 11, World (via FRED)",https://fred.stlouisfed.org/series/PSUGAISAUSDM,False,Real global spot price -- direct match for this ingredient.
2001-07-01,Sugar,8.53619047619048,PSUGAISAUSDM,"IMF Global price of Sugar, No. 11, World (via FRED)",https://fred.stlouisfed.org/series/PSUGAISAUSDM,False,Real global spot price -- direct match for this ingredient.
2001-08-01,Sugar,7.90434782608696,PSUGAISAUSDM,"IMF Global price of Sugar, No. 11, World (via FRED)",https://fred.stlouisfed.org/series/PSUGAISAUSDM,False,Real global spot price -- direct match for this ingredient.
2001-09-01,Sugar,7.16066666666667,PSUGAISAUSDM,"IMF Global price of Sugar, No. 11, World (via FRED)",https://fred.stlouisfed.org/series/PSUGAISAUSDM,False,Real global spot price -- direct match for this ingredient.
2001-10-01,Sugar,6.59608695652174,PSUGAISAUSDM,"IMF Global price of Sugar, No. 11, World (via FRED)",https://fred.stlouisfed.org/series/PSUGAISAUSDM,False,Real global spot price -- direct match for this ingredient.
2001-11-01,Sugar,7.278,PSUGAISAUSDM,"IMF Global price of Sugar, No. 11, World (via FRED)",https://fred.stlouisfed.org/series/PSUGAISAUSDM,False,Real global spot price -- direct match for this ingredient.
2001-12-01,Sugar,7.41,PSUGAISAUSDM,"IMF Global price of Sugar, No. 11, World (via FRED)",https://fred.stlouisfed.org/series/PSUGAISAUSDM,False,Real global spot price -- direct match for this ingredient.
2002-01-01,Sugar,7.31380952380952,PSUGAISAUSDM,"IMF Global price of Sugar, No. 11, World (via FRED)",https://fred.stlouisfed.org/series/PSUGAISAUSDM,False,Real global spot price -- direct match for this ingredient.
2002-02-01,Sugar,5.68315789473684,PSUGAISAUSDM,"IMF Global price of Sugar, No. 11, World (via FRED)",https://fred.stlouisfed.org/series/PSUGAISAUSDM,False,Real global spot price -- direct match for this ingredient.
2002-03-01,Sugar,5.9245,PSUGAISAUSDM,"IMF Global price of Sugar, No. 11, World (via FRED)",https://fred.stlouisfed.org/series/PSUGAISAUSDM,False,Real global spot price -- direct match for this ingredient.
2002-04-01,Sugar,5.17818181818182,PSUGAISAUSDM,"IMF Global price of Sugar, No. 11, World (via FRED)",https://fred.stlouisfed.org/series/PSUGAISAUSDM,False,Real global spot price -- direct match for this ingredient.
2002-05-01,Sugar,5.61181818181818,PSUGAISAUSDM,"IMF Global price of Sugar, No. 11, World (via FRED)",https://fred.stlouisfed.org/series/PSUGAISAUSDM,False,Real global spot price -- direct match for this ingredient.
2002-06-01,Sugar,5.246,PSUGAISAUSDM,"IMF Global price of Sugar, No. 11, World (via FRED)",https://fred.stlouisfed.org/series/PSUGAISAUSDM,False,Real global spot price -- direct match for this ingredient.
2002-07-01,Sugar,5.79476190476191,PSUGAISAUSDM,"IMF Global price of Sugar, No. 11, World (via FRED)",https://fred.stlouisfed.org/series/PSUGAISAUSDM,False,Real global spot price -- direct match for this ingredient.
2002-08-01,Sugar,5.85681818181818,PSUGAISAUSDM,"IMF Global price of Sugar, No. 11, World (via FRED)",https://fred.stlouisfed.org/series/PSUGAISAUSDM,False,Real global spot price -- direct match for this ingredient.
2002-09-01,Sugar,6.4095,PSUGAISAUSDM,"IMF Global price of Sugar, No. 11, World (via FRED)",https://fred.stlouisfed.org/series/PSUGAISAUSDM,False,Real global spot price -- direct match for this ingredient.
2002-10-01,Sugar,7.02,PSUGAISAUSDM,"IMF Global price of Sugar, No. 11, World (via FRED)",https://fred.stlouisfed.org/series/PSUGAISAUSDM,False,Real global spot price -- direct match for this ingredient.
2002-11-01,Sugar,7.29684210526316,PSUGAISAUSDM,"IMF Global price of Sugar, No. 11, World (via FRED)",https://fred.stlouisfed.org/series/PSUGAISAUSDM,False,Real global spot price -- direct match for this ingredient.
2002-12-01,Sugar,7.508,PSUGAISAUSDM,"IMF Global price of Sugar, No. 11, World (via FRED)",https://fred.stlouisfed.org/series/PSUGAISAUSDM,False,Real global spot price -- direct match for this ingredient.
2003-01-01,Sugar,7.89047619047619,PSUGAISAUSDM,"IMF Global price of Sugar, No. 11, World (via FRED)",https://fred.stlouisfed.org/series/PSUGAISAUSDM,False,Real global spot price -- direct match for this ingredient.
2003-02-01,Sugar,8.34833333333334,PSUGAISAUSDM,"IMF Global price of Sugar, No. 11, World (via FRED)",https://fred.stlouisfed.org/series/PSUGAISAUSDM,False,Real global spot price -- direct match for this ingredient.
2003-03-01,Sugar,7.84333333333334,PSUGAISAUSDM,"IMF Global price of Sugar, No. 11, World (via FRED)",https://fred.stlouisfed.org/series/PSUGAISAUSDM,False,Real global spot price -- direct match for this ingredient.
2003-04-01,Sugar,7.26190476190476,PSUGAISAUSDM,"IMF Global price of Sugar, No. 11, World (via FRED)",https://fred.stlouisfed.org/series/PSUGAISAUSDM,False,Real global spot price -- direct match for this ingredient.
2003-05-01,Sugar,7.01380952380952,PSUGAISAUSDM,"IMF Global price of Sugar, No. 11, World (via FRED)",https://fred.stlouisfed.org/series/PSUGAISAUSDM,False,Real global spot price -- direct match for this ingredient.
2003-06-01,Sugar,6.4047619047619,PSUGAISAUSDM,"IMF Global price of Sugar, No. 11, World (via FRED)",https://fred.stlouisfed.org/series/PSUGAISAUSDM,False,Real global spot price -- direct match for this ingredient.
2003-07-01,Sugar,6.73227272727273,PSUGAISAUSDM,"IMF Global price of Sugar, No. 11, World (via FRED)",https://fred.stlouisfed.org/series/PSUGAISAUSDM,False,Real global spot price -- direct match for this ingredient.
2003-08-01,Sugar,6.70904761904762,PSUGAISAUSDM,"IMF Global price of Sugar, No. 11, World (via FRED)",https://fred.stlouisfed.org/series/PSUGAISAUSDM,False,Real global spot price -- direct match for this ingredient.
2003-09-01,Sugar,6.27142857142857,PSUGAISAUSDM,"IMF Global price of Sugar, No. 11, World (via FRED)",https://fred.stlouisfed.org/series/PSUGAISAUSDM,False,Real global spot price -- direct match for this ingredient.
2003-10-01,Sugar,6.09826086956522,PSUGAISAUSDM,"IMF Global price of Sugar, No. 11, World (via FRED)",https://fred.stlouisfed.org/series/PSUGAISAUSDM,False,Real global spot price -- direct match for this ingredient.
2003-11-01,Sugar,6.19111111111111,PSUGAISAUSDM,"IMF Global price of Sugar, No. 11, World (via FRED)",https://fred.stlouisfed.org/series/PSUGAISAUSDM,False,Real global spot price -- direct match for this ingredient.
2003-12-01,Sugar,6.34380952380952,PSUGAISAUSDM,"IMF Global price of Sugar, No. 11, World (via FRED)",https://fred.stlouisfed.org/series/PSUGAISAUSDM,False,Real global spot price -- direct match for this ingredient.
2004-01-01,Sugar,6.03052631578947,PSUGAISAUSDM,"IMF Global price of Sugar, No. 11, World (via FRED)",https://fred.stlouisfed.org/series/PSUGAISAUSDM,False,Real global spot price -- direct match for this ingredient.
2004-02-01,Sugar,5.87315789473684,PSUGAISAUSDM,"IMF Global price of Sugar, No. 11, World (via FRED)",https://fred.stlouisfed.org/series/PSUGAISAUSDM,False,Real global spot price -- direct match for this ingredient.
2004-03-01,Sugar,6.49608695652174,PSUGAISAUSDM,"IMF Global price of Sugar, No. 11, World (via FRED)",https://fred.stlouisfed.org/series/PSUGAISAUSDM,False,Real global spot price -- direct match for this ingredient.
2004-04-01,Sugar,6.86047619047619,PSUGAISAUSDM,"IMF Global price of Sugar, No. 11, World (via FRED)",https://fred.stlouisfed.org/series/PSUGAISAUSDM,False,Real global spot price -- direct match for this ingredient.
2004-05-01,Sugar,6.6225,PSUGAISAUSDM,"IMF Global price of Sugar, No. 11, World (via FRED)",https://fred.stlouisfed.org/series/PSUGAISAUSDM,False,Real global spot price -- direct match for this ingredient.
2004-06-01,Sugar,7.51428571428571,PSUGAISAUSDM,"IMF Global price of Sugar, No. 11, World (via FRED)",https://fred.stlouisfed.org/series/PSUGAISAUSDM,False,Real global spot price -- direct match for this ingredient.
2004-07-01,Sugar,8.16571428571429,PSUGAISAUSDM,"IMF Global price of Sugar, No. 11, World (via FRED)",https://fred.stlouisfed.org/series/PSUGAISAUSDM,False,Real global spot price -- direct match for this ingredient.
2004-08-01,Sugar,7.87909090909091,PSUGAISAUSDM,"IMF Global price of Sugar, No. 11, World (via FRED)",https://fred.stlouisfed.org/series/PSUGAISAUSDM,False,Real global spot price -- direct match for this ingredient.
2004-09-01,Sugar,8.67428571428571,PSUGAISAUSDM,"IMF Global price of Sugar, No. 11, World (via FRED)",https://fred.stlouisfed.org/series/PSUGAISAUSDM,False,Real global spot price -- direct match for this ingredient.
2004-10-01,Sugar,8.96380952380952,PSUGAISAUSDM,"IMF Global price of Sugar, No. 11, World (via FRED)",https://fred.stlouisfed.org/series/PSUGAISAUSDM,False,Real global spot price -- direct match for this ingredient.
2004-11-01,Sugar,8.666,PSUGAISAUSDM,"IMF Global price of Sugar, No. 11, World (via FRED)",https://fred.stlouisfed.org/series/PSUGAISAUSDM,False,Real global spot price -- direct match for this ingredient.
2004-12-01,Sugar,8.79523809523809,PSUGAISAUSDM,"IMF Global price of Sugar, No. 11, World (via FRED)",https://fred.stlouisfed.org/series/PSUGAISAUSDM,False,Real global spot price -- direct match for this ingredient.
2005-01-01,Sugar,8.922,PSUGAISAUSDM,"IMF Global price of Sugar, No. 11, World (via FRED)",https://fred.stlouisfed.org/series/PSUGAISAUSDM,False,Real global spot price -- direct match for this ingredient.
2005-02-01,Sugar,9.32368421052632,PSUGAISAUSDM,"IMF Global price of Sugar, No. 11, World (via FRED)",https://fred.stlouisfed.org/series/PSUGAISAUSDM,False,Real global spot price -- direct match for this ingredient.
2005-03-01,Sugar,8.895,PSUGAISAUSDM,"IMF Global price of Sugar, No. 11, World (via FRED)",https://fred.stlouisfed.org/series/PSUGAISAUSDM,False,Real global spot price -- direct match for this ingredient.
2005-04-01,Sugar,8.52571428571428,PSUGAISAUSDM,"IMF Global price of Sugar, No. 11, World (via FRED)",https://fred.stlouisfed.org/series/PSUGAISAUSDM,False,Real global spot price -- direct match for this ingredient.
2005-05-01,Sugar,8.51142857142857,PSUGAISAUSDM,"IMF Global price of Sugar, No. 11, World (via FRED)",https://fred.stlouisfed.org/series/PSUGAISAUSDM,False,Real global spot price -- direct match for this ingredient.
2005-06-01,Sugar,9.03318181818182,PSUGAISAUSDM,"IMF Global price of Sugar, No. 11, World (via FRED)",https://fred.stlouisfed.org/series/PSUGAISAUSDM,False,Real global spot price -- direct match for this ingredient.
2005-07-01,Sugar,9.5975,PSUGAISAUSDM,"IMF Global price of Sugar, No. 11, World (via FRED)",https://fred.stlouisfed.org/series/PSUGAISAUSDM,False,Real global spot price -- direct match for this ingredient.
2005-08-01,Sugar,9.87521739130434,PSUGAISAUSDM,"IMF Global price of Sugar, No. 11, World (via FRED)",https://fred.stlouisfed.org/series/PSUGAISAUSDM,False,Real global spot price -- direct match for this ingredient.
2005-09-01,Sugar,10.8104761904762,PSUGAISAUSDM,"IMF Global price of Sugar, No. 11, World (via FRED)",https://fred.stlouisfed.org/series/PSUGAISAUSDM,False,Real global spot price -- direct match for this ingredient.
2005-10-01,Sugar,11.6128571428571,PSUGAISAUSDM,"IMF Global price of Sugar, No. 11, World (via FRED)",https://fred.stlouisfed.org/series/PSUGAISAUSDM,False,Real global spot price -- direct match for this ingredient.
2005-11-01,Sugar,11.808,PSUGAISAUSDM,"IMF Global price of Sugar, No. 11, World (via FRED)",https://fred.stlouisfed.org/series/PSUGAISAUSDM,False,Real global spot price -- direct match for this ingredient.
2005-12-01,Sugar,13.9271428571429,PSUGAISAUSDM,"IMF Global price of Sugar, No. 11, World (via FRED)",https://fred.stlouisfed.org/series/PSUGAISAUSDM,False,Real global spot price -- direct match for this ingredient.
2006-01-01,Sugar,16.187,PSUGAISAUSDM,"IMF Global price of Sugar, No. 11, World (via FRED)",https://fred.stlouisfed.org/series/PSUGAISAUSDM,False,Real global spot price -- direct match for this ingredient.
2006-02-01,Sugar,18.0526315789474,PSUGAISAUSDM,"IMF Global price of Sugar, No. 11, World (via FRED)",https://fred.stlouisfed.org/series/PSUGAISAUSDM,False,Real global spot price -- direct match for this ingredient.
2006-03-01,Sugar,17.0821739130435,PSUGAISAUSDM,"IMF Global price of Sugar, No. 11, World (via FRED)",https://fred.stlouisfed.org/series/PSUGAISAUSDM,False,Real global spot price -- direct match for this ingredient.
2006-04-01,Sugar,17.4626315789474,PSUGAISAUSDM,"IMF Global price of Sugar, No. 11, World (via FRED)",https://fred.stlouisfed.org/series/PSUGAISAUSDM,False,Real global spot price -- direct match for this ingredient.
2006-05-01,Sugar,16.9004545454545,PSUGAISAUSDM,"IMF Global price of Sugar, No. 11, World (via FRED)",https://fred.stlouisfed.org/series/PSUGAISAUSDM,False,Real global spot price -- direct match for this ingredient.
2006-06-01,Sugar,15.6890909090909,PSUGAISAUSDM,"IMF Global price of Sugar, No. 11, World (via FRED)",https://fred.stlouisfed.org/series/PSUGAISAUSDM,False,Real global spot price -- direct match for this ingredient.
2006-07-01,Sugar,15.857,PSUGAISAUSDM,"IMF Global price of Sugar, No. 11, World (via FRED)",https://fred.stlouisfed.org/series/PSUGAISAUSDM,False,Real global spot price -- direct match for this ingredient.
2006-08-01,Sugar,12.9795652173913,PSUGAISAUSDM,"IMF Global price of Sugar, No. 11, World (via FRED)",https://fred.stlouisfed.org/series/PSUGAISAUSDM,False,Real global spot price -- direct match for this ingredient.
2006-09-01,Sugar,12.3135,PSUGAISAUSDM,"IMF Global price of Sugar, No. 11, World (via FRED)",https://fred.stlouisfed.org/series/PSUGAISAUSDM,False,Real global spot price -- direct match for this ingredient.
2006-10-01,Sugar,11.5090909090909,PSUGAISAUSDM,"IMF Global price of Sugar, No. 11, World (via FRED)",https://fred.stlouisfed.org/series/PSUGAISAUSDM,False,Real global spot price -- direct match for this ingredient.
2006-11-01,Sugar,11.732,PSUGAISAUSDM,"IMF Global price of Sugar, No. 11, World (via FRED)",https://fred.stlouisfed.org/series/PSUGAISAUSDM,False,Real global spot price -- direct match for this ingredient.
2006-12-01,Sugar,11.6965,PSUGAISAUSDM,"IMF Global price of Sugar, No. 11, World (via FRED)",https://fred.stlouisfed.org/series/PSUGAISAUSDM,False,Real global spot price -- direct match for this ingredient.
2007-01-01,Sugar,10.9035,PSUGAISAUSDM,"IMF Global price of Sugar, No. 11, World (via FRED)",https://fred.stlouisfed.org/series/PSUGAISAUSDM,False,Real global spot price -- direct match for this ingredient.
2007-02-01,Sugar,10.5715789473684,PSUGAISAUSDM,"IMF Global price of Sugar, No. 11, World (via FRED)",https://fred.stlouisfed.org/series/PSUGAISAUSDM,False,Real global spot price -- direct match for this ingredient.
2007-03-01,Sugar,10.3668181818182,PSUGAISAUSDM,"IMF Global price of Sugar, No. 11, World (via FRED)",https://fred.stlouisfed.org/series/PSUGAISAUSDM,False,Real global spot price -- direct match for this ingredient.
2007-04-01,Sugar,9.594,PSUGAISAUSDM,"IMF Global price of Sugar, No. 11, World (via FRED)",https://fred.stlouisfed.org/series/PSUGAISAUSDM,False,Real global spot price -- direct match for this ingredient.
2007-05-01,Sugar,9.08636363636364,PSUGAISAUSDM,"IMF Global price of Sugar, No. 11, World (via FRED)",https://fred.stlouisfed.org/series/PSUGAISAUSDM,False,Real global spot price -- direct match for this ingredient.
2007-06-01,Sugar,9.26047619047619,PSUGAISAUSDM,"IMF Global price of Sugar, No. 11, World (via FRED)",https://fred.stlouisfed.org/series/PSUGAISAUSDM,False,Real global spot price -- direct match for this ingredient.
2007-07-01,Sugar,9.89571428571428,PSUGAISAUSDM,"IMF Global price of Sugar, No. 11, World (via FRED)",https://fred.stlouisfed.org/series/PSUGAISAUSDM,False,Real global spot price -- direct match for this ingredient.
2007-08-01,Sugar,9.61304347826087,PSUGAISAUSDM,"IMF Global price of Sugar, No. 11, World (via FRED)",https://fred.stlouisfed.org/series/PSUGAISAUSDM,False,Real global spot price -- direct match for this ingredient.
2007-09-01,Sugar,9.85105263157895,PSUGAISAUSDM,"IMF Global price of Sugar, No. 11, World (via FRED)",https://fred.stlouisfed.org/series/PSUGAISAUSDM,False,Real global spot price -- direct match for this ingredient.
2007-10-01,Sugar,9.99478260869565,PSUGAISAUSDM,"IMF Global price of Sugar, No. 11, World (via FRED)",https://fred.stlouisfed.org/series/PSUGAISAUSDM,False,Real global spot price -- direct match for this ingredient.
2007-11-01,Sugar,9.896,PSUGAISAUSDM,"IMF Global price of Sugar, No. 11, World (via FRED)",https://fred.stlouisfed.org/series/PSUGAISAUSDM,False,Real global spot price -- direct match for this ingredient.
2007-12-01,Sugar,10.4463157894737,PSUGAISAUSDM,"IMF Global price of Sugar, No. 11, World (via FRED)",https://fred.stlouisfed.org/series/PSUGAISAUSDM,False,Real global spot price -- direct match for this ingredient.
2008-01-01,Sugar,11.6595238095238,PSUGAISAUSDM,"IMF Global price of Sugar, No. 11, World (via FRED)",https://fred.stlouisfed.org/series/PSUGAISAUSDM,False,Real global spot price -- direct match for this ingredient.
2008-02-01,Sugar,13.6075,PSUGAISAUSDM,"IMF Global price of Sugar, No. 11, World (via FRED)",https://fred.stlouisfed.org/series/PSUGAISAUSDM,False,Real global spot price -- direct match for this ingredient.
2008-03-01,Sugar,12.8765,PSUGAISAUSDM,"IMF Global price of Sugar, No. 11, World (via FRED)",https://fred.stlouisfed.org/series/PSUGAISAUSDM,False,Real global spot price -- direct match for this ingredient.
2008-04-01,Sugar,12.5227272727273,PSUGAISAUSDM,"IMF Global price of Sugar, No. 11, World (via FRED)",https://fred.stlouisfed.org/series/PSUGAISAUSDM,False,Real global spot price -- direct match for this ingredient.
2008-05-01,Sugar,10.9347619047619,PSUGAISAUSDM,"IMF Global price of Sugar, No. 11, World (via FRED)",https://fred.stlouisfed.org/series/PSUGAISAUSDM,False,Real global spot price -- direct match for this ingredient.
2008-06-01,Sugar,12.0652380952381,PSUGAISAUSDM,"IMF Global price of Sugar, No. 11, World (via FRED)",https://fred.stlouisfed.org/series/PSUGAISAUSDM,False,Real global spot price -- direct match for this ingredient.
2008-07-01,Sugar,13.2077272727273,PSUGAISAUSDM,"IMF Global price of Sugar, No. 11, World (via FRED)",https://fred.stlouisfed.org/series/PSUGAISAUSDM,False,Real global spot price -- direct match for this ingredient.
2008-08-01,Sugar,13.6814285714286,PSUGAISAUSDM,"IMF Global price of Sugar, No. 11, World (via FRED)",https://fred.stlouisfed.org/series/PSUGAISAUSDM,False,Real global spot price -- direct match for this ingredient.
2008-09-01,Sugar,14.0204761904762,PSUGAISAUSDM,"IMF Global price of Sugar, No. 11, World (via FRED)",https://fred.stlouisfed.org/series/PSUGAISAUSDM,False,Real global spot price -- direct match for this ingredient.
2008-10-01,Sugar,11.7021739130435,PSUGAISAUSDM,"IMF Global price of Sugar, No. 11, World (via FRED)",https://fred.stlouisfed.org/series/PSUGAISAUSDM,False,Real global spot price -- direct match for this ingredient.
2008-11-01,Sugar,11.8284210526316,PSUGAISAUSDM,"IMF Global price of Sugar, No. 11, World (via FRED)",https://fred.stlouisfed.org/series/PSUGAISAUSDM,False,Real global spot price -- direct match for this ingredient.
2008-12-01,Sugar,11.32,PSUGAISAUSDM,"IMF Global price of Sugar, No. 11, World (via FRED)",https://fred.stlouisfed.org/series/PSUGAISAUSDM,False,Real global spot price -- direct match for this ingredient.
2009-01-01,Sugar,12.244,PSUGAISAUSDM,"IMF Global price of Sugar, No. 11, World (via FRED)",https://fred.stlouisfed.org/series/PSUGAISAUSDM,False,Real global spot price -- direct match for this ingredient.
2009-02-01,Sugar,13.3121052631579,PSUGAISAUSDM,"IMF Global price of Sugar, No. 11, World (via FRED)",https://fred.stlouisfed.org/series/PSUGAISAUSDM,False,Real global spot price -- direct match for this ingredient.
2009-03-01,Sugar,12.9281818181818,PSUGAISAUSDM,"IMF Global price of Sugar, No. 11, World (via FRED)",https://fred.stlouisfed.org/series/PSUGAISAUSDM,False,Real global spot price -- direct match for this ingredient.
2009-04-01,Sugar,13.4695238095238,PSUGAISAUSDM,"IMF Global price of Sugar, No. 11, World (via FRED)",https://fred.stlouisfed.org/series/PSUGAISAUSDM,False,Real global spot price -- direct match for this ingredient.
2009-05-01,Sugar,15.466,PSUGAISAUSDM,"IMF Global price of Sugar, No. 11, World (via FRED)",https://fred.stlouisfed.org/series/PSUGAISAUSDM,False,Real global spot price -- direct match for this ingredient.
2009-06-01,Sugar,16.5759090909091,PSUGAISAUSDM,"IMF Global price of Sugar, No. 11, World (via FRED)",https://fred.stlouisfed.org/series/PSUGAISAUSDM,False,Real global spot price -- direct match for this ingredient.
2009-07-01,Sugar,17.8045454545455,PSUGAISAUSDM,"IMF Global price of Sugar, No. 11, World (via FRED)",https://fred.stlouisfed.org/series/PSUGAISAUSDM,False,Real global spot price -- direct match for this ingredient.
2009-08-01,Sugar,21.72,PSUGAISAUSDM,"IMF Global price of Sugar, No. 11, World (via FRED)",https://fred.stlouisfed.org/series/PSUGAISAUSDM,False,Real global spot price -- direct match for this ingredient.
2009-09-01,Sugar,23.4514285714286,PSUGAISAUSDM,"IMF Global price of Sugar, No. 11, World (via FRED)",https://fred.stlouisfed.org/series/PSUGAISAUSDM,False,Real global spot price -- direct match for this ingredient.
2009-10-01,Sugar,23.1609090909091,PSUGAISAUSDM,"IMF Global price of Sugar, No. 11, World (via FRED)",https://fred.stlouisfed.org/series/PSUGAISAUSDM,False,Real global spot price -- direct match for this ingredient.
2009-11-01,Sugar,22.769,PSUGAISAUSDM,"IMF Global price of Sugar, No. 11, World (via FRED)",https://fred.stlouisfed.org/series/PSUGAISAUSDM,False,Real global spot price -- direct match for this ingredient.
2009-12-01,Sugar,24.9027272727273,PSUGAISAUSDM,"IMF Global price of Sugar, No. 11, World (via FRED)",https://fred.stlouisfed.org/series/PSUGAISAUSDM,False,Real global spot price -- direct match for this ingredient.
2010-01-01,Sugar,21.90526315789474,PSUGAISAUSDM,"IMF Global price of Sugar, No. 11, World (via FRED)",https://fred.stlouisfed.org/series/PSUGAISAUSDM,False,Real global spot price -- direct match for this ingredient.
2010-02-01,Sugar,21.97894736842105,PSUGAISAUSDM,"IMF Global price of Sugar, No. 11, World (via FRED)",https://fred.stlouisfed.org/series/PSUGAISAUSDM,False,Real global spot price -- direct match for this ingredient.
2010-03-01,Sugar,18.14782608695652,PSUGAISAUSDM,"IMF Global price of Sugar, No. 11, World (via FRED)",https://fred.stlouisfed.org/series/PSUGAISAUSDM,False,Real global spot price -- direct match for this ingredient.
2010-04-01,Sugar,16.88571428571429,PSUGAISAUSDM,"IMF Global price of Sugar, No. 11, World (via FRED)",https://fred.stlouisfed.org/series/PSUGAISAUSDM,False,Real global spot price -- direct match for this ingredient.
2010-05-01,Sugar,15.105,PSUGAISAUSDM,"IMF Global price of Sugar, No. 11, World (via FRED)",https://fred.stlouisfed.org/series/PSUGAISAUSDM,False,Real global spot price -- direct match for this ingredient.
2010-06-01,Sugar,16.3,PSUGAISAUSDM,"IMF Global price of Sugar, No. 11, World (via FRED)",https://fred.stlouisfed.org/series/PSUGAISAUSDM,False,Real global spot price -- direct match for this ingredient.
2010-07-01,Sugar,17.69,PSUGAISAUSDM,"IMF Global price of Sugar, No. 11, World (via FRED)",https://fred.stlouisfed.org/series/PSUGAISAUSDM,False,Real global spot price -- direct match for this ingredient.
2010-08-01,Sugar,18.60363636363636,PSUGAISAUSDM,"IMF Global price of Sugar, No. 11, World (via FRED)",https://fred.stlouisfed.org/series/PSUGAISAUSDM,False,Real global spot price -- direct match for this ingredient.
2010-09-01,Sugar,22.66952380952381,PSUGAISAUSDM,"IMF Global price of Sugar, No. 11, World (via FRED)",https://fred.stlouisfed.org/series/PSUGAISAUSDM,False,Real global spot price -- direct match for this ingredient.
2010-10-01,Sugar,26.94380952380952,PSUGAISAUSDM,"IMF Global price of Sugar, No. 11, World (via FRED)",https://fred.stlouisfed.org/series/PSUGAISAUSDM,False,Real global spot price -- direct match for this ingredient.
2010-11-01,Sugar,26.42047619047619,PSUGAISAUSDM,"IMF Global price of Sugar, No. 11, World (via FRED)",https://fred.stlouisfed.org/series/PSUGAISAUSDM,False,Real global spot price -- direct match for this ingredient.
2010-12-01,Sugar,28.04090909090909,PSUGAISAUSDM,"IMF Global price of Sugar, No. 11, World (via FRED)",https://fred.stlouisfed.org/series/PSUGAISAUSDM,False,Real global spot price -- direct match for this ingredient.
2011-01-01,Sugar,29.73684210526316,PSUGAISAUSDM,"IMF Global price of Sugar, No. 11, World (via FRED)",https://fred.stlouisfed.org/series/PSUGAISAUSDM,False,Real global spot price -- direct match for this ingredient.
2011-02-01,Sugar,29.30631578947368,PSUGAISAUSDM,"IMF Global price of Sugar, No. 11, World (via FRED)",https://fred.stlouisfed.org/series/PSUGAISAUSDM,False,Real global spot price -- direct match for this ingredient.
2011-03-01,Sugar,25.9,PSUGAISAUSDM,"IMF Global price of Sugar, No. 11, World (via FRED)",https://fred.stlouisfed.org/series/PSUGAISAUSDM,False,Real global spot price -- direct match for this ingredient.
2011-04-01,Sugar,23.903,PSUGAISAUSDM,"IMF Global price of Sugar, No. 11, World (via FRED)",https://fred.stlouisfed.org/series/PSUGAISAUSDM,False,Real global spot price -- direct match for this ingredient.
2011-05-01,Sugar,21.84095238095238,PSUGAISAUSDM,"IMF Global price of Sugar, No. 11, World (via FRED)",https://fred.stlouisfed.org/series/PSUGAISAUSDM,False,Real global spot price -- direct match for this ingredient.
2011-06-01,Sugar,24.92454545454545,PSUGAISAUSDM,"IMF Global price of Sugar, No. 11, World (via FRED)",https://fred.stlouisfed.org/series/PSUGAISAUSDM,False,Real global spot price -- direct match for this ingredient.
2011-07-01,Sugar,29.471,PSUGAISAUSDM,"IMF Global price of Sugar, No. 11, World (via FRED)",https://fred.stlouisfed.org/series/PSUGAISAUSDM,False,Real global spot price -- direct match for this ingredient.
2011-08-01,Sugar,28.87434782608696,PSUGAISAUSDM,"IMF Global price of Sugar, No. 11, World (via FRED)",https://fred.stlouisfed.org/series/PSUGAISAUSDM,False,Real global spot price -- direct match for this ingredient.
2011-09-01,Sugar,26.63857142857143,PSUGAISAUSDM,"IMF Global price of Sugar, No. 11, World (via FRED)",https://fred.stlouisfed.org/series/PSUGAISAUSDM,False,Real global spot price -- direct match for this ingredient.
2011-10-01,Sugar,26.29857142857143,PSUGAISAUSDM,"IMF Global price of Sugar, No. 11, World (via FRED)",https://fred.stlouisfed.org/series/PSUGAISAUSDM,False,Real global spot price -- direct match for this ingredient.
2011-11-01,Sugar,24.51761904761905,PSUGAISAUSDM,"IMF Global price of Sugar, No. 11, World (via FRED)",https://fred.stlouisfed.org/series/PSUGAISAUSDM,False,Real global spot price -- direct match for this ingredient.
2011-12-01,Sugar,23.4152380952381,PSUGAISAUSDM,"IMF Global price of Sugar, No. 11, World (via FRED)",https://fred.stlouisfed.org/series/PSUGAISAUSDM,False,Real global spot price -- direct match for this ingredient.
2012-01-01,Sugar,24.0205,PSUGAISAUSDM,"IMF Global price of Sugar, No. 11, World (via FRED)",https://fred.stlouisfed.org/series/PSUGAISAUSDM,False,Real global spot price -- direct match for this ingredient.
2012-02-01,Sugar,23.416,PSUGAISAUSDM,"IMF Global price of Sugar, No. 11, World (via FRED)",https://fred.stlouisfed.org/series/PSUGAISAUSDM,False,Real global spot price -- direct match for this ingredient.
2012-03-01,Sugar,23.78818181818182,PSUGAISAUSDM,"IMF Global price of Sugar, No. 11, World (via FRED)",https://fred.stlouisfed.org/series/PSUGAISAUSDM,False,Real global spot price -- direct match for this ingredient.
2012-04-01,Sugar,22.477,PSUGAISAUSDM,"IMF Global price of Sugar, No. 11, World (via FRED)",https://fred.stlouisfed.org/series/PSUGAISAUSDM,False,Real global spot price -- direct match for this ingredient.
2012-05-01,Sugar,20.26545454545455,PSUGAISAUSDM,"IMF Global price of Sugar, No. 11, World (via FRED)",https://fred.stlouisfed.org/series/PSUGAISAUSDM,False,Real global spot price -- direct match for this ingredient.
2012-06-01,Sugar,20.09809523809524,PSUGAISAUSDM,"IMF Global price of Sugar, No. 11, World (via FRED)",https://fred.stlouisfed.org/series/PSUGAISAUSDM,False,Real global spot price -- direct match for this ingredient.
2012-07-01,Sugar,22.75714285714286,PSUGAISAUSDM,"IMF Global price of Sugar, No. 11, World (via FRED)",https://fred.stlouisfed.org/series/PSUGAISAUSDM,False,Real global spot price -- direct match for this ingredient.
2012-08-01,Sugar,20.56130434782609,PSUGAISAUSDM,"IMF Global price of Sugar, No. 11, World (via FRED)",https://fred.stlouisfed.org/series/PSUGAISAUSDM,False,Real global spot price -- direct match for this ingredient.
2012-09-01,Sugar,20.20631578947368,PSUGAISAUSDM,"IMF Global price of Sugar, No. 11, World (via FRED)",https://fred.stlouisfed.org/series/PSUGAISAUSDM,False,Real global spot price -- direct match for this ingredient.
2012-10-01,Sugar,20.38869565217391,PSUGAISAUSDM,"IMF Global price of Sugar, No. 11, World (via FRED)",https://fred.stlouisfed.org/series/PSUGAISAUSDM,False,Real global spot price -- direct match for this ingredient.
2012-11-01,Sugar,19.31333333333333,PSUGAISAUSDM,"IMF Global price of Sugar, No. 11, World (via FRED)",https://fred.stlouisfed.org/series/PSUGAISAUSDM,False,Real global spot price -- direct match for this ingredient.
2012-12-01,Sugar,19.202,PSUGAISAUSDM,"IMF Global price of Sugar, No. 11, World (via FRED)",https://fred.stlouisfed.org/series/PSUGAISAUSDM,False,Real global spot price -- direct match for this ingredient.
2013-01-01,Sugar,18.84571428571429,PSUGAISAUSDM,"IMF Global price of Sugar, No. 11, World (via FRED)",https://fred.stlouisfed.org/series/PSUGAISAUSDM,False,Real global spot price -- direct match for this ingredient.
2013-02-01,Sugar,18.20789473684211,PSUGAISAUSDM,"IMF Global price of Sugar, No. 11, World (via FRED)",https://fred.stlouisfed.org/series/PSUGAISAUSDM,False,Real global spot price -- direct match for this ingredient.
2013-03-01,Sugar,18.339,PSUGAISAUSDM,"IMF Global price of Sugar, No. 11, World (via FRED)",https://fred.stlouisfed.org/series/PSUGAISAUSDM,False,Real global spot price -- direct match for this ingredient.
2013-04-01,Sugar,17.66227272727273,PSUGAISAUSDM,"IMF Global price of Sugar, No. 11, World (via FRED)",https://fred.stlouisfed.org/series/PSUGAISAUSDM,False,Real global spot price -- direct match for this ingredient.
2013-05-01,Sugar,17.42636363636364,PSUGAISAUSDM,"IMF Global price of Sugar, No. 11, World (via FRED)",https://fred.stlouisfed.org/series/PSUGAISAUSDM,False,Real global spot price -- direct match for this ingredient.
2013-06-01,Sugar,16.956,PSUGAISAUSDM,"IMF Global price of Sugar, No. 11, World (via FRED)",https://fred.stlouisfed.org/series/PSUGAISAUSDM,False,Real global spot price -- direct match for this ingredient.
2013-07-01,Sugar,17.09636363636364,PSUGAISAUSDM,"IMF Global price of Sugar, No. 11, World (via FRED)",https://fred.stlouisfed.org/series/PSUGAISAUSDM,False,Real global spot price -- direct match for this ingredient.
2013-08-01,Sugar,17.24409090909091,PSUGAISAUSDM,"IMF Global price of Sugar, No. 11, World (via FRED)",https://fred.stlouisfed.org/series/PSUGAISAUSDM,False,Real global spot price -- direct match for this ingredient.
2013-09-01,Sugar,17.619,PSUGAISAUSDM,"IMF Global price of Sugar, No. 11, World (via FRED)",https://fred.stlouisfed.org/series/PSUGAISAUSDM,False,Real global spot price -- direct match for this ingredient.
2013-10-01,Sugar,18.81260869565217,PSUGAISAUSDM,"IMF Global price of Sugar, No. 11, World (via FRED)",https://fred.stlouisfed.org/series/PSUGAISAUSDM,False,Real global spot price -- direct match for this ingredient.
2013-11-01,Sugar,17.7485,PSUGAISAUSDM,"IMF Global price of Sugar, No. 11, World (via FRED)",https://fred.stlouisfed.org/series/PSUGAISAUSDM,False,Real global spot price -- direct match for this ingredient.
2013-12-01,Sugar,16.5447619047619,PSUGAISAUSDM,"IMF Global price of Sugar, No. 11, World (via FRED)",https://fred.stlouisfed.org/series/PSUGAISAUSDM,False,Real global spot price -- direct match for this ingredient.
2014-01-01,Sugar,15.70761904761905,PSUGAISAUSDM,"IMF Global price of Sugar, No. 11, World (via FRED)",https://fred.stlouisfed.org/series/PSUGAISAUSDM,False,Real global spot price -- direct match for this ingredient.
2014-02-01,Sugar,16.88526315789474,PSUGAISAUSDM,"IMF Global price of Sugar, No. 11, World (via FRED)",https://fred.stlouisfed.org/series/PSUGAISAUSDM,False,Real global spot price -- direct match for this ingredient.
2014-03-01,Sugar,17.88809523809524,PSUGAISAUSDM,"IMF Global price of Sugar, No. 11, World (via FRED)",https://fred.stlouisfed.org/series/PSUGAISAUSDM,False,Real global spot price -- direct match for this ingredient.
2014-04-01,Sugar,18.2147619047619,PSUGAISAUSDM,"IMF Global price of Sugar, No. 11, World (via FRED)",https://fred.stlouisfed.org/series/PSUGAISAUSDM,False,Real global spot price -- direct match for this ingredient.
2014-05-01,Sugar,18.24047619047619,PSUGAISAUSDM,"IMF Global price of Sugar, No. 11, World (via FRED)",https://fred.stlouisfed.org/series/PSUGAISAUSDM,False,Real global spot price -- direct match for this ingredient.
2014-06-01,Sugar,18.24190476190476,PSUGAISAUSDM,"IMF Global price of Sugar, No. 11, World (via FRED)",https://fred.stlouisfed.org/series/PSUGAISAUSDM,False,Real global spot price -- direct match for this ingredient.
2014-07-01,Sugar,18.73045454545455,PSUGAISAUSDM,"IMF Global price of Sugar, No. 11, World (via FRED)",https://fred.stlouisfed.org/series/PSUGAISAUSDM,False,Real global spot price -- direct match for this ingredient.
2014-08-01,Sugar,17.7247619047619,PSUGAISAUSDM,"IMF Global price of Sugar, No. 11, World (via FRED)",https://fred.stlouisfed.org/series/PSUGAISAUSDM,False,Real global spot price -- direct match for this ingredient.
2014-09-01,Sugar,16.54428571428571,PSUGAISAUSDM,"IMF Global price of Sugar, No. 11, World (via FRED)",https://fred.stlouisfed.org/series/PSUGAISAUSDM,False,Real global spot price -- direct match for this ingredient.
2014-10-01,Sugar,16.47565217391304,PSUGAISAUSDM,"IMF Global price of Sugar, No. 11, World (via FRED)",https://fred.stlouisfed.org/series/PSUGAISAUSDM,False,Real global spot price -- direct match for this ingredient.
2014-11-01,Sugar,15.87894736842105,PSUGAISAUSDM,"IMF Global price of Sugar, No. 11, World (via FRED)",https://fred.stlouisfed.org/series/PSUGAISAUSDM,False,Real global spot price -- direct match for this ingredient.
2014-12-01,Sugar,14.99227272727273,PSUGAISAUSDM,"IMF Global price of Sugar, No. 11, World (via FRED)",https://fred.stlouisfed.org/series/PSUGAISAUSDM,False,Real global spot price -- direct match for this ingredient.
2015-01-01,Sugar,15.0625,PSUGAISAUSDM,"IMF Global price of Sugar, No. 11, World (via FRED)",https://fred.stlouisfed.org/series/PSUGAISAUSDM,False,Real global spot price -- direct match for this ingredient.
2015-02-01,Sugar,14.51210526315789,PSUGAISAUSDM,"IMF Global price of Sugar, No. 11, World (via FRED)",https://fred.stlouisfed.org/series/PSUGAISAUSDM,False,Real global spot price -- direct match for this ingredient.
2015-03-01,Sugar,12.84090909090909,PSUGAISAUSDM,"IMF Global price of Sugar, No. 11, World (via FRED)",https://fred.stlouisfed.org/series/PSUGAISAUSDM,False,Real global spot price -- direct match for this ingredient.
2015-04-01,Sugar,12.91095238095238,PSUGAISAUSDM,"IMF Global price of Sugar, No. 11, World (via FRED)",https://fred.stlouisfed.org/series/PSUGAISAUSDM,False,Real global spot price -- direct match for this ingredient.
2015-05-01,Sugar,12.7035,PSUGAISAUSDM,"IMF Global price of Sugar, No. 11, World (via FRED)",https://fred.stlouisfed.org/series/PSUGAISAUSDM,False,Real global spot price -- direct match for this ingredient.
2015-06-01,Sugar,12.11363636363636,PSUGAISAUSDM,"IMF Global price of Sugar, No. 11, World (via FRED)",https://fred.stlouisfed.org/series/PSUGAISAUSDM,False,Real global spot price -- direct match for this ingredient.
2015-07-01,Sugar,11.87863636363636,PSUGAISAUSDM,"IMF Global price of Sugar, No. 11, World (via FRED)",https://fred.stlouisfed.org/series/PSUGAISAUSDM,False,Real global spot price -- direct match for this ingredient.
2015-08-01,Sugar,10.6747619047619,PSUGAISAUSDM,"IMF Global price of Sugar, No. 11, World (via FRED)",https://fred.stlouisfed.org/series/PSUGAISAUSDM,False,Real global spot price -- direct match for this ingredient.
2015-09-01,Sugar,12.13714285714286,PSUGAISAUSDM,"IMF Global price of Sugar, No. 11, World (via FRED)",https://fred.stlouisfed.org/series/PSUGAISAUSDM,False,Real global spot price -- direct match for this ingredient.
2015-10-01,Sugar,14.14181818181818,PSUGAISAUSDM,"IMF Global price of Sugar, No. 11, World (via FRED)",https://fred.stlouisfed.org/series/PSUGAISAUSDM,False,Real global spot price -- direct match for this ingredient.
2015-11-01,Sugar,14.843,PSUGAISAUSDM,"IMF Global price of Sugar, No. 11, World (via FRED)",https://fred.stlouisfed.org/series/PSUGAISAUSDM,False,Real global spot price -- direct match for this ingredient.
2015-12-01,Sugar,14.76272727272727,PSUGAISAUSDM,"IMF Global price of Sugar, No. 11, World (via FRED)",https://fred.stlouisfed.org/series/PSUGAISAUSDM,False,Real global spot price -- direct match for this ingredient.
2016-01-01,Sugar,14.29105263157895,PSUGAISAUSDM,"IMF Global price of Sugar, No. 11, World (via FRED)",https://fred.stlouisfed.org/series/PSUGAISAUSDM,False,Real global spot price -- direct match for this ingredient.
2016-02-01,Sugar,13.314,PSUGAISAUSDM,"IMF Global price of Sugar, No. 11, World (via FRED)",https://fred.stlouisfed.org/series/PSUGAISAUSDM,False,Real global spot price -- direct match for this ingredient.
2016-03-01,Sugar,15.43045454545455,PSUGAISAUSDM,"IMF Global price of Sugar, No. 11, World (via FRED)",https://fred.stlouisfed.org/series/PSUGAISAUSDM,False,Real global spot price -- direct match for this ingredient.
2016-04-01,Sugar,14.99809523809524,PSUGAISAUSDM,"IMF Global price of Sugar, No. 11, World (via FRED)",https://fred.stlouisfed.org/series/PSUGAISAUSDM,False,Real global spot price -- direct match for this ingredient.
2016-05-01,Sugar,16.68428571428571,PSUGAISAUSDM,"IMF Global price of Sugar, No. 11, World (via FRED)",https://fred.stlouisfed.org/series/PSUGAISAUSDM,False,Real global spot price -- direct match for this ingredient.
2016-06-01,Sugar,19.33727272727273,PSUGAISAUSDM,"IMF Global price of Sugar, No. 11, World (via FRED)",https://fred.stlouisfed.org/series/PSUGAISAUSDM,False,Real global spot price -- direct match for this ingredient.
2016-07-01,Sugar,19.687,PSUGAISAUSDM,"IMF Global price of Sugar, No. 11, World (via FRED)",https://fred.stlouisfed.org/series/PSUGAISAUSDM,False,Real global spot price -- direct match for this ingredient.
2016-08-01,Sugar,20.01434782608696,PSUGAISAUSDM,"IMF Global price of Sugar, No. 11, World (via FRED)",https://fred.stlouisfed.org/series/PSUGAISAUSDM,False,Real global spot price -- direct match for this ingredient.
2016-09-01,Sugar,21.35238095238095,PSUGAISAUSDM,"IMF Global price of Sugar, No. 11, World (via FRED)",https://fred.stlouisfed.org/series/PSUGAISAUSDM,False,Real global spot price -- direct match for this ingredient.
2016-10-01,Sugar,22.91666666666667,PSUGAISAUSDM,"IMF Global price of Sugar, No. 11, World (via FRED)",https://fred.stlouisfed.org/series/PSUGAISAUSDM,False,Real global spot price -- direct match for this ingredient.
2016-11-01,Sugar,20.86857142857143,PSUGAISAUSDM,"IMF Global price of Sugar, No. 11, World (via FRED)",https://fred.stlouisfed.org/series/PSUGAISAUSDM,False,Real global spot price -- direct match for this ingredient.
2016-12-01,Sugar,18.83,PSUGAISAUSDM,"IMF Global price of Sugar, No. 11, World (via FRED)",https://fred.stlouisfed.org/series/PSUGAISAUSDM,False,Real global spot price -- direct match for this ingredient.
2017-01-01,Sugar,20.5375,PSUGAISAUSDM,"IMF Global price of Sugar, No. 11, World (via FRED)",https://fred.stlouisfed.org/series/PSUGAISAUSDM,False,Real global spot price -- direct match for this ingredient.
2017-02-01,Sugar,20.40578947368421,PSUGAISAUSDM,"IMF Global price of Sugar, No. 11, World (via FRED)",https://fred.stlouisfed.org/series/PSUGAISAUSDM,False,Real global spot price -- direct match for this ingredient.
2017-03-01,Sugar,18.0595652173913,PSUGAISAUSDM,"IMF Global price of Sugar, No. 11, World (via FRED)",https://fred.stlouisfed.org/series/PSUGAISAUSDM,False,Real global spot price -- direct match for this ingredient.
2017-04-01,Sugar,16.31684210526316,PSUGAISAUSDM,"IMF Global price of Sugar, No. 11, World (via FRED)",https://fred.stlouisfed.org/series/PSUGAISAUSDM,False,Real global spot price -- direct match for this ingredient.
2017-05-01,Sugar,15.68909090909091,PSUGAISAUSDM,"IMF Global price of Sugar, No. 11, World (via FRED)",https://fred.stlouisfed.org/series/PSUGAISAUSDM,False,Real global spot price -- direct match for this ingredient.
2017-06-01,Sugar,13.53,PSUGAISAUSDM,"IMF Global price of Sugar, No. 11, World (via FRED)",https://fred.stlouisfed.org/series/PSUGAISAUSDM,False,Real global spot price -- direct match for this ingredient.
2017-07-01,Sugar,14.119,PSUGAISAUSDM,"IMF Global price of Sugar, No. 11, World (via FRED)",https://fred.stlouisfed.org/series/PSUGAISAUSDM,False,Real global spot price -- direct match for this ingredient.
2017-08-01,Sugar,13.79608695652174,PSUGAISAUSDM,"IMF Global price of Sugar, No. 11, World (via FRED)",https://fred.stlouisfed.org/series/PSUGAISAUSDM,False,Real global spot price -- direct match for this ingredient.
2017-09-01,Sugar,13.931,PSUGAISAUSDM,"IMF Global price of Sugar, No. 11, World (via FRED)",https://fred.stlouisfed.org/series/PSUGAISAUSDM,False,Real global spot price -- direct match for this ingredient.
2017-10-01,Sugar,14.23181818181818,PSUGAISAUSDM,"IMF Global price of Sugar, No. 11, World (via FRED)",https://fred.stlouisfed.org/series/PSUGAISAUSDM,False,Real global spot price -- direct match for this ingredient.
2017-11-01,Sugar,14.96666666666667,PSUGAISAUSDM,"IMF Global price of Sugar, No. 11, World (via FRED)",https://fred.stlouisfed.org/series/PSUGAISAUSDM,False,Real global spot price -- direct match for this ingredient.
2017-12-01,Sugar,14.4325,PSUGAISAUSDM,"IMF Global price of Sugar, No. 11, World (via FRED)",https://fred.stlouisfed.org/series/PSUGAISAUSDM,False,Real global spot price -- direct match for this ingredient.
2018-01-01,Sugar,13.97952380952381,PSUGAISAUSDM,"IMF Global price of Sugar, No. 11, World (via FRED)",https://fred.stlouisfed.org/series/PSUGAISAUSDM,False,Real global spot price -- direct match for this ingredient.
2018-02-01,Sugar,13.57263157894737,PSUGAISAUSDM,"IMF Global price of Sugar, No. 11, World (via FRED)",https://fred.stlouisfed.org/series/PSUGAISAUSDM,False,Real global spot price -- direct match for this ingredient.
2018-03-01,Sugar,12.82571428571429,PSUGAISAUSDM,"IMF Global price of Sugar, No. 11, World (via FRED)",https://fred.stlouisfed.org/series/PSUGAISAUSDM,False,Real global spot price -- direct match for this ingredient.
2018-04-01,Sugar,11.82428571428571,PSUGAISAUSDM,"IMF Global price of Sugar, No. 11, World (via FRED)",https://fred.stlouisfed.org/series/PSUGAISAUSDM,False,Real global spot price -- direct match for this ingredient.
2018-05-01,Sugar,11.82727272727273,PSUGAISAUSDM,"IMF Global price of Sugar, No. 11, World (via FRED)",https://fred.stlouisfed.org/series/PSUGAISAUSDM,False,Real global spot price -- direct match for this ingredient.
2018-06-01,Sugar,12.06190476190476,PSUGAISAUSDM,"IMF Global price of Sugar, No. 11, World (via FRED)",https://fred.stlouisfed.org/series/PSUGAISAUSDM,False,Real global spot price -- direct match for this ingredient.
2018-07-01,Sugar,11.1552380952381,PSUGAISAUSDM,"IMF Global price of Sugar, No. 11, World (via FRED)",https://fred.stlouisfed.org/series/PSUGAISAUSDM,False,Real global spot price -- direct match for this ingredient.
2018-08-01,Sugar,10.45521739130435,PSUGAISAUSDM,"IMF Global price of Sugar, No. 11, World (via FRED)",https://fred.stlouisfed.org/series/PSUGAISAUSDM,False,Real global spot price -- direct match for this ingredient.
2018-09-01,Sugar,10.78368421052632,PSUGAISAUSDM,"IMF Global price of Sugar, No. 11, World (via FRED)",https://fred.stlouisfed.org/series/PSUGAISAUSDM,False,Real global spot price -- direct match for this ingredient.
2018-10-01,Sugar,13.18478260869565,PSUGAISAUSDM,"IMF Global price of Sugar, No. 11, World (via FRED)",https://fred.stlouisfed.org/series/PSUGAISAUSDM,False,Real global spot price -- direct match for this ingredient.
2018-11-01,Sugar,12.79238095238095,PSUGAISAUSDM,"IMF Global price of Sugar, No. 11, World (via FRED)",https://fred.stlouisfed.org/series/PSUGAISAUSDM,False,Real global spot price -- direct match for this ingredient.
2018-12-01,Sugar,12.5535,PSUGAISAUSDM,"IMF Global price of Sugar, No. 11, World (via FRED)",https://fred.stlouisfed.org/series/PSUGAISAUSDM,False,Real global spot price -- direct match for this ingredient.
2019-01-01,Sugar,12.68095238095238,PSUGAISAUSDM,"IMF Global price of Sugar, No. 11, World (via FRED)",https://fred.stlouisfed.org/series/PSUGAISAUSDM,False,Real global spot price -- direct match for this ingredient.
2019-02-01,Sugar,12.92894736842105,PSUGAISAUSDM,"IMF Global price of Sugar, No. 11, World (via FRED)",https://fred.stlouisfed.org/series/PSUGAISAUSDM,False,Real global spot price -- direct match for this ingredient.
2019-03-01,Sugar,12.47380952380952,PSUGAISAUSDM,"IMF Global price of Sugar, No. 11, World (via FRED)",https://fred.stlouisfed.org/series/PSUGAISAUSDM,False,Real global spot price -- direct match for this ingredient.
2019-04-01,Sugar,12.53571428571429,PSUGAISAUSDM,"IMF Global price of Sugar, No. 11, World (via FRED)",https://fred.stlouisfed.org/series/PSUGAISAUSDM,False,Real global spot price -- direct match for this ingredient.
2019-05-01,Sugar,11.825,PSUGAISAUSDM,"IMF Global price of Sugar, No. 11, World (via FRED)",https://fred.stlouisfed.org/series/PSUGAISAUSDM,False,Real global spot price -- direct match for this ingredient.
2019-06-01,Sugar,12.4395,PSUGAISAUSDM,"IMF Global price of Sugar, No. 11, World (via FRED)",https://fred.stlouisfed.org/series/PSUGAISAUSDM,False,Real global spot price -- direct match for this ingredient.
2019-07-01,Sugar,12.12863636363636,PSUGAISAUSDM,"IMF Global price of Sugar, No. 11, World (via FRED)",https://fred.stlouisfed.org/series/PSUGAISAUSDM,False,Real global spot price -- direct match for this ingredient.
2019-08-01,Sugar,11.55545454545455,PSUGAISAUSDM,"IMF Global price of Sugar, No. 11, World (via FRED)",https://fred.stlouisfed.org/series/PSUGAISAUSDM,False,Real global spot price -- direct match for this ingredient.
2019-09-01,Sugar,11.158,PSUGAISAUSDM,"IMF Global price of Sugar, No. 11, World (via FRED)",https://fred.stlouisfed.org/series/PSUGAISAUSDM,False,Real global spot price -- direct match for this ingredient.
2019-10-01,Sugar,12.45739130434783,PSUGAISAUSDM,"IMF Global price of Sugar, No. 11, World (via FRED)",https://fred.stlouisfed.org/series/PSUGAISAUSDM,False,Real global spot price -- direct match for this ingredient.
2019-11-01,Sugar,12.687,PSUGAISAUSDM,"IMF Global price of Sugar, No. 11, World (via FRED)",https://fred.stlouisfed.org/series/PSUGAISAUSDM,False,Real global spot price -- direct match for this ingredient.
2019-12-01,Sugar,13.3352380952381,PSUGAISAUSDM,"IMF Global price of Sugar, No. 11, World (via FRED)",https://fred.stlouisfed.org/series/PSUGAISAUSDM,False,Real global spot price -- direct match for this ingredient.
2020-01-01,Sugar,14.16666666666667,PSUGAISAUSDM,"IMF Global price of Sugar, No. 11, World (via FRED)",https://fred.stlouisfed.org/series/PSUGAISAUSDM,False,Real global spot price -- direct match for this ingredient.
2020-02-01,Sugar,15.07105263157895,PSUGAISAUSDM,"IMF Global price of Sugar, No. 11, World (via FRED)",https://fred.stlouisfed.org/series/PSUGAISAUSDM,False,Real global spot price -- direct match for this ingredient.
2020-03-01,Sugar,11.805,PSUGAISAUSDM,"IMF Global price of Sugar, No. 11, World (via FRED)",https://fred.stlouisfed.org/series/PSUGAISAUSDM,False,Real global spot price -- direct match for this ingredient.
2020-04-01,Sugar,10.05190476190476,PSUGAISAUSDM,"IMF Global price of Sugar, No. 11, World (via FRED)",https://fred.stlouisfed.org/series/PSUGAISAUSDM,False,Real global spot price -- direct match for this ingredient.
2020-05-01,Sugar,10.641,PSUGAISAUSDM,"IMF Global price of Sugar, No. 11, World (via FRED)",https://fred.stlouisfed.org/series/PSUGAISAUSDM,False,Real global spot price -- direct match for this ingredient.
2020-06-01,Sugar,11.82818181818182,PSUGAISAUSDM,"IMF Global price of Sugar, No. 11, World (via FRED)",https://fred.stlouisfed.org/series/PSUGAISAUSDM,False,Real global spot price -- direct match for this ingredient.
2020-07-01,Sugar,11.90181818181818,PSUGAISAUSDM,"IMF Global price of Sugar, No. 11, World (via FRED)",https://fred.stlouisfed.org/series/PSUGAISAUSDM,False,Real global spot price -- direct match for this ingredient.
2020-08-01,Sugar,12.81428571428571,PSUGAISAUSDM,"IMF Global price of Sugar, No. 11, World (via FRED)",https://fred.stlouisfed.org/series/PSUGAISAUSDM,False,Real global spot price -- direct match for this ingredient.
2020-09-01,Sugar,12.44142857142857,PSUGAISAUSDM,"IMF Global price of Sugar, No. 11, World (via FRED)",https://fred.stlouisfed.org/series/PSUGAISAUSDM,False,Real global spot price -- direct match for this ingredient.
2020-10-01,Sugar,14.28772727272727,PSUGAISAUSDM,"IMF Global price of Sugar, No. 11, World (via FRED)",https://fred.stlouisfed.org/series/PSUGAISAUSDM,False,Real global spot price -- direct match for this ingredient.
2020-11-01,Sugar,14.9335,PSUGAISAUSDM,"IMF Global price of Sugar, No. 11, World (via FRED)",https://fred.stlouisfed.org/series/PSUGAISAUSDM,False,Real global spot price -- direct match for this ingredient.
2020-12-01,Sugar,14.66772727272727,PSUGAISAUSDM,"IMF Global price of Sugar, No. 11, World (via FRED)",https://fred.stlouisfed.org/series/PSUGAISAUSDM,False,Real global spot price -- direct match for this ingredient.
2021-01-01,Sugar,15.91631578947368,PSUGAISAUSDM,"IMF Global price of Sugar, No. 11, World (via FRED)",https://fred.stlouisfed.org/series/PSUGAISAUSDM,False,Real global spot price -- direct match for this ingredient.
2021-02-01,Sugar,17.00052631578947,PSUGAISAUSDM,"IMF Global price of Sugar, No. 11, World (via FRED)",https://fred.stlouisfed.org/series/PSUGAISAUSDM,False,Real global spot price -- direct match for this ingredient.
2021-03-01,Sugar,15.80565217391304,PSUGAISAUSDM,"IMF Global price of Sugar, No. 11, World (via FRED)",https://fred.stlouisfed.org/series/PSUGAISAUSDM,False,Real global spot price -- direct match for this ingredient.
2021-04-01,Sugar,16.23761904761905,PSUGAISAUSDM,"IMF Global price of Sugar, No. 11, World (via FRED)",https://fred.stlouisfed.org/series/PSUGAISAUSDM,False,Real global spot price -- direct match for this ingredient.
2021-05-01,Sugar,17.20333333333333,PSUGAISAUSDM,"IMF Global price of Sugar, No. 11, World (via FRED)",https://fred.stlouisfed.org/series/PSUGAISAUSDM,False,Real global spot price -- direct match for this ingredient.
2021-06-01,Sugar,17.21409090909091,PSUGAISAUSDM,"IMF Global price of Sugar, No. 11, World (via FRED)",https://fred.stlouisfed.org/series/PSUGAISAUSDM,False,Real global spot price -- direct match for this ingredient.
2021-07-01,Sugar,17.7147619047619,PSUGAISAUSDM,"IMF Global price of Sugar, No. 11, World (via FRED)",https://fred.stlouisfed.org/series/PSUGAISAUSDM,False,Real global spot price -- direct match for this ingredient.
2021-08-01,Sugar,19.38363636363636,PSUGAISAUSDM,"IMF Global price of Sugar, No. 11, World (via FRED)",https://fred.stlouisfed.org/series/PSUGAISAUSDM,False,Real global spot price -- direct match for this ingredient.
2021-09-01,Sugar,19.26428571428571,PSUGAISAUSDM,"IMF Global price of Sugar, No. 11, World (via FRED)",https://fred.stlouisfed.org/series/PSUGAISAUSDM,False,Real global spot price -- direct match for this ingredient.
2021-10-01,Sugar,19.61904761904762,PSUGAISAUSDM,"IMF Global price of Sugar, No. 11, World (via FRED)",https://fred.stlouisfed.org/series/PSUGAISAUSDM,False,Real global spot price -- direct match for this ingredient.
2021-11-01,Sugar,19.74619047619048,PSUGAISAUSDM,"IMF Global price of Sugar, No. 11, World (via FRED)",https://fred.stlouisfed.org/series/PSUGAISAUSDM,False,Real global spot price -- direct match for this ingredient.
2021-12-01,Sugar,19.16727272727273,PSUGAISAUSDM,"IMF Global price of Sugar, No. 11, World (via FRED)",https://fred.stlouisfed.org/series/PSUGAISAUSDM,False,Real global spot price -- direct match for this ingredient.
2022-01-01,Sugar,18.461,PSUGAISAUSDM,"IMF Global price of Sugar, No. 11, World (via FRED)",https://fred.stlouisfed.org/series/PSUGAISAUSDM,False,Real global spot price -- direct match for this ingredient.
2022-02-01,Sugar,18.20315789473684,PSUGAISAUSDM,"IMF Global price of Sugar, No. 11, World (via FRED)",https://fred.stlouisfed.org/series/PSUGAISAUSDM,False,Real global spot price -- direct match for this ingredient.
2022-03-01,Sugar,19.10782608695652,PSUGAISAUSDM,"IMF Global price of Sugar, No. 11, World (via FRED)",https://fred.stlouisfed.org/series/PSUGAISAUSDM,False,Real global spot price -- direct match for this ingredient.
2022-04-01,Sugar,19.69904761904762,PSUGAISAUSDM,"IMF Global price of Sugar, No. 11, World (via FRED)",https://fred.stlouisfed.org/series/PSUGAISAUSDM,False,Real global spot price -- direct match for this ingredient.
2022-05-01,Sugar,19.28090909090909,PSUGAISAUSDM,"IMF Global price of Sugar, No. 11, World (via FRED)",https://fred.stlouisfed.org/series/PSUGAISAUSDM,False,Real global spot price -- direct match for this ingredient.
2022-06-01,Sugar,18.79409090909091,PSUGAISAUSDM,"IMF Global price of Sugar, No. 11, World (via FRED)",https://fred.stlouisfed.org/series/PSUGAISAUSDM,False,Real global spot price -- direct match for this ingredient.
2022-07-01,Sugar,18.34,PSUGAISAUSDM,"IMF Global price of Sugar, No. 11, World (via FRED)",https://fred.stlouisfed.org/series/PSUGAISAUSDM,False,Real global spot price -- direct match for this ingredient.
2022-08-01,Sugar,18.06260869565217,PSUGAISAUSDM,"IMF Global price of Sugar, No. 11, World (via FRED)",https://fred.stlouisfed.org/series/PSUGAISAUSDM,False,Real global spot price -- direct match for this ingredient.
2022-09-01,Sugar,18.18590909090909,PSUGAISAUSDM,"IMF Global price of Sugar, No. 11, World (via FRED)",https://fred.stlouisfed.org/series/PSUGAISAUSDM,False,Real global spot price -- direct match for this ingredient.
2022-10-01,Sugar,18.30095238095238,PSUGAISAUSDM,"IMF Global price of Sugar, No. 11, World (via FRED)",https://fred.stlouisfed.org/series/PSUGAISAUSDM,False,Real global spot price -- direct match for this ingredient.
2022-11-01,Sugar,19.40590909090909,PSUGAISAUSDM,"IMF Global price of Sugar, No. 11, World (via FRED)",https://fred.stlouisfed.org/series/PSUGAISAUSDM,False,Real global spot price -- direct match for this ingredient.
2022-12-01,Sugar,20.065,PSUGAISAUSDM,"IMF Global price of Sugar, No. 11, World (via FRED)",https://fred.stlouisfed.org/series/PSUGAISAUSDM,False,Real global spot price -- direct match for this ingredient.
2023-01-01,Sugar,19.94318181818182,PSUGAISAUSDM,"IMF Global price of Sugar, No. 11, World (via FRED)",https://fred.stlouisfed.org/series/PSUGAISAUSDM,False,Real global spot price -- direct match for this ingredient.
2023-02-01,Sugar,21.4035,PSUGAISAUSDM,"IMF Global price of Sugar, No. 11, World (via FRED)",https://fred.stlouisfed.org/series/PSUGAISAUSDM,False,Real global spot price -- direct match for this ingredient.
2023-03-01,Sugar,20.96173913043478,PSUGAISAUSDM,"IMF Global price of Sugar, No. 11, World (via FRED)",https://fred.stlouisfed.org/series/PSUGAISAUSDM,False,Real global spot price -- direct match for this ingredient.
2023-04-01,Sugar,24.582,PSUGAISAUSDM,"IMF Global price of Sugar, No. 11, World (via FRED)",https://fred.stlouisfed.org/series/PSUGAISAUSDM,False,Real global spot price -- direct match for this ingredient.
2023-05-01,Sugar,25.7295652173913,PSUGAISAUSDM,"IMF Global price of Sugar, No. 11, World (via FRED)",https://fred.stlouisfed.org/series/PSUGAISAUSDM,False,Real global spot price -- direct match for this ingredient.
2023-06-01,Sugar,24.76227272727273,PSUGAISAUSDM,"IMF Global price of Sugar, No. 11, World (via FRED)",https://fred.stlouisfed.org/series/PSUGAISAUSDM,False,Real global spot price -- direct match for this ingredient.
2023-07-01,Sugar,24.00809523809524,PSUGAISAUSDM,"IMF Global price of Sugar, No. 11, World (via FRED)",https://fred.stlouisfed.org/series/PSUGAISAUSDM,False,Real global spot price -- direct match for this ingredient.
2023-08-01,Sugar,24.19304347826087,PSUGAISAUSDM,"IMF Global price of Sugar, No. 11, World (via FRED)",https://fred.stlouisfed.org/series/PSUGAISAUSDM,False,Real global spot price -- direct match for this ingredient.
2023-09-01,Sugar,26.56380952380952,PSUGAISAUSDM,"IMF Global price of Sugar, No. 11, World (via FRED)",https://fred.stlouisfed.org/series/PSUGAISAUSDM,False,Real global spot price -- direct match for this ingredient.
2023-10-01,Sugar,26.90363636363636,PSUGAISAUSDM,"IMF Global price of Sugar, No. 11, World (via FRED)",https://fred.stlouisfed.org/series/PSUGAISAUSDM,False,Real global spot price -- direct match for this ingredient.
2023-11-01,Sugar,27.30954545454545,PSUGAISAUSDM,"IMF Global price of Sugar, No. 11, World (via FRED)",https://fred.stlouisfed.org/series/PSUGAISAUSDM,False,Real global spot price -- direct match for this ingredient.
2023-12-01,Sugar,22.14571428571429,PSUGAISAUSDM,"IMF Global price of Sugar, No. 11, World (via FRED)",https://fred.stlouisfed.org/series/PSUGAISAUSDM,False,Real global spot price -- direct match for this ingredient.
2024-01-01,Sugar,22.47478260869565,PSUGAISAUSDM,"IMF Global price of Sugar, No. 11, World (via FRED)",https://fred.stlouisfed.org/series/PSUGAISAUSDM,False,Real global spot price -- direct match for this ingredient.
2024-02-01,Sugar,23.34190476190476,PSUGAISAUSDM,"IMF Global price of Sugar, No. 11, World (via FRED)",https://fred.stlouisfed.org/series/PSUGAISAUSDM,False,Real global spot price -- direct match for this ingredient.
2024-03-01,Sugar,21.76904761904762,PSUGAISAUSDM,"IMF Global price of Sugar, No. 11, World (via FRED)",https://fred.stlouisfed.org/series/PSUGAISAUSDM,False,Real global spot price -- direct match for this ingredient.
2024-04-01,Sugar,20.64727272727273,PSUGAISAUSDM,"IMF Global price of Sugar, No. 11, World (via FRED)",https://fred.stlouisfed.org/series/PSUGAISAUSDM,False,Real global spot price -- direct match for this ingredient.
2024-05-01,Sugar,18.7995652173913,PSUGAISAUSDM,"IMF Global price of Sugar, No. 11, World (via FRED)",https://fred.stlouisfed.org/series/PSUGAISAUSDM,False,Real global spot price -- direct match for this ingredient.
2024-06-01,Sugar,19.1695,PSUGAISAUSDM,"IMF Global price of Sugar, No. 11, World (via FRED)",https://fred.stlouisfed.org/series/PSUGAISAUSDM,False,Real global spot price -- direct match for this ingredient.
2024-07-01,Sugar,19.35173913043478,PSUGAISAUSDM,"IMF Global price of Sugar, No. 11, World (via FRED)",https://fred.stlouisfed.org/series/PSUGAISAUSDM,False,Real global spot price -- direct match for this ingredient.
2024-08-01,Sugar,18.41954545454545,PSUGAISAUSDM,"IMF Global price of Sugar, No. 11, World (via FRED)",https://fred.stlouisfed.org/series/PSUGAISAUSDM,False,Real global spot price -- direct match for this ingredient.
2024-09-01,Sugar,20.6247619047619,PSUGAISAUSDM,"IMF Global price of Sugar, No. 11, World (via FRED)",https://fred.stlouisfed.org/series/PSUGAISAUSDM,False,Real global spot price -- direct match for this ingredient.
2024-10-01,Sugar,22.35521739130435,PSUGAISAUSDM,"IMF Global price of Sugar, No. 11, World (via FRED)",https://fred.stlouisfed.org/series/PSUGAISAUSDM,False,Real global spot price -- direct match for this ingredient.
2024-11-01,Sugar,21.6552380952381,PSUGAISAUSDM,"IMF Global price of Sugar, No. 11, World (via FRED)",https://fred.stlouisfed.org/series/PSUGAISAUSDM,False,Real global spot price -- direct match for this ingredient.
2024-12-01,Sugar,20.31181818181818,PSUGAISAUSDM,"IMF Global price of Sugar, No. 11, World (via FRED)",https://fred.stlouisfed.org/series/PSUGAISAUSDM,False,Real global spot price -- direct match for this ingredient.
2025-01-01,Sugar,18.93,PSUGAISAUSDM,"IMF Global price of Sugar, No. 11, World (via FRED)",https://fred.stlouisfed.org/series/PSUGAISAUSDM,False,Real global spot price -- direct match for this ingredient.
2025-02-01,Sugar,20.1855,PSUGAISAUSDM,"IMF Global price of Sugar, No. 11, World (via FRED)",https://fred.stlouisfed.org/series/PSUGAISAUSDM,False,Real global spot price -- direct match for this ingredient.
2025-03-01,Sugar,19.05619047619048,PSUGAISAUSDM,"IMF Global price of Sugar, No. 11, World (via FRED)",https://fred.stlouisfed.org/series/PSUGAISAUSDM,False,Real global spot price -- direct match for this ingredient.
2025-04-01,Sugar,18.17181818181818,PSUGAISAUSDM,"IMF Global price of Sugar, No. 11, World (via FRED)",https://fred.stlouisfed.org/series/PSUGAISAUSDM,False,Real global spot price -- direct match for this ingredient.
2025-05-01,Sugar,17.43136363636364,PSUGAISAUSDM,"IMF Global price of Sugar, No. 11, World (via FRED)",https://fred.stlouisfed.org/series/PSUGAISAUSDM,False,Real global spot price -- direct match for this ingredient.
2025-06-01,Sugar,16.22619047619048,PSUGAISAUSDM,"IMF Global price of Sugar, No. 11, World (via FRED)",https://fred.stlouisfed.org/series/PSUGAISAUSDM,False,Real global spot price -- direct match for this ingredient.
2025-07-01,Sugar,16.36478260869565,PSUGAISAUSDM,"IMF Global price of Sugar, No. 11, World (via FRED)",https://fred.stlouisfed.org/series/PSUGAISAUSDM,False,Real global spot price -- direct match for this ingredient.
2025-08-01,Sugar,16.38952380952381,PSUGAISAUSDM,"IMF Global price of Sugar, No. 11, World (via FRED)",https://fred.stlouisfed.org/series/PSUGAISAUSDM,False,Real global spot price -- direct match for this ingredient.
2025-09-01,Sugar,15.79,PSUGAISAUSDM,"IMF Global price of Sugar, No. 11, World (via FRED)",https://fred.stlouisfed.org/series/PSUGAISAUSDM,False,Real global spot price -- direct match for this ingredient.
2025-10-01,Sugar,15.55869565217391,PSUGAISAUSDM,"IMF Global price of Sugar, No. 11, World (via FRED)",https://fred.stlouisfed.org/series/PSUGAISAUSDM,False,Real global spot price -- direct match for this ingredient.
2025-11-01,Sugar,14.623,PSUGAISAUSDM,"IMF Global price of Sugar, No. 11, World (via FRED)",https://fred.stlouisfed.org/series/PSUGAISAUSDM,False,Real global spot price -- direct match for this ingredient.
2025-12-01,Sugar,14.935,PSUGAISAUSDM,"IMF Global price of Sugar, No. 11, World (via FRED)",https://fred.stlouisfed.org/series/PSUGAISAUSDM,False,Real global spot price -- direct match for this ingredient.
2026-01-01,Sugar,14.78590909090909,PSUGAISAUSDM,"IMF Global price of Sugar, No. 11, World (via FRED)",https://fred.stlouisfed.org/series/PSUGAISAUSDM,False,Real global spot price -- direct match for this ingredient.
2026-02-01,Sugar,14.2015,PSUGAISAUSDM,"IMF Global price of Sugar, No. 11, World (via FRED)",https://fred.stlouisfed.org/series/PSUGAISAUSDM,False,Real global spot price -- direct match for this ingredient.
2026-03-01,Sugar,14.79636363636364,PSUGAISAUSDM,"IMF Global price of Sugar, No. 11, World (via FRED)",https://fred.stlouisfed.org/series/PSUGAISAUSDM,False,Real global spot price -- direct match for this ingredient.
2026-04-01,Sugar,14.09,PSUGAISAUSDM,"IMF Global price of Sugar, No. 11, World (via FRED)",https://fred.stlouisfed.org/series/PSUGAISAUSDM,False,Real global spot price -- direct match for this ingredient.
2026-05-01,Sugar,14.77047619047619,PSUGAISAUSDM,"IMF Global price of Sugar, No. 11, World (via FRED)",https://fred.stlouisfed.org/series/PSUGAISAUSDM,False,Real global spot price -- direct match for this ingredient.
2026-06-01,Sugar,13.90772727272727,PSUGAISAUSDM,"IMF Global price of Sugar, No. 11, World (via FRED)",https://fred.stlouisfed.org/series/PSUGAISAUSDM,False,Real global spot price -- direct match for this ingredient.
2026-07-01,Sugar,14.81227272727273,PSUGAISAUSDM,"IMF Global price of Sugar, No. 11, World (via FRED)",https://fred.stlouisfed.org/series/PSUGAISAUSDM,False,Real global spot price -- direct match for this ingredient.
1992-01-01,Vanilla Syrup,8.42409133911133,PSUGAISAUSDM,"IMF Global price of Sugar, No. 11, World (via FRED)",https://fred.stlouisfed.org/series/PSUGAISAUSDM,True,PROXY: no free global vanilla-bean price index exists. Sugar price used as a rough stand-in since syrup is majority sugar -- does NOT capture vanilla-specific volatility (e.g. Madagascar crop shocks).
1992-02-01,Vanilla Syrup,7.84299993515015,PSUGAISAUSDM,"IMF Global price of Sugar, No. 11, World (via FRED)",https://fred.stlouisfed.org/series/PSUGAISAUSDM,True,PROXY: no free global vanilla-bean price index exists. Sugar price used as a rough stand-in since syrup is majority sugar -- does NOT capture vanilla-specific volatility (e.g. Madagascar crop shocks).
1992-03-01,Vanilla Syrup,8.25045394897461,PSUGAISAUSDM,"IMF Global price of Sugar, No. 11, World (via FRED)",https://fred.stlouisfed.org/series/PSUGAISAUSDM,True,PROXY: no free global vanilla-bean price index exists. Sugar price used as a rough stand-in since syrup is majority sugar -- does NOT capture vanilla-specific volatility (e.g. Madagascar crop shocks).
1992-04-01,Vanilla Syrup,9.45571517944336,PSUGAISAUSDM,"IMF Global price of Sugar, No. 11, World (via FRED)",https://fred.stlouisfed.org/series/PSUGAISAUSDM,True,PROXY: no free global vanilla-bean price index exists. Sugar price used as a rough stand-in since syrup is majority sugar -- does NOT capture vanilla-specific volatility (e.g. Madagascar crop shocks).
1992-05-01,Vanilla Syrup,9.61333465576172,PSUGAISAUSDM,"IMF Global price of Sugar, No. 11, World (via FRED)",https://fred.stlouisfed.org/series/PSUGAISAUSDM,True,PROXY: no free global vanilla-bean price index exists. Sugar price used as a rough stand-in since syrup is majority sugar -- does NOT capture vanilla-specific volatility (e.g. Madagascar crop shocks).
1992-06-01,Vanilla Syrup,10.347728729248,PSUGAISAUSDM,"IMF Global price of Sugar, No. 11, World (via FRED)",https://fred.stlouisfed.org/series/PSUGAISAUSDM,True,PROXY: no free global vanilla-bean price index exists. Sugar price used as a rough stand-in since syrup is majority sugar -- does NOT capture vanilla-specific volatility (e.g. Madagascar crop shocks).
1992-07-01,Vanilla Syrup,10.3121757507324,PSUGAISAUSDM,"IMF Global price of Sugar, No. 11, World (via FRED)",https://fred.stlouisfed.org/series/PSUGAISAUSDM,True,PROXY: no free global vanilla-bean price index exists. Sugar price used as a rough stand-in since syrup is majority sugar -- does NOT capture vanilla-specific volatility (e.g. Madagascar crop shocks).
1992-08-01,Vanilla Syrup,9.86476135253906,PSUGAISAUSDM,"IMF Global price of Sugar, No. 11, World (via FRED)",https://fred.stlouisfed.org/series/PSUGAISAUSDM,True,PROXY: no free global vanilla-bean price index exists. Sugar price used as a rough stand-in since syrup is majority sugar -- does NOT capture vanilla-specific volatility (e.g. Madagascar crop shocks).
1992-09-01,Vanilla Syrup,9.31227493286133,PSUGAISAUSDM,"IMF Global price of Sugar, No. 11, World (via FRED)",https://fred.stlouisfed.org/series/PSUGAISAUSDM,True,PROXY: no free global vanilla-bean price index exists. Sugar price used as a rough stand-in since syrup is majority sugar -- does NOT capture vanilla-specific volatility (e.g. Madagascar crop shocks).
1992-10-01,Vanilla Syrup,8.7054557800293,PSUGAISAUSDM,"IMF Global price of Sugar, No. 11, World (via FRED)",https://fred.stlouisfed.org/series/PSUGAISAUSDM,True,PROXY: no free global vanilla-bean price index exists. Sugar price used as a rough stand-in since syrup is majority sugar -- does NOT capture vanilla-specific volatility (e.g. Madagascar crop shocks).
1992-11-01,Vanilla Syrup,8.55952453613281,PSUGAISAUSDM,"IMF Global price of Sugar, No. 11, World (via FRED)",https://fred.stlouisfed.org/series/PSUGAISAUSDM,True,PROXY: no free global vanilla-bean price index exists. Sugar price used as a rough stand-in since syrup is majority sugar -- does NOT capture vanilla-specific volatility (e.g. Madagascar crop shocks).
1992-12-01,Vanilla Syrup,8.14863681793213,PSUGAISAUSDM,"IMF Global price of Sugar, No. 11, World (via FRED)",https://fred.stlouisfed.org/series/PSUGAISAUSDM,True,PROXY: no free global vanilla-bean price index exists. Sugar price used as a rough stand-in since syrup is majority sugar -- does NOT capture vanilla-specific volatility (e.g. Madagascar crop shocks).
1993-01-01,Vanilla Syrup,8.23799991607666,PSUGAISAUSDM,"IMF Global price of Sugar, No. 11, World (via FRED)",https://fred.stlouisfed.org/series/PSUGAISAUSDM,True,PROXY: no free global vanilla-bean price index exists. Sugar price used as a rough stand-in since syrup is majority sugar -- does NOT capture vanilla-specific volatility (e.g. Madagascar crop shocks).
1993-02-01,Vanilla Syrup,8.55949974060059,PSUGAISAUSDM,"IMF Global price of Sugar, No. 11, World (via FRED)",https://fred.stlouisfed.org/series/PSUGAISAUSDM,True,PROXY: no free global vanilla-bean price index exists. Sugar price used as a rough stand-in since syrup is majority sugar -- does NOT capture vanilla-specific volatility (e.g. Madagascar crop shocks).
1993-03-01,Vanilla Syrup,10.6247825622559,PSUGAISAUSDM,"IMF Global price of Sugar, No. 11, World (via FRED)",https://fred.stlouisfed.org/series/PSUGAISAUSDM,True,PROXY: no free global vanilla-bean price index exists. Sugar price used as a rough stand-in since syrup is majority sugar -- does NOT capture vanilla-specific volatility (e.g. Madagascar crop shocks).
1993-04-01,Vanilla Syrup,11.1538095474243,PSUGAISAUSDM,"IMF Global price of Sugar, No. 11, World (via FRED)",https://fred.stlouisfed.org/series/PSUGAISAUSDM,True,PROXY: no free global vanilla-bean price index exists. Sugar price used as a rough stand-in since syrup is majority sugar -- does NOT capture vanilla-specific volatility (e.g. Madagascar crop shocks).
1993-05-01,Vanilla Syrup,11.8280000686646,PSUGAISAUSDM,"IMF Global price of Sugar, No. 11, World (via FRED)",https://fred.stlouisfed.org/series/PSUGAISAUSDM,True,PROXY: no free global vanilla-bean price index exists. Sugar price used as a rough stand-in since syrup is majority sugar -- does NOT capture vanilla-specific volatility (e.g. Madagascar crop shocks).
1993-06-01,Vanilla Syrup,10.3986368179321,PSUGAISAUSDM,"IMF Global price of Sugar, No. 11, World (via FRED)",https://fred.stlouisfed.org/series/PSUGAISAUSDM,True,PROXY: no free global vanilla-bean price index exists. Sugar price used as a rough stand-in since syrup is majority sugar -- does NOT capture vanilla-specific volatility (e.g. Madagascar crop shocks).
1993-07-01,Vanilla Syrup,9.67500019073486,PSUGAISAUSDM,"IMF Global price of Sugar, No. 11, World (via FRED)",https://fred.stlouisfed.org/series/PSUGAISAUSDM,True,PROXY: no free global vanilla-bean price index exists. Sugar price used as a rough stand-in since syrup is majority sugar -- does NOT capture vanilla-specific volatility (e.g. Madagascar crop shocks).
1993-08-01,Vanilla Syrup,9.34227275848389,PSUGAISAUSDM,"IMF Global price of Sugar, No. 11, World (via FRED)",https://fred.stlouisfed.org/series/PSUGAISAUSDM,True,PROXY: no free global vanilla-bean price index exists. Sugar price used as a rough stand-in since syrup is majority sugar -- does NOT capture vanilla-specific volatility (e.g. Madagascar crop shocks).
1993-09-01,Vanilla Syrup,9.53590869903564,PSUGAISAUSDM,"IMF Global price of Sugar, No. 11, World (via FRED)",https://fred.stlouisfed.org/series/PSUGAISAUSDM,True,PROXY: no free global vanilla-bean price index exists. Sugar price used as a rough stand-in since syrup is majority sugar -- does NOT capture vanilla-specific volatility (e.g. Madagascar crop shocks).
1993-10-01,Vanilla Syrup,10.2947616577148,PSUGAISAUSDM,"IMF Global price of Sugar, No. 11, World (via FRED)",https://fred.stlouisfed.org/series/PSUGAISAUSDM,True,PROXY: no free global vanilla-bean price index exists. Sugar price used as a rough stand-in since syrup is majority sugar -- does NOT capture vanilla-specific volatility (e.g. Madagascar crop shocks).
1993-11-01,Vanilla Syrup,10.0740909576416,PSUGAISAUSDM,"IMF Global price of Sugar, No. 11, World (via FRED)",https://fred.stlouisfed.org/series/PSUGAISAUSDM,True,PROXY: no free global vanilla-bean price index exists. Sugar price used as a rough stand-in since syrup is majority sugar -- does NOT capture vanilla-specific volatility (e.g. Madagascar crop shocks).
1993-12-01,Vanilla Syrup,10.522608757019,PSUGAISAUSDM,"IMF Global price of Sugar, No. 11, World (via FRED)",https://fred.stlouisfed.org/series/PSUGAISAUSDM,True,PROXY: no free global vanilla-bean price index exists. Sugar price used as a rough stand-in since syrup is majority sugar -- does NOT capture vanilla-specific volatility (e.g. Madagascar crop shocks).
1994-01-01,Vanilla Syrup,10.2990474700928,PSUGAISAUSDM,"IMF Global price of Sugar, No. 11, World (via FRED)",https://fred.stlouisfed.org/series/PSUGAISAUSDM,True,PROXY: no free global vanilla-bean price index exists. Sugar price used as a rough stand-in since syrup is majority sugar -- does NOT capture vanilla-specific volatility (e.g. Madagascar crop shocks).
1994-02-01,Vanilla Syrup,10.8225002288818,PSUGAISAUSDM,"IMF Global price of Sugar, No. 11, World (via FRED)",https://fred.stlouisfed.org/series/PSUGAISAUSDM,True,PROXY: no free global vanilla-bean price index exists. Sugar price used as a rough stand-in since syrup is majority sugar -- does NOT capture vanilla-specific volatility (e.g. Madagascar crop shocks).
1994-03-01,Vanilla Syrup,11.7291307449341,PSUGAISAUSDM,"IMF Global price of Sugar, No. 11, World (via FRED)",https://fred.stlouisfed.org/series/PSUGAISAUSDM,True,PROXY: no free global vanilla-bean price index exists. Sugar price used as a rough stand-in since syrup is majority sugar -- does NOT capture vanilla-specific volatility (e.g. Madagascar crop shocks).
1994-04-01,Vanilla Syrup,11.013500213623,PSUGAISAUSDM,"IMF Global price of Sugar, No. 11, World (via FRED)",https://fred.stlouisfed.org/series/PSUGAISAUSDM,True,PROXY: no free global vanilla-bean price index exists. Sugar price used as a rough stand-in since syrup is majority sugar -- does NOT capture vanilla-specific volatility (e.g. Madagascar crop shocks).
1994-05-01,Vanilla Syrup,11.5799999237061,PSUGAISAUSDM,"IMF Global price of Sugar, No. 11, World (via FRED)",https://fred.stlouisfed.org/series/PSUGAISAUSDM,True,PROXY: no free global vanilla-bean price index exists. Sugar price used as a rough stand-in since syrup is majority sugar -- does NOT capture vanilla-specific volatility (e.g. Madagascar crop shocks).
1994-06-01,Vanilla Syrup,12.0481815338135,PSUGAISAUSDM,"IMF Global price of Sugar, No. 11, World (via FRED)",https://fred.stlouisfed.org/series/PSUGAISAUSDM,True,PROXY: no free global vanilla-bean price index exists. Sugar price used as a rough stand-in since syrup is majority sugar -- does NOT capture vanilla-specific volatility (e.g. Madagascar crop shocks).
1994-07-01,Vanilla Syrup,11.7742853164673,PSUGAISAUSDM,"IMF Global price of Sugar, No. 11, World (via FRED)",https://fred.stlouisfed.org/series/PSUGAISAUSDM,True,PROXY: no free global vanilla-bean price index exists. Sugar price used as a rough stand-in since syrup is majority sugar -- does NOT capture vanilla-specific volatility (e.g. Madagascar crop shocks).
1994-08-01,Vanilla Syrup,12.0947828292847,PSUGAISAUSDM,"IMF Global price of Sugar, No. 11, World (via FRED)",https://fred.stlouisfed.org/series/PSUGAISAUSDM,True,PROXY: no free global vanilla-bean price index exists. Sugar price used as a rough stand-in since syrup is majority sugar -- does NOT capture vanilla-specific volatility (e.g. Madagascar crop shocks).
1994-09-01,Vanilla Syrup,12.594090461731,PSUGAISAUSDM,"IMF Global price of Sugar, No. 11, World (via FRED)",https://fred.stlouisfed.org/series/PSUGAISAUSDM,True,PROXY: no free global vanilla-bean price index exists. Sugar price used as a rough stand-in since syrup is majority sugar -- does NOT capture vanilla-specific volatility (e.g. Madagascar crop shocks).
1994-10-01,Vanilla Syrup,12.7580947875977,PSUGAISAUSDM,"IMF Global price of Sugar, No. 11, World (via FRED)",https://fred.stlouisfed.org/series/PSUGAISAUSDM,True,PROXY: no free global vanilla-bean price index exists. Sugar price used as a rough stand-in since syrup is majority sugar -- does NOT capture vanilla-specific volatility (e.g. Madagascar crop shocks).
1994-11-01,Vanilla Syrup,13.9259090423584,PSUGAISAUSDM,"IMF Global price of Sugar, No. 11, World (via FRED)",https://fred.stlouisfed.org/series/PSUGAISAUSDM,True,PROXY: no free global vanilla-bean price index exists. Sugar price used as a rough stand-in since syrup is majority sugar -- does NOT capture vanilla-specific volatility (e.g. Madagascar crop shocks).
1994-12-01,Vanilla Syrup,14.6747617721558,PSUGAISAUSDM,"IMF Global price of Sugar, No. 11, World (via FRED)",https://fred.stlouisfed.org/series/PSUGAISAUSDM,True,PROXY: no free global vanilla-bean price index exists. Sugar price used as a rough stand-in since syrup is majority sugar -- does NOT capture vanilla-specific volatility (e.g. Madagascar crop shocks).
1995-01-01,Vanilla Syrup,14.7950000762939,PSUGAISAUSDM,"IMF Global price of Sugar, No. 11, World (via FRED)",https://fred.stlouisfed.org/series/PSUGAISAUSDM,True,PROXY: no free global vanilla-bean price index exists. Sugar price used as a rough stand-in since syrup is majority sugar -- does NOT capture vanilla-specific volatility (e.g. Madagascar crop shocks).
1995-02-01,Vanilla Syrup,14.4075002670288,PSUGAISAUSDM,"IMF Global price of Sugar, No. 11, World (via FRED)",https://fred.stlouisfed.org/series/PSUGAISAUSDM,True,PROXY: no free global vanilla-bean price index exists. Sugar price used as a rough stand-in since syrup is majority sugar -- does NOT capture vanilla-specific volatility (e.g. Madagascar crop shocks).
1995-03-01,Vanilla Syrup,14.5934782028198,PSUGAISAUSDM,"IMF Global price of Sugar, No. 11, World (via FRED)",https://fred.stlouisfed.org/series/PSUGAISAUSDM,True,PROXY: no free global vanilla-bean price index exists. Sugar price used as a rough stand-in since syrup is majority sugar -- does NOT capture vanilla-specific volatility (e.g. Madagascar crop shocks).
1995-04-01,Vanilla Syrup,13.6052627563477,PSUGAISAUSDM,"IMF Global price of Sugar, No. 11, World (via FRED)",https://fred.stlouisfed.org/series/PSUGAISAUSDM,True,PROXY: no free global vanilla-bean price index exists. Sugar price used as a rough stand-in since syrup is majority sugar -- does NOT capture vanilla-specific volatility (e.g. Madagascar crop shocks).
1995-05-01,Vanilla Syrup,13.5222730636597,PSUGAISAUSDM,"IMF Global price of Sugar, No. 11, World (via FRED)",https://fred.stlouisfed.org/series/PSUGAISAUSDM,True,PROXY: no free global vanilla-bean price index exists. Sugar price used as a rough stand-in since syrup is majority sugar -- does NOT capture vanilla-specific volatility (e.g. Madagascar crop shocks).
1995-06-01,Vanilla Syrup,14.0204544067383,PSUGAISAUSDM,"IMF Global price of Sugar, No. 11, World (via FRED)",https://fred.stlouisfed.org/series/PSUGAISAUSDM,True,PROXY: no free global vanilla-bean price index exists. Sugar price used as a rough stand-in since syrup is majority sugar -- does NOT capture vanilla-specific volatility (e.g. Madagascar crop shocks).
1995-07-01,Vanilla Syrup,13.5923805236816,PSUGAISAUSDM,"IMF Global price of Sugar, No. 11, World (via FRED)",https://fred.stlouisfed.org/series/PSUGAISAUSDM,True,PROXY: no free global vanilla-bean price index exists. Sugar price used as a rough stand-in since syrup is majority sugar -- does NOT capture vanilla-specific volatility (e.g. Madagascar crop shocks).
1995-08-01,Vanilla Syrup,12.9808692932129,PSUGAISAUSDM,"IMF Global price of Sugar, No. 11, World (via FRED)",https://fred.stlouisfed.org/series/PSUGAISAUSDM,True,PROXY: no free global vanilla-bean price index exists. Sugar price used as a rough stand-in since syrup is majority sugar -- does NOT capture vanilla-specific volatility (e.g. Madagascar crop shocks).
1995-09-01,Vanilla Syrup,11.6899995803833,PSUGAISAUSDM,"IMF Global price of Sugar, No. 11, World (via FRED)",https://fred.stlouisfed.org/series/PSUGAISAUSDM,True,PROXY: no free global vanilla-bean price index exists. Sugar price used as a rough stand-in since syrup is majority sugar -- does NOT capture vanilla-specific volatility (e.g. Madagascar crop shocks).
1995-10-01,Vanilla Syrup,11.837272644043,PSUGAISAUSDM,"IMF Global price of Sugar, No. 11, World (via FRED)",https://fred.stlouisfed.org/series/PSUGAISAUSDM,True,PROXY: no free global vanilla-bean price index exists. Sugar price used as a rough stand-in since syrup is majority sugar -- does NOT capture vanilla-specific volatility (e.g. Madagascar crop shocks).
1995-11-01,Vanilla Syrup,11.9840908050537,PSUGAISAUSDM,"IMF Global price of Sugar, No. 11, World (via FRED)",https://fred.stlouisfed.org/series/PSUGAISAUSDM,True,PROXY: no free global vanilla-bean price index exists. Sugar price used as a rough stand-in since syrup is majority sugar -- does NOT capture vanilla-specific volatility (e.g. Madagascar crop shocks).
1995-12-01,Vanilla Syrup,12.3100004196167,PSUGAISAUSDM,"IMF Global price of Sugar, No. 11, World (via FRED)",https://fred.stlouisfed.org/series/PSUGAISAUSDM,True,PROXY: no free global vanilla-bean price index exists. Sugar price used as a rough stand-in since syrup is majority sugar -- does NOT capture vanilla-specific volatility (e.g. Madagascar crop shocks).
1996-01-01,Vanilla Syrup,12.5336360931396,PSUGAISAUSDM,"IMF Global price of Sugar, No. 11, World (via FRED)",https://fred.stlouisfed.org/series/PSUGAISAUSDM,True,PROXY: no free global vanilla-bean price index exists. Sugar price used as a rough stand-in since syrup is majority sugar -- does NOT capture vanilla-specific volatility (e.g. Madagascar crop shocks).
1996-02-01,Vanilla Syrup,12.8185710906982,PSUGAISAUSDM,"IMF Global price of Sugar, No. 11, World (via FRED)",https://fred.stlouisfed.org/series/PSUGAISAUSDM,True,PROXY: no free global vanilla-bean price index exists. Sugar price used as a rough stand-in since syrup is majority sugar -- does NOT capture vanilla-specific volatility (e.g. Madagascar crop shocks).
1996-03-01,Vanilla Syrup,12.8990478515625,PSUGAISAUSDM,"IMF Global price of Sugar, No. 11, World (via FRED)",https://fred.stlouisfed.org/series/PSUGAISAUSDM,True,PROXY: no free global vanilla-bean price index exists. Sugar price used as a rough stand-in since syrup is majority sugar -- does NOT capture vanilla-specific volatility (e.g. Madagascar crop shocks).
1996-04-01,Vanilla Syrup,11.9838094711304,PSUGAISAUSDM,"IMF Global price of Sugar, No. 11, World (via FRED)",https://fred.stlouisfed.org/series/PSUGAISAUSDM,True,PROXY: no free global vanilla-bean price index exists. Sugar price used as a rough stand-in since syrup is majority sugar -- does NOT capture vanilla-specific volatility (e.g. Madagascar crop shocks).
1996-05-01,Vanilla Syrup,11.3777275085449,PSUGAISAUSDM,"IMF Global price of Sugar, No. 11, World (via FRED)",https://fred.stlouisfed.org/series/PSUGAISAUSDM,True,PROXY: no free global vanilla-bean price index exists. Sugar price used as a rough stand-in since syrup is majority sugar -- does NOT capture vanilla-specific volatility (e.g. Madagascar crop shocks).
1996-06-01,Vanilla Syrup,12.173999786377,PSUGAISAUSDM,"IMF Global price of Sugar, No. 11, World (via FRED)",https://fred.stlouisfed.org/series/PSUGAISAUSDM,True,PROXY: no free global vanilla-bean price index exists. Sugar price used as a rough stand-in since syrup is majority sugar -- does NOT capture vanilla-specific volatility (e.g. Madagascar crop shocks).
1996-07-01,Vanilla Syrup,12.8069562911987,PSUGAISAUSDM,"IMF Global price of Sugar, No. 11, World (via FRED)",https://fred.stlouisfed.org/series/PSUGAISAUSDM,True,PROXY: no free global vanilla-bean price index exists. Sugar price used as a rough stand-in since syrup is majority sugar -- does NOT capture vanilla-specific volatility (e.g. Madagascar crop shocks).
1996-08-01,Vanilla Syrup,12.3663635253906,PSUGAISAUSDM,"IMF Global price of Sugar, No. 11, World (via FRED)",https://fred.stlouisfed.org/series/PSUGAISAUSDM,True,PROXY: no free global vanilla-bean price index exists. Sugar price used as a rough stand-in since syrup is majority sugar -- does NOT capture vanilla-specific volatility (e.g. Madagascar crop shocks).
1996-09-01,Vanilla Syrup,11.915714263916,PSUGAISAUSDM,"IMF Global price of Sugar, No. 11, World (via FRED)",https://fred.stlouisfed.org/series/PSUGAISAUSDM,True,PROXY: no free global vanilla-bean price index exists. Sugar price used as a rough stand-in since syrup is majority sugar -- does NOT capture vanilla-specific volatility (e.g. Madagascar crop shocks).
1996-10-01,Vanilla Syrup,11.1239128112793,PSUGAISAUSDM,"IMF Global price of Sugar, No. 11, World (via FRED)",https://fred.stlouisfed.org/series/PSUGAISAUSDM,True,PROXY: no free global vanilla-bean price index exists. Sugar price used as a rough stand-in since syrup is majority sugar -- does NOT capture vanilla-specific volatility (e.g. Madagascar crop shocks).
1996-11-01,Vanilla Syrup,10.7247619628906,PSUGAISAUSDM,"IMF Global price of Sugar, No. 11, World (via FRED)",https://fred.stlouisfed.org/series/PSUGAISAUSDM,True,PROXY: no free global vanilla-bean price index exists. Sugar price used as a rough stand-in since syrup is majority sugar -- does NOT capture vanilla-specific volatility (e.g. Madagascar crop shocks).
1996-12-01,Vanilla Syrup,10.7379999160767,PSUGAISAUSDM,"IMF Global price of Sugar, No. 11, World (via FRED)",https://fred.stlouisfed.org/series/PSUGAISAUSDM,True,PROXY: no free global vanilla-bean price index exists. Sugar price used as a rough stand-in since syrup is majority sugar -- does NOT capture vanilla-specific volatility (e.g. Madagascar crop shocks).
1997-01-01,Vanilla Syrup,10.6919050216675,PSUGAISAUSDM,"IMF Global price of Sugar, No. 11, World (via FRED)",https://fred.stlouisfed.org/series/PSUGAISAUSDM,True,PROXY: no free global vanilla-bean price index exists. Sugar price used as a rough stand-in since syrup is majority sugar -- does NOT capture vanilla-specific volatility (e.g. Madagascar crop shocks).
1997-02-01,Vanilla Syrup,10.8129997253418,PSUGAISAUSDM,"IMF Global price of Sugar, No. 11, World (via FRED)",https://fred.stlouisfed.org/series/PSUGAISAUSDM,True,PROXY: no free global vanilla-bean price index exists. Sugar price used as a rough stand-in since syrup is majority sugar -- does NOT capture vanilla-specific volatility (e.g. Madagascar crop shocks).
1997-03-01,Vanilla Syrup,11.1409997940063,PSUGAISAUSDM,"IMF Global price of Sugar, No. 11, World (via FRED)",https://fred.stlouisfed.org/series/PSUGAISAUSDM,True,PROXY: no free global vanilla-bean price index exists. Sugar price used as a rough stand-in since syrup is majority sugar -- does NOT capture vanilla-specific volatility (e.g. Madagascar crop shocks).
1997-04-01,Vanilla Syrup,11.2990913391113,PSUGAISAUSDM,"IMF Global price of Sugar, No. 11, World (via FRED)",https://fred.stlouisfed.org/series/PSUGAISAUSDM,True,PROXY: no free global vanilla-bean price index exists. Sugar price used as a rough stand-in since syrup is majority sugar -- does NOT capture vanilla-specific volatility (e.g. Madagascar crop shocks).
1997-05-01,Vanilla Syrup,11.1281814575195,PSUGAISAUSDM,"IMF Global price of Sugar, No. 11, World (via FRED)",https://fred.stlouisfed.org/series/PSUGAISAUSDM,True,PROXY: no free global vanilla-bean price index exists. Sugar price used as a rough stand-in since syrup is majority sugar -- does NOT capture vanilla-specific volatility (e.g. Madagascar crop shocks).
1997-06-01,Vanilla Syrup,11.4290475845337,PSUGAISAUSDM,"IMF Global price of Sugar, No. 11, World (via FRED)",https://fred.stlouisfed.org/series/PSUGAISAUSDM,True,PROXY: no free global vanilla-bean price index exists. Sugar price used as a rough stand-in since syrup is majority sugar -- does NOT capture vanilla-specific volatility (e.g. Madagascar crop shocks).
1997-07-01,Vanilla Syrup,11.5721740722656,PSUGAISAUSDM,"IMF Global price of Sugar, No. 11, World (via FRED)",https://fred.stlouisfed.org/series/PSUGAISAUSDM,True,PROXY: no free global vanilla-bean price index exists. Sugar price used as a rough stand-in since syrup is majority sugar -- does NOT capture vanilla-specific volatility (e.g. Madagascar crop shocks).
1997-08-01,Vanilla Syrup,11.7014284133911,PSUGAISAUSDM,"IMF Global price of Sugar, No. 11, World (via FRED)",https://fred.stlouisfed.org/series/PSUGAISAUSDM,True,PROXY: no free global vanilla-bean price index exists. Sugar price used as a rough stand-in since syrup is majority sugar -- does NOT capture vanilla-specific volatility (e.g. Madagascar crop shocks).
1997-09-01,Vanilla Syrup,11.3313636779785,PSUGAISAUSDM,"IMF Global price of Sugar, No. 11, World (via FRED)",https://fred.stlouisfed.org/series/PSUGAISAUSDM,True,PROXY: no free global vanilla-bean price index exists. Sugar price used as a rough stand-in since syrup is majority sugar -- does NOT capture vanilla-specific volatility (e.g. Madagascar crop shocks).
1997-10-01,Vanilla Syrup,11.3822727203369,PSUGAISAUSDM,"IMF Global price of Sugar, No. 11, World (via FRED)",https://fred.stlouisfed.org/series/PSUGAISAUSDM,True,PROXY: no free global vanilla-bean price index exists. Sugar price used as a rough stand-in since syrup is majority sugar -- does NOT capture vanilla-specific volatility (e.g. Madagascar crop shocks).
1997-11-01,Vanilla Syrup,12.0120000839233,PSUGAISAUSDM,"IMF Global price of Sugar, No. 11, World (via FRED)",https://fred.stlouisfed.org/series/PSUGAISAUSDM,True,PROXY: no free global vanilla-bean price index exists. Sugar price used as a rough stand-in since syrup is majority sugar -- does NOT capture vanilla-specific volatility (e.g. Madagascar crop shocks).
1997-12-01,Vanilla Syrup,12.3266668319702,PSUGAISAUSDM,"IMF Global price of Sugar, No. 11, World (via FRED)",https://fred.stlouisfed.org/series/PSUGAISAUSDM,True,PROXY: no free global vanilla-bean price index exists. Sugar price used as a rough stand-in since syrup is majority sugar -- does NOT capture vanilla-specific volatility (e.g. Madagascar crop shocks).
1998-01-01,Vanilla Syrup,11.518500328064,PSUGAISAUSDM,"IMF Global price of Sugar, No. 11, World (via FRED)",https://fred.stlouisfed.org/series/PSUGAISAUSDM,True,PROXY: no free global vanilla-bean price index exists. Sugar price used as a rough stand-in since syrup is majority sugar -- does NOT capture vanilla-specific volatility (e.g. Madagascar crop shocks).
1998-02-01,Vanilla Syrup,10.7194995880127,PSUGAISAUSDM,"IMF Global price of Sugar, No. 11, World (via FRED)",https://fred.stlouisfed.org/series/PSUGAISAUSDM,True,PROXY: no free global vanilla-bean price index exists. Sugar price used as a rough stand-in since syrup is majority sugar -- does NOT capture vanilla-specific volatility (e.g. Madagascar crop shocks).
1998-03-01,Vanilla Syrup,9.84227275848389,PSUGAISAUSDM,"IMF Global price of Sugar, No. 11, World (via FRED)",https://fred.stlouisfed.org/series/PSUGAISAUSDM,True,PROXY: no free global vanilla-bean price index exists. Sugar price used as a rough stand-in since syrup is majority sugar -- does NOT capture vanilla-specific volatility (e.g. Madagascar crop shocks).
1998-04-01,Vanilla Syrup,9.67681789398193,PSUGAISAUSDM,"IMF Global price of Sugar, No. 11, World (via FRED)",https://fred.stlouisfed.org/series/PSUGAISAUSDM,True,PROXY: no free global vanilla-bean price index exists. Sugar price used as a rough stand-in since syrup is majority sugar -- does NOT capture vanilla-specific volatility (e.g. Madagascar crop shocks).
1998-05-01,Vanilla Syrup,9.22550010681152,PSUGAISAUSDM,"IMF Global price of Sugar, No. 11, World (via FRED)",https://fred.stlouisfed.org/series/PSUGAISAUSDM,True,PROXY: no free global vanilla-bean price index exists. Sugar price used as a rough stand-in since syrup is majority sugar -- does NOT capture vanilla-specific volatility (e.g. Madagascar crop shocks).
1998-06-01,Vanilla Syrup,8.09863662719727,PSUGAISAUSDM,"IMF Global price of Sugar, No. 11, World (via FRED)",https://fred.stlouisfed.org/series/PSUGAISAUSDM,True,PROXY: no free global vanilla-bean price index exists. Sugar price used as a rough stand-in since syrup is majority sugar -- does NOT capture vanilla-specific volatility (e.g. Madagascar crop shocks).
1998-07-01,Vanilla Syrup,8.6247615814209,PSUGAISAUSDM,"IMF Global price of Sugar, No. 11, World (via FRED)",https://fred.stlouisfed.org/series/PSUGAISAUSDM,True,PROXY: no free global vanilla-bean price index exists. Sugar price used as a rough stand-in since syrup is majority sugar -- does NOT capture vanilla-specific volatility (e.g. Madagascar crop shocks).
1998-08-01,Vanilla Syrup,8.48238086700439,PSUGAISAUSDM,"IMF Global price of Sugar, No. 11, World (via FRED)",https://fred.stlouisfed.org/series/PSUGAISAUSDM,True,PROXY: no free global vanilla-bean price index exists. Sugar price used as a rough stand-in since syrup is majority sugar -- does NOT capture vanilla-specific volatility (e.g. Madagascar crop shocks).
1998-09-01,Vanilla Syrup,7.22909069061279,PSUGAISAUSDM,"IMF Global price of Sugar, No. 11, World (via FRED)",https://fred.stlouisfed.org/series/PSUGAISAUSDM,True,PROXY: no free global vanilla-bean price index exists. Sugar price used as a rough stand-in since syrup is majority sugar -- does NOT capture vanilla-specific volatility (e.g. Madagascar crop shocks).
1998-10-01,Vanilla Syrup,7.46272706985474,PSUGAISAUSDM,"IMF Global price of Sugar, No. 11, World (via FRED)",https://fred.stlouisfed.org/series/PSUGAISAUSDM,True,PROXY: no free global vanilla-bean price index exists. Sugar price used as a rough stand-in since syrup is majority sugar -- does NOT capture vanilla-specific volatility (e.g. Madagascar crop shocks).
1998-11-01,Vanilla Syrup,8.06142902374268,PSUGAISAUSDM,"IMF Global price of Sugar, No. 11, World (via FRED)",https://fred.stlouisfed.org/series/PSUGAISAUSDM,True,PROXY: no free global vanilla-bean price index exists. Sugar price used as a rough stand-in since syrup is majority sugar -- does NOT capture vanilla-specific volatility (e.g. Madagascar crop shocks).
1998-12-01,Vanilla Syrup,8.07681846618652,PSUGAISAUSDM,"IMF Global price of Sugar, No. 11, World (via FRED)",https://fred.stlouisfed.org/series/PSUGAISAUSDM,True,PROXY: no free global vanilla-bean price index exists. Sugar price used as a rough stand-in since syrup is majority sugar -- does NOT capture vanilla-specific volatility (e.g. Madagascar crop shocks).
1999-01-01,Vanilla Syrup,8.10900020599365,PSUGAISAUSDM,"IMF Global price of Sugar, No. 11, World (via FRED)",https://fred.stlouisfed.org/series/PSUGAISAUSDM,True,PROXY: no free global vanilla-bean price index exists. Sugar price used as a rough stand-in since syrup is majority sugar -- does NOT capture vanilla-specific volatility (e.g. Madagascar crop shocks).
1999-02-01,Vanilla Syrup,6.8155,PSUGAISAUSDM,"IMF Global price of Sugar, No. 11, World (via FRED)",https://fred.stlouisfed.org/series/PSUGAISAUSDM,True,PROXY: no free global vanilla-bean price index exists. Sugar price used as a rough stand-in since syrup is majority sugar -- does NOT capture vanilla-specific volatility (e.g. Madagascar crop shocks).
1999-03-01,Vanilla Syrup,6.02521739130435,PSUGAISAUSDM,"IMF Global price of Sugar, No. 11, World (via FRED)",https://fred.stlouisfed.org/series/PSUGAISAUSDM,True,PROXY: no free global vanilla-bean price index exists. Sugar price used as a rough stand-in since syrup is majority sugar -- does NOT capture vanilla-specific volatility (e.g. Madagascar crop shocks).
1999-04-01,Vanilla Syrup,5.42190476190476,PSUGAISAUSDM,"IMF Global price of Sugar, No. 11, World (via FRED)",https://fred.stlouisfed.org/series/PSUGAISAUSDM,True,PROXY: no free global vanilla-bean price index exists. Sugar price used as a rough stand-in since syrup is majority sugar -- does NOT capture vanilla-specific volatility (e.g. Madagascar crop shocks).
1999-05-01,Vanilla Syrup,5.7485,PSUGAISAUSDM,"IMF Global price of Sugar, No. 11, World (via FRED)",https://fred.stlouisfed.org/series/PSUGAISAUSDM,True,PROXY: no free global vanilla-bean price index exists. Sugar price used as a rough stand-in since syrup is majority sugar -- does NOT capture vanilla-specific volatility (e.g. Madagascar crop shocks).
1999-06-01,Vanilla Syrup,6.03863636363636,PSUGAISAUSDM,"IMF Global price of Sugar, No. 11, World (via FRED)",https://fred.stlouisfed.org/series/PSUGAISAUSDM,True,PROXY: no free global vanilla-bean price index exists. Sugar price used as a rough stand-in since syrup is majority sugar -- does NOT capture vanilla-specific volatility (e.g. Madagascar crop shocks).
1999-07-01,Vanilla Syrup,5.37818181818182,PSUGAISAUSDM,"IMF Global price of Sugar, No. 11, World (via FRED)",https://fred.stlouisfed.org/series/PSUGAISAUSDM,True,PROXY: no free global vanilla-bean price index exists. Sugar price used as a rough stand-in since syrup is majority sugar -- does NOT capture vanilla-specific volatility (e.g. Madagascar crop shocks).
1999-08-01,Vanilla Syrup,5.72347826086956,PSUGAISAUSDM,"IMF Global price of Sugar, No. 11, World (via FRED)",https://fred.stlouisfed.org/series/PSUGAISAUSDM,True,PROXY: no free global vanilla-bean price index exists. Sugar price used as a rough stand-in since syrup is majority sugar -- does NOT capture vanilla-specific volatility (e.g. Madagascar crop shocks).
1999-09-01,Vanilla Syrup,6.67454545454545,PSUGAISAUSDM,"IMF Global price of Sugar, No. 11, World (via FRED)",https://fred.stlouisfed.org/series/PSUGAISAUSDM,True,PROXY: no free global vanilla-bean price index exists. Sugar price used as a rough stand-in since syrup is majority sugar -- does NOT capture vanilla-specific volatility (e.g. Madagascar crop shocks).
1999-10-01,Vanilla Syrup,6.75428571428571,PSUGAISAUSDM,"IMF Global price of Sugar, No. 11, World (via FRED)",https://fred.stlouisfed.org/series/PSUGAISAUSDM,True,PROXY: no free global vanilla-bean price index exists. Sugar price used as a rough stand-in since syrup is majority sugar -- does NOT capture vanilla-specific volatility (e.g. Madagascar crop shocks).
1999-11-01,Vanilla Syrup,6.505,PSUGAISAUSDM,"IMF Global price of Sugar, No. 11, World (via FRED)",https://fred.stlouisfed.org/series/PSUGAISAUSDM,True,PROXY: no free global vanilla-bean price index exists. Sugar price used as a rough stand-in since syrup is majority sugar -- does NOT capture vanilla-specific volatility (e.g. Madagascar crop shocks).
1999-12-01,Vanilla Syrup,5.982,PSUGAISAUSDM,"IMF Global price of Sugar, No. 11, World (via FRED)",https://fred.stlouisfed.org/series/PSUGAISAUSDM,True,PROXY: no free global vanilla-bean price index exists. Sugar price used as a rough stand-in since syrup is majority sugar -- does NOT capture vanilla-specific volatility (e.g. Madagascar crop shocks).
2000-01-01,Vanilla Syrup,5.6295,PSUGAISAUSDM,"IMF Global price of Sugar, No. 11, World (via FRED)",https://fred.stlouisfed.org/series/PSUGAISAUSDM,True,PROXY: no free global vanilla-bean price index exists. Sugar price used as a rough stand-in since syrup is majority sugar -- does NOT capture vanilla-specific volatility (e.g. Madagascar crop shocks).
2000-02-01,Vanilla Syrup,5.351,PSUGAISAUSDM,"IMF Global price of Sugar, No. 11, World (via FRED)",https://fred.stlouisfed.org/series/PSUGAISAUSDM,True,PROXY: no free global vanilla-bean price index exists. Sugar price used as a rough stand-in since syrup is majority sugar -- does NOT capture vanilla-specific volatility (e.g. Madagascar crop shocks).
2000-03-01,Vanilla Syrup,5.1112,PSUGAISAUSDM,"IMF Global price of Sugar, No. 11, World (via FRED)",https://fred.stlouisfed.org/series/PSUGAISAUSDM,True,PROXY: no free global vanilla-bean price index exists. Sugar price used as a rough stand-in since syrup is majority sugar -- does NOT capture vanilla-specific volatility (e.g. Madagascar crop shocks).
2000-04-01,Vanilla Syrup,6.011,PSUGAISAUSDM,"IMF Global price of Sugar, No. 11, World (via FRED)",https://fred.stlouisfed.org/series/PSUGAISAUSDM,True,PROXY: no free global vanilla-bean price index exists. Sugar price used as a rough stand-in since syrup is majority sugar -- does NOT capture vanilla-specific volatility (e.g. Madagascar crop shocks).
2000-05-01,Vanilla Syrup,6.78086956521739,PSUGAISAUSDM,"IMF Global price of Sugar, No. 11, World (via FRED)",https://fred.stlouisfed.org/series/PSUGAISAUSDM,True,PROXY: no free global vanilla-bean price index exists. Sugar price used as a rough stand-in since syrup is majority sugar -- does NOT capture vanilla-specific volatility (e.g. Madagascar crop shocks).
2000-06-01,Vanilla Syrup,8.33454545454546,PSUGAISAUSDM,"IMF Global price of Sugar, No. 11, World (via FRED)",https://fred.stlouisfed.org/series/PSUGAISAUSDM,True,PROXY: no free global vanilla-bean price index exists. Sugar price used as a rough stand-in since syrup is majority sugar -- does NOT capture vanilla-specific volatility (e.g. Madagascar crop shocks).
2000-07-01,Vanilla Syrup,9.64047619047619,PSUGAISAUSDM,"IMF Global price of Sugar, No. 11, World (via FRED)",https://fred.stlouisfed.org/series/PSUGAISAUSDM,True,PROXY: no free global vanilla-bean price index exists. Sugar price used as a rough stand-in since syrup is majority sugar -- does NOT capture vanilla-specific volatility (e.g. Madagascar crop shocks).
2000-08-01,Vanilla Syrup,10.5978260869565,PSUGAISAUSDM,"IMF Global price of Sugar, No. 11, World (via FRED)",https://fred.stlouisfed.org/series/PSUGAISAUSDM,True,PROXY: no free global vanilla-bean price index exists. Sugar price used as a rough stand-in since syrup is majority sugar -- does NOT capture vanilla-specific volatility (e.g. Madagascar crop shocks).
2000-09-01,Vanilla Syrup,9.8575,PSUGAISAUSDM,"IMF Global price of Sugar, No. 11, World (via FRED)",https://fred.stlouisfed.org/series/PSUGAISAUSDM,True,PROXY: no free global vanilla-bean price index exists. Sugar price used as a rough stand-in since syrup is majority sugar -- does NOT capture vanilla-specific volatility (e.g. Madagascar crop shocks).
2000-10-01,Vanilla Syrup,10.4131818181818,PSUGAISAUSDM,"IMF Global price of Sugar, No. 11, World (via FRED)",https://fred.stlouisfed.org/series/PSUGAISAUSDM,True,PROXY: no free global vanilla-bean price index exists. Sugar price used as a rough stand-in since syrup is majority sugar -- does NOT capture vanilla-specific volatility (e.g. Madagascar crop shocks).
2000-11-01,Vanilla Syrup,9.5135,PSUGAISAUSDM,"IMF Global price of Sugar, No. 11, World (via FRED)",https://fred.stlouisfed.org/series/PSUGAISAUSDM,True,PROXY: no free global vanilla-bean price index exists. Sugar price used as a rough stand-in since syrup is majority sugar -- does NOT capture vanilla-specific volatility (e.g. Madagascar crop shocks).
2000-12-01,Vanilla Syrup,9.7175,PSUGAISAUSDM,"IMF Global price of Sugar, No. 11, World (via FRED)",https://fred.stlouisfed.org/series/PSUGAISAUSDM,True,PROXY: no free global vanilla-bean price index exists. Sugar price used as a rough stand-in since syrup is majority sugar -- does NOT capture vanilla-specific volatility (e.g. Madagascar crop shocks).
2001-01-01,Vanilla Syrup,10.0595238095238,PSUGAISAUSDM,"IMF Global price of Sugar, No. 11, World (via FRED)",https://fred.stlouisfed.org/series/PSUGAISAUSDM,True,PROXY: no free global vanilla-bean price index exists. Sugar price used as a rough stand-in since syrup is majority sugar -- does NOT capture vanilla-specific volatility (e.g. Madagascar crop shocks).
2001-02-01,Vanilla Syrup,9.3625,PSUGAISAUSDM,"IMF Global price of Sugar, No. 11, World (via FRED)",https://fred.stlouisfed.org/series/PSUGAISAUSDM,True,PROXY: no free global vanilla-bean price index exists. Sugar price used as a rough stand-in since syrup is majority sugar -- does NOT capture vanilla-specific volatility (e.g. Madagascar crop shocks).
2001-03-01,Vanilla Syrup,8.71681818181818,PSUGAISAUSDM,"IMF Global price of Sugar, No. 11, World (via FRED)",https://fred.stlouisfed.org/series/PSUGAISAUSDM,True,PROXY: no free global vanilla-bean price index exists. Sugar price used as a rough stand-in since syrup is majority sugar -- does NOT capture vanilla-specific volatility (e.g. Madagascar crop shocks).
2001-04-01,Vanilla Syrup,8.05210526315789,PSUGAISAUSDM,"IMF Global price of Sugar, No. 11, World (via FRED)",https://fred.stlouisfed.org/series/PSUGAISAUSDM,True,PROXY: no free global vanilla-bean price index exists. Sugar price used as a rough stand-in since syrup is majority sugar -- does NOT capture vanilla-specific volatility (e.g. Madagascar crop shocks).
2001-05-01,Vanilla Syrup,8.95954545454546,PSUGAISAUSDM,"IMF Global price of Sugar, No. 11, World (via FRED)",https://fred.stlouisfed.org/series/PSUGAISAUSDM,True,PROXY: no free global vanilla-bean price index exists. Sugar price used as a rough stand-in since syrup is majority sugar -- does NOT capture vanilla-specific volatility (e.g. Madagascar crop shocks).
2001-06-01,Vanilla Syrup,8.74285714285714,PSUGAISAUSDM,"IMF Global price of Sugar, No. 11, World (via FRED)",https://fred.stlouisfed.org/series/PSUGAISAUSDM,True,PROXY: no free global vanilla-bean price index exists. Sugar price used as a rough stand-in since syrup is majority sugar -- does NOT capture vanilla-specific volatility (e.g. Madagascar crop shocks).
2001-07-01,Vanilla Syrup,8.53619047619048,PSUGAISAUSDM,"IMF Global price of Sugar, No. 11, World (via FRED)",https://fred.stlouisfed.org/series/PSUGAISAUSDM,True,PROXY: no free global vanilla-bean price index exists. Sugar price used as a rough stand-in since syrup is majority sugar -- does NOT capture vanilla-specific volatility (e.g. Madagascar crop shocks).
2001-08-01,Vanilla Syrup,7.90434782608696,PSUGAISAUSDM,"IMF Global price of Sugar, No. 11, World (via FRED)",https://fred.stlouisfed.org/series/PSUGAISAUSDM,True,PROXY: no free global vanilla-bean price index exists. Sugar price used as a rough stand-in since syrup is majority sugar -- does NOT capture vanilla-specific volatility (e.g. Madagascar crop shocks).
2001-09-01,Vanilla Syrup,7.16066666666667,PSUGAISAUSDM,"IMF Global price of Sugar, No. 11, World (via FRED)",https://fred.stlouisfed.org/series/PSUGAISAUSDM,True,PROXY: no free global vanilla-bean price index exists. Sugar price used as a rough stand-in since syrup is majority sugar -- does NOT capture vanilla-specific volatility (e.g. Madagascar crop shocks).
2001-10-01,Vanilla Syrup,6.59608695652174,PSUGAISAUSDM,"IMF Global price of Sugar, No. 11, World (via FRED)",https://fred.stlouisfed.org/series/PSUGAISAUSDM,True,PROXY: no free global vanilla-bean price index exists. Sugar price used as a rough stand-in since syrup is majority sugar -- does NOT capture vanilla-specific volatility (e.g. Madagascar crop shocks).
2001-11-01,Vanilla Syrup,7.278,PSUGAISAUSDM,"IMF Global price of Sugar, No. 11, World (via FRED)",https://fred.stlouisfed.org/series/PSUGAISAUSDM,True,PROXY: no free global vanilla-bean price index exists. Sugar price used as a rough stand-in since syrup is majority sugar -- does NOT capture vanilla-specific volatility (e.g. Madagascar crop shocks).
2001-12-01,Vanilla Syrup,7.41,PSUGAISAUSDM,"IMF Global price of Sugar, No. 11, World (via FRED)",https://fred.stlouisfed.org/series/PSUGAISAUSDM,True,PROXY: no free global vanilla-bean price index exists. Sugar price used as a rough stand-in since syrup is majority sugar -- does NOT capture vanilla-specific volatility (e.g. Madagascar crop shocks).
2002-01-01,Vanilla Syrup,7.31380952380952,PSUGAISAUSDM,"IMF Global price of Sugar, No. 11, World (via FRED)",https://fred.stlouisfed.org/series/PSUGAISAUSDM,True,PROXY: no free global vanilla-bean price index exists. Sugar price used as a rough stand-in since syrup is majority sugar -- does NOT capture vanilla-specific volatility (e.g. Madagascar crop shocks).
2002-02-01,Vanilla Syrup,5.68315789473684,PSUGAISAUSDM,"IMF Global price of Sugar, No. 11, World (via FRED)",https://fred.stlouisfed.org/series/PSUGAISAUSDM,True,PROXY: no free global vanilla-bean price index exists. Sugar price used as a rough stand-in since syrup is majority sugar -- does NOT capture vanilla-specific volatility (e.g. Madagascar crop shocks).
2002-03-01,Vanilla Syrup,5.9245,PSUGAISAUSDM,"IMF Global price of Sugar, No. 11, World (via FRED)",https://fred.stlouisfed.org/series/PSUGAISAUSDM,True,PROXY: no free global vanilla-bean price index exists. Sugar price used as a rough stand-in since syrup is majority sugar -- does NOT capture vanilla-specific volatility (e.g. Madagascar crop shocks).
2002-04-01,Vanilla Syrup,5.17818181818182,PSUGAISAUSDM,"IMF Global price of Sugar, No. 11, World (via FRED)",https://fred.stlouisfed.org/series/PSUGAISAUSDM,True,PROXY: no free global vanilla-bean price index exists. Sugar price used as a rough stand-in since syrup is majority sugar -- does NOT capture vanilla-specific volatility (e.g. Madagascar crop shocks).
2002-05-01,Vanilla Syrup,5.61181818181818,PSUGAISAUSDM,"IMF Global price of Sugar, No. 11, World (via FRED)",https://fred.stlouisfed.org/series/PSUGAISAUSDM,True,PROXY: no free global vanilla-bean price index exists. Sugar price used as a rough stand-in since syrup is majority sugar -- does NOT capture vanilla-specific volatility (e.g. Madagascar crop shocks).
2002-06-01,Vanilla Syrup,5.246,PSUGAISAUSDM,"IMF Global price of Sugar, No. 11, World (via FRED)",https://fred.stlouisfed.org/series/PSUGAISAUSDM,True,PROXY: no free global vanilla-bean price index exists. Sugar price used as a rough stand-in since syrup is majority sugar -- does NOT capture vanilla-specific volatility (e.g. Madagascar crop shocks).
2002-07-01,Vanilla Syrup,5.79476190476191,PSUGAISAUSDM,"IMF Global price of Sugar, No. 11, World (via FRED)",https://fred.stlouisfed.org/series/PSUGAISAUSDM,True,PROXY: no free global vanilla-bean price index exists. Sugar price used as a rough stand-in since syrup is majority sugar -- does NOT capture vanilla-specific volatility (e.g. Madagascar crop shocks).
2002-08-01,Vanilla Syrup,5.85681818181818,PSUGAISAUSDM,"IMF Global price of Sugar, No. 11, World (via FRED)",https://fred.stlouisfed.org/series/PSUGAISAUSDM,True,PROXY: no free global vanilla-bean price index exists. Sugar price used as a rough stand-in since syrup is majority sugar -- does NOT capture vanilla-specific volatility (e.g. Madagascar crop shocks).
2002-09-01,Vanilla Syrup,6.4095,PSUGAISAUSDM,"IMF Global price of Sugar, No. 11, World (via FRED)",https://fred.stlouisfed.org/series/PSUGAISAUSDM,True,PROXY: no free global vanilla-bean price index exists. Sugar price used as a rough stand-in since syrup is majority sugar -- does NOT capture vanilla-specific volatility (e.g. Madagascar crop shocks).
2002-10-01,Vanilla Syrup,7.02,PSUGAISAUSDM,"IMF Global price of Sugar, No. 11, World (via FRED)",https://fred.stlouisfed.org/series/PSUGAISAUSDM,True,PROXY: no free global vanilla-bean price index exists. Sugar price used as a rough stand-in since syrup is majority sugar -- does NOT capture vanilla-specific volatility (e.g. Madagascar crop shocks).
2002-11-01,Vanilla Syrup,7.29684210526316,PSUGAISAUSDM,"IMF Global price of Sugar, No. 11, World (via FRED)",https://fred.stlouisfed.org/series/PSUGAISAUSDM,True,PROXY: no free global vanilla-bean price index exists. Sugar price used as a rough stand-in since syrup is majority sugar -- does NOT capture vanilla-specific volatility (e.g. Madagascar crop shocks).
2002-12-01,Vanilla Syrup,7.508,PSUGAISAUSDM,"IMF Global price of Sugar, No. 11, World (via FRED)",https://fred.stlouisfed.org/series/PSUGAISAUSDM,True,PROXY: no free global vanilla-bean price index exists. Sugar price used as a rough stand-in since syrup is majority sugar -- does NOT capture vanilla-specific volatility (e.g. Madagascar crop shocks).
2003-01-01,Vanilla Syrup,7.89047619047619,PSUGAISAUSDM,"IMF Global price of Sugar, No. 11, World (via FRED)",https://fred.stlouisfed.org/series/PSUGAISAUSDM,True,PROXY: no free global vanilla-bean price index exists. Sugar price used as a rough stand-in since syrup is majority sugar -- does NOT capture vanilla-specific volatility (e.g. Madagascar crop shocks).
2003-02-01,Vanilla Syrup,8.34833333333334,PSUGAISAUSDM,"IMF Global price of Sugar, No. 11, World (via FRED)",https://fred.stlouisfed.org/series/PSUGAISAUSDM,True,PROXY: no free global vanilla-bean price index exists. Sugar price used as a rough stand-in since syrup is majority sugar -- does NOT capture vanilla-specific volatility (e.g. Madagascar crop shocks).
2003-03-01,Vanilla Syrup,7.84333333333334,PSUGAISAUSDM,"IMF Global price of Sugar, No. 11, World (via FRED)",https://fred.stlouisfed.org/series/PSUGAISAUSDM,True,PROXY: no free global vanilla-bean price index exists. Sugar price used as a rough stand-in since syrup is majority sugar -- does NOT capture vanilla-specific volatility (e.g. Madagascar crop shocks).
2003-04-01,Vanilla Syrup,7.26190476190476,PSUGAISAUSDM,"IMF Global price of Sugar, No. 11, World (via FRED)",https://fred.stlouisfed.org/series/PSUGAISAUSDM,True,PROXY: no free global vanilla-bean price index exists. Sugar price used as a rough stand-in since syrup is majority sugar -- does NOT capture vanilla-specific volatility (e.g. Madagascar crop shocks).
2003-05-01,Vanilla Syrup,7.01380952380952,PSUGAISAUSDM,"IMF Global price of Sugar, No. 11, World (via FRED)",https://fred.stlouisfed.org/series/PSUGAISAUSDM,True,PROXY: no free global vanilla-bean price index exists. Sugar price used as a rough stand-in since syrup is majority sugar -- does NOT capture vanilla-specific volatility (e.g. Madagascar crop shocks).
2003-06-01,Vanilla Syrup,6.4047619047619,PSUGAISAUSDM,"IMF Global price of Sugar, No. 11, World (via FRED)",https://fred.stlouisfed.org/series/PSUGAISAUSDM,True,PROXY: no free global vanilla-bean price index exists. Sugar price used as a rough stand-in since syrup is majority sugar -- does NOT capture vanilla-specific volatility (e.g. Madagascar crop shocks).
2003-07-01,Vanilla Syrup,6.73227272727273,PSUGAISAUSDM,"IMF Global price of Sugar, No. 11, World (via FRED)",https://fred.stlouisfed.org/series/PSUGAISAUSDM,True,PROXY: no free global vanilla-bean price index exists. Sugar price used as a rough stand-in since syrup is majority sugar -- does NOT capture vanilla-specific volatility (e.g. Madagascar crop shocks).
2003-08-01,Vanilla Syrup,6.70904761904762,PSUGAISAUSDM,"IMF Global price of Sugar, No. 11, World (via FRED)",https://fred.stlouisfed.org/series/PSUGAISAUSDM,True,PROXY: no free global vanilla-bean price index exists. Sugar price used as a rough stand-in since syrup is majority sugar -- does NOT capture vanilla-specific volatility (e.g. Madagascar crop shocks).
2003-09-01,Vanilla Syrup,6.27142857142857,PSUGAISAUSDM,"IMF Global price of Sugar, No. 11, World (via FRED)",https://fred.stlouisfed.org/series/PSUGAISAUSDM,True,PROXY: no free global vanilla-bean price index exists. Sugar price used as a rough stand-in since syrup is majority sugar -- does NOT capture vanilla-specific volatility (e.g. Madagascar crop shocks).
2003-10-01,Vanilla Syrup,6.09826086956522,PSUGAISAUSDM,"IMF Global price of Sugar, No. 11, World (via FRED)",https://fred.stlouisfed.org/series/PSUGAISAUSDM,True,PROXY: no free global vanilla-bean price index exists. Sugar price used as a rough stand-in since syrup is majority sugar -- does NOT capture vanilla-specific volatility (e.g. Madagascar crop shocks).
2003-11-01,Vanilla Syrup,6.19111111111111,PSUGAISAUSDM,"IMF Global price of Sugar, No. 11, World (via FRED)",https://fred.stlouisfed.org/series/PSUGAISAUSDM,True,PROXY: no free global vanilla-bean price index exists. Sugar price used as a rough stand-in since syrup is majority sugar -- does NOT capture vanilla-specific volatility (e.g. Madagascar crop shocks).
2003-12-01,Vanilla Syrup,6.34380952380952,PSUGAISAUSDM,"IMF Global price of Sugar, No. 11, World (via FRED)",https://fred.stlouisfed.org/series/PSUGAISAUSDM,True,PROXY: no free global vanilla-bean price index exists. Sugar price used as a rough stand-in since syrup is majority sugar -- does NOT capture vanilla-specific volatility (e.g. Madagascar crop shocks).
2004-01-01,Vanilla Syrup,6.03052631578947,PSUGAISAUSDM,"IMF Global price of Sugar, No. 11, World (via FRED)",https://fred.stlouisfed.org/series/PSUGAISAUSDM,True,PROXY: no free global vanilla-bean price index exists. Sugar price used as a rough stand-in since syrup is majority sugar -- does NOT capture vanilla-specific volatility (e.g. Madagascar crop shocks).
2004-02-01,Vanilla Syrup,5.87315789473684,PSUGAISAUSDM,"IMF Global price of Sugar, No. 11, World (via FRED)",https://fred.stlouisfed.org/series/PSUGAISAUSDM,True,PROXY: no free global vanilla-bean price index exists. Sugar price used as a rough stand-in since syrup is majority sugar -- does NOT capture vanilla-specific volatility (e.g. Madagascar crop shocks).
2004-03-01,Vanilla Syrup,6.49608695652174,PSUGAISAUSDM,"IMF Global price of Sugar, No. 11, World (via FRED)",https://fred.stlouisfed.org/series/PSUGAISAUSDM,True,PROXY: no free global vanilla-bean price index exists. Sugar price used as a rough stand-in since syrup is majority sugar -- does NOT capture vanilla-specific volatility (e.g. Madagascar crop shocks).
2004-04-01,Vanilla Syrup,6.86047619047619,PSUGAISAUSDM,"IMF Global price of Sugar, No. 11, World (via FRED)",https://fred.stlouisfed.org/series/PSUGAISAUSDM,True,PROXY: no free global vanilla-bean price index exists. Sugar price used as a rough stand-in since syrup is majority sugar -- does NOT capture vanilla-specific volatility (e.g. Madagascar crop shocks).
2004-05-01,Vanilla Syrup,6.6225,PSUGAISAUSDM,"IMF Global price of Sugar, No. 11, World (via FRED)",https://fred.stlouisfed.org/series/PSUGAISAUSDM,True,PROXY: no free global vanilla-bean price index exists. Sugar price used as a rough stand-in since syrup is majority sugar -- does NOT capture vanilla-specific volatility (e.g. Madagascar crop shocks).
2004-06-01,Vanilla Syrup,7.51428571428571,PSUGAISAUSDM,"IMF Global price of Sugar, No. 11, World (via FRED)",https://fred.stlouisfed.org/series/PSUGAISAUSDM,True,PROXY: no free global vanilla-bean price index exists. Sugar price used as a rough stand-in since syrup is majority sugar -- does NOT capture vanilla-specific volatility (e.g. Madagascar crop shocks).
2004-07-01,Vanilla Syrup,8.16571428571429,PSUGAISAUSDM,"IMF Global price of Sugar, No. 11, World (via FRED)",https://fred.stlouisfed.org/series/PSUGAISAUSDM,True,PROXY: no free global vanilla-bean price index exists. Sugar price used as a rough stand-in since syrup is majority sugar -- does NOT capture vanilla-specific volatility (e.g. Madagascar crop shocks).
2004-08-01,Vanilla Syrup,7.87909090909091,PSUGAISAUSDM,"IMF Global price of Sugar, No. 11, World (via FRED)",https://fred.stlouisfed.org/series/PSUGAISAUSDM,True,PROXY: no free global vanilla-bean price index exists. Sugar price used as a rough stand-in since syrup is majority sugar -- does NOT capture vanilla-specific volatility (e.g. Madagascar crop shocks).
2004-09-01,Vanilla Syrup,8.67428571428571,PSUGAISAUSDM,"IMF Global price of Sugar, No. 11, World (via FRED)",https://fred.stlouisfed.org/series/PSUGAISAUSDM,True,PROXY: no free global vanilla-bean price index exists. Sugar price used as a rough stand-in since syrup is majority sugar -- does NOT capture vanilla-specific volatility (e.g. Madagascar crop shocks).
2004-10-01,Vanilla Syrup,8.96380952380952,PSUGAISAUSDM,"IMF Global price of Sugar, No. 11, World (via FRED)",https://fred.stlouisfed.org/series/PSUGAISAUSDM,True,PROXY: no free global vanilla-bean price index exists. Sugar price used as a rough stand-in since syrup is majority sugar -- does NOT capture vanilla-specific volatility (e.g. Madagascar crop shocks).
2004-11-01,Vanilla Syrup,8.666,PSUGAISAUSDM,"IMF Global price of Sugar, No. 11, World (via FRED)",https://fred.stlouisfed.org/series/PSUGAISAUSDM,True,PROXY: no free global vanilla-bean price index exists. Sugar price used as a rough stand-in since syrup is majority sugar -- does NOT capture vanilla-specific volatility (e.g. Madagascar crop shocks).
2004-12-01,Vanilla Syrup,8.79523809523809,PSUGAISAUSDM,"IMF Global price of Sugar, No. 11, World (via FRED)",https://fred.stlouisfed.org/series/PSUGAISAUSDM,True,PROXY: no free global vanilla-bean price index exists. Sugar price used as a rough stand-in since syrup is majority sugar -- does NOT capture vanilla-specific volatility (e.g. Madagascar crop shocks).
2005-01-01,Vanilla Syrup,8.922,PSUGAISAUSDM,"IMF Global price of Sugar, No. 11, World (via FRED)",https://fred.stlouisfed.org/series/PSUGAISAUSDM,True,PROXY: no free global vanilla-bean price index exists. Sugar price used as a rough stand-in since syrup is majority sugar -- does NOT capture vanilla-specific volatility (e.g. Madagascar crop shocks).
2005-02-01,Vanilla Syrup,9.32368421052632,PSUGAISAUSDM,"IMF Global price of Sugar, No. 11, World (via FRED)",https://fred.stlouisfed.org/series/PSUGAISAUSDM,True,PROXY: no free global vanilla-bean price index exists. Sugar price used as a rough stand-in since syrup is majority sugar -- does NOT capture vanilla-specific volatility (e.g. Madagascar crop shocks).
2005-03-01,Vanilla Syrup,8.895,PSUGAISAUSDM,"IMF Global price of Sugar, No. 11, World (via FRED)",https://fred.stlouisfed.org/series/PSUGAISAUSDM,True,PROXY: no free global vanilla-bean price index exists. Sugar price used as a rough stand-in since syrup is majority sugar -- does NOT capture vanilla-specific volatility (e.g. Madagascar crop shocks).
2005-04-01,Vanilla Syrup,8.52571428571428,PSUGAISAUSDM,"IMF Global price of Sugar, No. 11, World (via FRED)",https://fred.stlouisfed.org/series/PSUGAISAUSDM,True,PROXY: no free global vanilla-bean price index exists. Sugar price used as a rough stand-in since syrup is majority sugar -- does NOT capture vanilla-specific volatility (e.g. Madagascar crop shocks).
2005-05-01,Vanilla Syrup,8.51142857142857,PSUGAISAUSDM,"IMF Global price of Sugar, No. 11, World (via FRED)",https://fred.stlouisfed.org/series/PSUGAISAUSDM,True,PROXY: no free global vanilla-bean price index exists. Sugar price used as a rough stand-in since syrup is majority sugar -- does NOT capture vanilla-specific volatility (e.g. Madagascar crop shocks).
2005-06-01,Vanilla Syrup,9.03318181818182,PSUGAISAUSDM,"IMF Global price of Sugar, No. 11, World (via FRED)",https://fred.stlouisfed.org/series/PSUGAISAUSDM,True,PROXY: no free global vanilla-bean price index exists. Sugar price used as a rough stand-in since syrup is majority sugar -- does NOT capture vanilla-specific volatility (e.g. Madagascar crop shocks).
2005-07-01,Vanilla Syrup,9.5975,PSUGAISAUSDM,"IMF Global price of Sugar, No. 11, World (via FRED)",https://fred.stlouisfed.org/series/PSUGAISAUSDM,True,PROXY: no free global vanilla-bean price index exists. Sugar price used as a rough stand-in since syrup is majority sugar -- does NOT capture vanilla-specific volatility (e.g. Madagascar crop shocks).
2005-08-01,Vanilla Syrup,9.87521739130434,PSUGAISAUSDM,"IMF Global price of Sugar, No. 11, World (via FRED)",https://fred.stlouisfed.org/series/PSUGAISAUSDM,True,PROXY: no free global vanilla-bean price index exists. Sugar price used as a rough stand-in since syrup is majority sugar -- does NOT capture vanilla-specific volatility (e.g. Madagascar crop shocks).
2005-09-01,Vanilla Syrup,10.8104761904762,PSUGAISAUSDM,"IMF Global price of Sugar, No. 11, World (via FRED)",https://fred.stlouisfed.org/series/PSUGAISAUSDM,True,PROXY: no free global vanilla-bean price index exists. Sugar price used as a rough stand-in since syrup is majority sugar -- does NOT capture vanilla-specific volatility (e.g. Madagascar crop shocks).
2005-10-01,Vanilla Syrup,11.6128571428571,PSUGAISAUSDM,"IMF Global price of Sugar, No. 11, World (via FRED)",https://fred.stlouisfed.org/series/PSUGAISAUSDM,True,PROXY: no free global vanilla-bean price index exists. Sugar price used as a rough stand-in since syrup is majority sugar -- does NOT capture vanilla-specific volatility (e.g. Madagascar crop shocks).
2005-11-01,Vanilla Syrup,11.808,PSUGAISAUSDM,"IMF Global price of Sugar, No. 11, World (via FRED)",https://fred.stlouisfed.org/series/PSUGAISAUSDM,True,PROXY: no free global vanilla-bean price index exists. Sugar price used as a rough stand-in since syrup is majority sugar -- does NOT capture vanilla-specific volatility (e.g. Madagascar crop shocks).
2005-12-01,Vanilla Syrup,13.9271428571429,PSUGAISAUSDM,"IMF Global price of Sugar, No. 11, World (via FRED)",https://fred.stlouisfed.org/series/PSUGAISAUSDM,True,PROXY: no free global vanilla-bean price index exists. Sugar price used as a rough stand-in since syrup is majority sugar -- does NOT capture vanilla-specific volatility (e.g. Madagascar crop shocks).
2006-01-01,Vanilla Syrup,16.187,PSUGAISAUSDM,"IMF Global price of Sugar, No. 11, World (via FRED)",https://fred.stlouisfed.org/series/PSUGAISAUSDM,True,PROXY: no free global vanilla-bean price index exists. Sugar price used as a rough stand-in since syrup is majority sugar -- does NOT capture vanilla-specific volatility (e.g. Madagascar crop shocks).
2006-02-01,Vanilla Syrup,18.0526315789474,PSUGAISAUSDM,"IMF Global price of Sugar, No. 11, World (via FRED)",https://fred.stlouisfed.org/series/PSUGAISAUSDM,True,PROXY: no free global vanilla-bean price index exists. Sugar price used as a rough stand-in since syrup is majority sugar -- does NOT capture vanilla-specific volatility (e.g. Madagascar crop shocks).
2006-03-01,Vanilla Syrup,17.0821739130435,PSUGAISAUSDM,"IMF Global price of Sugar, No. 11, World (via FRED)",https://fred.stlouisfed.org/series/PSUGAISAUSDM,True,PROXY: no free global vanilla-bean price index exists. Sugar price used as a rough stand-in since syrup is majority sugar -- does NOT capture vanilla-specific volatility (e.g. Madagascar crop shocks).
2006-04-01,Vanilla Syrup,17.4626315789474,PSUGAISAUSDM,"IMF Global price of Sugar, No. 11, World (via FRED)",https://fred.stlouisfed.org/series/PSUGAISAUSDM,True,PROXY: no free global vanilla-bean price index exists. Sugar price used as a rough stand-in since syrup is majority sugar -- does NOT capture vanilla-specific volatility (e.g. Madagascar crop shocks).
2006-05-01,Vanilla Syrup,16.9004545454545,PSUGAISAUSDM,"IMF Global price of Sugar, No. 11, World (via FRED)",https://fred.stlouisfed.org/series/PSUGAISAUSDM,True,PROXY: no free global vanilla-bean price index exists. Sugar price used as a rough stand-in since syrup is majority sugar -- does NOT capture vanilla-specific volatility (e.g. Madagascar crop shocks).
2006-06-01,Vanilla Syrup,15.6890909090909,PSUGAISAUSDM,"IMF Global price of Sugar, No. 11, World (via FRED)",https://fred.stlouisfed.org/series/PSUGAISAUSDM,True,PROXY: no free global vanilla-bean price index exists. Sugar price used as a rough stand-in since syrup is majority sugar -- does NOT capture vanilla-specific volatility (e.g. Madagascar crop shocks).
2006-07-01,Vanilla Syrup,15.857,PSUGAISAUSDM,"IMF Global price of Sugar, No. 11, World (via FRED)",https://fred.stlouisfed.org/series/PSUGAISAUSDM,True,PROXY: no free global vanilla-bean price index exists. Sugar price used as a rough stand-in since syrup is majority sugar -- does NOT capture vanilla-specific volatility (e.g. Madagascar crop shocks).
2006-08-01,Vanilla Syrup,12.9795652173913,PSUGAISAUSDM,"IMF Global price of Sugar, No. 11, World (via FRED)",https://fred.stlouisfed.org/series/PSUGAISAUSDM,True,PROXY: no free global vanilla-bean price index exists. Sugar price used as a rough stand-in since syrup is majority sugar -- does NOT capture vanilla-specific volatility (e.g. Madagascar crop shocks).
2006-09-01,Vanilla Syrup,12.3135,PSUGAISAUSDM,"IMF Global price of Sugar, No. 11, World (via FRED)",https://fred.stlouisfed.org/series/PSUGAISAUSDM,True,PROXY: no free global vanilla-bean price index exists. Sugar price used as a rough stand-in since syrup is majority sugar -- does NOT capture vanilla-specific volatility (e.g. Madagascar crop shocks).
2006-10-01,Vanilla Syrup,11.5090909090909,PSUGAISAUSDM,"IMF Global price of Sugar, No. 11, World (via FRED)",https://fred.stlouisfed.org/series/PSUGAISAUSDM,True,PROXY: no free global vanilla-bean price index exists. Sugar price used as a rough stand-in since syrup is majority sugar -- does NOT capture vanilla-specific volatility (e.g. Madagascar crop shocks).
2006-11-01,Vanilla Syrup,11.732,PSUGAISAUSDM,"IMF Global price of Sugar, No. 11, World (via FRED)",https://fred.stlouisfed.org/series/PSUGAISAUSDM,True,PROXY: no free global vanilla-bean price index exists. Sugar price used as a rough stand-in since syrup is majority sugar -- does NOT capture vanilla-specific volatility (e.g. Madagascar crop shocks).
2006-12-01,Vanilla Syrup,11.6965,PSUGAISAUSDM,"IMF Global price of Sugar, No. 11, World (via FRED)",https://fred.stlouisfed.org/series/PSUGAISAUSDM,True,PROXY: no free global vanilla-bean price index exists. Sugar price used as a rough stand-in since syrup is majority sugar -- does NOT capture vanilla-specific volatility (e.g. Madagascar crop shocks).
2007-01-01,Vanilla Syrup,10.9035,PSUGAISAUSDM,"IMF Global price of Sugar, No. 11, World (via FRED)",https://fred.stlouisfed.org/series/PSUGAISAUSDM,True,PROXY: no free global vanilla-bean price index exists. Sugar price used as a rough stand-in since syrup is majority sugar -- does NOT capture vanilla-specific volatility (e.g. Madagascar crop shocks).
2007-02-01,Vanilla Syrup,10.5715789473684,PSUGAISAUSDM,"IMF Global price of Sugar, No. 11, World (via FRED)",https://fred.stlouisfed.org/series/PSUGAISAUSDM,True,PROXY: no free global vanilla-bean price index exists. Sugar price used as a rough stand-in since syrup is majority sugar -- does NOT capture vanilla-specific volatility (e.g. Madagascar crop shocks).
2007-03-01,Vanilla Syrup,10.3668181818182,PSUGAISAUSDM,"IMF Global price of Sugar, No. 11, World (via FRED)",https://fred.stlouisfed.org/series/PSUGAISAUSDM,True,PROXY: no free global vanilla-bean price index exists. Sugar price used as a rough stand-in since syrup is majority sugar -- does NOT capture vanilla-specific volatility (e.g. Madagascar crop shocks).
2007-04-01,Vanilla Syrup,9.594,PSUGAISAUSDM,"IMF Global price of Sugar, No. 11, World (via FRED)",https://fred.stlouisfed.org/series/PSUGAISAUSDM,True,PROXY: no free global vanilla-bean price index exists. Sugar price used as a rough stand-in since syrup is majority sugar -- does NOT capture vanilla-specific volatility (e.g. Madagascar crop shocks).
2007-05-01,Vanilla Syrup,9.08636363636364,PSUGAISAUSDM,"IMF Global price of Sugar, No. 11, World (via FRED)",https://fred.stlouisfed.org/series/PSUGAISAUSDM,True,PROXY: no free global vanilla-bean price index exists. Sugar price used as a rough stand-in since syrup is majority sugar -- does NOT capture vanilla-specific volatility (e.g. Madagascar crop shocks).
2007-06-01,Vanilla Syrup,9.26047619047619,PSUGAISAUSDM,"IMF Global price of Sugar, No. 11, World (via FRED)",https://fred.stlouisfed.org/series/PSUGAISAUSDM,True,PROXY: no free global vanilla-bean price index exists. Sugar price used as a rough stand-in since syrup is majority sugar -- does NOT capture vanilla-specific volatility (e.g. Madagascar crop shocks).
2007-07-01,Vanilla Syrup,9.89571428571428,PSUGAISAUSDM,"IMF Global price of Sugar, No. 11, World (via FRED)",https://fred.stlouisfed.org/series/PSUGAISAUSDM,True,PROXY: no free global vanilla-bean price index exists. Sugar price used as a rough stand-in since syrup is majority sugar -- does NOT capture vanilla-specific volatility (e.g. Madagascar crop shocks).
2007-08-01,Vanilla Syrup,9.61304347826087,PSUGAISAUSDM,"IMF Global price of Sugar, No. 11, World (via FRED)",https://fred.stlouisfed.org/series/PSUGAISAUSDM,True,PROXY: no free global vanilla-bean price index exists. Sugar price used as a rough stand-in since syrup is majority sugar -- does NOT capture vanilla-specific volatility (e.g. Madagascar crop shocks).
2007-09-01,Vanilla Syrup,9.85105263157895,PSUGAISAUSDM,"IMF Global price of Sugar, No. 11, World (via FRED)",https://fred.stlouisfed.org/series/PSUGAISAUSDM,True,PROXY: no free global vanilla-bean price index exists. Sugar price used as a rough stand-in since syrup is majority sugar -- does NOT capture vanilla-specific volatility (e.g. Madagascar crop shocks).
2007-10-01,Vanilla Syrup,9.99478260869565,PSUGAISAUSDM,"IMF Global price of Sugar, No. 11, World (via FRED)",https://fred.stlouisfed.org/series/PSUGAISAUSDM,True,PROXY: no free global vanilla-bean price index exists. Sugar price used as a rough stand-in since syrup is majority sugar -- does NOT capture vanilla-specific volatility (e.g. Madagascar crop shocks).
2007-11-01,Vanilla Syrup,9.896,PSUGAISAUSDM,"IMF Global price of Sugar, No. 11, World (via FRED)",https://fred.stlouisfed.org/series/PSUGAISAUSDM,True,PROXY: no free global vanilla-bean price index exists. Sugar price used as a rough stand-in since syrup is majority sugar -- does NOT capture vanilla-specific volatility (e.g. Madagascar crop shocks).
2007-12-01,Vanilla Syrup,10.4463157894737,PSUGAISAUSDM,"IMF Global price of Sugar, No. 11, World (via FRED)",https://fred.stlouisfed.org/series/PSUGAISAUSDM,True,PROXY: no free global vanilla-bean price index exists. Sugar price used as a rough stand-in since syrup is majority sugar -- does NOT capture vanilla-specific volatility (e.g. Madagascar crop shocks).
2008-01-01,Vanilla Syrup,11.6595238095238,PSUGAISAUSDM,"IMF Global price of Sugar, No. 11, World (via FRED)",https://fred.stlouisfed.org/series/PSUGAISAUSDM,True,PROXY: no free global vanilla-bean price index exists. Sugar price used as a rough stand-in since syrup is majority sugar -- does NOT capture vanilla-specific volatility (e.g. Madagascar crop shocks).
2008-02-01,Vanilla Syrup,13.6075,PSUGAISAUSDM,"IMF Global price of Sugar, No. 11, World (via FRED)",https://fred.stlouisfed.org/series/PSUGAISAUSDM,True,PROXY: no free global vanilla-bean price index exists. Sugar price used as a rough stand-in since syrup is majority sugar -- does NOT capture vanilla-specific volatility (e.g. Madagascar crop shocks).
2008-03-01,Vanilla Syrup,12.8765,PSUGAISAUSDM,"IMF Global price of Sugar, No. 11, World (via FRED)",https://fred.stlouisfed.org/series/PSUGAISAUSDM,True,PROXY: no free global vanilla-bean price index exists. Sugar price used as a rough stand-in since syrup is majority sugar -- does NOT capture vanilla-specific volatility (e.g. Madagascar crop shocks).
2008-04-01,Vanilla Syrup,12.5227272727273,PSUGAISAUSDM,"IMF Global price of Sugar, No. 11, World (via FRED)",https://fred.stlouisfed.org/series/PSUGAISAUSDM,True,PROXY: no free global vanilla-bean price index exists. Sugar price used as a rough stand-in since syrup is majority sugar -- does NOT capture vanilla-specific volatility (e.g. Madagascar crop shocks).
2008-05-01,Vanilla Syrup,10.9347619047619,PSUGAISAUSDM,"IMF Global price of Sugar, No. 11, World (via FRED)",https://fred.stlouisfed.org/series/PSUGAISAUSDM,True,PROXY: no free global vanilla-bean price index exists. Sugar price used as a rough stand-in since syrup is majority sugar -- does NOT capture vanilla-specific volatility (e.g. Madagascar crop shocks).
2008-06-01,Vanilla Syrup,12.0652380952381,PSUGAISAUSDM,"IMF Global price of Sugar, No. 11, World (via FRED)",https://fred.stlouisfed.org/series/PSUGAISAUSDM,True,PROXY: no free global vanilla-bean price index exists. Sugar price used as a rough stand-in since syrup is majority sugar -- does NOT capture vanilla-specific volatility (e.g. Madagascar crop shocks).
2008-07-01,Vanilla Syrup,13.2077272727273,PSUGAISAUSDM,"IMF Global price of Sugar, No. 11, World (via FRED)",https://fred.stlouisfed.org/series/PSUGAISAUSDM,True,PROXY: no free global vanilla-bean price index exists. Sugar price used as a rough stand-in since syrup is majority sugar -- does NOT capture vanilla-specific volatility (e.g. Madagascar crop shocks).
2008-08-01,Vanilla Syrup,13.6814285714286,PSUGAISAUSDM,"IMF Global price of Sugar, No. 11, World (via FRED)",https://fred.stlouisfed.org/series/PSUGAISAUSDM,True,PROXY: no free global vanilla-bean price index exists. Sugar price used as a rough stand-in since syrup is majority sugar -- does NOT capture vanilla-specific volatility (e.g. Madagascar crop shocks).
2008-09-01,Vanilla Syrup,14.0204761904762,PSUGAISAUSDM,"IMF Global price of Sugar, No. 11, World (via FRED)",https://fred.stlouisfed.org/series/PSUGAISAUSDM,True,PROXY: no free global vanilla-bean price index exists. Sugar price used as a rough stand-in since syrup is majority sugar -- does NOT capture vanilla-specific volatility (e.g. Madagascar crop shocks).
2008-10-01,Vanilla Syrup,11.7021739130435,PSUGAISAUSDM,"IMF Global price of Sugar, No. 11, World (via FRED)",https://fred.stlouisfed.org/series/PSUGAISAUSDM,True,PROXY: no free global vanilla-bean price index exists. Sugar price used as a rough stand-in since syrup is majority sugar -- does NOT capture vanilla-specific volatility (e.g. Madagascar crop shocks).
2008-11-01,Vanilla Syrup,11.8284210526316,PSUGAISAUSDM,"IMF Global price of Sugar, No. 11, World (via FRED)",https://fred.stlouisfed.org/series/PSUGAISAUSDM,True,PROXY: no free global vanilla-bean price index exists. Sugar price used as a rough stand-in since syrup is majority sugar -- does NOT capture vanilla-specific volatility (e.g. Madagascar crop shocks).
2008-12-01,Vanilla Syrup,11.32,PSUGAISAUSDM,"IMF Global price of Sugar, No. 11, World (via FRED)",https://fred.stlouisfed.org/series/PSUGAISAUSDM,True,PROXY: no free global vanilla-bean price index exists. Sugar price used as a rough stand-in since syrup is majority sugar -- does NOT capture vanilla-specific volatility (e.g. Madagascar crop shocks).
2009-01-01,Vanilla Syrup,12.244,PSUGAISAUSDM,"IMF Global price of Sugar, No. 11, World (via FRED)",https://fred.stlouisfed.org/series/PSUGAISAUSDM,True,PROXY: no free global vanilla-bean price index exists. Sugar price used as a rough stand-in since syrup is majority sugar -- does NOT capture vanilla-specific volatility (e.g. Madagascar crop shocks).
2009-02-01,Vanilla Syrup,13.3121052631579,PSUGAISAUSDM,"IMF Global price of Sugar, No. 11, World (via FRED)",https://fred.stlouisfed.org/series/PSUGAISAUSDM,True,PROXY: no free global vanilla-bean price index exists. Sugar price used as a rough stand-in since syrup is majority sugar -- does NOT capture vanilla-specific volatility (e.g. Madagascar crop shocks).
2009-03-01,Vanilla Syrup,12.9281818181818,PSUGAISAUSDM,"IMF Global price of Sugar, No. 11, World (via FRED)",https://fred.stlouisfed.org/series/PSUGAISAUSDM,True,PROXY: no free global vanilla-bean price index exists. Sugar price used as a rough stand-in since syrup is majority sugar -- does NOT capture vanilla-specific volatility (e.g. Madagascar crop shocks).
2009-04-01,Vanilla Syrup,13.4695238095238,PSUGAISAUSDM,"IMF Global price of Sugar, No. 11, World (via FRED)",https://fred.stlouisfed.org/series/PSUGAISAUSDM,True,PROXY: no free global vanilla-bean price index exists. Sugar price used as a rough stand-in since syrup is majority sugar -- does NOT capture vanilla-specific volatility (e.g. Madagascar crop shocks).
2009-05-01,Vanilla Syrup,15.466,PSUGAISAUSDM,"IMF Global price of Sugar, No. 11, World (via FRED)",https://fred.stlouisfed.org/series/PSUGAISAUSDM,True,PROXY: no free global vanilla-bean price index exists. Sugar price used as a rough stand-in since syrup is majority sugar -- does NOT capture vanilla-specific volatility (e.g. Madagascar crop shocks).
2009-06-01,Vanilla Syrup,16.5759090909091,PSUGAISAUSDM,"IMF Global price of Sugar, No. 11, World (via FRED)",https://fred.stlouisfed.org/series/PSUGAISAUSDM,True,PROXY: no free global vanilla-bean price index exists. Sugar price used as a rough stand-in since syrup is majority sugar -- does NOT capture vanilla-specific volatility (e.g. Madagascar crop shocks).
2009-07-01,Vanilla Syrup,17.8045454545455,PSUGAISAUSDM,"IMF Global price of Sugar, No. 11, World (via FRED)",https://fred.stlouisfed.org/series/PSUGAISAUSDM,True,PROXY: no free global vanilla-bean price index exists. Sugar price used as a rough stand-in since syrup is majority sugar -- does NOT capture vanilla-specific volatility (e.g. Madagascar crop shocks).
2009-08-01,Vanilla Syrup,21.72,PSUGAISAUSDM,"IMF Global price of Sugar, No. 11, World (via FRED)",https://fred.stlouisfed.org/series/PSUGAISAUSDM,True,PROXY: no free global vanilla-bean price index exists. Sugar price used as a rough stand-in since syrup is majority sugar -- does NOT capture vanilla-specific volatility (e.g. Madagascar crop shocks).
2009-09-01,Vanilla Syrup,23.4514285714286,PSUGAISAUSDM,"IMF Global price of Sugar, No. 11, World (via FRED)",https://fred.stlouisfed.org/series/PSUGAISAUSDM,True,PROXY: no free global vanilla-bean price index exists. Sugar price used as a rough stand-in since syrup is majority sugar -- does NOT capture vanilla-specific volatility (e.g. Madagascar crop shocks).
2009-10-01,Vanilla Syrup,23.1609090909091,PSUGAISAUSDM,"IMF Global price of Sugar, No. 11, World (via FRED)",https://fred.stlouisfed.org/series/PSUGAISAUSDM,True,PROXY: no free global vanilla-bean price index exists. Sugar price used as a rough stand-in since syrup is majority sugar -- does NOT capture vanilla-specific volatility (e.g. Madagascar crop shocks).
2009-11-01,Vanilla Syrup,22.769,PSUGAISAUSDM,"IMF Global price of Sugar, No. 11, World (via FRED)",https://fred.stlouisfed.org/series/PSUGAISAUSDM,True,PROXY: no free global vanilla-bean price index exists. Sugar price used as a rough stand-in since syrup is majority sugar -- does NOT capture vanilla-specific volatility (e.g. Madagascar crop shocks).
2009-12-01,Vanilla Syrup,24.9027272727273,PSUGAISAUSDM,"IMF Global price of Sugar, No. 11, World (via FRED)",https://fred.stlouisfed.org/series/PSUGAISAUSDM,True,PROXY: no free global vanilla-bean price index exists. Sugar price used as a rough stand-in since syrup is majority sugar -- does NOT capture vanilla-specific volatility (e.g. Madagascar crop shocks).
2010-01-01,Vanilla Syrup,21.90526315789474,PSUGAISAUSDM,"IMF Global price of Sugar, No. 11, World (via FRED)",https://fred.stlouisfed.org/series/PSUGAISAUSDM,True,PROXY: no free global vanilla-bean price index exists. Sugar price used as a rough stand-in since syrup is majority sugar -- does NOT capture vanilla-specific volatility (e.g. Madagascar crop shocks).
2010-02-01,Vanilla Syrup,21.97894736842105,PSUGAISAUSDM,"IMF Global price of Sugar, No. 11, World (via FRED)",https://fred.stlouisfed.org/series/PSUGAISAUSDM,True,PROXY: no free global vanilla-bean price index exists. Sugar price used as a rough stand-in since syrup is majority sugar -- does NOT capture vanilla-specific volatility (e.g. Madagascar crop shocks).
2010-03-01,Vanilla Syrup,18.14782608695652,PSUGAISAUSDM,"IMF Global price of Sugar, No. 11, World (via FRED)",https://fred.stlouisfed.org/series/PSUGAISAUSDM,True,PROXY: no free global vanilla-bean price index exists. Sugar price used as a rough stand-in since syrup is majority sugar -- does NOT capture vanilla-specific volatility (e.g. Madagascar crop shocks).
2010-04-01,Vanilla Syrup,16.88571428571429,PSUGAISAUSDM,"IMF Global price of Sugar, No. 11, World (via FRED)",https://fred.stlouisfed.org/series/PSUGAISAUSDM,True,PROXY: no free global vanilla-bean price index exists. Sugar price used as a rough stand-in since syrup is majority sugar -- does NOT capture vanilla-specific volatility (e.g. Madagascar crop shocks).
2010-05-01,Vanilla Syrup,15.105,PSUGAISAUSDM,"IMF Global price of Sugar, No. 11, World (via FRED)",https://fred.stlouisfed.org/series/PSUGAISAUSDM,True,PROXY: no free global vanilla-bean price index exists. Sugar price used as a rough stand-in since syrup is majority sugar -- does NOT capture vanilla-specific volatility (e.g. Madagascar crop shocks).
2010-06-01,Vanilla Syrup,16.3,PSUGAISAUSDM,"IMF Global price of Sugar, No. 11, World (via FRED)",https://fred.stlouisfed.org/series/PSUGAISAUSDM,True,PROXY: no free global vanilla-bean price index exists. Sugar price used as a rough stand-in since syrup is majority sugar -- does NOT capture vanilla-specific volatility (e.g. Madagascar crop shocks).
2010-07-01,Vanilla Syrup,17.69,PSUGAISAUSDM,"IMF Global price of Sugar, No. 11, World (via FRED)",https://fred.stlouisfed.org/series/PSUGAISAUSDM,True,PROXY: no free global vanilla-bean price index exists. Sugar price used as a rough stand-in since syrup is majority sugar -- does NOT capture vanilla-specific volatility (e.g. Madagascar crop shocks).
2010-08-01,Vanilla Syrup,18.60363636363636,PSUGAISAUSDM,"IMF Global price of Sugar, No. 11, World (via FRED)",https://fred.stlouisfed.org/series/PSUGAISAUSDM,True,PROXY: no free global vanilla-bean price index exists. Sugar price used as a rough stand-in since syrup is majority sugar -- does NOT capture vanilla-specific volatility (e.g. Madagascar crop shocks).
2010-09-01,Vanilla Syrup,22.66952380952381,PSUGAISAUSDM,"IMF Global price of Sugar, No. 11, World (via FRED)",https://fred.stlouisfed.org/series/PSUGAISAUSDM,True,PROXY: no free global vanilla-bean price index exists. Sugar price used as a rough stand-in since syrup is majority sugar -- does NOT capture vanilla-specific volatility (e.g. Madagascar crop shocks).
2010-10-01,Vanilla Syrup,26.94380952380952,PSUGAISAUSDM,"IMF Global price of Sugar, No. 11, World (via FRED)",https://fred.stlouisfed.org/series/PSUGAISAUSDM,True,PROXY: no free global vanilla-bean price index exists. Sugar price used as a rough stand-in since syrup is majority sugar -- does NOT capture vanilla-specific volatility (e.g. Madagascar crop shocks).
2010-11-01,Vanilla Syrup,26.42047619047619,PSUGAISAUSDM,"IMF Global price of Sugar, No. 11, World (via FRED)",https://fred.stlouisfed.org/series/PSUGAISAUSDM,True,PROXY: no free global vanilla-bean price index exists. Sugar price used as a rough stand-in since syrup is majority sugar -- does NOT capture vanilla-specific volatility (e.g. Madagascar crop shocks).
2010-12-01,Vanilla Syrup,28.04090909090909,PSUGAISAUSDM,"IMF Global price of Sugar, No. 11, World (via FRED)",https://fred.stlouisfed.org/series/PSUGAISAUSDM,True,PROXY: no free global vanilla-bean price index exists. Sugar price used as a rough stand-in since syrup is majority sugar -- does NOT capture vanilla-specific volatility (e.g. Madagascar crop shocks).
2011-01-01,Vanilla Syrup,29.73684210526316,PSUGAISAUSDM,"IMF Global price of Sugar, No. 11, World (via FRED)",https://fred.stlouisfed.org/series/PSUGAISAUSDM,True,PROXY: no free global vanilla-bean price index exists. Sugar price used as a rough stand-in since syrup is majority sugar -- does NOT capture vanilla-specific volatility (e.g. Madagascar crop shocks).
2011-02-01,Vanilla Syrup,29.30631578947368,PSUGAISAUSDM,"IMF Global price of Sugar, No. 11, World (via FRED)",https://fred.stlouisfed.org/series/PSUGAISAUSDM,True,PROXY: no free global vanilla-bean price index exists. Sugar price used as a rough stand-in since syrup is majority sugar -- does NOT capture vanilla-specific volatility (e.g. Madagascar crop shocks).
2011-03-01,Vanilla Syrup,25.9,PSUGAISAUSDM,"IMF Global price of Sugar, No. 11, World (via FRED)",https://fred.stlouisfed.org/series/PSUGAISAUSDM,True,PROXY: no free global vanilla-bean price index exists. Sugar price used as a rough stand-in since syrup is majority sugar -- does NOT capture vanilla-specific volatility (e.g. Madagascar crop shocks).
2011-04-01,Vanilla Syrup,23.903,PSUGAISAUSDM,"IMF Global price of Sugar, No. 11, World (via FRED)",https://fred.stlouisfed.org/series/PSUGAISAUSDM,True,PROXY: no free global vanilla-bean price index exists. Sugar price used as a rough stand-in since syrup is majority sugar -- does NOT capture vanilla-specific volatility (e.g. Madagascar crop shocks).
2011-05-01,Vanilla Syrup,21.84095238095238,PSUGAISAUSDM,"IMF Global price of Sugar, No. 11, World (via FRED)",https://fred.stlouisfed.org/series/PSUGAISAUSDM,True,PROXY: no free global vanilla-bean price index exists. Sugar price used as a rough stand-in since syrup is majority sugar -- does NOT capture vanilla-specific volatility (e.g. Madagascar crop shocks).
2011-06-01,Vanilla Syrup,24.92454545454545,PSUGAISAUSDM,"IMF Global price of Sugar, No. 11, World (via FRED)",https://fred.stlouisfed.org/series/PSUGAISAUSDM,True,PROXY: no free global vanilla-bean price index exists. Sugar price used as a rough stand-in since syrup is majority sugar -- does NOT capture vanilla-specific volatility (e.g. Madagascar crop shocks).
2011-07-01,Vanilla Syrup,29.471,PSUGAISAUSDM,"IMF Global price of Sugar, No. 11, World (via FRED)",https://fred.stlouisfed.org/series/PSUGAISAUSDM,True,PROXY: no free global vanilla-bean price index exists. Sugar price used as a rough stand-in since syrup is majority sugar -- does NOT capture vanilla-specific volatility (e.g. Madagascar crop shocks).
2011-08-01,Vanilla Syrup,28.87434782608696,PSUGAISAUSDM,"IMF Global price of Sugar, No. 11, World (via FRED)",https://fred.stlouisfed.org/series/PSUGAISAUSDM,True,PROXY: no free global vanilla-bean price index exists. Sugar price used as a rough stand-in since syrup is majority sugar -- does NOT capture vanilla-specific volatility (e.g. Madagascar crop shocks).
2011-09-01,Vanilla Syrup,26.63857142857143,PSUGAISAUSDM,"IMF Global price of Sugar, No. 11, World (via FRED)",https://fred.stlouisfed.org/series/PSUGAISAUSDM,True,PROXY: no free global vanilla-bean price index exists. Sugar price used as a rough stand-in since syrup is majority sugar -- does NOT capture vanilla-specific volatility (e.g. Madagascar crop shocks).
2011-10-01,Vanilla Syrup,26.29857142857143,PSUGAISAUSDM,"IMF Global price of Sugar, No. 11, World (via FRED)",https://fred.stlouisfed.org/series/PSUGAISAUSDM,True,PROXY: no free global vanilla-bean price index exists. Sugar price used as a rough stand-in since syrup is majority sugar -- does NOT capture vanilla-specific volatility (e.g. Madagascar crop shocks).
2011-11-01,Vanilla Syrup,24.51761904761905,PSUGAISAUSDM,"IMF Global price of Sugar, No. 11, World (via FRED)",https://fred.stlouisfed.org/series/PSUGAISAUSDM,True,PROXY: no free global vanilla-bean price index exists. Sugar price used as a rough stand-in since syrup is majority sugar -- does NOT capture vanilla-specific volatility (e.g. Madagascar crop shocks).
2011-12-01,Vanilla Syrup,23.4152380952381,PSUGAISAUSDM,"IMF Global price of Sugar, No. 11, World (via FRED)",https://fred.stlouisfed.org/series/PSUGAISAUSDM,True,PROXY: no free global vanilla-bean price index exists. Sugar price used as a rough stand-in since syrup is majority sugar -- does NOT capture vanilla-specific volatility (e.g. Madagascar crop shocks).
2012-01-01,Vanilla Syrup,24.0205,PSUGAISAUSDM,"IMF Global price of Sugar, No. 11, World (via FRED)",https://fred.stlouisfed.org/series/PSUGAISAUSDM,True,PROXY: no free global vanilla-bean price index exists. Sugar price used as a rough stand-in since syrup is majority sugar -- does NOT capture vanilla-specific volatility (e.g. Madagascar crop shocks).
2012-02-01,Vanilla Syrup,23.416,PSUGAISAUSDM,"IMF Global price of Sugar, No. 11, World (via FRED)",https://fred.stlouisfed.org/series/PSUGAISAUSDM,True,PROXY: no free global vanilla-bean price index exists. Sugar price used as a rough stand-in since syrup is majority sugar -- does NOT capture vanilla-specific volatility (e.g. Madagascar crop shocks).
2012-03-01,Vanilla Syrup,23.78818181818182,PSUGAISAUSDM,"IMF Global price of Sugar, No. 11, World (via FRED)",https://fred.stlouisfed.org/series/PSUGAISAUSDM,True,PROXY: no free global vanilla-bean price index exists. Sugar price used as a rough stand-in since syrup is majority sugar -- does NOT capture vanilla-specific volatility (e.g. Madagascar crop shocks).
2012-04-01,Vanilla Syrup,22.477,PSUGAISAUSDM,"IMF Global price of Sugar, No. 11, World (via FRED)",https://fred.stlouisfed.org/series/PSUGAISAUSDM,True,PROXY: no free global vanilla-bean price index exists. Sugar price used as a rough stand-in since syrup is majority sugar -- does NOT capture vanilla-specific volatility (e.g. Madagascar crop shocks).
2012-05-01,Vanilla Syrup,20.26545454545455,PSUGAISAUSDM,"IMF Global price of Sugar, No. 11, World (via FRED)",https://fred.stlouisfed.org/series/PSUGAISAUSDM,True,PROXY: no free global vanilla-bean price index exists. Sugar price used as a rough stand-in since syrup is majority sugar -- does NOT capture vanilla-specific volatility (e.g. Madagascar crop shocks).
2012-06-01,Vanilla Syrup,20.09809523809524,PSUGAISAUSDM,"IMF Global price of Sugar, No. 11, World (via FRED)",https://fred.stlouisfed.org/series/PSUGAISAUSDM,True,PROXY: no free global vanilla-bean price index exists. Sugar price used as a rough stand-in since syrup is majority sugar -- does NOT capture vanilla-specific volatility (e.g. Madagascar crop shocks).
2012-07-01,Vanilla Syrup,22.75714285714286,PSUGAISAUSDM,"IMF Global price of Sugar, No. 11, World (via FRED)",https://fred.stlouisfed.org/series/PSUGAISAUSDM,True,PROXY: no free global vanilla-bean price index exists. Sugar price used as a rough stand-in since syrup is majority sugar -- does NOT capture vanilla-specific volatility (e.g. Madagascar crop shocks).
2012-08-01,Vanilla Syrup,20.56130434782609,PSUGAISAUSDM,"IMF Global price of Sugar, No. 11, World (via FRED)",https://fred.stlouisfed.org/series/PSUGAISAUSDM,True,PROXY: no free global vanilla-bean price index exists. Sugar price used as a rough stand-in since syrup is majority sugar -- does NOT capture vanilla-specific volatility (e.g. Madagascar crop shocks).
2012-09-01,Vanilla Syrup,20.20631578947368,PSUGAISAUSDM,"IMF Global price of Sugar, No. 11, World (via FRED)",https://fred.stlouisfed.org/series/PSUGAISAUSDM,True,PROXY: no free global vanilla-bean price index exists. Sugar price used as a rough stand-in since syrup is majority sugar -- does NOT capture vanilla-specific volatility (e.g. Madagascar crop shocks).
2012-10-01,Vanilla Syrup,20.38869565217391,PSUGAISAUSDM,"IMF Global price of Sugar, No. 11, World (via FRED)",https://fred.stlouisfed.org/series/PSUGAISAUSDM,True,PROXY: no free global vanilla-bean price index exists. Sugar price used as a rough stand-in since syrup is majority sugar -- does NOT capture vanilla-specific volatility (e.g. Madagascar crop shocks).
2012-11-01,Vanilla Syrup,19.31333333333333,PSUGAISAUSDM,"IMF Global price of Sugar, No. 11, World (via FRED)",https://fred.stlouisfed.org/series/PSUGAISAUSDM,True,PROXY: no free global vanilla-bean price index exists. Sugar price used as a rough stand-in since syrup is majority sugar -- does NOT capture vanilla-specific volatility (e.g. Madagascar crop shocks).
2012-12-01,Vanilla Syrup,19.202,PSUGAISAUSDM,"IMF Global price of Sugar, No. 11, World (via FRED)",https://fred.stlouisfed.org/series/PSUGAISAUSDM,True,PROXY: no free global vanilla-bean price index exists. Sugar price used as a rough stand-in since syrup is majority sugar -- does NOT capture vanilla-specific volatility (e.g. Madagascar crop shocks).
2013-01-01,Vanilla Syrup,18.84571428571429,PSUGAISAUSDM,"IMF Global price of Sugar, No. 11, World (via FRED)",https://fred.stlouisfed.org/series/PSUGAISAUSDM,True,PROXY: no free global vanilla-bean price index exists. Sugar price used as a rough stand-in since syrup is majority sugar -- does NOT capture vanilla-specific volatility (e.g. Madagascar crop shocks).
2013-02-01,Vanilla Syrup,18.20789473684211,PSUGAISAUSDM,"IMF Global price of Sugar, No. 11, World (via FRED)",https://fred.stlouisfed.org/series/PSUGAISAUSDM,True,PROXY: no free global vanilla-bean price index exists. Sugar price used as a rough stand-in since syrup is majority sugar -- does NOT capture vanilla-specific volatility (e.g. Madagascar crop shocks).
2013-03-01,Vanilla Syrup,18.339,PSUGAISAUSDM,"IMF Global price of Sugar, No. 11, World (via FRED)",https://fred.stlouisfed.org/series/PSUGAISAUSDM,True,PROXY: no free global vanilla-bean price index exists. Sugar price used as a rough stand-in since syrup is majority sugar -- does NOT capture vanilla-specific volatility (e.g. Madagascar crop shocks).
2013-04-01,Vanilla Syrup,17.66227272727273,PSUGAISAUSDM,"IMF Global price of Sugar, No. 11, World (via FRED)",https://fred.stlouisfed.org/series/PSUGAISAUSDM,True,PROXY: no free global vanilla-bean price index exists. Sugar price used as a rough stand-in since syrup is majority sugar -- does NOT capture vanilla-specific volatility (e.g. Madagascar crop shocks).
2013-05-01,Vanilla Syrup,17.42636363636364,PSUGAISAUSDM,"IMF Global price of Sugar, No. 11, World (via FRED)",https://fred.stlouisfed.org/series/PSUGAISAUSDM,True,PROXY: no free global vanilla-bean price index exists. Sugar price used as a rough stand-in since syrup is majority sugar -- does NOT capture vanilla-specific volatility (e.g. Madagascar crop shocks).
2013-06-01,Vanilla Syrup,16.956,PSUGAISAUSDM,"IMF Global price of Sugar, No. 11, World (via FRED)",https://fred.stlouisfed.org/series/PSUGAISAUSDM,True,PROXY: no free global vanilla-bean price index exists. Sugar price used as a rough stand-in since syrup is majority sugar -- does NOT capture vanilla-specific volatility (e.g. Madagascar crop shocks).
2013-07-01,Vanilla Syrup,17.09636363636364,PSUGAISAUSDM,"IMF Global price of Sugar, No. 11, World (via FRED)",https://fred.stlouisfed.org/series/PSUGAISAUSDM,True,PROXY: no free global vanilla-bean price index exists. Sugar price used as a rough stand-in since syrup is majority sugar -- does NOT capture vanilla-specific volatility (e.g. Madagascar crop shocks).
2013-08-01,Vanilla Syrup,17.24409090909091,PSUGAISAUSDM,"IMF Global price of Sugar, No. 11, World (via FRED)",https://fred.stlouisfed.org/series/PSUGAISAUSDM,True,PROXY: no free global vanilla-bean price index exists. Sugar price used as a rough stand-in since syrup is majority sugar -- does NOT capture vanilla-specific volatility (e.g. Madagascar crop shocks).
2013-09-01,Vanilla Syrup,17.619,PSUGAISAUSDM,"IMF Global price of Sugar, No. 11, World (via FRED)",https://fred.stlouisfed.org/series/PSUGAISAUSDM,True,PROXY: no free global vanilla-bean price index exists. Sugar price used as a rough stand-in since syrup is majority sugar -- does NOT capture vanilla-specific volatility (e.g. Madagascar crop shocks).
2013-10-01,Vanilla Syrup,18.81260869565217,PSUGAISAUSDM,"IMF Global price of Sugar, No. 11, World (via FRED)",https://fred.stlouisfed.org/series/PSUGAISAUSDM,True,PROXY: no free global vanilla-bean price index exists. Sugar price used as a rough stand-in since syrup is majority sugar -- does NOT capture vanilla-specific volatility (e.g. Madagascar crop shocks).
2013-11-01,Vanilla Syrup,17.7485,PSUGAISAUSDM,"IMF Global price of Sugar, No. 11, World (via FRED)",https://fred.stlouisfed.org/series/PSUGAISAUSDM,True,PROXY: no free global vanilla-bean price index exists. Sugar price used as a rough stand-in since syrup is majority sugar -- does NOT capture vanilla-specific volatility (e.g. Madagascar crop shocks).
2013-12-01,Vanilla Syrup,16.5447619047619,PSUGAISAUSDM,"IMF Global price of Sugar, No. 11, World (via FRED)",https://fred.stlouisfed.org/series/PSUGAISAUSDM,True,PROXY: no free global vanilla-bean price index exists. Sugar price used as a rough stand-in since syrup is majority sugar -- does NOT capture vanilla-specific volatility (e.g. Madagascar crop shocks).
2014-01-01,Vanilla Syrup,15.70761904761905,PSUGAISAUSDM,"IMF Global price of Sugar, No. 11, World (via FRED)",https://fred.stlouisfed.org/series/PSUGAISAUSDM,True,PROXY: no free global vanilla-bean price index exists. Sugar price used as a rough stand-in since syrup is majority sugar -- does NOT capture vanilla-specific volatility (e.g. Madagascar crop shocks).
2014-02-01,Vanilla Syrup,16.88526315789474,PSUGAISAUSDM,"IMF Global price of Sugar, No. 11, World (via FRED)",https://fred.stlouisfed.org/series/PSUGAISAUSDM,True,PROXY: no free global vanilla-bean price index exists. Sugar price used as a rough stand-in since syrup is majority sugar -- does NOT capture vanilla-specific volatility (e.g. Madagascar crop shocks).
2014-03-01,Vanilla Syrup,17.88809523809524,PSUGAISAUSDM,"IMF Global price of Sugar, No. 11, World (via FRED)",https://fred.stlouisfed.org/series/PSUGAISAUSDM,True,PROXY: no free global vanilla-bean price index exists. Sugar price used as a rough stand-in since syrup is majority sugar -- does NOT capture vanilla-specific volatility (e.g. Madagascar crop shocks).
2014-04-01,Vanilla Syrup,18.2147619047619,PSUGAISAUSDM,"IMF Global price of Sugar, No. 11, World (via FRED)",https://fred.stlouisfed.org/series/PSUGAISAUSDM,True,PROXY: no free global vanilla-bean price index exists. Sugar price used as a rough stand-in since syrup is majority sugar -- does NOT capture vanilla-specific volatility (e.g. Madagascar crop shocks).
2014-05-01,Vanilla Syrup,18.24047619047619,PSUGAISAUSDM,"IMF Global price of Sugar, No. 11, World (via FRED)",https://fred.stlouisfed.org/series/PSUGAISAUSDM,True,PROXY: no free global vanilla-bean price index exists. Sugar price used as a rough stand-in since syrup is majority sugar -- does NOT capture vanilla-specific volatility (e.g. Madagascar crop shocks).
2014-06-01,Vanilla Syrup,18.24190476190476,PSUGAISAUSDM,"IMF Global price of Sugar, No. 11, World (via FRED)",https://fred.stlouisfed.org/series/PSUGAISAUSDM,True,PROXY: no free global vanilla-bean price index exists. Sugar price used as a rough stand-in since syrup is majority sugar -- does NOT capture vanilla-specific volatility (e.g. Madagascar crop shocks).
2014-07-01,Vanilla Syrup,18.73045454545455,PSUGAISAUSDM,"IMF Global price of Sugar, No. 11, World (via FRED)",https://fred.stlouisfed.org/series/PSUGAISAUSDM,True,PROXY: no free global vanilla-bean price index exists. Sugar price used as a rough stand-in since syrup is majority sugar -- does NOT capture vanilla-specific volatility (e.g. Madagascar crop shocks).
2014-08-01,Vanilla Syrup,17.7247619047619,PSUGAISAUSDM,"IMF Global price of Sugar, No. 11, World (via FRED)",https://fred.stlouisfed.org/series/PSUGAISAUSDM,True,PROXY: no free global vanilla-bean price index exists. Sugar price used as a rough stand-in since syrup is majority sugar -- does NOT capture vanilla-specific volatility (e.g. Madagascar crop shocks).
2014-09-01,Vanilla Syrup,16.54428571428571,PSUGAISAUSDM,"IMF Global price of Sugar, No. 11, World (via FRED)",https://fred.stlouisfed.org/series/PSUGAISAUSDM,True,PROXY: no free global vanilla-bean price index exists. Sugar price used as a rough stand-in since syrup is majority sugar -- does NOT capture vanilla-specific volatility (e.g. Madagascar crop shocks).
2014-10-01,Vanilla Syrup,16.47565217391304,PSUGAISAUSDM,"IMF Global price of Sugar, No. 11, World (via FRED)",https://fred.stlouisfed.org/series/PSUGAISAUSDM,True,PROXY: no free global vanilla-bean price index exists. Sugar price used as a rough stand-in since syrup is majority sugar -- does NOT capture vanilla-specific volatility (e.g. Madagascar crop shocks).
2014-11-01,Vanilla Syrup,15.87894736842105,PSUGAISAUSDM,"IMF Global price of Sugar, No. 11, World (via FRED)",https://fred.stlouisfed.org/series/PSUGAISAUSDM,True,PROXY: no free global vanilla-bean price index exists. Sugar price used as a rough stand-in since syrup is majority sugar -- does NOT capture vanilla-specific volatility (e.g. Madagascar crop shocks).
2014-12-01,Vanilla Syrup,14.99227272727273,PSUGAISAUSDM,"IMF Global price of Sugar, No. 11, World (via FRED)",https://fred.stlouisfed.org/series/PSUGAISAUSDM,True,PROXY: no free global vanilla-bean price index exists. Sugar price used as a rough stand-in since syrup is majority sugar -- does NOT capture vanilla-specific volatility (e.g. Madagascar crop shocks).
2015-01-01,Vanilla Syrup,15.0625,PSUGAISAUSDM,"IMF Global price of Sugar, No. 11, World (via FRED)",https://fred.stlouisfed.org/series/PSUGAISAUSDM,True,PROXY: no free global vanilla-bean price index exists. Sugar price used as a rough stand-in since syrup is majority sugar -- does NOT capture vanilla-specific volatility (e.g. Madagascar crop shocks).
2015-02-01,Vanilla Syrup,14.51210526315789,PSUGAISAUSDM,"IMF Global price of Sugar, No. 11, World (via FRED)",https://fred.stlouisfed.org/series/PSUGAISAUSDM,True,PROXY: no free global vanilla-bean price index exists. Sugar price used as a rough stand-in since syrup is majority sugar -- does NOT capture vanilla-specific volatility (e.g. Madagascar crop shocks).
2015-03-01,Vanilla Syrup,12.84090909090909,PSUGAISAUSDM,"IMF Global price of Sugar, No. 11, World (via FRED)",https://fred.stlouisfed.org/series/PSUGAISAUSDM,True,PROXY: no free global vanilla-bean price index exists. Sugar price used as a rough stand-in since syrup is majority sugar -- does NOT capture vanilla-specific volatility (e.g. Madagascar crop shocks).
2015-04-01,Vanilla Syrup,12.91095238095238,PSUGAISAUSDM,"IMF Global price of Sugar, No. 11, World (via FRED)",https://fred.stlouisfed.org/series/PSUGAISAUSDM,True,PROXY: no free global vanilla-bean price index exists. Sugar price used as a rough stand-in since syrup is majority sugar -- does NOT capture vanilla-specific volatility (e.g. Madagascar crop shocks).
2015-05-01,Vanilla Syrup,12.7035,PSUGAISAUSDM,"IMF Global price of Sugar, No. 11, World (via FRED)",https://fred.stlouisfed.org/series/PSUGAISAUSDM,True,PROXY: no free global vanilla-bean price index exists. Sugar price used as a rough stand-in since syrup is majority sugar -- does NOT capture vanilla-specific volatility (e.g. Madagascar crop shocks).
2015-06-01,Vanilla Syrup,12.11363636363636,PSUGAISAUSDM,"IMF Global price of Sugar, No. 11, World (via FRED)",https://fred.stlouisfed.org/series/PSUGAISAUSDM,True,PROXY: no free global vanilla-bean price index exists. Sugar price used as a rough stand-in since syrup is majority sugar -- does NOT capture vanilla-specific volatility (e.g. Madagascar crop shocks).
2015-07-01,Vanilla Syrup,11.87863636363636,PSUGAISAUSDM,"IMF Global price of Sugar, No. 11, World (via FRED)",https://fred.stlouisfed.org/series/PSUGAISAUSDM,True,PROXY: no free global vanilla-bean price index exists. Sugar price used as a rough stand-in since syrup is majority sugar -- does NOT capture vanilla-specific volatility (e.g. Madagascar crop shocks).
2015-08-01,Vanilla Syrup,10.6747619047619,PSUGAISAUSDM,"IMF Global price of Sugar, No. 11, World (via FRED)",https://fred.stlouisfed.org/series/PSUGAISAUSDM,True,PROXY: no free global vanilla-bean price index exists. Sugar price used as a rough stand-in since syrup is majority sugar -- does NOT capture vanilla-specific volatility (e.g. Madagascar crop shocks).
2015-09-01,Vanilla Syrup,12.13714285714286,PSUGAISAUSDM,"IMF Global price of Sugar, No. 11, World (via FRED)",https://fred.stlouisfed.org/series/PSUGAISAUSDM,True,PROXY: no free global vanilla-bean price index exists. Sugar price used as a rough stand-in since syrup is majority sugar -- does NOT capture vanilla-specific volatility (e.g. Madagascar crop shocks).
2015-10-01,Vanilla Syrup,14.14181818181818,PSUGAISAUSDM,"IMF Global price of Sugar, No. 11, World (via FRED)",https://fred.stlouisfed.org/series/PSUGAISAUSDM,True,PROXY: no free global vanilla-bean price index exists. Sugar price used as a rough stand-in since syrup is majority sugar -- does NOT capture vanilla-specific volatility (e.g. Madagascar crop shocks).
2015-11-01,Vanilla Syrup,14.843,PSUGAISAUSDM,"IMF Global price of Sugar, No. 11, World (via FRED)",https://fred.stlouisfed.org/series/PSUGAISAUSDM,True,PROXY: no free global vanilla-bean price index exists. Sugar price used as a rough stand-in since syrup is majority sugar -- does NOT capture vanilla-specific volatility (e.g. Madagascar crop shocks).
2015-12-01,Vanilla Syrup,14.76272727272727,PSUGAISAUSDM,"IMF Global price of Sugar, No. 11, World (via FRED)",https://fred.stlouisfed.org/series/PSUGAISAUSDM,True,PROXY: no free global vanilla-bean price index exists. Sugar price used as a rough stand-in since syrup is majority sugar -- does NOT capture vanilla-specific volatility (e.g. Madagascar crop shocks).
2016-01-01,Vanilla Syrup,14.29105263157895,PSUGAISAUSDM,"IMF Global price of Sugar, No. 11, World (via FRED)",https://fred.stlouisfed.org/series/PSUGAISAUSDM,True,PROXY: no free global vanilla-bean price index exists. Sugar price used as a rough stand-in since syrup is majority sugar -- does NOT capture vanilla-specific volatility (e.g. Madagascar crop shocks).
2016-02-01,Vanilla Syrup,13.314,PSUGAISAUSDM,"IMF Global price of Sugar, No. 11, World (via FRED)",https://fred.stlouisfed.org/series/PSUGAISAUSDM,True,PROXY: no free global vanilla-bean price index exists. Sugar price used as a rough stand-in since syrup is majority sugar -- does NOT capture vanilla-specific volatility (e.g. Madagascar crop shocks).
2016-03-01,Vanilla Syrup,15.43045454545455,PSUGAISAUSDM,"IMF Global price of Sugar, No. 11, World (via FRED)",https://fred.stlouisfed.org/series/PSUGAISAUSDM,True,PROXY: no free global vanilla-bean price index exists. Sugar price used as a rough stand-in since syrup is majority sugar -- does NOT capture vanilla-specific volatility (e.g. Madagascar crop shocks).
2016-04-01,Vanilla Syrup,14.99809523809524,PSUGAISAUSDM,"IMF Global price of Sugar, No. 11, World (via FRED)",https://fred.stlouisfed.org/series/PSUGAISAUSDM,True,PROXY: no free global vanilla-bean price index exists. Sugar price used as a rough stand-in since syrup is majority sugar -- does NOT capture vanilla-specific volatility (e.g. Madagascar crop shocks).
2016-05-01,Vanilla Syrup,16.68428571428571,PSUGAISAUSDM,"IMF Global price of Sugar, No. 11, World (via FRED)",https://fred.stlouisfed.org/series/PSUGAISAUSDM,True,PROXY: no free global vanilla-bean price index exists. Sugar price used as a rough stand-in since syrup is majority sugar -- does NOT capture vanilla-specific volatility (e.g. Madagascar crop shocks).
2016-06-01,Vanilla Syrup,19.33727272727273,PSUGAISAUSDM,"IMF Global price of Sugar, No. 11, World (via FRED)",https://fred.stlouisfed.org/series/PSUGAISAUSDM,True,PROXY: no free global vanilla-bean price index exists. Sugar price used as a rough stand-in since syrup is majority sugar -- does NOT capture vanilla-specific volatility (e.g. Madagascar crop shocks).
2016-07-01,Vanilla Syrup,19.687,PSUGAISAUSDM,"IMF Global price of Sugar, No. 11, World (via FRED)",https://fred.stlouisfed.org/series/PSUGAISAUSDM,True,PROXY: no free global vanilla-bean price index exists. Sugar price used as a rough stand-in since syrup is majority sugar -- does NOT capture vanilla-specific volatility (e.g. Madagascar crop shocks).
2016-08-01,Vanilla Syrup,20.01434782608696,PSUGAISAUSDM,"IMF Global price of Sugar, No. 11, World (via FRED)",https://fred.stlouisfed.org/series/PSUGAISAUSDM,True,PROXY: no free global vanilla-bean price index exists. Sugar price used as a rough stand-in since syrup is majority sugar -- does NOT capture vanilla-specific volatility (e.g. Madagascar crop shocks).
2016-09-01,Vanilla Syrup,21.35238095238095,PSUGAISAUSDM,"IMF Global price of Sugar, No. 11, World (via FRED)",https://fred.stlouisfed.org/series/PSUGAISAUSDM,True,PROXY: no free global vanilla-bean price index exists. Sugar price used as a rough stand-in since syrup is majority sugar -- does NOT capture vanilla-specific volatility (e.g. Madagascar crop shocks).
2016-10-01,Vanilla Syrup,22.91666666666667,PSUGAISAUSDM,"IMF Global price of Sugar, No. 11, World (via FRED)",https://fred.stlouisfed.org/series/PSUGAISAUSDM,True,PROXY: no free global vanilla-bean price index exists. Sugar price used as a rough stand-in since syrup is majority sugar -- does NOT capture vanilla-specific volatility (e.g. Madagascar crop shocks).
2016-11-01,Vanilla Syrup,20.86857142857143,PSUGAISAUSDM,"IMF Global price of Sugar, No. 11, World (via FRED)",https://fred.stlouisfed.org/series/PSUGAISAUSDM,True,PROXY: no free global vanilla-bean price index exists. Sugar price used as a rough stand-in since syrup is majority sugar -- does NOT capture vanilla-specific volatility (e.g. Madagascar crop shocks).
2016-12-01,Vanilla Syrup,18.83,PSUGAISAUSDM,"IMF Global price of Sugar, No. 11, World (via FRED)",https://fred.stlouisfed.org/series/PSUGAISAUSDM,True,PROXY: no free global vanilla-bean price index exists. Sugar price used as a rough stand-in since syrup is majority sugar -- does NOT capture vanilla-specific volatility (e.g. Madagascar crop shocks).
2017-01-01,Vanilla Syrup,20.5375,PSUGAISAUSDM,"IMF Global price of Sugar, No. 11, World (via FRED)",https://fred.stlouisfed.org/series/PSUGAISAUSDM,True,PROXY: no free global vanilla-bean price index exists. Sugar price used as a rough stand-in since syrup is majority sugar -- does NOT capture vanilla-specific volatility (e.g. Madagascar crop shocks).
2017-02-01,Vanilla Syrup,20.40578947368421,PSUGAISAUSDM,"IMF Global price of Sugar, No. 11, World (via FRED)",https://fred.stlouisfed.org/series/PSUGAISAUSDM,True,PROXY: no free global vanilla-bean price index exists. Sugar price used as a rough stand-in since syrup is majority sugar -- does NOT capture vanilla-specific volatility (e.g. Madagascar crop shocks).
2017-03-01,Vanilla Syrup,18.0595652173913,PSUGAISAUSDM,"IMF Global price of Sugar, No. 11, World (via FRED)",https://fred.stlouisfed.org/series/PSUGAISAUSDM,True,PROXY: no free global vanilla-bean price index exists. Sugar price used as a rough stand-in since syrup is majority sugar -- does NOT capture vanilla-specific volatility (e.g. Madagascar crop shocks).
2017-04-01,Vanilla Syrup,16.31684210526316,PSUGAISAUSDM,"IMF Global price of Sugar, No. 11, World (via FRED)",https://fred.stlouisfed.org/series/PSUGAISAUSDM,True,PROXY: no free global vanilla-bean price index exists. Sugar price used as a rough stand-in since syrup is majority sugar -- does NOT capture vanilla-specific volatility (e.g. Madagascar crop shocks).
2017-05-01,Vanilla Syrup,15.68909090909091,PSUGAISAUSDM,"IMF Global price of Sugar, No. 11, World (via FRED)",https://fred.stlouisfed.org/series/PSUGAISAUSDM,True,PROXY: no free global vanilla-bean price index exists. Sugar price used as a rough stand-in since syrup is majority sugar -- does NOT capture vanilla-specific volatility (e.g. Madagascar crop shocks).
2017-06-01,Vanilla Syrup,13.53,PSUGAISAUSDM,"IMF Global price of Sugar, No. 11, World (via FRED)",https://fred.stlouisfed.org/series/PSUGAISAUSDM,True,PROXY: no free global vanilla-bean price index exists. Sugar price used as a rough stand-in since syrup is majority sugar -- does NOT capture vanilla-specific volatility (e.g. Madagascar crop shocks).
2017-07-01,Vanilla Syrup,14.119,PSUGAISAUSDM,"IMF Global price of Sugar, No. 11, World (via FRED)",https://fred.stlouisfed.org/series/PSUGAISAUSDM,True,PROXY: no free global vanilla-bean price index exists. Sugar price used as a rough stand-in since syrup is majority sugar -- does NOT capture vanilla-specific volatility (e.g. Madagascar crop shocks).
2017-08-01,Vanilla Syrup,13.79608695652174,PSUGAISAUSDM,"IMF Global price of Sugar, No. 11, World (via FRED)",https://fred.stlouisfed.org/series/PSUGAISAUSDM,True,PROXY: no free global vanilla-bean price index exists. Sugar price used as a rough stand-in since syrup is majority sugar -- does NOT capture vanilla-specific volatility (e.g. Madagascar crop shocks).
2017-09-01,Vanilla Syrup,13.931,PSUGAISAUSDM,"IMF Global price of Sugar, No. 11, World (via FRED)",https://fred.stlouisfed.org/series/PSUGAISAUSDM,True,PROXY: no free global vanilla-bean price index exists. Sugar price used as a rough stand-in since syrup is majority sugar -- does NOT capture vanilla-specific volatility (e.g. Madagascar crop shocks).
2017-10-01,Vanilla Syrup,14.23181818181818,PSUGAISAUSDM,"IMF Global price of Sugar, No. 11, World (via FRED)",https://fred.stlouisfed.org/series/PSUGAISAUSDM,True,PROXY: no free global vanilla-bean price index exists. Sugar price used as a rough stand-in since syrup is majority sugar -- does NOT capture vanilla-specific volatility (e.g. Madagascar crop shocks).
2017-11-01,Vanilla Syrup,14.96666666666667,PSUGAISAUSDM,"IMF Global price of Sugar, No. 11, World (via FRED)",https://fred.stlouisfed.org/series/PSUGAISAUSDM,True,PROXY: no free global vanilla-bean price index exists. Sugar price used as a rough stand-in since syrup is majority sugar -- does NOT capture vanilla-specific volatility (e.g. Madagascar crop shocks).
2017-12-01,Vanilla Syrup,14.4325,PSUGAISAUSDM,"IMF Global price of Sugar, No. 11, World (via FRED)",https://fred.stlouisfed.org/series/PSUGAISAUSDM,True,PROXY: no free global vanilla-bean price index exists. Sugar price used as a rough stand-in since syrup is majority sugar -- does NOT capture vanilla-specific volatility (e.g. Madagascar crop shocks).
2018-01-01,Vanilla Syrup,13.97952380952381,PSUGAISAUSDM,"IMF Global price of Sugar, No. 11, World (via FRED)",https://fred.stlouisfed.org/series/PSUGAISAUSDM,True,PROXY: no free global vanilla-bean price index exists. Sugar price used as a rough stand-in since syrup is majority sugar -- does NOT capture vanilla-specific volatility (e.g. Madagascar crop shocks).
2018-02-01,Vanilla Syrup,13.57263157894737,PSUGAISAUSDM,"IMF Global price of Sugar, No. 11, World (via FRED)",https://fred.stlouisfed.org/series/PSUGAISAUSDM,True,PROXY: no free global vanilla-bean price index exists. Sugar price used as a rough stand-in since syrup is majority sugar -- does NOT capture vanilla-specific volatility (e.g. Madagascar crop shocks).
2018-03-01,Vanilla Syrup,12.82571428571429,PSUGAISAUSDM,"IMF Global price of Sugar, No. 11, World (via FRED)",https://fred.stlouisfed.org/series/PSUGAISAUSDM,True,PROXY: no free global vanilla-bean price index exists. Sugar price used as a rough stand-in since syrup is majority sugar -- does NOT capture vanilla-specific volatility (e.g. Madagascar crop shocks).
2018-04-01,Vanilla Syrup,11.82428571428571,PSUGAISAUSDM,"IMF Global price of Sugar, No. 11, World (via FRED)",https://fred.stlouisfed.org/series/PSUGAISAUSDM,True,PROXY: no free global vanilla-bean price index exists. Sugar price used as a rough stand-in since syrup is majority sugar -- does NOT capture vanilla-specific volatility (e.g. Madagascar crop shocks).
2018-05-01,Vanilla Syrup,11.82727272727273,PSUGAISAUSDM,"IMF Global price of Sugar, No. 11, World (via FRED)",https://fred.stlouisfed.org/series/PSUGAISAUSDM,True,PROXY: no free global vanilla-bean price index exists. Sugar price used as a rough stand-in since syrup is majority sugar -- does NOT capture vanilla-specific volatility (e.g. Madagascar crop shocks).
2018-06-01,Vanilla Syrup,12.06190476190476,PSUGAISAUSDM,"IMF Global price of Sugar, No. 11, World (via FRED)",https://fred.stlouisfed.org/series/PSUGAISAUSDM,True,PROXY: no free global vanilla-bean price index exists. Sugar price used as a rough stand-in since syrup is majority sugar -- does NOT capture vanilla-specific volatility (e.g. Madagascar crop shocks).
2018-07-01,Vanilla Syrup,11.1552380952381,PSUGAISAUSDM,"IMF Global price of Sugar, No. 11, World (via FRED)",https://fred.stlouisfed.org/series/PSUGAISAUSDM,True,PROXY: no free global vanilla-bean price index exists. Sugar price used as a rough stand-in since syrup is majority sugar -- does NOT capture vanilla-specific volatility (e.g. Madagascar crop shocks).
2018-08-01,Vanilla Syrup,10.45521739130435,PSUGAISAUSDM,"IMF Global price of Sugar, No. 11, World (via FRED)",https://fred.stlouisfed.org/series/PSUGAISAUSDM,True,PROXY: no free global vanilla-bean price index exists. Sugar price used as a rough stand-in since syrup is majority sugar -- does NOT capture vanilla-specific volatility (e.g. Madagascar crop shocks).
2018-09-01,Vanilla Syrup,10.78368421052632,PSUGAISAUSDM,"IMF Global price of Sugar, No. 11, World (via FRED)",https://fred.stlouisfed.org/series/PSUGAISAUSDM,True,PROXY: no free global vanilla-bean price index exists. Sugar price used as a rough stand-in since syrup is majority sugar -- does NOT capture vanilla-specific volatility (e.g. Madagascar crop shocks).
2018-10-01,Vanilla Syrup,13.18478260869565,PSUGAISAUSDM,"IMF Global price of Sugar, No. 11, World (via FRED)",https://fred.stlouisfed.org/series/PSUGAISAUSDM,True,PROXY: no free global vanilla-bean price index exists. Sugar price used as a rough stand-in since syrup is majority sugar -- does NOT capture vanilla-specific volatility (e.g. Madagascar crop shocks).
2018-11-01,Vanilla Syrup,12.79238095238095,PSUGAISAUSDM,"IMF Global price of Sugar, No. 11, World (via FRED)",https://fred.stlouisfed.org/series/PSUGAISAUSDM,True,PROXY: no free global vanilla-bean price index exists. Sugar price used as a rough stand-in since syrup is majority sugar -- does NOT capture vanilla-specific volatility (e.g. Madagascar crop shocks).
2018-12-01,Vanilla Syrup,12.5535,PSUGAISAUSDM,"IMF Global price of Sugar, No. 11, World (via FRED)",https://fred.stlouisfed.org/series/PSUGAISAUSDM,True,PROXY: no free global vanilla-bean price index exists. Sugar price used as a rough stand-in since syrup is majority sugar -- does NOT capture vanilla-specific volatility (e.g. Madagascar crop shocks).
2019-01-01,Vanilla Syrup,12.68095238095238,PSUGAISAUSDM,"IMF Global price of Sugar, No. 11, World (via FRED)",https://fred.stlouisfed.org/series/PSUGAISAUSDM,True,PROXY: no free global vanilla-bean price index exists. Sugar price used as a rough stand-in since syrup is majority sugar -- does NOT capture vanilla-specific volatility (e.g. Madagascar crop shocks).
2019-02-01,Vanilla Syrup,12.92894736842105,PSUGAISAUSDM,"IMF Global price of Sugar, No. 11, World (via FRED)",https://fred.stlouisfed.org/series/PSUGAISAUSDM,True,PROXY: no free global vanilla-bean price index exists. Sugar price used as a rough stand-in since syrup is majority sugar -- does NOT capture vanilla-specific volatility (e.g. Madagascar crop shocks).
2019-03-01,Vanilla Syrup,12.47380952380952,PSUGAISAUSDM,"IMF Global price of Sugar, No. 11, World (via FRED)",https://fred.stlouisfed.org/series/PSUGAISAUSDM,True,PROXY: no free global vanilla-bean price index exists. Sugar price used as a rough stand-in since syrup is majority sugar -- does NOT capture vanilla-specific volatility (e.g. Madagascar crop shocks).
2019-04-01,Vanilla Syrup,12.53571428571429,PSUGAISAUSDM,"IMF Global price of Sugar, No. 11, World (via FRED)",https://fred.stlouisfed.org/series/PSUGAISAUSDM,True,PROXY: no free global vanilla-bean price index exists. Sugar price used as a rough stand-in since syrup is majority sugar -- does NOT capture vanilla-specific volatility (e.g. Madagascar crop shocks).
2019-05-01,Vanilla Syrup,11.825,PSUGAISAUSDM,"IMF Global price of Sugar, No. 11, World (via FRED)",https://fred.stlouisfed.org/series/PSUGAISAUSDM,True,PROXY: no free global vanilla-bean price index exists. Sugar price used as a rough stand-in since syrup is majority sugar -- does NOT capture vanilla-specific volatility (e.g. Madagascar crop shocks).
2019-06-01,Vanilla Syrup,12.4395,PSUGAISAUSDM,"IMF Global price of Sugar, No. 11, World (via FRED)",https://fred.stlouisfed.org/series/PSUGAISAUSDM,True,PROXY: no free global vanilla-bean price index exists. Sugar price used as a rough stand-in since syrup is majority sugar -- does NOT capture vanilla-specific volatility (e.g. Madagascar crop shocks).
2019-07-01,Vanilla Syrup,12.12863636363636,PSUGAISAUSDM,"IMF Global price of Sugar, No. 11, World (via FRED)",https://fred.stlouisfed.org/series/PSUGAISAUSDM,True,PROXY: no free global vanilla-bean price index exists. Sugar price used as a rough stand-in since syrup is majority sugar -- does NOT capture vanilla-specific volatility (e.g. Madagascar crop shocks).
2019-08-01,Vanilla Syrup,11.55545454545455,PSUGAISAUSDM,"IMF Global price of Sugar, No. 11, World (via FRED)",https://fred.stlouisfed.org/series/PSUGAISAUSDM,True,PROXY: no free global vanilla-bean price index exists. Sugar price used as a rough stand-in since syrup is majority sugar -- does NOT capture vanilla-specific volatility (e.g. Madagascar crop shocks).
2019-09-01,Vanilla Syrup,11.158,PSUGAISAUSDM,"IMF Global price of Sugar, No. 11, World (via FRED)",https://fred.stlouisfed.org/series/PSUGAISAUSDM,True,PROXY: no free global vanilla-bean price index exists. Sugar price used as a rough stand-in since syrup is majority sugar -- does NOT capture vanilla-specific volatility (e.g. Madagascar crop shocks).
2019-10-01,Vanilla Syrup,12.45739130434783,PSUGAISAUSDM,"IMF Global price of Sugar, No. 11, World (via FRED)",https://fred.stlouisfed.org/series/PSUGAISAUSDM,True,PROXY: no free global vanilla-bean price index exists. Sugar price used as a rough stand-in since syrup is majority sugar -- does NOT capture vanilla-specific volatility (e.g. Madagascar crop shocks).
2019-11-01,Vanilla Syrup,12.687,PSUGAISAUSDM,"IMF Global price of Sugar, No. 11, World (via FRED)",https://fred.stlouisfed.org/series/PSUGAISAUSDM,True,PROXY: no free global vanilla-bean price index exists. Sugar price used as a rough stand-in since syrup is majority sugar -- does NOT capture vanilla-specific volatility (e.g. Madagascar crop shocks).
2019-12-01,Vanilla Syrup,13.3352380952381,PSUGAISAUSDM,"IMF Global price of Sugar, No. 11, World (via FRED)",https://fred.stlouisfed.org/series/PSUGAISAUSDM,True,PROXY: no free global vanilla-bean price index exists. Sugar price used as a rough stand-in since syrup is majority sugar -- does NOT capture vanilla-specific volatility (e.g. Madagascar crop shocks).
2020-01-01,Vanilla Syrup,14.16666666666667,PSUGAISAUSDM,"IMF Global price of Sugar, No. 11, World (via FRED)",https://fred.stlouisfed.org/series/PSUGAISAUSDM,True,PROXY: no free global vanilla-bean price index exists. Sugar price used as a rough stand-in since syrup is majority sugar -- does NOT capture vanilla-specific volatility (e.g. Madagascar crop shocks).
2020-02-01,Vanilla Syrup,15.07105263157895,PSUGAISAUSDM,"IMF Global price of Sugar, No. 11, World (via FRED)",https://fred.stlouisfed.org/series/PSUGAISAUSDM,True,PROXY: no free global vanilla-bean price index exists. Sugar price used as a rough stand-in since syrup is majority sugar -- does NOT capture vanilla-specific volatility (e.g. Madagascar crop shocks).
2020-03-01,Vanilla Syrup,11.805,PSUGAISAUSDM,"IMF Global price of Sugar, No. 11, World (via FRED)",https://fred.stlouisfed.org/series/PSUGAISAUSDM,True,PROXY: no free global vanilla-bean price index exists. Sugar price used as a rough stand-in since syrup is majority sugar -- does NOT capture vanilla-specific volatility (e.g. Madagascar crop shocks).
2020-04-01,Vanilla Syrup,10.05190476190476,PSUGAISAUSDM,"IMF Global price of Sugar, No. 11, World (via FRED)",https://fred.stlouisfed.org/series/PSUGAISAUSDM,True,PROXY: no free global vanilla-bean price index exists. Sugar price used as a rough stand-in since syrup is majority sugar -- does NOT capture vanilla-specific volatility (e.g. Madagascar crop shocks).
2020-05-01,Vanilla Syrup,10.641,PSUGAISAUSDM,"IMF Global price of Sugar, No. 11, World (via FRED)",https://fred.stlouisfed.org/series/PSUGAISAUSDM,True,PROXY: no free global vanilla-bean price index exists. Sugar price used as a rough stand-in since syrup is majority sugar -- does NOT capture vanilla-specific volatility (e.g. Madagascar crop shocks).
2020-06-01,Vanilla Syrup,11.82818181818182,PSUGAISAUSDM,"IMF Global price of Sugar, No. 11, World (via FRED)",https://fred.stlouisfed.org/series/PSUGAISAUSDM,True,PROXY: no free global vanilla-bean price index exists. Sugar price used as a rough stand-in since syrup is majority sugar -- does NOT capture vanilla-specific volatility (e.g. Madagascar crop shocks).
2020-07-01,Vanilla Syrup,11.90181818181818,PSUGAISAUSDM,"IMF Global price of Sugar, No. 11, World (via FRED)",https://fred.stlouisfed.org/series/PSUGAISAUSDM,True,PROXY: no free global vanilla-bean price index exists. Sugar price used as a rough stand-in since syrup is majority sugar -- does NOT capture vanilla-specific volatility (e.g. Madagascar crop shocks).
2020-08-01,Vanilla Syrup,12.81428571428571,PSUGAISAUSDM,"IMF Global price of Sugar, No. 11, World (via FRED)",https://fred.stlouisfed.org/series/PSUGAISAUSDM,True,PROXY: no free global vanilla-bean price index exists. Sugar price used as a rough stand-in since syrup is majority sugar -- does NOT capture vanilla-specific volatility (e.g. Madagascar crop shocks).
2020-09-01,Vanilla Syrup,12.44142857142857,PSUGAISAUSDM,"IMF Global price of Sugar, No. 11, World (via FRED)",https://fred.stlouisfed.org/series/PSUGAISAUSDM,True,PROXY: no free global vanilla-bean price index exists. Sugar price used as a rough stand-in since syrup is majority sugar -- does NOT capture vanilla-specific volatility (e.g. Madagascar crop shocks).
2020-10-01,Vanilla Syrup,14.28772727272727,PSUGAISAUSDM,"IMF Global price of Sugar, No. 11, World (via FRED)",https://fred.stlouisfed.org/series/PSUGAISAUSDM,True,PROXY: no free global vanilla-bean price index exists. Sugar price used as a rough stand-in since syrup is majority sugar -- does NOT capture vanilla-specific volatility (e.g. Madagascar crop shocks).
2020-11-01,Vanilla Syrup,14.9335,PSUGAISAUSDM,"IMF Global price of Sugar, No. 11, World (via FRED)",https://fred.stlouisfed.org/series/PSUGAISAUSDM,True,PROXY: no free global vanilla-bean price index exists. Sugar price used as a rough stand-in since syrup is majority sugar -- does NOT capture vanilla-specific volatility (e.g. Madagascar crop shocks).
2020-12-01,Vanilla Syrup,14.66772727272727,PSUGAISAUSDM,"IMF Global price of Sugar, No. 11, World (via FRED)",https://fred.stlouisfed.org/series/PSUGAISAUSDM,True,PROXY: no free global vanilla-bean price index exists. Sugar price used as a rough stand-in since syrup is majority sugar -- does NOT capture vanilla-specific volatility (e.g. Madagascar crop shocks).
2021-01-01,Vanilla Syrup,15.91631578947368,PSUGAISAUSDM,"IMF Global price of Sugar, No. 11, World (via FRED)",https://fred.stlouisfed.org/series/PSUGAISAUSDM,True,PROXY: no free global vanilla-bean price index exists. Sugar price used as a rough stand-in since syrup is majority sugar -- does NOT capture vanilla-specific volatility (e.g. Madagascar crop shocks).
2021-02-01,Vanilla Syrup,17.00052631578947,PSUGAISAUSDM,"IMF Global price of Sugar, No. 11, World (via FRED)",https://fred.stlouisfed.org/series/PSUGAISAUSDM,True,PROXY: no free global vanilla-bean price index exists. Sugar price used as a rough stand-in since syrup is majority sugar -- does NOT capture vanilla-specific volatility (e.g. Madagascar crop shocks).
2021-03-01,Vanilla Syrup,15.80565217391304,PSUGAISAUSDM,"IMF Global price of Sugar, No. 11, World (via FRED)",https://fred.stlouisfed.org/series/PSUGAISAUSDM,True,PROXY: no free global vanilla-bean price index exists. Sugar price used as a rough stand-in since syrup is majority sugar -- does NOT capture vanilla-specific volatility (e.g. Madagascar crop shocks).
2021-04-01,Vanilla Syrup,16.23761904761905,PSUGAISAUSDM,"IMF Global price of Sugar, No. 11, World (via FRED)",https://fred.stlouisfed.org/series/PSUGAISAUSDM,True,PROXY: no free global vanilla-bean price index exists. Sugar price used as a rough stand-in since syrup is majority sugar -- does NOT capture vanilla-specific volatility (e.g. Madagascar crop shocks).
2021-05-01,Vanilla Syrup,17.20333333333333,PSUGAISAUSDM,"IMF Global price of Sugar, No. 11, World (via FRED)",https://fred.stlouisfed.org/series/PSUGAISAUSDM,True,PROXY: no free global vanilla-bean price index exists. Sugar price used as a rough stand-in since syrup is majority sugar -- does NOT capture vanilla-specific volatility (e.g. Madagascar crop shocks).
2021-06-01,Vanilla Syrup,17.21409090909091,PSUGAISAUSDM,"IMF Global price of Sugar, No. 11, World (via FRED)",https://fred.stlouisfed.org/series/PSUGAISAUSDM,True,PROXY: no free global vanilla-bean price index exists. Sugar price used as a rough stand-in since syrup is majority sugar -- does NOT capture vanilla-specific volatility (e.g. Madagascar crop shocks).
2021-07-01,Vanilla Syrup,17.7147619047619,PSUGAISAUSDM,"IMF Global price of Sugar, No. 11, World (via FRED)",https://fred.stlouisfed.org/series/PSUGAISAUSDM,True,PROXY: no free global vanilla-bean price index exists. Sugar price used as a rough stand-in since syrup is majority sugar -- does NOT capture vanilla-specific volatility (e.g. Madagascar crop shocks).
2021-08-01,Vanilla Syrup,19.38363636363636,PSUGAISAUSDM,"IMF Global price of Sugar, No. 11, World (via FRED)",https://fred.stlouisfed.org/series/PSUGAISAUSDM,True,PROXY: no free global vanilla-bean price index exists. Sugar price used as a rough stand-in since syrup is majority sugar -- does NOT capture vanilla-specific volatility (e.g. Madagascar crop shocks).
2021-09-01,Vanilla Syrup,19.26428571428571,PSUGAISAUSDM,"IMF Global price of Sugar, No. 11, World (via FRED)",https://fred.stlouisfed.org/series/PSUGAISAUSDM,True,PROXY: no free global vanilla-bean price index exists. Sugar price used as a rough stand-in since syrup is majority sugar -- does NOT capture vanilla-specific volatility (e.g. Madagascar crop shocks).
2021-10-01,Vanilla Syrup,19.61904761904762,PSUGAISAUSDM,"IMF Global price of Sugar, No. 11, World (via FRED)",https://fred.stlouisfed.org/series/PSUGAISAUSDM,True,PROXY: no free global vanilla-bean price index exists. Sugar price used as a rough stand-in since syrup is majority sugar -- does NOT capture vanilla-specific volatility (e.g. Madagascar crop shocks).
2021-11-01,Vanilla Syrup,19.74619047619048,PSUGAISAUSDM,"IMF Global price of Sugar, No. 11, World (via FRED)",https://fred.stlouisfed.org/series/PSUGAISAUSDM,True,PROXY: no free global vanilla-bean price index exists. Sugar price used as a rough stand-in since syrup is majority sugar -- does NOT capture vanilla-specific volatility (e.g. Madagascar crop shocks).
2021-12-01,Vanilla Syrup,19.16727272727273,PSUGAISAUSDM,"IMF Global price of Sugar, No. 11, World (via FRED)",https://fred.stlouisfed.org/series/PSUGAISAUSDM,True,PROXY: no free global vanilla-bean price index exists. Sugar price used as a rough stand-in since syrup is majority sugar -- does NOT capture vanilla-specific volatility (e.g. Madagascar crop shocks).
2022-01-01,Vanilla Syrup,18.461,PSUGAISAUSDM,"IMF Global price of Sugar, No. 11, World (via FRED)",https://fred.stlouisfed.org/series/PSUGAISAUSDM,True,PROXY: no free global vanilla-bean price index exists. Sugar price used as a rough stand-in since syrup is majority sugar -- does NOT capture vanilla-specific volatility (e.g. Madagascar crop shocks).
2022-02-01,Vanilla Syrup,18.20315789473684,PSUGAISAUSDM,"IMF Global price of Sugar, No. 11, World (via FRED)",https://fred.stlouisfed.org/series/PSUGAISAUSDM,True,PROXY: no free global vanilla-bean price index exists. Sugar price used as a rough stand-in since syrup is majority sugar -- does NOT capture vanilla-specific volatility (e.g. Madagascar crop shocks).
2022-03-01,Vanilla Syrup,19.10782608695652,PSUGAISAUSDM,"IMF Global price of Sugar, No. 11, World (via FRED)",https://fred.stlouisfed.org/series/PSUGAISAUSDM,True,PROXY: no free global vanilla-bean price index exists. Sugar price used as a rough stand-in since syrup is majority sugar -- does NOT capture vanilla-specific volatility (e.g. Madagascar crop shocks).
2022-04-01,Vanilla Syrup,19.69904761904762,PSUGAISAUSDM,"IMF Global price of Sugar, No. 11, World (via FRED)",https://fred.stlouisfed.org/series/PSUGAISAUSDM,True,PROXY: no free global vanilla-bean price index exists. Sugar price used as a rough stand-in since syrup is majority sugar -- does NOT capture vanilla-specific volatility (e.g. Madagascar crop shocks).
2022-05-01,Vanilla Syrup,19.28090909090909,PSUGAISAUSDM,"IMF Global price of Sugar, No. 11, World (via FRED)",https://fred.stlouisfed.org/series/PSUGAISAUSDM,True,PROXY: no free global vanilla-bean price index exists. Sugar price used as a rough stand-in since syrup is majority sugar -- does NOT capture vanilla-specific volatility (e.g. Madagascar crop shocks).
2022-06-01,Vanilla Syrup,18.79409090909091,PSUGAISAUSDM,"IMF Global price of Sugar, No. 11, World (via FRED)",https://fred.stlouisfed.org/series/PSUGAISAUSDM,True,PROXY: no free global vanilla-bean price index exists. Sugar price used as a rough stand-in since syrup is majority sugar -- does NOT capture vanilla-specific volatility (e.g. Madagascar crop shocks).
2022-07-01,Vanilla Syrup,18.34,PSUGAISAUSDM,"IMF Global price of Sugar, No. 11, World (via FRED)",https://fred.stlouisfed.org/series/PSUGAISAUSDM,True,PROXY: no free global vanilla-bean price index exists. Sugar price used as a rough stand-in since syrup is majority sugar -- does NOT capture vanilla-specific volatility (e.g. Madagascar crop shocks).
2022-08-01,Vanilla Syrup,18.06260869565217,PSUGAISAUSDM,"IMF Global price of Sugar, No. 11, World (via FRED)",https://fred.stlouisfed.org/series/PSUGAISAUSDM,True,PROXY: no free global vanilla-bean price index exists. Sugar price used as a rough stand-in since syrup is majority sugar -- does NOT capture vanilla-specific volatility (e.g. Madagascar crop shocks).
2022-09-01,Vanilla Syrup,18.18590909090909,PSUGAISAUSDM,"IMF Global price of Sugar, No. 11, World (via FRED)",https://fred.stlouisfed.org/series/PSUGAISAUSDM,True,PROXY: no free global vanilla-bean price index exists. Sugar price used as a rough stand-in since syrup is majority sugar -- does NOT capture vanilla-specific volatility (e.g. Madagascar crop shocks).
2022-10-01,Vanilla Syrup,18.30095238095238,PSUGAISAUSDM,"IMF Global price of Sugar, No. 11, World (via FRED)",https://fred.stlouisfed.org/series/PSUGAISAUSDM,True,PROXY: no free global vanilla-bean price index exists. Sugar price used as a rough stand-in since syrup is majority sugar -- does NOT capture vanilla-specific volatility (e.g. Madagascar crop shocks).
2022-11-01,Vanilla Syrup,19.40590909090909,PSUGAISAUSDM,"IMF Global price of Sugar, No. 11, World (via FRED)",https://fred.stlouisfed.org/series/PSUGAISAUSDM,True,PROXY: no free global vanilla-bean price index exists. Sugar price used as a rough stand-in since syrup is majority sugar -- does NOT capture vanilla-specific volatility (e.g. Madagascar crop shocks).
2022-12-01,Vanilla Syrup,20.065,PSUGAISAUSDM,"IMF Global price of Sugar, No. 11, World (via FRED)",https://fred.stlouisfed.org/series/PSUGAISAUSDM,True,PROXY: no free global vanilla-bean price index exists. Sugar price used as a rough stand-in since syrup is majority sugar -- does NOT capture vanilla-specific volatility (e.g. Madagascar crop shocks).
2023-01-01,Vanilla Syrup,19.94318181818182,PSUGAISAUSDM,"IMF Global price of Sugar, No. 11, World (via FRED)",https://fred.stlouisfed.org/series/PSUGAISAUSDM,True,PROXY: no free global vanilla-bean price index exists. Sugar price used as a rough stand-in since syrup is majority sugar -- does NOT capture vanilla-specific volatility (e.g. Madagascar crop shocks).
2023-02-01,Vanilla Syrup,21.4035,PSUGAISAUSDM,"IMF Global price of Sugar, No. 11, World (via FRED)",https://fred.stlouisfed.org/series/PSUGAISAUSDM,True,PROXY: no free global vanilla-bean price index exists. Sugar price used as a rough stand-in since syrup is majority sugar -- does NOT capture vanilla-specific volatility (e.g. Madagascar crop shocks).
2023-03-01,Vanilla Syrup,20.96173913043478,PSUGAISAUSDM,"IMF Global price of Sugar, No. 11, World (via FRED)",https://fred.stlouisfed.org/series/PSUGAISAUSDM,True,PROXY: no free global vanilla-bean price index exists. Sugar price used as a rough stand-in since syrup is majority sugar -- does NOT capture vanilla-specific volatility (e.g. Madagascar crop shocks).
2023-04-01,Vanilla Syrup,24.582,PSUGAISAUSDM,"IMF Global price of Sugar, No. 11, World (via FRED)",https://fred.stlouisfed.org/series/PSUGAISAUSDM,True,PROXY: no free global vanilla-bean price index exists. Sugar price used as a rough stand-in since syrup is majority sugar -- does NOT capture vanilla-specific volatility (e.g. Madagascar crop shocks).
2023-05-01,Vanilla Syrup,25.7295652173913,PSUGAISAUSDM,"IMF Global price of Sugar, No. 11, World (via FRED)",https://fred.stlouisfed.org/series/PSUGAISAUSDM,True,PROXY: no free global vanilla-bean price index exists. Sugar price used as a rough stand-in since syrup is majority sugar -- does NOT capture vanilla-specific volatility (e.g. Madagascar crop shocks).
2023-06-01,Vanilla Syrup,24.76227272727273,PSUGAISAUSDM,"IMF Global price of Sugar, No. 11, World (via FRED)",https://fred.stlouisfed.org/series/PSUGAISAUSDM,True,PROXY: no free global vanilla-bean price index exists. Sugar price used as a rough stand-in since syrup is majority sugar -- does NOT capture vanilla-specific volatility (e.g. Madagascar crop shocks).
2023-07-01,Vanilla Syrup,24.00809523809524,PSUGAISAUSDM,"IMF Global price of Sugar, No. 11, World (via FRED)",https://fred.stlouisfed.org/series/PSUGAISAUSDM,True,PROXY: no free global vanilla-bean price index exists. Sugar price used as a rough stand-in since syrup is majority sugar -- does NOT capture vanilla-specific volatility (e.g. Madagascar crop shocks).
2023-08-01,Vanilla Syrup,24.19304347826087,PSUGAISAUSDM,"IMF Global price of Sugar, No. 11, World (via FRED)",https://fred.stlouisfed.org/series/PSUGAISAUSDM,True,PROXY: no free global vanilla-bean price index exists. Sugar price used as a rough stand-in since syrup is majority sugar -- does NOT capture vanilla-specific volatility (e.g. Madagascar crop shocks).
2023-09-01,Vanilla Syrup,26.56380952380952,PSUGAISAUSDM,"IMF Global price of Sugar, No. 11, World (via FRED)",https://fred.stlouisfed.org/series/PSUGAISAUSDM,True,PROXY: no free global vanilla-bean price index exists. Sugar price used as a rough stand-in since syrup is majority sugar -- does NOT capture vanilla-specific volatility (e.g. Madagascar crop shocks).
2023-10-01,Vanilla Syrup,26.90363636363636,PSUGAISAUSDM,"IMF Global price of Sugar, No. 11, World (via FRED)",https://fred.stlouisfed.org/series/PSUGAISAUSDM,True,PROXY: no free global vanilla-bean price index exists. Sugar price used as a rough stand-in since syrup is majority sugar -- does NOT capture vanilla-specific volatility (e.g. Madagascar crop shocks).
2023-11-01,Vanilla Syrup,27.30954545454545,PSUGAISAUSDM,"IMF Global price of Sugar, No. 11, World (via FRED)",https://fred.stlouisfed.org/series/PSUGAISAUSDM,True,PROXY: no free global vanilla-bean price index exists. Sugar price used as a rough stand-in since syrup is majority sugar -- does NOT capture vanilla-specific volatility (e.g. Madagascar crop shocks).
2023-12-01,Vanilla Syrup,22.14571428571429,PSUGAISAUSDM,"IMF Global price of Sugar, No. 11, World (via FRED)",https://fred.stlouisfed.org/series/PSUGAISAUSDM,True,PROXY: no free global vanilla-bean price index exists. Sugar price used as a rough stand-in since syrup is majority sugar -- does NOT capture vanilla-specific volatility (e.g. Madagascar crop shocks).
2024-01-01,Vanilla Syrup,22.47478260869565,PSUGAISAUSDM,"IMF Global price of Sugar, No. 11, World (via FRED)",https://fred.stlouisfed.org/series/PSUGAISAUSDM,True,PROXY: no free global vanilla-bean price index exists. Sugar price used as a rough stand-in since syrup is majority sugar -- does NOT capture vanilla-specific volatility (e.g. Madagascar crop shocks).
2024-02-01,Vanilla Syrup,23.34190476190476,PSUGAISAUSDM,"IMF Global price of Sugar, No. 11, World (via FRED)",https://fred.stlouisfed.org/series/PSUGAISAUSDM,True,PROXY: no free global vanilla-bean price index exists. Sugar price used as a rough stand-in since syrup is majority sugar -- does NOT capture vanilla-specific volatility (e.g. Madagascar crop shocks).
2024-03-01,Vanilla Syrup,21.76904761904762,PSUGAISAUSDM,"IMF Global price of Sugar, No. 11, World (via FRED)",https://fred.stlouisfed.org/series/PSUGAISAUSDM,True,PROXY: no free global vanilla-bean price index exists. Sugar price used as a rough stand-in since syrup is majority sugar -- does NOT capture vanilla-specific volatility (e.g. Madagascar crop shocks).
2024-04-01,Vanilla Syrup,20.64727272727273,PSUGAISAUSDM,"IMF Global price of Sugar, No. 11, World (via FRED)",https://fred.stlouisfed.org/series/PSUGAISAUSDM,True,PROXY: no free global vanilla-bean price index exists. Sugar price used as a rough stand-in since syrup is majority sugar -- does NOT capture vanilla-specific volatility (e.g. Madagascar crop shocks).
2024-05-01,Vanilla Syrup,18.7995652173913,PSUGAISAUSDM,"IMF Global price of Sugar, No. 11, World (via FRED)",https://fred.stlouisfed.org/series/PSUGAISAUSDM,True,PROXY: no free global vanilla-bean price index exists. Sugar price used as a rough stand-in since syrup is majority sugar -- does NOT capture vanilla-specific volatility (e.g. Madagascar crop shocks).
2024-06-01,Vanilla Syrup,19.1695,PSUGAISAUSDM,"IMF Global price of Sugar, No. 11, World (via FRED)",https://fred.stlouisfed.org/series/PSUGAISAUSDM,True,PROXY: no free global vanilla-bean price index exists. Sugar price used as a rough stand-in since syrup is majority sugar -- does NOT capture vanilla-specific volatility (e.g. Madagascar crop shocks).
2024-07-01,Vanilla Syrup,19.35173913043478,PSUGAISAUSDM,"IMF Global price of Sugar, No. 11, World (via FRED)",https://fred.stlouisfed.org/series/PSUGAISAUSDM,True,PROXY: no free global vanilla-bean price index exists. Sugar price used as a rough stand-in since syrup is majority sugar -- does NOT capture vanilla-specific volatility (e.g. Madagascar crop shocks).
2024-08-01,Vanilla Syrup,18.41954545454545,PSUGAISAUSDM,"IMF Global price of Sugar, No. 11, World (via FRED)",https://fred.stlouisfed.org/series/PSUGAISAUSDM,True,PROXY: no free global vanilla-bean price index exists. Sugar price used as a rough stand-in since syrup is majority sugar -- does NOT capture vanilla-specific volatility (e.g. Madagascar crop shocks).
2024-09-01,Vanilla Syrup,20.6247619047619,PSUGAISAUSDM,"IMF Global price of Sugar, No. 11, World (via FRED)",https://fred.stlouisfed.org/series/PSUGAISAUSDM,True,PROXY: no free global vanilla-bean price index exists. Sugar price used as a rough stand-in since syrup is majority sugar -- does NOT capture vanilla-specific volatility (e.g. Madagascar crop shocks).
2024-10-01,Vanilla Syrup,22.35521739130435,PSUGAISAUSDM,"IMF Global price of Sugar, No. 11, World (via FRED)",https://fred.stlouisfed.org/series/PSUGAISAUSDM,True,PROXY: no free global vanilla-bean price index exists. Sugar price used as a rough stand-in since syrup is majority sugar -- does NOT capture vanilla-specific volatility (e.g. Madagascar crop shocks).
2024-11-01,Vanilla Syrup,21.6552380952381,PSUGAISAUSDM,"IMF Global price of Sugar, No. 11, World (via FRED)",https://fred.stlouisfed.org/series/PSUGAISAUSDM,True,PROXY: no free global vanilla-bean price index exists. Sugar price used as a rough stand-in since syrup is majority sugar -- does NOT capture vanilla-specific volatility (e.g. Madagascar crop shocks).
2024-12-01,Vanilla Syrup,20.31181818181818,PSUGAISAUSDM,"IMF Global price of Sugar, No. 11, World (via FRED)",https://fred.stlouisfed.org/series/PSUGAISAUSDM,True,PROXY: no free global vanilla-bean price index exists. Sugar price used as a rough stand-in since syrup is majority sugar -- does NOT capture vanilla-specific volatility (e.g. Madagascar crop shocks).
2025-01-01,Vanilla Syrup,18.93,PSUGAISAUSDM,"IMF Global price of Sugar, No. 11, World (via FRED)",https://fred.stlouisfed.org/series/PSUGAISAUSDM,True,PROXY: no free global vanilla-bean price index exists. Sugar price used as a rough stand-in since syrup is majority sugar -- does NOT capture vanilla-specific volatility (e.g. Madagascar crop shocks).
2025-02-01,Vanilla Syrup,20.1855,PSUGAISAUSDM,"IMF Global price of Sugar, No. 11, World (via FRED)",https://fred.stlouisfed.org/series/PSUGAISAUSDM,True,PROXY: no free global vanilla-bean price index exists. Sugar price used as a rough stand-in since syrup is majority sugar -- does NOT capture vanilla-specific volatility (e.g. Madagascar crop shocks).
2025-03-01,Vanilla Syrup,19.05619047619048,PSUGAISAUSDM,"IMF Global price of Sugar, No. 11, World (via FRED)",https://fred.stlouisfed.org/series/PSUGAISAUSDM,True,PROXY: no free global vanilla-bean price index exists. Sugar price used as a rough stand-in since syrup is majority sugar -- does NOT capture vanilla-specific volatility (e.g. Madagascar crop shocks).
2025-04-01,Vanilla Syrup,18.17181818181818,PSUGAISAUSDM,"IMF Global price of Sugar, No. 11, World (via FRED)",https://fred.stlouisfed.org/series/PSUGAISAUSDM,True,PROXY: no free global vanilla-bean price index exists. Sugar price used as a rough stand-in since syrup is majority sugar -- does NOT capture vanilla-specific volatility (e.g. Madagascar crop shocks).
2025-05-01,Vanilla Syrup,17.43136363636364,PSUGAISAUSDM,"IMF Global price of Sugar, No. 11, World (via FRED)",https://fred.stlouisfed.org/series/PSUGAISAUSDM,True,PROXY: no free global vanilla-bean price index exists. Sugar price used as a rough stand-in since syrup is majority sugar -- does NOT capture vanilla-specific volatility (e.g. Madagascar crop shocks).
2025-06-01,Vanilla Syrup,16.22619047619048,PSUGAISAUSDM,"IMF Global price of Sugar, No. 11, World (via FRED)",https://fred.stlouisfed.org/series/PSUGAISAUSDM,True,PROXY: no free global vanilla-bean price index exists. Sugar price used as a rough stand-in since syrup is majority sugar -- does NOT capture vanilla-specific volatility (e.g. Madagascar crop shocks).
2025-07-01,Vanilla Syrup,16.36478260869565,PSUGAISAUSDM,"IMF Global price of Sugar, No. 11, World (via FRED)",https://fred.stlouisfed.org/series/PSUGAISAUSDM,True,PROXY: no free global vanilla-bean price index exists. Sugar price used as a rough stand-in since syrup is majority sugar -- does NOT capture vanilla-specific volatility (e.g. Madagascar crop shocks).
2025-08-01,Vanilla Syrup,16.38952380952381,PSUGAISAUSDM,"IMF Global price of Sugar, No. 11, World (via FRED)",https://fred.stlouisfed.org/series/PSUGAISAUSDM,True,PROXY: no free global vanilla-bean price index exists. Sugar price used as a rough stand-in since syrup is majority sugar -- does NOT capture vanilla-specific volatility (e.g. Madagascar crop shocks).
2025-09-01,Vanilla Syrup,15.79,PSUGAISAUSDM,"IMF Global price of Sugar, No. 11, World (via FRED)",https://fred.stlouisfed.org/series/PSUGAISAUSDM,True,PROXY: no free global vanilla-bean price index exists. Sugar price used as a rough stand-in since syrup is majority sugar -- does NOT capture vanilla-specific volatility (e.g. Madagascar crop shocks).
2025-10-01,Vanilla Syrup,15.55869565217391,PSUGAISAUSDM,"IMF Global price of Sugar, No. 11, World (via FRED)",https://fred.stlouisfed.org/series/PSUGAISAUSDM,True,PROXY: no free global vanilla-bean price index exists. Sugar price used as a rough stand-in since syrup is majority sugar -- does NOT capture vanilla-specific volatility (e.g. Madagascar crop shocks).
2025-11-01,Vanilla Syrup,14.623,PSUGAISAUSDM,"IMF Global price of Sugar, No. 11, World (via FRED)",https://fred.stlouisfed.org/series/PSUGAISAUSDM,True,PROXY: no free global vanilla-bean price index exists. Sugar price used as a rough stand-in since syrup is majority sugar -- does NOT capture vanilla-specific volatility (e.g. Madagascar crop shocks).
2025-12-01,Vanilla Syrup,14.935,PSUGAISAUSDM,"IMF Global price of Sugar, No. 11, World (via FRED)",https://fred.stlouisfed.org/series/PSUGAISAUSDM,True,PROXY: no free global vanilla-bean price index exists. Sugar price used as a rough stand-in since syrup is majority sugar -- does NOT capture vanilla-specific volatility (e.g. Madagascar crop shocks).
2026-01-01,Vanilla Syrup,14.78590909090909,PSUGAISAUSDM,"IMF Global price of Sugar, No. 11, World (via FRED)",https://fred.stlouisfed.org/series/PSUGAISAUSDM,True,PROXY: no free global vanilla-bean price index exists. Sugar price used as a rough stand-in since syrup is majority sugar -- does NOT capture vanilla-specific volatility (e.g. Madagascar crop shocks).
2026-02-01,Vanilla Syrup,14.2015,PSUGAISAUSDM,"IMF Global price of Sugar, No. 11, World (via FRED)",https://fred.stlouisfed.org/series/PSUGAISAUSDM,True,PROXY: no free global vanilla-bean price index exists. Sugar price used as a rough stand-in since syrup is majority sugar -- does NOT capture vanilla-specific volatility (e.g. Madagascar crop shocks).
2026-03-01,Vanilla Syrup,14.79636363636364,PSUGAISAUSDM,"IMF Global price of Sugar, No. 11, World (via FRED)",https://fred.stlouisfed.org/series/PSUGAISAUSDM,True,PROXY: no free global vanilla-bean price index exists. Sugar price used as a rough stand-in since syrup is majority sugar -- does NOT capture vanilla-specific volatility (e.g. Madagascar crop shocks).
2026-04-01,Vanilla Syrup,14.09,PSUGAISAUSDM,"IMF Global price of Sugar, No. 11, World (via FRED)",https://fred.stlouisfed.org/series/PSUGAISAUSDM,True,PROXY: no free global vanilla-bean price index exists. Sugar price used as a rough stand-in since syrup is majority sugar -- does NOT capture vanilla-specific volatility (e.g. Madagascar crop shocks).
2026-05-01,Vanilla Syrup,14.77047619047619,PSUGAISAUSDM,"IMF Global price of Sugar, No. 11, World (via FRED)",https://fred.stlouisfed.org/series/PSUGAISAUSDM,True,PROXY: no free global vanilla-bean price index exists. Sugar price used as a rough stand-in since syrup is majority sugar -- does NOT capture vanilla-specific volatility (e.g. Madagascar crop shocks).
2026-06-01,Vanilla Syrup,13.90772727272727,PSUGAISAUSDM,"IMF Global price of Sugar, No. 11, World (via FRED)",https://fred.stlouisfed.org/series/PSUGAISAUSDM,True,PROXY: no free global vanilla-bean price index exists. Sugar price used as a rough stand-in since syrup is majority sugar -- does NOT capture vanilla-specific volatility (e.g. Madagascar crop shocks).
2026-07-01,Vanilla Syrup,14.81227272727273,PSUGAISAUSDM,"IMF Global price of Sugar, No. 11, World (via FRED)",https://fred.stlouisfed.org/series/PSUGAISAUSDM,True,PROXY: no free global vanilla-bean price index exists. Sugar price used as a rough stand-in since syrup is majority sugar -- does NOT capture vanilla-specific volatility (e.g. Madagascar crop shocks).
1971-01-01,Oat Milk,37.6,WPU012203,"BLS Producer Price Index, Farm Products: Oats (via FRED)",https://fred.stlouisfed.org/series/WPU012203,False,"Real direct raw-input price, but a US farm-gate producer price, not a global spot commodity price."
1971-02-01,Oat Milk,37.6,WPU012203,"BLS Producer Price Index, Farm Products: Oats (via FRED)",https://fred.stlouisfed.org/series/WPU012203,False,"Real direct raw-input price, but a US farm-gate producer price, not a global spot commodity price."
1971-03-01,Oat Milk,36.1,WPU012203,"BLS Producer Price Index, Farm Products: Oats (via FRED)",https://fred.stlouisfed.org/series/WPU012203,False,"Real direct raw-input price, but a US farm-gate producer price, not a global spot commodity price."
1971-04-01,Oat Milk,33.4,WPU012203,"BLS Producer Price Index, Farm Products: Oats (via FRED)",https://fred.stlouisfed.org/series/WPU012203,False,"Real direct raw-input price, but a US farm-gate producer price, not a global spot commodity price."
1971-05-01,Oat Milk,37.6,WPU012203,"BLS Producer Price Index, Farm Products: Oats (via FRED)",https://fred.stlouisfed.org/series/WPU012203,False,"Real direct raw-input price, but a US farm-gate producer price, not a global spot commodity price."
1971-06-01,Oat Milk,37.1,WPU012203,"BLS Producer Price Index, Farm Products: Oats (via FRED)",https://fred.stlouisfed.org/series/WPU012203,False,"Real direct raw-input price, but a US farm-gate producer price, not a global spot commodity price."
1971-07-01,Oat Milk,33.4,WPU012203,"BLS Producer Price Index, Farm Products: Oats (via FRED)",https://fred.stlouisfed.org/series/WPU012203,False,"Real direct raw-input price, but a US farm-gate producer price, not a global spot commodity price."
1971-08-01,Oat Milk,30.8,WPU012203,"BLS Producer Price Index, Farm Products: Oats (via FRED)",https://fred.stlouisfed.org/series/WPU012203,False,"Real direct raw-input price, but a US farm-gate producer price, not a global spot commodity price."
1971-09-01,Oat Milk,33.4,WPU012203,"BLS Producer Price Index, Farm Products: Oats (via FRED)",https://fred.stlouisfed.org/series/WPU012203,False,"Real direct raw-input price, but a US farm-gate producer price, not a global spot commodity price."
1971-10-01,Oat Milk,33.4,WPU012203,"BLS Producer Price Index, Farm Products: Oats (via FRED)",https://fred.stlouisfed.org/series/WPU012203,False,"Real direct raw-input price, but a US farm-gate producer price, not a global spot commodity price."
1971-11-01,Oat Milk,35.5,WPU012203,"BLS Producer Price Index, Farm Products: Oats (via FRED)",https://fred.stlouisfed.org/series/WPU012203,False,"Real direct raw-input price, but a US farm-gate producer price, not a global spot commodity price."
1971-12-01,Oat Milk,35.5,WPU012203,"BLS Producer Price Index, Farm Products: Oats (via FRED)",https://fred.stlouisfed.org/series/WPU012203,False,"Real direct raw-input price, but a US farm-gate producer price, not a global spot commodity price."
1972-01-01,Oat Milk,36.1,WPU012203,"BLS Producer Price Index, Farm Products: Oats (via FRED)",https://fred.stlouisfed.org/series/WPU012203,False,"Real direct raw-input price, but a US farm-gate producer price, not a global spot commodity price."
1972-02-01,Oat Milk,36.1,WPU012203,"BLS Producer Price Index, Farm Products: Oats (via FRED)",https://fred.stlouisfed.org/series/WPU012203,False,"Real direct raw-input price, but a US farm-gate producer price, not a global spot commodity price."
1972-03-01,Oat Milk,35.0,WPU012203,"BLS Producer Price Index, Farm Products: Oats (via FRED)",https://fred.stlouisfed.org/series/WPU012203,False,"Real direct raw-input price, but a US farm-gate producer price, not a global spot commodity price."
1972-04-01,Oat Milk,34.5,WPU012203,"BLS Producer Price Index, Farm Products: Oats (via FRED)",https://fred.stlouisfed.org/series/WPU012203,False,"Real direct raw-input price, but a US farm-gate producer price, not a global spot commodity price."
1972-05-01,Oat Milk,36.1,WPU012203,"BLS Producer Price Index, Farm Products: Oats (via FRED)",https://fred.stlouisfed.org/series/WPU012203,False,"Real direct raw-input price, but a US farm-gate producer price, not a global spot commodity price."
1972-06-01,Oat Milk,37.1,WPU012203,"BLS Producer Price Index, Farm Products: Oats (via FRED)",https://fred.stlouisfed.org/series/WPU012203,False,"Real direct raw-input price, but a US farm-gate producer price, not a global spot commodity price."
1972-07-01,Oat Milk,36.6,WPU012203,"BLS Producer Price Index, Farm Products: Oats (via FRED)",https://fred.stlouisfed.org/series/WPU012203,False,"Real direct raw-input price, but a US farm-gate producer price, not a global spot commodity price."
1972-08-01,Oat Milk,37.1,WPU012203,"BLS Producer Price Index, Farm Products: Oats (via FRED)",https://fred.stlouisfed.org/series/WPU012203,False,"Real direct raw-input price, but a US farm-gate producer price, not a global spot commodity price."
1972-09-01,Oat Milk,37.1,WPU012203,"BLS Producer Price Index, Farm Products: Oats (via FRED)",https://fred.stlouisfed.org/series/WPU012203,False,"Real direct raw-input price, but a US farm-gate producer price, not a global spot commodity price."
1972-10-01,Oat Milk,38.7,WPU012203,"BLS Producer Price Index, Farm Products: Oats (via FRED)",https://fred.stlouisfed.org/series/WPU012203,False,"Real direct raw-input price, but a US farm-gate producer price, not a global spot commodity price."
1972-11-01,Oat Milk,41.8,WPU012203,"BLS Producer Price Index, Farm Products: Oats (via FRED)",https://fred.stlouisfed.org/series/WPU012203,False,"Real direct raw-input price, but a US farm-gate producer price, not a global spot commodity price."
1972-12-01,Oat Milk,49.7,WPU012203,"BLS Producer Price Index, Farm Products: Oats (via FRED)",https://fred.stlouisfed.org/series/WPU012203,False,"Real direct raw-input price, but a US farm-gate producer price, not a global spot commodity price."
1973-01-01,Oat Milk,46.5,WPU012203,"BLS Producer Price Index, Farm Products: Oats (via FRED)",https://fred.stlouisfed.org/series/WPU012203,False,"Real direct raw-input price, but a US farm-gate producer price, not a global spot commodity price."
1973-02-01,Oat Milk,43.9,WPU012203,"BLS Producer Price Index, Farm Products: Oats (via FRED)",https://fred.stlouisfed.org/series/WPU012203,False,"Real direct raw-input price, but a US farm-gate producer price, not a global spot commodity price."
1973-03-01,Oat Milk,43.9,WPU012203,"BLS Producer Price Index, Farm Products: Oats (via FRED)",https://fred.stlouisfed.org/series/WPU012203,False,"Real direct raw-input price, but a US farm-gate producer price, not a global spot commodity price."
1973-04-01,Oat Milk,43.9,WPU012203,"BLS Producer Price Index, Farm Products: Oats (via FRED)",https://fred.stlouisfed.org/series/WPU012203,False,"Real direct raw-input price, but a US farm-gate producer price, not a global spot commodity price."
1973-05-01,Oat Milk,46.5,WPU012203,"BLS Producer Price Index, Farm Products: Oats (via FRED)",https://fred.stlouisfed.org/series/WPU012203,False,"Real direct raw-input price, but a US farm-gate producer price, not a global spot commodity price."
1973-06-01,Oat Milk,49.6,WPU012203,"BLS Producer Price Index, Farm Products: Oats (via FRED)",https://fred.stlouisfed.org/series/WPU012203,False,"Real direct raw-input price, but a US farm-gate producer price, not a global spot commodity price."
1973-07-01,Oat Milk,41.8,WPU012203,"BLS Producer Price Index, Farm Products: Oats (via FRED)",https://fred.stlouisfed.org/series/WPU012203,False,"Real direct raw-input price, but a US farm-gate producer price, not a global spot commodity price."
1973-08-01,Oat Milk,77.3,WPU012203,"BLS Producer Price Index, Farm Products: Oats (via FRED)",https://fred.stlouisfed.org/series/WPU012203,False,"Real direct raw-input price, but a US farm-gate producer price, not a global spot commodity price."
1973-09-01,Oat Milk,67.4,WPU012203,"BLS Producer Price Index, Farm Products: Oats (via FRED)",https://fred.stlouisfed.org/series/WPU012203,False,"Real direct raw-input price, but a US farm-gate producer price, not a global spot commodity price."
1973-10-01,Oat Milk,65.8,WPU012203,"BLS Producer Price Index, Farm Products: Oats (via FRED)",https://fred.stlouisfed.org/series/WPU012203,False,"Real direct raw-input price, but a US farm-gate producer price, not a global spot commodity price."
1973-11-01,Oat Milk,66.4,WPU012203,"BLS Producer Price Index, Farm Products: Oats (via FRED)",https://fred.stlouisfed.org/series/WPU012203,False,"Real direct raw-input price, but a US farm-gate producer price, not a global spot commodity price."
1973-12-01,Oat Milk,71.1,WPU012203,"BLS Producer Price Index, Farm Products: Oats (via FRED)",https://fred.stlouisfed.org/series/WPU012203,False,"Real direct raw-input price, but a US farm-gate producer price, not a global spot commodity price."
1974-01-01,Oat Milk,80.5,WPU012203,"BLS Producer Price Index, Farm Products: Oats (via FRED)",https://fred.stlouisfed.org/series/WPU012203,False,"Real direct raw-input price, but a US farm-gate producer price, not a global spot commodity price."
1974-02-01,Oat Milk,86.2,WPU012203,"BLS Producer Price Index, Farm Products: Oats (via FRED)",https://fred.stlouisfed.org/series/WPU012203,False,"Real direct raw-input price, but a US farm-gate producer price, not a global spot commodity price."
1974-03-01,Oat Milk,80.0,WPU012203,"BLS Producer Price Index, Farm Products: Oats (via FRED)",https://fred.stlouisfed.org/series/WPU012203,False,"Real direct raw-input price, but a US farm-gate producer price, not a global spot commodity price."
1974-04-01,Oat Milk,61.7,WPU012203,"BLS Producer Price Index, Farm Products: Oats (via FRED)",https://fred.stlouisfed.org/series/WPU012203,False,"Real direct raw-input price, but a US farm-gate producer price, not a global spot commodity price."
1974-05-01,Oat Milk,73.7,WPU012203,"BLS Producer Price Index, Farm Products: Oats (via FRED)",https://fred.stlouisfed.org/series/WPU012203,False,"Real direct raw-input price, but a US farm-gate producer price, not a global spot commodity price."
1974-06-01,Oat Milk,77.3,WPU012203,"BLS Producer Price Index, Farm Products: Oats (via FRED)",https://fred.stlouisfed.org/series/WPU012203,False,"Real direct raw-input price, but a US farm-gate producer price, not a global spot commodity price."
1974-07-01,Oat Milk,81.3,WPU012203,"BLS Producer Price Index, Farm Products: Oats (via FRED)",https://fred.stlouisfed.org/series/WPU012203,False,"Real direct raw-input price, but a US farm-gate producer price, not a global spot commodity price."
1974-08-01,Oat Milk,94.1,WPU012203,"BLS Producer Price Index, Farm Products: Oats (via FRED)",https://fred.stlouisfed.org/series/WPU012203,False,"Real direct raw-input price, but a US farm-gate producer price, not a global spot commodity price."
1974-09-01,Oat Milk,90.4,WPU012203,"BLS Producer Price Index, Farm Products: Oats (via FRED)",https://fred.stlouisfed.org/series/WPU012203,False,"Real direct raw-input price, but a US farm-gate producer price, not a global spot commodity price."
1974-10-01,Oat Milk,99.3,WPU012203,"BLS Producer Price Index, Farm Products: Oats (via FRED)",https://fred.stlouisfed.org/series/WPU012203,False,"Real direct raw-input price, but a US farm-gate producer price, not a global spot commodity price."
1974-11-01,Oat Milk,98.0,WPU012203,"BLS Producer Price Index, Farm Products: Oats (via FRED)",https://fred.stlouisfed.org/series/WPU012203,False,"Real direct raw-input price, but a US farm-gate producer price, not a global spot commodity price."
1974-12-01,Oat Milk,92.5,WPU012203,"BLS Producer Price Index, Farm Products: Oats (via FRED)",https://fred.stlouisfed.org/series/WPU012203,False,"Real direct raw-input price, but a US farm-gate producer price, not a global spot commodity price."
1975-01-01,Oat Milk,85.2,WPU012203,"BLS Producer Price Index, Farm Products: Oats (via FRED)",https://fred.stlouisfed.org/series/WPU012203,False,"Real direct raw-input price, but a US farm-gate producer price, not a global spot commodity price."
1975-02-01,Oat Milk,93.0,WPU012203,"BLS Producer Price Index, Farm Products: Oats (via FRED)",https://fred.stlouisfed.org/series/WPU012203,False,"Real direct raw-input price, but a US farm-gate producer price, not a global spot commodity price."
1975-03-01,Oat Milk,75.2,WPU012203,"BLS Producer Price Index, Farm Products: Oats (via FRED)",https://fred.stlouisfed.org/series/WPU012203,False,"Real direct raw-input price, but a US farm-gate producer price, not a global spot commodity price."
1975-04-01,Oat Milk,88.6,WPU012203,"BLS Producer Price Index, Farm Products: Oats (via FRED)",https://fred.stlouisfed.org/series/WPU012203,False,"Real direct raw-input price, but a US farm-gate producer price, not a global spot commodity price."
1975-05-01,Oat Milk,89.9,WPU012203,"BLS Producer Price Index, Farm Products: Oats (via FRED)",https://fred.stlouisfed.org/series/WPU012203,False,"Real direct raw-input price, but a US farm-gate producer price, not a global spot commodity price."
1975-06-01,Oat Milk,83.6,WPU012203,"BLS Producer Price Index, Farm Products: Oats (via FRED)",https://fred.stlouisfed.org/series/WPU012203,False,"Real direct raw-input price, but a US farm-gate producer price, not a global spot commodity price."
1975-07-01,Oat Milk,82.0,WPU012203,"BLS Producer Price Index, Farm Products: Oats (via FRED)",https://fred.stlouisfed.org/series/WPU012203,False,"Real direct raw-input price, but a US farm-gate producer price, not a global spot commodity price."
1975-08-01,Oat Milk,87.3,WPU012203,"BLS Producer Price Index, Farm Products: Oats (via FRED)",https://fred.stlouisfed.org/series/WPU012203,False,"Real direct raw-input price, but a US farm-gate producer price, not a global spot commodity price."
1975-09-01,Oat Milk,88.8,WPU012203,"BLS Producer Price Index, Farm Products: Oats (via FRED)",https://fred.stlouisfed.org/series/WPU012203,False,"Real direct raw-input price, but a US farm-gate producer price, not a global spot commodity price."
1975-10-01,Oat Milk,83.6,WPU012203,"BLS Producer Price Index, Farm Products: Oats (via FRED)",https://fred.stlouisfed.org/series/WPU012203,False,"Real direct raw-input price, but a US farm-gate producer price, not a global spot commodity price."
1975-11-01,Oat Milk,86.5,WPU012203,"BLS Producer Price Index, Farm Products: Oats (via FRED)",https://fred.stlouisfed.org/series/WPU012203,False,"Real direct raw-input price, but a US farm-gate producer price, not a global spot commodity price."
1975-12-01,Oat Milk,89.9,WPU012203,"BLS Producer Price Index, Farm Products: Oats (via FRED)",https://fred.stlouisfed.org/series/WPU012203,False,"Real direct raw-input price, but a US farm-gate producer price, not a global spot commodity price."
1976-01-01,Oat Milk,88.8,WPU012203,"BLS Producer Price Index, Farm Products: Oats (via FRED)",https://fred.stlouisfed.org/series/WPU012203,False,"Real direct raw-input price, but a US farm-gate producer price, not a global spot commodity price."
1976-02-01,Oat Milk,87.0,WPU012203,"BLS Producer Price Index, Farm Products: Oats (via FRED)",https://fred.stlouisfed.org/series/WPU012203,False,"Real direct raw-input price, but a US farm-gate producer price, not a global spot commodity price."
1976-03-01,Oat Milk,86.2,WPU012203,"BLS Producer Price Index, Farm Products: Oats (via FRED)",https://fred.stlouisfed.org/series/WPU012203,False,"Real direct raw-input price, but a US farm-gate producer price, not a global spot commodity price."
1976-04-01,Oat Milk,86.0,WPU012203,"BLS Producer Price Index, Farm Products: Oats (via FRED)",https://fred.stlouisfed.org/series/WPU012203,False,"Real direct raw-input price, but a US farm-gate producer price, not a global spot commodity price."
1976-05-01,Oat Milk,89.6,WPU012203,"BLS Producer Price Index, Farm Products: Oats (via FRED)",https://fred.stlouisfed.org/series/WPU012203,False,"Real direct raw-input price, but a US farm-gate producer price, not a global spot commodity price."
1976-06-01,Oat Milk,105.6,WPU012203,"BLS Producer Price Index, Farm Products: Oats (via FRED)",https://fred.stlouisfed.org/series/WPU012203,False,"Real direct raw-input price, but a US farm-gate producer price, not a global spot commodity price."
1976-07-01,Oat Milk,98.0,WPU012203,"BLS Producer Price Index, Farm Products: Oats (via FRED)",https://fred.stlouisfed.org/series/WPU012203,False,"Real direct raw-input price, but a US farm-gate producer price, not a global spot commodity price."
1976-08-01,Oat Milk,85.7,WPU012203,"BLS Producer Price Index, Farm Products: Oats (via FRED)",https://fred.stlouisfed.org/series/WPU012203,False,"Real direct raw-input price, but a US farm-gate producer price, not a global spot commodity price."
1976-09-01,Oat Milk,88.3,WPU012203,"BLS Producer Price Index, Farm Products: Oats (via FRED)",https://fred.stlouisfed.org/series/WPU012203,False,"Real direct raw-input price, but a US farm-gate producer price, not a global spot commodity price."
1976-10-01,Oat Milk,85.7,WPU012203,"BLS Producer Price Index, Farm Products: Oats (via FRED)",https://fred.stlouisfed.org/series/WPU012203,False,"Real direct raw-input price, but a US farm-gate producer price, not a global spot commodity price."
1976-11-01,Oat Milk,85.2,WPU012203,"BLS Producer Price Index, Farm Products: Oats (via FRED)",https://fred.stlouisfed.org/series/WPU012203,False,"Real direct raw-input price, but a US farm-gate producer price, not a global spot commodity price."
1976-12-01,Oat Milk,88.3,WPU012203,"BLS Producer Price Index, Farm Products: Oats (via FRED)",https://fred.stlouisfed.org/series/WPU012203,False,"Real direct raw-input price, but a US farm-gate producer price, not a global spot commodity price."
1977-01-01,Oat Milk,92.0,WPU012203,"BLS Producer Price Index, Farm Products: Oats (via FRED)",https://fred.stlouisfed.org/series/WPU012203,False,"Real direct raw-input price, but a US farm-gate producer price, not a global spot commodity price."
1977-02-01,Oat Milk,93.5,WPU012203,"BLS Producer Price Index, Farm Products: Oats (via FRED)",https://fred.stlouisfed.org/series/WPU012203,False,"Real direct raw-input price, but a US farm-gate producer price, not a global spot commodity price."
1977-03-01,Oat Milk,89.9,WPU012203,"BLS Producer Price Index, Farm Products: Oats (via FRED)",https://fred.stlouisfed.org/series/WPU012203,False,"Real direct raw-input price, but a US farm-gate producer price, not a global spot commodity price."
1977-04-01,Oat Milk,94.6,WPU012203,"BLS Producer Price Index, Farm Products: Oats (via FRED)",https://fred.stlouisfed.org/series/WPU012203,False,"Real direct raw-input price, but a US farm-gate producer price, not a global spot commodity price."
1977-05-01,Oat Milk,87.3,WPU012203,"BLS Producer Price Index, Farm Products: Oats (via FRED)",https://fred.stlouisfed.org/series/WPU012203,False,"Real direct raw-input price, but a US farm-gate producer price, not a global spot commodity price."
1977-06-01,Oat Milk,71.6,WPU012203,"BLS Producer Price Index, Farm Products: Oats (via FRED)",https://fred.stlouisfed.org/series/WPU012203,False,"Real direct raw-input price, but a US farm-gate producer price, not a global spot commodity price."
1977-07-01,Oat Milk,59.6,WPU012203,"BLS Producer Price Index, Farm Products: Oats (via FRED)",https://fred.stlouisfed.org/series/WPU012203,False,"Real direct raw-input price, but a US farm-gate producer price, not a global spot commodity price."
1977-08-01,Oat Milk,53.8,WPU012203,"BLS Producer Price Index, Farm Products: Oats (via FRED)",https://fred.stlouisfed.org/series/WPU012203,False,"Real direct raw-input price, but a US farm-gate producer price, not a global spot commodity price."
1977-09-01,Oat Milk,57.0,WPU012203,"BLS Producer Price Index, Farm Products: Oats (via FRED)",https://fred.stlouisfed.org/series/WPU012203,False,"Real direct raw-input price, but a US farm-gate producer price, not a global spot commodity price."
1977-10-01,Oat Milk,60.6,WPU012203,"BLS Producer Price Index, Farm Products: Oats (via FRED)",https://fred.stlouisfed.org/series/WPU012203,False,"Real direct raw-input price, but a US farm-gate producer price, not a global spot commodity price."
1977-11-01,Oat Milk,70.3,WPU012203,"BLS Producer Price Index, Farm Products: Oats (via FRED)",https://fred.stlouisfed.org/series/WPU012203,False,"Real direct raw-input price, but a US farm-gate producer price, not a global spot commodity price."
1977-12-01,Oat Milk,70.0,WPU012203,"BLS Producer Price Index, Farm Products: Oats (via FRED)",https://fred.stlouisfed.org/series/WPU012203,False,"Real direct raw-input price, but a US farm-gate producer price, not a global spot commodity price."
1978-01-01,Oat Milk,68.5,WPU012203,"BLS Producer Price Index, Farm Products: Oats (via FRED)",https://fred.stlouisfed.org/series/WPU012203,False,"Real direct raw-input price, but a US farm-gate producer price, not a global spot commodity price."
1978-02-01,Oat Milk,69.0,WPU012203,"BLS Producer Price Index, Farm Products: Oats (via FRED)",https://fred.stlouisfed.org/series/WPU012203,False,"Real direct raw-input price, but a US farm-gate producer price, not a global spot commodity price."
1978-03-01,Oat Milk,68.2,WPU012203,"BLS Producer Price Index, Farm Products: Oats (via FRED)",https://fred.stlouisfed.org/series/WPU012203,False,"Real direct raw-input price, but a US farm-gate producer price, not a global spot commodity price."
1978-04-01,Oat Milk,74.5,WPU012203,"BLS Producer Price Index, Farm Products: Oats (via FRED)",https://fred.stlouisfed.org/series/WPU012203,False,"Real direct raw-input price, but a US farm-gate producer price, not a global spot commodity price."
1978-05-01,Oat Milk,73.2,WPU012203,"BLS Producer Price Index, Farm Products: Oats (via FRED)",https://fred.stlouisfed.org/series/WPU012203,False,"Real direct raw-input price, but a US farm-gate producer price, not a global spot commodity price."
1978-06-01,Oat Milk,70.0,WPU012203,"BLS Producer Price Index, Farm Products: Oats (via FRED)",https://fred.stlouisfed.org/series/WPU012203,False,"Real direct raw-input price, but a US farm-gate producer price, not a global spot commodity price."
1978-07-01,Oat Milk,66.4,WPU012203,"BLS Producer Price Index, Farm Products: Oats (via FRED)",https://fred.stlouisfed.org/series/WPU012203,False,"Real direct raw-input price, but a US farm-gate producer price, not a global spot commodity price."
1978-08-01,Oat Milk,66.9,WPU012203,"BLS Producer Price Index, Farm Products: Oats (via FRED)",https://fred.stlouisfed.org/series/WPU012203,False,"Real direct raw-input price, but a US farm-gate producer price, not a global spot commodity price."
1978-09-01,Oat Milk,71.8,WPU012203,"BLS Producer Price Index, Farm Products: Oats (via FRED)",https://fred.stlouisfed.org/series/WPU012203,False,"Real direct raw-input price, but a US farm-gate producer price, not a global spot commodity price."
1978-10-01,Oat Milk,71.8,WPU012203,"BLS Producer Price Index, Farm Products: Oats (via FRED)",https://fred.stlouisfed.org/series/WPU012203,False,"Real direct raw-input price, but a US farm-gate producer price, not a global spot commodity price."
1978-11-01,Oat Milk,78.1,WPU012203,"BLS Producer Price Index, Farm Products: Oats (via FRED)",https://fred.stlouisfed.org/series/WPU012203,False,"Real direct raw-input price, but a US farm-gate producer price, not a global spot commodity price."
1978-12-01,Oat Milk,75.0,WPU012203,"BLS Producer Price Index, Farm Products: Oats (via FRED)",https://fred.stlouisfed.org/series/WPU012203,False,"Real direct raw-input price, but a US farm-gate producer price, not a global spot commodity price."
1979-01-01,Oat Milk,74.2,WPU012203,"BLS Producer Price Index, Farm Products: Oats (via FRED)",https://fred.stlouisfed.org/series/WPU012203,False,"Real direct raw-input price, but a US farm-gate producer price, not a global spot commodity price."
1979-02-01,Oat Milk,77.9,WPU012203,"BLS Producer Price Index, Farm Products: Oats (via FRED)",https://fred.stlouisfed.org/series/WPU012203,False,"Real direct raw-input price, but a US farm-gate producer price, not a global spot commodity price."
1979-03-01,Oat Milk,84.9,WPU012203,"BLS Producer Price Index, Farm Products: Oats (via FRED)",https://fred.stlouisfed.org/series/WPU012203,False,"Real direct raw-input price, but a US farm-gate producer price, not a global spot commodity price."
1979-04-01,Oat Milk,78.1,WPU012203,"BLS Producer Price Index, Farm Products: Oats (via FRED)",https://fred.stlouisfed.org/series/WPU012203,False,"Real direct raw-input price, but a US farm-gate producer price, not a global spot commodity price."
1979-05-01,Oat Milk,84.4,WPU012203,"BLS Producer Price Index, Farm Products: Oats (via FRED)",https://fred.stlouisfed.org/series/WPU012203,False,"Real direct raw-input price, but a US farm-gate producer price, not a global spot commodity price."
1979-06-01,Oat Milk,83.9,WPU012203,"BLS Producer Price Index, Farm Products: Oats (via FRED)",https://fred.stlouisfed.org/series/WPU012203,False,"Real direct raw-input price, but a US farm-gate producer price, not a global spot commodity price."
1979-07-01,Oat Milk,88.3,WPU012203,"BLS Producer Price Index, Farm Products: Oats (via FRED)",https://fred.stlouisfed.org/series/WPU012203,False,"Real direct raw-input price, but a US farm-gate producer price, not a global spot commodity price."
1979-08-01,Oat Milk,77.3,WPU012203,"BLS Producer Price Index, Farm Products: Oats (via FRED)",https://fred.stlouisfed.org/series/WPU012203,False,"Real direct raw-input price, but a US farm-gate producer price, not a global spot commodity price."
1979-09-01,Oat Milk,78.9,WPU012203,"BLS Producer Price Index, Farm Products: Oats (via FRED)",https://fred.stlouisfed.org/series/WPU012203,False,"Real direct raw-input price, but a US farm-gate producer price, not a global spot commodity price."
1979-10-01,Oat Milk,86.2,WPU012203,"BLS Producer Price Index, Farm Products: Oats (via FRED)",https://fred.stlouisfed.org/series/WPU012203,False,"Real direct raw-input price, but a US farm-gate producer price, not a global spot commodity price."
1979-11-01,Oat Milk,87.0,WPU012203,"BLS Producer Price Index, Farm Products: Oats (via FRED)",https://fred.stlouisfed.org/series/WPU012203,False,"Real direct raw-input price, but a US farm-gate producer price, not a global spot commodity price."
1979-12-01,Oat Milk,82.3,WPU012203,"BLS Producer Price Index, Farm Products: Oats (via FRED)",https://fred.stlouisfed.org/series/WPU012203,False,"Real direct raw-input price, but a US farm-gate producer price, not a global spot commodity price."
1980-01-01,Oat Milk,77.6,WPU012203,"BLS Producer Price Index, Farm Products: Oats (via FRED)",https://fred.stlouisfed.org/series/WPU012203,False,"Real direct raw-input price, but a US farm-gate producer price, not a global spot commodity price."
1980-02-01,Oat Milk,78.4,WPU012203,"BLS Producer Price Index, Farm Products: Oats (via FRED)",https://fred.stlouisfed.org/series/WPU012203,False,"Real direct raw-input price, but a US farm-gate producer price, not a global spot commodity price."
1980-03-01,Oat Milk,78.6,WPU012203,"BLS Producer Price Index, Farm Products: Oats (via FRED)",https://fred.stlouisfed.org/series/WPU012203,False,"Real direct raw-input price, but a US farm-gate producer price, not a global spot commodity price."
1980-04-01,Oat Milk,77.9,WPU012203,"BLS Producer Price Index, Farm Products: Oats (via FRED)",https://fred.stlouisfed.org/series/WPU012203,False,"Real direct raw-input price, but a US farm-gate producer price, not a global spot commodity price."
1980-05-01,Oat Milk,81.3,WPU012203,"BLS Producer Price Index, Farm Products: Oats (via FRED)",https://fred.stlouisfed.org/series/WPU012203,False,"Real direct raw-input price, but a US farm-gate producer price, not a global spot commodity price."
1980-06-01,Oat Milk,84.1,WPU012203,"BLS Producer Price Index, Farm Products: Oats (via FRED)",https://fred.stlouisfed.org/series/WPU012203,False,"Real direct raw-input price, but a US farm-gate producer price, not a global spot commodity price."
1980-07-01,Oat Milk,98.8,WPU012203,"BLS Producer Price Index, Farm Products: Oats (via FRED)",https://fred.stlouisfed.org/series/WPU012203,False,"Real direct raw-input price, but a US farm-gate producer price, not a global spot commodity price."
1980-08-01,Oat Milk,89.4,WPU012203,"BLS Producer Price Index, Farm Products: Oats (via FRED)",https://fred.stlouisfed.org/series/WPU012203,False,"Real direct raw-input price, but a US farm-gate producer price, not a global spot commodity price."
1980-09-01,Oat Milk,98.5,WPU012203,"BLS Producer Price Index, Farm Products: Oats (via FRED)",https://fred.stlouisfed.org/series/WPU012203,False,"Real direct raw-input price, but a US farm-gate producer price, not a global spot commodity price."
1980-10-01,Oat Milk,104.0,WPU012203,"BLS Producer Price Index, Farm Products: Oats (via FRED)",https://fred.stlouisfed.org/series/WPU012203,False,"Real direct raw-input price, but a US farm-gate producer price, not a global spot commodity price."
1980-11-01,Oat Milk,109.2,WPU012203,"BLS Producer Price Index, Farm Products: Oats (via FRED)",https://fred.stlouisfed.org/series/WPU012203,False,"Real direct raw-input price, but a US farm-gate producer price, not a global spot commodity price."
1980-12-01,Oat Milk,117.8,WPU012203,"BLS Producer Price Index, Farm Products: Oats (via FRED)",https://fred.stlouisfed.org/series/WPU012203,False,"Real direct raw-input price, but a US farm-gate producer price, not a global spot commodity price."
1981-01-01,Oat Milk,118.9,WPU012203,"BLS Producer Price Index, Farm Products: Oats (via FRED)",https://fred.stlouisfed.org/series/WPU012203,False,"Real direct raw-input price, but a US farm-gate producer price, not a global spot commodity price."
1981-02-01,Oat Milk,119.9,WPU012203,"BLS Producer Price Index, Farm Products: Oats (via FRED)",https://fred.stlouisfed.org/series/WPU012203,False,"Real direct raw-input price, but a US farm-gate producer price, not a global spot commodity price."
1981-03-01,Oat Milk,116.3,WPU012203,"BLS Producer Price Index, Farm Products: Oats (via FRED)",https://fred.stlouisfed.org/series/WPU012203,False,"Real direct raw-input price, but a US farm-gate producer price, not a global spot commodity price."
1981-04-01,Oat Milk,113.9,WPU012203,"BLS Producer Price Index, Farm Products: Oats (via FRED)",https://fred.stlouisfed.org/series/WPU012203,False,"Real direct raw-input price, but a US farm-gate producer price, not a global spot commodity price."
1981-05-01,Oat Milk,112.3,WPU012203,"BLS Producer Price Index, Farm Products: Oats (via FRED)",https://fred.stlouisfed.org/series/WPU012203,False,"Real direct raw-input price, but a US farm-gate producer price, not a global spot commodity price."
1981-06-01,Oat Milk,117.6,WPU012203,"BLS Producer Price Index, Farm Products: Oats (via FRED)",https://fred.stlouisfed.org/series/WPU012203,False,"Real direct raw-input price, but a US farm-gate producer price, not a global spot commodity price."
1981-07-01,Oat Milk,109.7,WPU012203,"BLS Producer Price Index, Farm Products: Oats (via FRED)",https://fred.stlouisfed.org/series/WPU012203,False,"Real direct raw-input price, but a US farm-gate producer price, not a global spot commodity price."
1981-08-01,Oat Milk,104.2,WPU012203,"BLS Producer Price Index, Farm Products: Oats (via FRED)",https://fred.stlouisfed.org/series/WPU012203,False,"Real direct raw-input price, but a US farm-gate producer price, not a global spot commodity price."
1981-09-01,Oat Milk,106.3,WPU012203,"BLS Producer Price Index, Farm Products: Oats (via FRED)",https://fred.stlouisfed.org/series/WPU012203,False,"Real direct raw-input price, but a US farm-gate producer price, not a global spot commodity price."
1981-10-01,Oat Milk,107.9,WPU012203,"BLS Producer Price Index, Farm Products: Oats (via FRED)",https://fred.stlouisfed.org/series/WPU012203,False,"Real direct raw-input price, but a US farm-gate producer price, not a global spot commodity price."
1981-11-01,Oat Milk,122.8,WPU012203,"BLS Producer Price Index, Farm Products: Oats (via FRED)",https://fred.stlouisfed.org/series/WPU012203,False,"Real direct raw-input price, but a US farm-gate producer price, not a global spot commodity price."
1981-12-01,Oat Milk,109.7,WPU012203,"BLS Producer Price Index, Farm Products: Oats (via FRED)",https://fred.stlouisfed.org/series/WPU012203,False,"Real direct raw-input price, but a US farm-gate producer price, not a global spot commodity price."
1982-01-01,Oat Milk,115.7,WPU012203,"BLS Producer Price Index, Farm Products: Oats (via FRED)",https://fred.stlouisfed.org/series/WPU012203,False,"Real direct raw-input price, but a US farm-gate producer price, not a global spot commodity price."
1982-02-01,Oat Milk,120.7,WPU012203,"BLS Producer Price Index, Farm Products: Oats (via FRED)",https://fred.stlouisfed.org/series/WPU012203,False,"Real direct raw-input price, but a US farm-gate producer price, not a global spot commodity price."
1982-03-01,Oat Milk,111.0,WPU012203,"BLS Producer Price Index, Farm Products: Oats (via FRED)",https://fred.stlouisfed.org/series/WPU012203,False,"Real direct raw-input price, but a US farm-gate producer price, not a global spot commodity price."
1982-04-01,Oat Milk,117.6,WPU012203,"BLS Producer Price Index, Farm Products: Oats (via FRED)",https://fred.stlouisfed.org/series/WPU012203,False,"Real direct raw-input price, but a US farm-gate producer price, not a global spot commodity price."
1982-05-01,Oat Milk,116.0,WPU012203,"BLS Producer Price Index, Farm Products: Oats (via FRED)",https://fred.stlouisfed.org/series/WPU012203,False,"Real direct raw-input price, but a US farm-gate producer price, not a global spot commodity price."
1982-06-01,Oat Milk,108.4,WPU012203,"BLS Producer Price Index, Farm Products: Oats (via FRED)",https://fred.stlouisfed.org/series/WPU012203,False,"Real direct raw-input price, but a US farm-gate producer price, not a global spot commodity price."
1982-07-01,Oat Milk,101.1,WPU012203,"BLS Producer Price Index, Farm Products: Oats (via FRED)",https://fred.stlouisfed.org/series/WPU012203,False,"Real direct raw-input price, but a US farm-gate producer price, not a global spot commodity price."
1982-08-01,Oat Milk,79.2,WPU012203,"BLS Producer Price Index, Farm Products: Oats (via FRED)",https://fred.stlouisfed.org/series/WPU012203,False,"Real direct raw-input price, but a US farm-gate producer price, not a global spot commodity price."
1982-09-01,Oat Milk,78.4,WPU012203,"BLS Producer Price Index, Farm Products: Oats (via FRED)",https://fred.stlouisfed.org/series/WPU012203,False,"Real direct raw-input price, but a US farm-gate producer price, not a global spot commodity price."
1982-10-01,Oat Milk,77.9,WPU012203,"BLS Producer Price Index, Farm Products: Oats (via FRED)",https://fred.stlouisfed.org/series/WPU012203,False,"Real direct raw-input price, but a US farm-gate producer price, not a global spot commodity price."
1982-11-01,Oat Milk,86.5,WPU012203,"BLS Producer Price Index, Farm Products: Oats (via FRED)",https://fred.stlouisfed.org/series/WPU012203,False,"Real direct raw-input price, but a US farm-gate producer price, not a global spot commodity price."
1982-12-01,Oat Milk,87.5,WPU012203,"BLS Producer Price Index, Farm Products: Oats (via FRED)",https://fred.stlouisfed.org/series/WPU012203,False,"Real direct raw-input price, but a US farm-gate producer price, not a global spot commodity price."
1983-01-01,Oat Milk,87.5,WPU012203,"BLS Producer Price Index, Farm Products: Oats (via FRED)",https://fred.stlouisfed.org/series/WPU012203,False,"Real direct raw-input price, but a US farm-gate producer price, not a global spot commodity price."
1983-02-01,Oat Milk,86.5,WPU012203,"BLS Producer Price Index, Farm Products: Oats (via FRED)",https://fred.stlouisfed.org/series/WPU012203,False,"Real direct raw-input price, but a US farm-gate producer price, not a global spot commodity price."
1983-03-01,Oat Milk,84.7,WPU012203,"BLS Producer Price Index, Farm Products: Oats (via FRED)",https://fred.stlouisfed.org/series/WPU012203,False,"Real direct raw-input price, but a US farm-gate producer price, not a global spot commodity price."
1983-04-01,Oat Milk,90.7,WPU012203,"BLS Producer Price Index, Farm Products: Oats (via FRED)",https://fred.stlouisfed.org/series/WPU012203,False,"Real direct raw-input price, but a US farm-gate producer price, not a global spot commodity price."
1983-05-01,Oat Milk,90.1,WPU012203,"BLS Producer Price Index, Farm Products: Oats (via FRED)",https://fred.stlouisfed.org/series/WPU012203,False,"Real direct raw-input price, but a US farm-gate producer price, not a global spot commodity price."
1983-06-01,Oat Milk,87.8,WPU012203,"BLS Producer Price Index, Farm Products: Oats (via FRED)",https://fred.stlouisfed.org/series/WPU012203,False,"Real direct raw-input price, but a US farm-gate producer price, not a global spot commodity price."
1983-07-01,Oat Milk,83.3,WPU012203,"BLS Producer Price Index, Farm Products: Oats (via FRED)",https://fred.stlouisfed.org/series/WPU012203,False,"Real direct raw-input price, but a US farm-gate producer price, not a global spot commodity price."
1983-08-01,Oat Milk,89.9,WPU012203,"BLS Producer Price Index, Farm Products: Oats (via FRED)",https://fred.stlouisfed.org/series/WPU012203,False,"Real direct raw-input price, but a US farm-gate producer price, not a global spot commodity price."
1983-09-01,Oat Milk,102.4,WPU012203,"BLS Producer Price Index, Farm Products: Oats (via FRED)",https://fred.stlouisfed.org/series/WPU012203,False,"Real direct raw-input price, but a US farm-gate producer price, not a global spot commodity price."
1983-10-01,Oat Milk,105.3,WPU012203,"BLS Producer Price Index, Farm Products: Oats (via FRED)",https://fred.stlouisfed.org/series/WPU012203,False,"Real direct raw-input price, but a US farm-gate producer price, not a global spot commodity price."
1983-11-01,Oat Milk,104.5,WPU012203,"BLS Producer Price Index, Farm Products: Oats (via FRED)",https://fred.stlouisfed.org/series/WPU012203,False,"Real direct raw-input price, but a US farm-gate producer price, not a global spot commodity price."
1983-12-01,Oat Milk,101.6,WPU012203,"BLS Producer Price Index, Farm Products: Oats (via FRED)",https://fred.stlouisfed.org/series/WPU012203,False,"Real direct raw-input price, but a US farm-gate producer price, not a global spot commodity price."
1984-01-01,Oat Milk,103.7,WPU012203,"BLS Producer Price Index, Farm Products: Oats (via FRED)",https://fred.stlouisfed.org/series/WPU012203,False,"Real direct raw-input price, but a US farm-gate producer price, not a global spot commodity price."
1984-02-01,Oat Milk,92.0,WPU012203,"BLS Producer Price Index, Farm Products: Oats (via FRED)",https://fred.stlouisfed.org/series/WPU012203,False,"Real direct raw-input price, but a US farm-gate producer price, not a global spot commodity price."
1984-03-01,Oat Milk,98.5,WPU012203,"BLS Producer Price Index, Farm Products: Oats (via FRED)",https://fred.stlouisfed.org/series/WPU012203,False,"Real direct raw-input price, but a US farm-gate producer price, not a global spot commodity price."
1984-04-01,Oat Milk,100.3,WPU012203,"BLS Producer Price Index, Farm Products: Oats (via FRED)",https://fred.stlouisfed.org/series/WPU012203,False,"Real direct raw-input price, but a US farm-gate producer price, not a global spot commodity price."
1984-05-01,Oat Milk,103.2,WPU012203,"BLS Producer Price Index, Farm Products: Oats (via FRED)",https://fred.stlouisfed.org/series/WPU012203,False,"Real direct raw-input price, but a US farm-gate producer price, not a global spot commodity price."
1984-06-01,Oat Milk,99.0,WPU012203,"BLS Producer Price Index, Farm Products: Oats (via FRED)",https://fred.stlouisfed.org/series/WPU012203,False,"Real direct raw-input price, but a US farm-gate producer price, not a global spot commodity price."
1984-07-01,Oat Milk,99.8,WPU012203,"BLS Producer Price Index, Farm Products: Oats (via FRED)",https://fred.stlouisfed.org/series/WPU012203,False,"Real direct raw-input price, but a US farm-gate producer price, not a global spot commodity price."
1984-08-01,Oat Milk,92.0,WPU012203,"BLS Producer Price Index, Farm Products: Oats (via FRED)",https://fred.stlouisfed.org/series/WPU012203,False,"Real direct raw-input price, but a US farm-gate producer price, not a global spot commodity price."
1984-09-01,Oat Milk,93.0,WPU012203,"BLS Producer Price Index, Farm Products: Oats (via FRED)",https://fred.stlouisfed.org/series/WPU012203,False,"Real direct raw-input price, but a US farm-gate producer price, not a global spot commodity price."
1984-10-01,Oat Milk,94.1,WPU012203,"BLS Producer Price Index, Farm Products: Oats (via FRED)",https://fred.stlouisfed.org/series/WPU012203,False,"Real direct raw-input price, but a US farm-gate producer price, not a global spot commodity price."
1984-11-01,Oat Milk,100.8,WPU012203,"BLS Producer Price Index, Farm Products: Oats (via FRED)",https://fred.stlouisfed.org/series/WPU012203,False,"Real direct raw-input price, but a US farm-gate producer price, not a global spot commodity price."
1984-12-01,Oat Milk,99.3,WPU012203,"BLS Producer Price Index, Farm Products: Oats (via FRED)",https://fred.stlouisfed.org/series/WPU012203,False,"Real direct raw-input price, but a US farm-gate producer price, not a global spot commodity price."
1985-01-01,Oat Milk,95.1,WPU012203,"BLS Producer Price Index, Farm Products: Oats (via FRED)",https://fred.stlouisfed.org/series/WPU012203,False,"Real direct raw-input price, but a US farm-gate producer price, not a global spot commodity price."
1985-02-01,Oat Milk,96.1,WPU012203,"BLS Producer Price Index, Farm Products: Oats (via FRED)",https://fred.stlouisfed.org/series/WPU012203,False,"Real direct raw-input price, but a US farm-gate producer price, not a global spot commodity price."
1985-03-01,Oat Milk,95.4,WPU012203,"BLS Producer Price Index, Farm Products: Oats (via FRED)",https://fred.stlouisfed.org/series/WPU012203,False,"Real direct raw-input price, but a US farm-gate producer price, not a global spot commodity price."
1985-04-01,Oat Milk,89.1,WPU012203,"BLS Producer Price Index, Farm Products: Oats (via FRED)",https://fred.stlouisfed.org/series/WPU012203,False,"Real direct raw-input price, but a US farm-gate producer price, not a global spot commodity price."
1985-05-01,Oat Milk,87.3,WPU012203,"BLS Producer Price Index, Farm Products: Oats (via FRED)",https://fred.stlouisfed.org/series/WPU012203,False,"Real direct raw-input price, but a US farm-gate producer price, not a global spot commodity price."
1985-06-01,Oat Milk,82.6,WPU012203,"BLS Producer Price Index, Farm Products: Oats (via FRED)",https://fred.stlouisfed.org/series/WPU012203,False,"Real direct raw-input price, but a US farm-gate producer price, not a global spot commodity price."
1985-07-01,Oat Milk,80.5,WPU012203,"BLS Producer Price Index, Farm Products: Oats (via FRED)",https://fred.stlouisfed.org/series/WPU012203,False,"Real direct raw-input price, but a US farm-gate producer price, not a global spot commodity price."
1985-08-01,Oat Milk,64.5,WPU012203,"BLS Producer Price Index, Farm Products: Oats (via FRED)",https://fred.stlouisfed.org/series/WPU012203,False,"Real direct raw-input price, but a US farm-gate producer price, not a global spot commodity price."
1985-09-01,Oat Milk,64.5,WPU012203,"BLS Producer Price Index, Farm Products: Oats (via FRED)",https://fred.stlouisfed.org/series/WPU012203,False,"Real direct raw-input price, but a US farm-gate producer price, not a global spot commodity price."
1985-10-01,Oat Milk,61.4,WPU012203,"BLS Producer Price Index, Farm Products: Oats (via FRED)",https://fred.stlouisfed.org/series/WPU012203,False,"Real direct raw-input price, but a US farm-gate producer price, not a global spot commodity price."
1985-11-01,Oat Milk,68.5,WPU012203,"BLS Producer Price Index, Farm Products: Oats (via FRED)",https://fred.stlouisfed.org/series/WPU012203,False,"Real direct raw-input price, but a US farm-gate producer price, not a global spot commodity price."
1985-12-01,Oat Milk,71.6,WPU012203,"BLS Producer Price Index, Farm Products: Oats (via FRED)",https://fred.stlouisfed.org/series/WPU012203,False,"Real direct raw-input price, but a US farm-gate producer price, not a global spot commodity price."
1986-01-01,Oat Milk,74.5,WPU012203,"BLS Producer Price Index, Farm Products: Oats (via FRED)",https://fred.stlouisfed.org/series/WPU012203,False,"Real direct raw-input price, but a US farm-gate producer price, not a global spot commodity price."
1986-02-01,Oat Milk,68.2,WPU012203,"BLS Producer Price Index, Farm Products: Oats (via FRED)",https://fred.stlouisfed.org/series/WPU012203,False,"Real direct raw-input price, but a US farm-gate producer price, not a global spot commodity price."
1986-03-01,Oat Milk,70.3,WPU012203,"BLS Producer Price Index, Farm Products: Oats (via FRED)",https://fred.stlouisfed.org/series/WPU012203,False,"Real direct raw-input price, but a US farm-gate producer price, not a global spot commodity price."
1986-04-01,Oat Milk,58.1,WPU012203,"BLS Producer Price Index, Farm Products: Oats (via FRED)",https://fred.stlouisfed.org/series/WPU012203,False,"Real direct raw-input price, but a US farm-gate producer price, not a global spot commodity price."
1986-05-01,Oat Milk,64.2,WPU012203,"BLS Producer Price Index, Farm Products: Oats (via FRED)",https://fred.stlouisfed.org/series/WPU012203,False,"Real direct raw-input price, but a US farm-gate producer price, not a global spot commodity price."
1986-06-01,Oat Milk,64.2,WPU012203,"BLS Producer Price Index, Farm Products: Oats (via FRED)",https://fred.stlouisfed.org/series/WPU012203,False,"Real direct raw-input price, but a US farm-gate producer price, not a global spot commodity price."
1986-07-01,Oat Milk,56.5,WPU012203,"BLS Producer Price Index, Farm Products: Oats (via FRED)",https://fred.stlouisfed.org/series/WPU012203,False,"Real direct raw-input price, but a US farm-gate producer price, not a global spot commodity price."
1986-08-01,Oat Milk,58.1,WPU012203,"BLS Producer Price Index, Farm Products: Oats (via FRED)",https://fred.stlouisfed.org/series/WPU012203,False,"Real direct raw-input price, but a US farm-gate producer price, not a global spot commodity price."
1986-09-01,Oat Milk,66.0,WPU012203,"BLS Producer Price Index, Farm Products: Oats (via FRED)",https://fred.stlouisfed.org/series/WPU012203,False,"Real direct raw-input price, but a US farm-gate producer price, not a global spot commodity price."
1986-10-01,Oat Milk,73.2,WPU012203,"BLS Producer Price Index, Farm Products: Oats (via FRED)",https://fred.stlouisfed.org/series/WPU012203,False,"Real direct raw-input price, but a US farm-gate producer price, not a global spot commodity price."
1986-11-01,Oat Milk,91.1,WPU012203,"BLS Producer Price Index, Farm Products: Oats (via FRED)",https://fred.stlouisfed.org/series/WPU012203,False,"Real direct raw-input price, but a US farm-gate producer price, not a global spot commodity price."
1986-12-01,Oat Milk,87.7,WPU012203,"BLS Producer Price Index, Farm Products: Oats (via FRED)",https://fred.stlouisfed.org/series/WPU012203,False,"Real direct raw-input price, but a US farm-gate producer price, not a global spot commodity price."
1987-01-01,Oat Milk,87.2,WPU012203,"BLS Producer Price Index, Farm Products: Oats (via FRED)",https://fred.stlouisfed.org/series/WPU012203,False,"Real direct raw-input price, but a US farm-gate producer price, not a global spot commodity price."
1987-02-01,Oat Milk,86.6,WPU012203,"BLS Producer Price Index, Farm Products: Oats (via FRED)",https://fred.stlouisfed.org/series/WPU012203,False,"Real direct raw-input price, but a US farm-gate producer price, not a global spot commodity price."
1987-03-01,Oat Milk,86.6,WPU012203,"BLS Producer Price Index, Farm Products: Oats (via FRED)",https://fred.stlouisfed.org/series/WPU012203,False,"Real direct raw-input price, but a US farm-gate producer price, not a global spot commodity price."
1987-04-01,Oat Milk,81.9,WPU012203,"BLS Producer Price Index, Farm Products: Oats (via FRED)",https://fred.stlouisfed.org/series/WPU012203,False,"Real direct raw-input price, but a US farm-gate producer price, not a global spot commodity price."
1987-05-01,Oat Milk,100.1,WPU012203,"BLS Producer Price Index, Farm Products: Oats (via FRED)",https://fred.stlouisfed.org/series/WPU012203,False,"Real direct raw-input price, but a US farm-gate producer price, not a global spot commodity price."
1987-06-01,Oat Milk,88.8,WPU012203,"BLS Producer Price Index, Farm Products: Oats (via FRED)",https://fred.stlouisfed.org/series/WPU012203,False,"Real direct raw-input price, but a US farm-gate producer price, not a global spot commodity price."
1987-07-01,Oat Milk,85.1,WPU012203,"BLS Producer Price Index, Farm Products: Oats (via FRED)",https://fred.stlouisfed.org/series/WPU012203,False,"Real direct raw-input price, but a US farm-gate producer price, not a global spot commodity price."
1987-08-01,Oat Milk,89.8,WPU012203,"BLS Producer Price Index, Farm Products: Oats (via FRED)",https://fred.stlouisfed.org/series/WPU012203,False,"Real direct raw-input price, but a US farm-gate producer price, not a global spot commodity price."
1987-09-01,Oat Milk,99.1,WPU012203,"BLS Producer Price Index, Farm Products: Oats (via FRED)",https://fred.stlouisfed.org/series/WPU012203,False,"Real direct raw-input price, but a US farm-gate producer price, not a global spot commodity price."
1987-11-01,Oat Milk,106.2,WPU012203,"BLS Producer Price Index, Farm Products: Oats (via FRED)",https://fred.stlouisfed.org/series/WPU012203,False,"Real direct raw-input price, but a US farm-gate producer price, not a global spot commodity price."
1987-12-01,Oat Milk,106.2,WPU012203,"BLS Producer Price Index, Farm Products: Oats (via FRED)",https://fred.stlouisfed.org/series/WPU012203,False,"Real direct raw-input price, but a US farm-gate producer price, not a global spot commodity price."
1988-01-01,Oat Milk,107.0,WPU012203,"BLS Producer Price Index, Farm Products: Oats (via FRED)",https://fred.stlouisfed.org/series/WPU012203,False,"Real direct raw-input price, but a US farm-gate producer price, not a global spot commodity price."
1988-02-01,Oat Milk,110.7,WPU012203,"BLS Producer Price Index, Farm Products: Oats (via FRED)",https://fred.stlouisfed.org/series/WPU012203,False,"Real direct raw-input price, but a US farm-gate producer price, not a global spot commodity price."
1988-03-01,Oat Milk,103.0,WPU012203,"BLS Producer Price Index, Farm Products: Oats (via FRED)",https://fred.stlouisfed.org/series/WPU012203,False,"Real direct raw-input price, but a US farm-gate producer price, not a global spot commodity price."
1988-04-01,Oat Milk,94.3,WPU012203,"BLS Producer Price Index, Farm Products: Oats (via FRED)",https://fred.stlouisfed.org/series/WPU012203,False,"Real direct raw-input price, but a US farm-gate producer price, not a global spot commodity price."
1988-05-01,Oat Milk,116.0,WPU012203,"BLS Producer Price Index, Farm Products: Oats (via FRED)",https://fred.stlouisfed.org/series/WPU012203,False,"Real direct raw-input price, but a US farm-gate producer price, not a global spot commodity price."
1988-06-01,Oat Milk,162.5,WPU012203,"BLS Producer Price Index, Farm Products: Oats (via FRED)",https://fred.stlouisfed.org/series/WPU012203,False,"Real direct raw-input price, but a US farm-gate producer price, not a global spot commodity price."
1988-07-01,Oat Milk,159.8,WPU012203,"BLS Producer Price Index, Farm Products: Oats (via FRED)",https://fred.stlouisfed.org/series/WPU012203,False,"Real direct raw-input price, but a US farm-gate producer price, not a global spot commodity price."
1988-08-01,Oat Milk,165.6,WPU012203,"BLS Producer Price Index, Farm Products: Oats (via FRED)",https://fred.stlouisfed.org/series/WPU012203,False,"Real direct raw-input price, but a US farm-gate producer price, not a global spot commodity price."
1988-09-01,Oat Milk,163.8,WPU012203,"BLS Producer Price Index, Farm Products: Oats (via FRED)",https://fred.stlouisfed.org/series/WPU012203,False,"Real direct raw-input price, but a US farm-gate producer price, not a global spot commodity price."
1988-10-01,Oat Milk,156.1,WPU012203,"BLS Producer Price Index, Farm Products: Oats (via FRED)",https://fred.stlouisfed.org/series/WPU012203,False,"Real direct raw-input price, but a US farm-gate producer price, not a global spot commodity price."
1988-11-01,Oat Milk,143.2,WPU012203,"BLS Producer Price Index, Farm Products: Oats (via FRED)",https://fred.stlouisfed.org/series/WPU012203,False,"Real direct raw-input price, but a US farm-gate producer price, not a global spot commodity price."
1988-12-01,Oat Milk,142.6,WPU012203,"BLS Producer Price Index, Farm Products: Oats (via FRED)",https://fred.stlouisfed.org/series/WPU012203,False,"Real direct raw-input price, but a US farm-gate producer price, not a global spot commodity price."
1989-01-01,Oat Milk,155.3,WPU012203,"BLS Producer Price Index, Farm Products: Oats (via FRED)",https://fred.stlouisfed.org/series/WPU012203,False,"Real direct raw-input price, but a US farm-gate producer price, not a global spot commodity price."
1989-02-01,Oat Milk,133.4,WPU012203,"BLS Producer Price Index, Farm Products: Oats (via FRED)",https://fred.stlouisfed.org/series/WPU012203,False,"Real direct raw-input price, but a US farm-gate producer price, not a global spot commodity price."
1989-03-01,Oat Milk,131.8,WPU012203,"BLS Producer Price Index, Farm Products: Oats (via FRED)",https://fred.stlouisfed.org/series/WPU012203,False,"Real direct raw-input price, but a US farm-gate producer price, not a global spot commodity price."
1989-04-01,Oat Milk,118.1,WPU012203,"BLS Producer Price Index, Farm Products: Oats (via FRED)",https://fred.stlouisfed.org/series/WPU012203,False,"Real direct raw-input price, but a US farm-gate producer price, not a global spot commodity price."
1989-05-01,Oat Milk,117.0,WPU012203,"BLS Producer Price Index, Farm Products: Oats (via FRED)",https://fred.stlouisfed.org/series/WPU012203,False,"Real direct raw-input price, but a US farm-gate producer price, not a global spot commodity price."
1989-06-01,Oat Milk,104.9,WPU012203,"BLS Producer Price Index, Farm Products: Oats (via FRED)",https://fred.stlouisfed.org/series/WPU012203,False,"Real direct raw-input price, but a US farm-gate producer price, not a global spot commodity price."
1989-07-01,Oat Milk,92.5,WPU012203,"BLS Producer Price Index, Farm Products: Oats (via FRED)",https://fred.stlouisfed.org/series/WPU012203,False,"Real direct raw-input price, but a US farm-gate producer price, not a global spot commodity price."
1989-08-01,Oat Milk,85.3,WPU012203,"BLS Producer Price Index, Farm Products: Oats (via FRED)",https://fred.stlouisfed.org/series/WPU012203,False,"Real direct raw-input price, but a US farm-gate producer price, not a global spot commodity price."
1989-09-01,Oat Milk,84.5,WPU012203,"BLS Producer Price Index, Farm Products: Oats (via FRED)",https://fred.stlouisfed.org/series/WPU012203,False,"Real direct raw-input price, but a US farm-gate producer price, not a global spot commodity price."
1989-10-01,Oat Milk,82.4,WPU012203,"BLS Producer Price Index, Farm Products: Oats (via FRED)",https://fred.stlouisfed.org/series/WPU012203,False,"Real direct raw-input price, but a US farm-gate producer price, not a global spot commodity price."
1989-11-01,Oat Milk,87.4,WPU012203,"BLS Producer Price Index, Farm Products: Oats (via FRED)",https://fred.stlouisfed.org/series/WPU012203,False,"Real direct raw-input price, but a US farm-gate producer price, not a global spot commodity price."
1989-12-01,Oat Milk,92.2,WPU012203,"BLS Producer Price Index, Farm Products: Oats (via FRED)",https://fred.stlouisfed.org/series/WPU012203,False,"Real direct raw-input price, but a US farm-gate producer price, not a global spot commodity price."
1990-01-01,Oat Milk,88.2,WPU012203,"BLS Producer Price Index, Farm Products: Oats (via FRED)",https://fred.stlouisfed.org/series/WPU012203,False,"Real direct raw-input price, but a US farm-gate producer price, not a global spot commodity price."
1990-02-01,Oat Milk,79.8,WPU012203,"BLS Producer Price Index, Farm Products: Oats (via FRED)",https://fred.stlouisfed.org/series/WPU012203,False,"Real direct raw-input price, but a US farm-gate producer price, not a global spot commodity price."
1990-03-01,Oat Milk,83.5,WPU012203,"BLS Producer Price Index, Farm Products: Oats (via FRED)",https://fred.stlouisfed.org/series/WPU012203,False,"Real direct raw-input price, but a US farm-gate producer price, not a global spot commodity price."
1990-04-01,Oat Milk,82.4,WPU012203,"BLS Producer Price Index, Farm Products: Oats (via FRED)",https://fred.stlouisfed.org/series/WPU012203,False,"Real direct raw-input price, but a US farm-gate producer price, not a global spot commodity price."
1990-05-01,Oat Milk,88.2,WPU012203,"BLS Producer Price Index, Farm Products: Oats (via FRED)",https://fred.stlouisfed.org/series/WPU012203,False,"Real direct raw-input price, but a US farm-gate producer price, not a global spot commodity price."
1990-06-01,Oat Milk,81.9,WPU012203,"BLS Producer Price Index, Farm Products: Oats (via FRED)",https://fred.stlouisfed.org/series/WPU012203,False,"Real direct raw-input price, but a US farm-gate producer price, not a global spot commodity price."
1990-07-01,Oat Milk,74.0,WPU012203,"BLS Producer Price Index, Farm Products: Oats (via FRED)",https://fred.stlouisfed.org/series/WPU012203,False,"Real direct raw-input price, but a US farm-gate producer price, not a global spot commodity price."
1990-08-01,Oat Milk,66.0,WPU012203,"BLS Producer Price Index, Farm Products: Oats (via FRED)",https://fred.stlouisfed.org/series/WPU012203,False,"Real direct raw-input price, but a US farm-gate producer price, not a global spot commodity price."
1990-09-01,Oat Milk,64.5,WPU012203,"BLS Producer Price Index, Farm Products: Oats (via FRED)",https://fred.stlouisfed.org/series/WPU012203,False,"Real direct raw-input price, but a US farm-gate producer price, not a global spot commodity price."
1990-10-01,Oat Milk,68.4,WPU012203,"BLS Producer Price Index, Farm Products: Oats (via FRED)",https://fred.stlouisfed.org/series/WPU012203,False,"Real direct raw-input price, but a US farm-gate producer price, not a global spot commodity price."
1990-11-01,Oat Milk,67.6,WPU012203,"BLS Producer Price Index, Farm Products: Oats (via FRED)",https://fred.stlouisfed.org/series/WPU012203,False,"Real direct raw-input price, but a US farm-gate producer price, not a global spot commodity price."
1990-12-01,Oat Milk,68.2,WPU012203,"BLS Producer Price Index, Farm Products: Oats (via FRED)",https://fred.stlouisfed.org/series/WPU012203,False,"Real direct raw-input price, but a US farm-gate producer price, not a global spot commodity price."
1991-01-01,Oat Milk,63.9,WPU012203,"BLS Producer Price Index, Farm Products: Oats (via FRED)",https://fred.stlouisfed.org/series/WPU012203,False,"Real direct raw-input price, but a US farm-gate producer price, not a global spot commodity price."
1991-02-01,Oat Milk,63.4,WPU012203,"BLS Producer Price Index, Farm Products: Oats (via FRED)",https://fred.stlouisfed.org/series/WPU012203,False,"Real direct raw-input price, but a US farm-gate producer price, not a global spot commodity price."
1991-03-01,Oat Milk,68.7,WPU012203,"BLS Producer Price Index, Farm Products: Oats (via FRED)",https://fred.stlouisfed.org/series/WPU012203,False,"Real direct raw-input price, but a US farm-gate producer price, not a global spot commodity price."
1991-04-01,Oat Milk,69.7,WPU012203,"BLS Producer Price Index, Farm Products: Oats (via FRED)",https://fred.stlouisfed.org/series/WPU012203,False,"Real direct raw-input price, but a US farm-gate producer price, not a global spot commodity price."
1991-05-01,Oat Milk,71.6,WPU012203,"BLS Producer Price Index, Farm Products: Oats (via FRED)",https://fred.stlouisfed.org/series/WPU012203,False,"Real direct raw-input price, but a US farm-gate producer price, not a global spot commodity price."
1991-06-01,Oat Milk,68.2,WPU012203,"BLS Producer Price Index, Farm Products: Oats (via FRED)",https://fred.stlouisfed.org/series/WPU012203,False,"Real direct raw-input price, but a US farm-gate producer price, not a global spot commodity price."
1991-07-01,Oat Milk,65.5,WPU012203,"BLS Producer Price Index, Farm Products: Oats (via FRED)",https://fred.stlouisfed.org/series/WPU012203,False,"Real direct raw-input price, but a US farm-gate producer price, not a global spot commodity price."
1991-08-01,Oat Milk,74.0,WPU012203,"BLS Producer Price Index, Farm Products: Oats (via FRED)",https://fred.stlouisfed.org/series/WPU012203,False,"Real direct raw-input price, but a US farm-gate producer price, not a global spot commodity price."
1991-09-01,Oat Milk,71.1,WPU012203,"BLS Producer Price Index, Farm Products: Oats (via FRED)",https://fred.stlouisfed.org/series/WPU012203,False,"Real direct raw-input price, but a US farm-gate producer price, not a global spot commodity price."
1991-10-01,Oat Milk,74.5,WPU012203,"BLS Producer Price Index, Farm Products: Oats (via FRED)",https://fred.stlouisfed.org/series/WPU012203,False,"Real direct raw-input price, but a US farm-gate producer price, not a global spot commodity price."
1991-11-01,Oat Milk,76.3,WPU012203,"BLS Producer Price Index, Farm Products: Oats (via FRED)",https://fred.stlouisfed.org/series/WPU012203,False,"Real direct raw-input price, but a US farm-gate producer price, not a global spot commodity price."
1991-12-01,Oat Milk,78.5,WPU012203,"BLS Producer Price Index, Farm Products: Oats (via FRED)",https://fred.stlouisfed.org/series/WPU012203,False,"Real direct raw-input price, but a US farm-gate producer price, not a global spot commodity price."
1992-01-01,Oat Milk,79.2,WPU012203,"BLS Producer Price Index, Farm Products: Oats (via FRED)",https://fred.stlouisfed.org/series/WPU012203,False,"Real direct raw-input price, but a US farm-gate producer price, not a global spot commodity price."
1992-02-01,Oat Milk,93.6,WPU012203,"BLS Producer Price Index, Farm Products: Oats (via FRED)",https://fred.stlouisfed.org/series/WPU012203,False,"Real direct raw-input price, but a US farm-gate producer price, not a global spot commodity price."
1992-03-01,Oat Milk,91.1,WPU012203,"BLS Producer Price Index, Farm Products: Oats (via FRED)",https://fred.stlouisfed.org/series/WPU012203,False,"Real direct raw-input price, but a US farm-gate producer price, not a global spot commodity price."
1992-04-01,Oat Milk,82.1,WPU012203,"BLS Producer Price Index, Farm Products: Oats (via FRED)",https://fred.stlouisfed.org/series/WPU012203,False,"Real direct raw-input price, but a US farm-gate producer price, not a global spot commodity price."
1992-05-01,Oat Milk,88.8,WPU012203,"BLS Producer Price Index, Farm Products: Oats (via FRED)",https://fred.stlouisfed.org/series/WPU012203,False,"Real direct raw-input price, but a US farm-gate producer price, not a global spot commodity price."
1992-06-01,Oat Milk,88.2,WPU012203,"BLS Producer Price Index, Farm Products: Oats (via FRED)",https://fred.stlouisfed.org/series/WPU012203,False,"Real direct raw-input price, but a US farm-gate producer price, not a global spot commodity price."
1992-07-01,Oat Milk,83.5,WPU012203,"BLS Producer Price Index, Farm Products: Oats (via FRED)",https://fred.stlouisfed.org/series/WPU012203,False,"Real direct raw-input price, but a US farm-gate producer price, not a global spot commodity price."
1992-08-01,Oat Milk,79.1,WPU012203,"BLS Producer Price Index, Farm Products: Oats (via FRED)",https://fred.stlouisfed.org/series/WPU012203,False,"Real direct raw-input price, but a US farm-gate producer price, not a global spot commodity price."
1992-09-01,Oat Milk,90.3,WPU012203,"BLS Producer Price Index, Farm Products: Oats (via FRED)",https://fred.stlouisfed.org/series/WPU012203,False,"Real direct raw-input price, but a US farm-gate producer price, not a global spot commodity price."
1992-10-01,Oat Milk,83.1,WPU012203,"BLS Producer Price Index, Farm Products: Oats (via FRED)",https://fred.stlouisfed.org/series/WPU012203,False,"Real direct raw-input price, but a US farm-gate producer price, not a global spot commodity price."
1992-11-01,Oat Milk,87.4,WPU012203,"BLS Producer Price Index, Farm Products: Oats (via FRED)",https://fred.stlouisfed.org/series/WPU012203,False,"Real direct raw-input price, but a US farm-gate producer price, not a global spot commodity price."
1992-12-01,Oat Milk,90.7,WPU012203,"BLS Producer Price Index, Farm Products: Oats (via FRED)",https://fred.stlouisfed.org/series/WPU012203,False,"Real direct raw-input price, but a US farm-gate producer price, not a global spot commodity price."
1993-01-01,Oat Milk,91.3,WPU012203,"BLS Producer Price Index, Farm Products: Oats (via FRED)",https://fred.stlouisfed.org/series/WPU012203,False,"Real direct raw-input price, but a US farm-gate producer price, not a global spot commodity price."
1993-02-01,Oat Milk,88.9,WPU012203,"BLS Producer Price Index, Farm Products: Oats (via FRED)",https://fred.stlouisfed.org/series/WPU012203,False,"Real direct raw-input price, but a US farm-gate producer price, not a global spot commodity price."
1993-03-01,Oat Milk,85.7,WPU012203,"BLS Producer Price Index, Farm Products: Oats (via FRED)",https://fred.stlouisfed.org/series/WPU012203,False,"Real direct raw-input price, but a US farm-gate producer price, not a global spot commodity price."
1993-04-01,Oat Milk,89.8,WPU012203,"BLS Producer Price Index, Farm Products: Oats (via FRED)",https://fred.stlouisfed.org/series/WPU012203,False,"Real direct raw-input price, but a US farm-gate producer price, not a global spot commodity price."
1993-05-01,Oat Milk,88.4,WPU012203,"BLS Producer Price Index, Farm Products: Oats (via FRED)",https://fred.stlouisfed.org/series/WPU012203,False,"Real direct raw-input price, but a US farm-gate producer price, not a global spot commodity price."
1993-06-01,Oat Milk,80.3,WPU012203,"BLS Producer Price Index, Farm Products: Oats (via FRED)",https://fred.stlouisfed.org/series/WPU012203,False,"Real direct raw-input price, but a US farm-gate producer price, not a global spot commodity price."
1993-07-01,Oat Milk,86.2,WPU012203,"BLS Producer Price Index, Farm Products: Oats (via FRED)",https://fred.stlouisfed.org/series/WPU012203,False,"Real direct raw-input price, but a US farm-gate producer price, not a global spot commodity price."
1993-08-01,Oat Milk,88.0,WPU012203,"BLS Producer Price Index, Farm Products: Oats (via FRED)",https://fred.stlouisfed.org/series/WPU012203,False,"Real direct raw-input price, but a US farm-gate producer price, not a global spot commodity price."
1993-09-01,Oat Milk,88.1,WPU012203,"BLS Producer Price Index, Farm Products: Oats (via FRED)",https://fred.stlouisfed.org/series/WPU012203,False,"Real direct raw-input price, but a US farm-gate producer price, not a global spot commodity price."
1993-10-01,Oat Milk,82.6,WPU012203,"BLS Producer Price Index, Farm Products: Oats (via FRED)",https://fred.stlouisfed.org/series/WPU012203,False,"Real direct raw-input price, but a US farm-gate producer price, not a global spot commodity price."
1993-11-01,Oat Milk,80.6,WPU012203,"BLS Producer Price Index, Farm Products: Oats (via FRED)",https://fred.stlouisfed.org/series/WPU012203,False,"Real direct raw-input price, but a US farm-gate producer price, not a global spot commodity price."
1993-12-01,Oat Milk,80.5,WPU012203,"BLS Producer Price Index, Farm Products: Oats (via FRED)",https://fred.stlouisfed.org/series/WPU012203,False,"Real direct raw-input price, but a US farm-gate producer price, not a global spot commodity price."
1994-01-01,Oat Milk,87.2,WPU012203,"BLS Producer Price Index, Farm Products: Oats (via FRED)",https://fred.stlouisfed.org/series/WPU012203,False,"Real direct raw-input price, but a US farm-gate producer price, not a global spot commodity price."
1994-02-01,Oat Milk,80.8,WPU012203,"BLS Producer Price Index, Farm Products: Oats (via FRED)",https://fred.stlouisfed.org/series/WPU012203,False,"Real direct raw-input price, but a US farm-gate producer price, not a global spot commodity price."
1994-03-01,Oat Milk,78.7,WPU012203,"BLS Producer Price Index, Farm Products: Oats (via FRED)",https://fred.stlouisfed.org/series/WPU012203,False,"Real direct raw-input price, but a US farm-gate producer price, not a global spot commodity price."
1994-04-01,Oat Milk,77.1,WPU012203,"BLS Producer Price Index, Farm Products: Oats (via FRED)",https://fred.stlouisfed.org/series/WPU012203,False,"Real direct raw-input price, but a US farm-gate producer price, not a global spot commodity price."
1994-05-01,Oat Milk,72.7,WPU012203,"BLS Producer Price Index, Farm Products: Oats (via FRED)",https://fred.stlouisfed.org/series/WPU012203,False,"Real direct raw-input price, but a US farm-gate producer price, not a global spot commodity price."
1994-06-01,Oat Milk,82.3,WPU012203,"BLS Producer Price Index, Farm Products: Oats (via FRED)",https://fred.stlouisfed.org/series/WPU012203,False,"Real direct raw-input price, but a US farm-gate producer price, not a global spot commodity price."
1994-07-01,Oat Milk,72.8,WPU012203,"BLS Producer Price Index, Farm Products: Oats (via FRED)",https://fred.stlouisfed.org/series/WPU012203,False,"Real direct raw-input price, but a US farm-gate producer price, not a global spot commodity price."
1994-08-01,Oat Milk,75.4,WPU012203,"BLS Producer Price Index, Farm Products: Oats (via FRED)",https://fred.stlouisfed.org/series/WPU012203,False,"Real direct raw-input price, but a US farm-gate producer price, not a global spot commodity price."
1994-09-01,Oat Milk,79.4,WPU012203,"BLS Producer Price Index, Farm Products: Oats (via FRED)",https://fred.stlouisfed.org/series/WPU012203,False,"Real direct raw-input price, but a US farm-gate producer price, not a global spot commodity price."
1994-10-01,Oat Milk,78.2,WPU012203,"BLS Producer Price Index, Farm Products: Oats (via FRED)",https://fred.stlouisfed.org/series/WPU012203,False,"Real direct raw-input price, but a US farm-gate producer price, not a global spot commodity price."
1994-11-01,Oat Milk,75.4,WPU012203,"BLS Producer Price Index, Farm Products: Oats (via FRED)",https://fred.stlouisfed.org/series/WPU012203,False,"Real direct raw-input price, but a US farm-gate producer price, not a global spot commodity price."
1994-12-01,Oat Milk,74.2,WPU012203,"BLS Producer Price Index, Farm Products: Oats (via FRED)",https://fred.stlouisfed.org/series/WPU012203,False,"Real direct raw-input price, but a US farm-gate producer price, not a global spot commodity price."
1995-01-01,Oat Milk,76.5,WPU012203,"BLS Producer Price Index, Farm Products: Oats (via FRED)",https://fred.stlouisfed.org/series/WPU012203,False,"Real direct raw-input price, but a US farm-gate producer price, not a global spot commodity price."
1995-02-01,Oat Milk,82.5,WPU012203,"BLS Producer Price Index, Farm Products: Oats (via FRED)",https://fred.stlouisfed.org/series/WPU012203,False,"Real direct raw-input price, but a US farm-gate producer price, not a global spot commodity price."
1995-03-01,Oat Milk,80.9,WPU012203,"BLS Producer Price Index, Farm Products: Oats (via FRED)",https://fred.stlouisfed.org/series/WPU012203,False,"Real direct raw-input price, but a US farm-gate producer price, not a global spot commodity price."
1995-04-01,Oat Milk,86.8,WPU012203,"BLS Producer Price Index, Farm Products: Oats (via FRED)",https://fred.stlouisfed.org/series/WPU012203,False,"Real direct raw-input price, but a US farm-gate producer price, not a global spot commodity price."
1995-05-01,Oat Milk,92.3,WPU012203,"BLS Producer Price Index, Farm Products: Oats (via FRED)",https://fred.stlouisfed.org/series/WPU012203,False,"Real direct raw-input price, but a US farm-gate producer price, not a global spot commodity price."
1995-06-01,Oat Milk,85.9,WPU012203,"BLS Producer Price Index, Farm Products: Oats (via FRED)",https://fred.stlouisfed.org/series/WPU012203,False,"Real direct raw-input price, but a US farm-gate producer price, not a global spot commodity price."
1995-07-01,Oat Milk,91.3,WPU012203,"BLS Producer Price Index, Farm Products: Oats (via FRED)",https://fred.stlouisfed.org/series/WPU012203,False,"Real direct raw-input price, but a US farm-gate producer price, not a global spot commodity price."
1995-08-01,Oat Milk,96.9,WPU012203,"BLS Producer Price Index, Farm Products: Oats (via FRED)",https://fred.stlouisfed.org/series/WPU012203,False,"Real direct raw-input price, but a US farm-gate producer price, not a global spot commodity price."
1995-09-01,Oat Milk,102.0,WPU012203,"BLS Producer Price Index, Farm Products: Oats (via FRED)",https://fred.stlouisfed.org/series/WPU012203,False,"Real direct raw-input price, but a US farm-gate producer price, not a global spot commodity price."
1995-10-01,Oat Milk,104.8,WPU012203,"BLS Producer Price Index, Farm Products: Oats (via FRED)",https://fred.stlouisfed.org/series/WPU012203,False,"Real direct raw-input price, but a US farm-gate producer price, not a global spot commodity price."
1995-11-01,Oat Milk,115.2,WPU012203,"BLS Producer Price Index, Farm Products: Oats (via FRED)",https://fred.stlouisfed.org/series/WPU012203,False,"Real direct raw-input price, but a US farm-gate producer price, not a global spot commodity price."
1995-12-01,Oat Milk,134.7,WPU012203,"BLS Producer Price Index, Farm Products: Oats (via FRED)",https://fred.stlouisfed.org/series/WPU012203,False,"Real direct raw-input price, but a US farm-gate producer price, not a global spot commodity price."
1996-01-01,Oat Milk,134.2,WPU012203,"BLS Producer Price Index, Farm Products: Oats (via FRED)",https://fred.stlouisfed.org/series/WPU012203,False,"Real direct raw-input price, but a US farm-gate producer price, not a global spot commodity price."
1996-02-01,Oat Milk,119.5,WPU012203,"BLS Producer Price Index, Farm Products: Oats (via FRED)",https://fred.stlouisfed.org/series/WPU012203,False,"Real direct raw-input price, but a US farm-gate producer price, not a global spot commodity price."
1996-03-01,Oat Milk,131.3,WPU012203,"BLS Producer Price Index, Farm Products: Oats (via FRED)",https://fred.stlouisfed.org/series/WPU012203,False,"Real direct raw-input price, but a US farm-gate producer price, not a global spot commodity price."
1996-04-01,Oat Milk,134.7,WPU012203,"BLS Producer Price Index, Farm Products: Oats (via FRED)",https://fred.stlouisfed.org/series/WPU012203,False,"Real direct raw-input price, but a US farm-gate producer price, not a global spot commodity price."
1996-05-01,Oat Milk,139.8,WPU012203,"BLS Producer Price Index, Farm Products: Oats (via FRED)",https://fred.stlouisfed.org/series/WPU012203,False,"Real direct raw-input price, but a US farm-gate producer price, not a global spot commodity price."
1996-07-01,Oat Milk,142.0,WPU012203,"BLS Producer Price Index, Farm Products: Oats (via FRED)",https://fred.stlouisfed.org/series/WPU012203,False,"Real direct raw-input price, but a US farm-gate producer price, not a global spot commodity price."
1996-08-01,Oat Milk,135.0,WPU012203,"BLS Producer Price Index, Farm Products: Oats (via FRED)",https://fred.stlouisfed.org/series/WPU012203,False,"Real direct raw-input price, but a US farm-gate producer price, not a global spot commodity price."
1996-09-01,Oat Milk,123.1,WPU012203,"BLS Producer Price Index, Farm Products: Oats (via FRED)",https://fred.stlouisfed.org/series/WPU012203,False,"Real direct raw-input price, but a US farm-gate producer price, not a global spot commodity price."
1996-10-01,Oat Milk,112.4,WPU012203,"BLS Producer Price Index, Farm Products: Oats (via FRED)",https://fred.stlouisfed.org/series/WPU012203,False,"Real direct raw-input price, but a US farm-gate producer price, not a global spot commodity price."
1996-11-01,Oat Milk,113.0,WPU012203,"BLS Producer Price Index, Farm Products: Oats (via FRED)",https://fred.stlouisfed.org/series/WPU012203,False,"Real direct raw-input price, but a US farm-gate producer price, not a global spot commodity price."
1996-12-01,Oat Milk,104.2,WPU012203,"BLS Producer Price Index, Farm Products: Oats (via FRED)",https://fred.stlouisfed.org/series/WPU012203,False,"Real direct raw-input price, but a US farm-gate producer price, not a global spot commodity price."
1997-01-01,Oat Milk,107.4,WPU012203,"BLS Producer Price Index, Farm Products: Oats (via FRED)",https://fred.stlouisfed.org/series/WPU012203,False,"Real direct raw-input price, but a US farm-gate producer price, not a global spot commodity price."
1997-02-01,Oat Milk,110.8,WPU012203,"BLS Producer Price Index, Farm Products: Oats (via FRED)",https://fred.stlouisfed.org/series/WPU012203,False,"Real direct raw-input price, but a US farm-gate producer price, not a global spot commodity price."
1997-03-01,Oat Milk,114.7,WPU012203,"BLS Producer Price Index, Farm Products: Oats (via FRED)",https://fred.stlouisfed.org/series/WPU012203,False,"Real direct raw-input price, but a US farm-gate producer price, not a global spot commodity price."
1997-04-01,Oat Milk,109.0,WPU012203,"BLS Producer Price Index, Farm Products: Oats (via FRED)",https://fred.stlouisfed.org/series/WPU012203,False,"Real direct raw-input price, but a US farm-gate producer price, not a global spot commodity price."
1997-05-01,Oat Milk,108.4,WPU012203,"BLS Producer Price Index, Farm Products: Oats (via FRED)",https://fred.stlouisfed.org/series/WPU012203,False,"Real direct raw-input price, but a US farm-gate producer price, not a global spot commodity price."
1997-06-01,Oat Milk,110.9,WPU012203,"BLS Producer Price Index, Farm Products: Oats (via FRED)",https://fred.stlouisfed.org/series/WPU012203,False,"Real direct raw-input price, but a US farm-gate producer price, not a global spot commodity price."
1997-07-01,Oat Milk,92.4,WPU012203,"BLS Producer Price Index, Farm Products: Oats (via FRED)",https://fred.stlouisfed.org/series/WPU012203,False,"Real direct raw-input price, but a US farm-gate producer price, not a global spot commodity price."
1997-08-01,Oat Milk,97.1,WPU012203,"BLS Producer Price Index, Farm Products: Oats (via FRED)",https://fred.stlouisfed.org/series/WPU012203,False,"Real direct raw-input price, but a US farm-gate producer price, not a global spot commodity price."
1997-09-01,Oat Milk,99.7,WPU012203,"BLS Producer Price Index, Farm Products: Oats (via FRED)",https://fred.stlouisfed.org/series/WPU012203,False,"Real direct raw-input price, but a US farm-gate producer price, not a global spot commodity price."
1997-10-01,Oat Milk,99.1,WPU012203,"BLS Producer Price Index, Farm Products: Oats (via FRED)",https://fred.stlouisfed.org/series/WPU012203,False,"Real direct raw-input price, but a US farm-gate producer price, not a global spot commodity price."
1997-11-01,Oat Milk,91.5,WPU012203,"BLS Producer Price Index, Farm Products: Oats (via FRED)",https://fred.stlouisfed.org/series/WPU012203,False,"Real direct raw-input price, but a US farm-gate producer price, not a global spot commodity price."
1997-12-01,Oat Milk,105.9,WPU012203,"BLS Producer Price Index, Farm Products: Oats (via FRED)",https://fred.stlouisfed.org/series/WPU012203,False,"Real direct raw-input price, but a US farm-gate producer price, not a global spot commodity price."
1998-01-01,Oat Milk,97.8,WPU012203,"BLS Producer Price Index, Farm Products: Oats (via FRED)",https://fred.stlouisfed.org/series/WPU012203,False,"Real direct raw-input price, but a US farm-gate producer price, not a global spot commodity price."
1998-02-01,Oat Milk,112.7,WPU012203,"BLS Producer Price Index, Farm Products: Oats (via FRED)",https://fred.stlouisfed.org/series/WPU012203,False,"Real direct raw-input price, but a US farm-gate producer price, not a global spot commodity price."
1998-03-01,Oat Milk,102.6,WPU012203,"BLS Producer Price Index, Farm Products: Oats (via FRED)",https://fred.stlouisfed.org/series/WPU012203,False,"Real direct raw-input price, but a US farm-gate producer price, not a global spot commodity price."
1998-04-01,Oat Milk,94.1,WPU012203,"BLS Producer Price Index, Farm Products: Oats (via FRED)",https://fred.stlouisfed.org/series/WPU012203,False,"Real direct raw-input price, but a US farm-gate producer price, not a global spot commodity price."
1998-05-01,Oat Milk,91.6,WPU012203,"BLS Producer Price Index, Farm Products: Oats (via FRED)",https://fred.stlouisfed.org/series/WPU012203,False,"Real direct raw-input price, but a US farm-gate producer price, not a global spot commodity price."
1998-06-01,Oat Milk,87.4,WPU012203,"BLS Producer Price Index, Farm Products: Oats (via FRED)",https://fred.stlouisfed.org/series/WPU012203,False,"Real direct raw-input price, but a US farm-gate producer price, not a global spot commodity price."
1998-07-01,Oat Milk,84.8,WPU012203,"BLS Producer Price Index, Farm Products: Oats (via FRED)",https://fred.stlouisfed.org/series/WPU012203,False,"Real direct raw-input price, but a US farm-gate producer price, not a global spot commodity price."
1998-08-01,Oat Milk,77.2,WPU012203,"BLS Producer Price Index, Farm Products: Oats (via FRED)",https://fred.stlouisfed.org/series/WPU012203,False,"Real direct raw-input price, but a US farm-gate producer price, not a global spot commodity price."
1998-09-01,Oat Milk,83.9,WPU012203,"BLS Producer Price Index, Farm Products: Oats (via FRED)",https://fred.stlouisfed.org/series/WPU012203,False,"Real direct raw-input price, but a US farm-gate producer price, not a global spot commodity price."
1999-01-01,Oat Milk,81.9,WPU012203,"BLS Producer Price Index, Farm Products: Oats (via FRED)",https://fred.stlouisfed.org/series/WPU012203,False,"Real direct raw-input price, but a US farm-gate producer price, not a global spot commodity price."
1999-03-01,Oat Milk,81.3,WPU012203,"BLS Producer Price Index, Farm Products: Oats (via FRED)",https://fred.stlouisfed.org/series/WPU012203,False,"Real direct raw-input price, but a US farm-gate producer price, not a global spot commodity price."
1999-08-01,Oat Milk,75.2,WPU012203,"BLS Producer Price Index, Farm Products: Oats (via FRED)",https://fred.stlouisfed.org/series/WPU012203,False,"Real direct raw-input price, but a US farm-gate producer price, not a global spot commodity price."
1999-09-01,Oat Milk,70.9,WPU012203,"BLS Producer Price Index, Farm Products: Oats (via FRED)",https://fred.stlouisfed.org/series/WPU012203,False,"Real direct raw-input price, but a US farm-gate producer price, not a global spot commodity price."
1999-10-01,Oat Milk,74.5,WPU012203,"BLS Producer Price Index, Farm Products: Oats (via FRED)",https://fred.stlouisfed.org/series/WPU012203,False,"Real direct raw-input price, but a US farm-gate producer price, not a global spot commodity price."
1999-12-01,Oat Milk,74.5,WPU012203,"BLS Producer Price Index, Farm Products: Oats (via FRED)",https://fred.stlouisfed.org/series/WPU012203,False,"Real direct raw-input price, but a US farm-gate producer price, not a global spot commodity price."
2000-01-01,Oat Milk,73.7,WPU012203,"BLS Producer Price Index, Farm Products: Oats (via FRED)",https://fred.stlouisfed.org/series/WPU012203,False,"Real direct raw-input price, but a US farm-gate producer price, not a global spot commodity price."
2000-02-01,Oat Milk,72.8,WPU012203,"BLS Producer Price Index, Farm Products: Oats (via FRED)",https://fred.stlouisfed.org/series/WPU012203,False,"Real direct raw-input price, but a US farm-gate producer price, not a global spot commodity price."
2000-03-01,Oat Milk,79.7,WPU012203,"BLS Producer Price Index, Farm Products: Oats (via FRED)",https://fred.stlouisfed.org/series/WPU012203,False,"Real direct raw-input price, but a US farm-gate producer price, not a global spot commodity price."
2000-04-01,Oat Milk,86.8,WPU012203,"BLS Producer Price Index, Farm Products: Oats (via FRED)",https://fred.stlouisfed.org/series/WPU012203,False,"Real direct raw-input price, but a US farm-gate producer price, not a global spot commodity price."
2003-04-01,Oat Milk,106.1,WPU012203,"BLS Producer Price Index, Farm Products: Oats (via FRED)",https://fred.stlouisfed.org/series/WPU012203,False,"Real direct raw-input price, but a US farm-gate producer price, not a global spot commodity price."
2003-05-01,Oat Milk,103.6,WPU012203,"BLS Producer Price Index, Farm Products: Oats (via FRED)",https://fred.stlouisfed.org/series/WPU012203,False,"Real direct raw-input price, but a US farm-gate producer price, not a global spot commodity price."
2003-06-01,Oat Milk,103.4,WPU012203,"BLS Producer Price Index, Farm Products: Oats (via FRED)",https://fred.stlouisfed.org/series/WPU012203,False,"Real direct raw-input price, but a US farm-gate producer price, not a global spot commodity price."
2003-07-01,Oat Milk,91.7,WPU012203,"BLS Producer Price Index, Farm Products: Oats (via FRED)",https://fred.stlouisfed.org/series/WPU012203,False,"Real direct raw-input price, but a US farm-gate producer price, not a global spot commodity price."
2003-08-01,Oat Milk,89.8,WPU012203,"BLS Producer Price Index, Farm Products: Oats (via FRED)",https://fred.stlouisfed.org/series/WPU012203,False,"Real direct raw-input price, but a US farm-gate producer price, not a global spot commodity price."
2003-09-01,Oat Milk,92.8,WPU012203,"BLS Producer Price Index, Farm Products: Oats (via FRED)",https://fred.stlouisfed.org/series/WPU012203,False,"Real direct raw-input price, but a US farm-gate producer price, not a global spot commodity price."
2003-10-01,Oat Milk,86.5,WPU012203,"BLS Producer Price Index, Farm Products: Oats (via FRED)",https://fred.stlouisfed.org/series/WPU012203,False,"Real direct raw-input price, but a US farm-gate producer price, not a global spot commodity price."
2003-11-01,Oat Milk,90.0,WPU012203,"BLS Producer Price Index, Farm Products: Oats (via FRED)",https://fred.stlouisfed.org/series/WPU012203,False,"Real direct raw-input price, but a US farm-gate producer price, not a global spot commodity price."
2003-12-01,Oat Milk,90.5,WPU012203,"BLS Producer Price Index, Farm Products: Oats (via FRED)",https://fred.stlouisfed.org/series/WPU012203,False,"Real direct raw-input price, but a US farm-gate producer price, not a global spot commodity price."
2004-01-01,Oat Milk,98.1,WPU012203,"BLS Producer Price Index, Farm Products: Oats (via FRED)",https://fred.stlouisfed.org/series/WPU012203,False,"Real direct raw-input price, but a US farm-gate producer price, not a global spot commodity price."
2004-02-01,Oat Milk,94.9,WPU012203,"BLS Producer Price Index, Farm Products: Oats (via FRED)",https://fred.stlouisfed.org/series/WPU012203,False,"Real direct raw-input price, but a US farm-gate producer price, not a global spot commodity price."
2004-03-01,Oat Milk,98.7,WPU012203,"BLS Producer Price Index, Farm Products: Oats (via FRED)",https://fred.stlouisfed.org/series/WPU012203,False,"Real direct raw-input price, but a US farm-gate producer price, not a global spot commodity price."
2004-04-01,Oat Milk,100.7,WPU012203,"BLS Producer Price Index, Farm Products: Oats (via FRED)",https://fred.stlouisfed.org/series/WPU012203,False,"Real direct raw-input price, but a US farm-gate producer price, not a global spot commodity price."
2004-05-01,Oat Milk,98.4,WPU012203,"BLS Producer Price Index, Farm Products: Oats (via FRED)",https://fred.stlouisfed.org/series/WPU012203,False,"Real direct raw-input price, but a US farm-gate producer price, not a global spot commodity price."
2004-06-01,Oat Milk,95.2,WPU012203,"BLS Producer Price Index, Farm Products: Oats (via FRED)",https://fred.stlouisfed.org/series/WPU012203,False,"Real direct raw-input price, but a US farm-gate producer price, not a global spot commodity price."
2004-07-01,Oat Milk,91.7,WPU012203,"BLS Producer Price Index, Farm Products: Oats (via FRED)",https://fred.stlouisfed.org/series/WPU012203,False,"Real direct raw-input price, but a US farm-gate producer price, not a global spot commodity price."
2004-08-01,Oat Milk,87.6,WPU012203,"BLS Producer Price Index, Farm Products: Oats (via FRED)",https://fred.stlouisfed.org/series/WPU012203,False,"Real direct raw-input price, but a US farm-gate producer price, not a global spot commodity price."
2004-09-01,Oat Milk,95.3,WPU012203,"BLS Producer Price Index, Farm Products: Oats (via FRED)",https://fred.stlouisfed.org/series/WPU012203,False,"Real direct raw-input price, but a US farm-gate producer price, not a global spot commodity price."
2004-10-01,Oat Milk,89.2,WPU012203,"BLS Producer Price Index, Farm Products: Oats (via FRED)",https://fred.stlouisfed.org/series/WPU012203,False,"Real direct raw-input price, but a US farm-gate producer price, not a global spot commodity price."
2004-11-01,Oat Milk,89.3,WPU012203,"BLS Producer Price Index, Farm Products: Oats (via FRED)",https://fred.stlouisfed.org/series/WPU012203,False,"Real direct raw-input price, but a US farm-gate producer price, not a global spot commodity price."
2004-12-01,Oat Milk,93.0,WPU012203,"BLS Producer Price Index, Farm Products: Oats (via FRED)",https://fred.stlouisfed.org/series/WPU012203,False,"Real direct raw-input price, but a US farm-gate producer price, not a global spot commodity price."
2005-01-01,Oat Milk,98.6,WPU012203,"BLS Producer Price Index, Farm Products: Oats (via FRED)",https://fred.stlouisfed.org/series/WPU012203,False,"Real direct raw-input price, but a US farm-gate producer price, not a global spot commodity price."
2005-02-01,Oat Milk,98.8,WPU012203,"BLS Producer Price Index, Farm Products: Oats (via FRED)",https://fred.stlouisfed.org/series/WPU012203,False,"Real direct raw-input price, but a US farm-gate producer price, not a global spot commodity price."
2005-03-01,Oat Milk,100.1,WPU012203,"BLS Producer Price Index, Farm Products: Oats (via FRED)",https://fred.stlouisfed.org/series/WPU012203,False,"Real direct raw-input price, but a US farm-gate producer price, not a global spot commodity price."
2005-04-01,Oat Milk,100.0,WPU012203,"BLS Producer Price Index, Farm Products: Oats (via FRED)",https://fred.stlouisfed.org/series/WPU012203,False,"Real direct raw-input price, but a US farm-gate producer price, not a global spot commodity price."
2005-05-01,Oat Milk,88.3,WPU012203,"BLS Producer Price Index, Farm Products: Oats (via FRED)",https://fred.stlouisfed.org/series/WPU012203,False,"Real direct raw-input price, but a US farm-gate producer price, not a global spot commodity price."
2005-06-01,Oat Milk,95.7,WPU012203,"BLS Producer Price Index, Farm Products: Oats (via FRED)",https://fred.stlouisfed.org/series/WPU012203,False,"Real direct raw-input price, but a US farm-gate producer price, not a global spot commodity price."
2005-07-01,Oat Milk,102.1,WPU012203,"BLS Producer Price Index, Farm Products: Oats (via FRED)",https://fred.stlouisfed.org/series/WPU012203,False,"Real direct raw-input price, but a US farm-gate producer price, not a global spot commodity price."
2005-08-01,Oat Milk,98.4,WPU012203,"BLS Producer Price Index, Farm Products: Oats (via FRED)",https://fred.stlouisfed.org/series/WPU012203,False,"Real direct raw-input price, but a US farm-gate producer price, not a global spot commodity price."
2005-09-01,Oat Milk,92.2,WPU012203,"BLS Producer Price Index, Farm Products: Oats (via FRED)",https://fred.stlouisfed.org/series/WPU012203,False,"Real direct raw-input price, but a US farm-gate producer price, not a global spot commodity price."
2005-10-01,Oat Milk,99.3,WPU012203,"BLS Producer Price Index, Farm Products: Oats (via FRED)",https://fred.stlouisfed.org/series/WPU012203,False,"Real direct raw-input price, but a US farm-gate producer price, not a global spot commodity price."
2005-11-01,Oat Milk,99.2,WPU012203,"BLS Producer Price Index, Farm Products: Oats (via FRED)",https://fred.stlouisfed.org/series/WPU012203,False,"Real direct raw-input price, but a US farm-gate producer price, not a global spot commodity price."
2005-12-01,Oat Milk,99.4,WPU012203,"BLS Producer Price Index, Farm Products: Oats (via FRED)",https://fred.stlouisfed.org/series/WPU012203,False,"Real direct raw-input price, but a US farm-gate producer price, not a global spot commodity price."
2006-01-01,Oat Milk,108.1,WPU012203,"BLS Producer Price Index, Farm Products: Oats (via FRED)",https://fred.stlouisfed.org/series/WPU012203,False,"Real direct raw-input price, but a US farm-gate producer price, not a global spot commodity price."
2006-02-01,Oat Milk,108.1,WPU012203,"BLS Producer Price Index, Farm Products: Oats (via FRED)",https://fred.stlouisfed.org/series/WPU012203,False,"Real direct raw-input price, but a US farm-gate producer price, not a global spot commodity price."
2006-03-01,Oat Milk,104.0,WPU012203,"BLS Producer Price Index, Farm Products: Oats (via FRED)",https://fred.stlouisfed.org/series/WPU012203,False,"Real direct raw-input price, but a US farm-gate producer price, not a global spot commodity price."
2006-04-01,Oat Milk,104.2,WPU012203,"BLS Producer Price Index, Farm Products: Oats (via FRED)",https://fred.stlouisfed.org/series/WPU012203,False,"Real direct raw-input price, but a US farm-gate producer price, not a global spot commodity price."
2006-05-01,Oat Milk,111.3,WPU012203,"BLS Producer Price Index, Farm Products: Oats (via FRED)",https://fred.stlouisfed.org/series/WPU012203,False,"Real direct raw-input price, but a US farm-gate producer price, not a global spot commodity price."
2006-06-01,Oat Milk,115.3,WPU012203,"BLS Producer Price Index, Farm Products: Oats (via FRED)",https://fred.stlouisfed.org/series/WPU012203,False,"Real direct raw-input price, but a US farm-gate producer price, not a global spot commodity price."
2006-07-01,Oat Milk,120.6,WPU012203,"BLS Producer Price Index, Farm Products: Oats (via FRED)",https://fred.stlouisfed.org/series/WPU012203,False,"Real direct raw-input price, but a US farm-gate producer price, not a global spot commodity price."
2006-08-01,Oat Milk,106.0,WPU012203,"BLS Producer Price Index, Farm Products: Oats (via FRED)",https://fred.stlouisfed.org/series/WPU012203,False,"Real direct raw-input price, but a US farm-gate producer price, not a global spot commodity price."
2006-09-01,Oat Milk,111.2,WPU012203,"BLS Producer Price Index, Farm Products: Oats (via FRED)",https://fred.stlouisfed.org/series/WPU012203,False,"Real direct raw-input price, but a US farm-gate producer price, not a global spot commodity price."
2006-10-01,Oat Milk,120.2,WPU012203,"BLS Producer Price Index, Farm Products: Oats (via FRED)",https://fred.stlouisfed.org/series/WPU012203,False,"Real direct raw-input price, but a US farm-gate producer price, not a global spot commodity price."
2006-11-01,Oat Milk,137.3,WPU012203,"BLS Producer Price Index, Farm Products: Oats (via FRED)",https://fred.stlouisfed.org/series/WPU012203,False,"Real direct raw-input price, but a US farm-gate producer price, not a global spot commodity price."
2006-12-01,Oat Milk,138.3,WPU012203,"BLS Producer Price Index, Farm Products: Oats (via FRED)",https://fred.stlouisfed.org/series/WPU012203,False,"Real direct raw-input price, but a US farm-gate producer price, not a global spot commodity price."
2007-01-01,Oat Milk,136.5,WPU012203,"BLS Producer Price Index, Farm Products: Oats (via FRED)",https://fred.stlouisfed.org/series/WPU012203,False,"Real direct raw-input price, but a US farm-gate producer price, not a global spot commodity price."
2007-02-01,Oat Milk,134.7,WPU012203,"BLS Producer Price Index, Farm Products: Oats (via FRED)",https://fred.stlouisfed.org/series/WPU012203,False,"Real direct raw-input price, but a US farm-gate producer price, not a global spot commodity price."
2007-03-01,Oat Milk,142.6,WPU012203,"BLS Producer Price Index, Farm Products: Oats (via FRED)",https://fred.stlouisfed.org/series/WPU012203,False,"Real direct raw-input price, but a US farm-gate producer price, not a global spot commodity price."
2007-04-01,Oat Milk,154.3,WPU012203,"BLS Producer Price Index, Farm Products: Oats (via FRED)",https://fred.stlouisfed.org/series/WPU012203,False,"Real direct raw-input price, but a US farm-gate producer price, not a global spot commodity price."
2007-05-01,Oat Milk,144.9,WPU012203,"BLS Producer Price Index, Farm Products: Oats (via FRED)",https://fred.stlouisfed.org/series/WPU012203,False,"Real direct raw-input price, but a US farm-gate producer price, not a global spot commodity price."
2007-06-01,Oat Milk,157.0,WPU012203,"BLS Producer Price Index, Farm Products: Oats (via FRED)",https://fred.stlouisfed.org/series/WPU012203,False,"Real direct raw-input price, but a US farm-gate producer price, not a global spot commodity price."
2007-07-01,Oat Milk,150.0,WPU012203,"BLS Producer Price Index, Farm Products: Oats (via FRED)",https://fred.stlouisfed.org/series/WPU012203,False,"Real direct raw-input price, but a US farm-gate producer price, not a global spot commodity price."
2007-08-01,Oat Milk,143.8,WPU012203,"BLS Producer Price Index, Farm Products: Oats (via FRED)",https://fred.stlouisfed.org/series/WPU012203,False,"Real direct raw-input price, but a US farm-gate producer price, not a global spot commodity price."
2007-09-01,Oat Milk,153.4,WPU012203,"BLS Producer Price Index, Farm Products: Oats (via FRED)",https://fred.stlouisfed.org/series/WPU012203,False,"Real direct raw-input price, but a US farm-gate producer price, not a global spot commodity price."
2007-10-01,Oat Milk,160.4,WPU012203,"BLS Producer Price Index, Farm Products: Oats (via FRED)",https://fred.stlouisfed.org/series/WPU012203,False,"Real direct raw-input price, but a US farm-gate producer price, not a global spot commodity price."
2007-11-01,Oat Milk,161.9,WPU012203,"BLS Producer Price Index, Farm Products: Oats (via FRED)",https://fred.stlouisfed.org/series/WPU012203,False,"Real direct raw-input price, but a US farm-gate producer price, not a global spot commodity price."
2007-12-01,Oat Milk,163.9,WPU012203,"BLS Producer Price Index, Farm Products: Oats (via FRED)",https://fred.stlouisfed.org/series/WPU012203,False,"Real direct raw-input price, but a US farm-gate producer price, not a global spot commodity price."
2008-01-01,Oat Milk,177.5,WPU012203,"BLS Producer Price Index, Farm Products: Oats (via FRED)",https://fred.stlouisfed.org/series/WPU012203,False,"Real direct raw-input price, but a US farm-gate producer price, not a global spot commodity price."
2008-02-01,Oat Milk,181.9,WPU012203,"BLS Producer Price Index, Farm Products: Oats (via FRED)",https://fred.stlouisfed.org/series/WPU012203,False,"Real direct raw-input price, but a US farm-gate producer price, not a global spot commodity price."
2008-03-01,Oat Milk,197.8,WPU012203,"BLS Producer Price Index, Farm Products: Oats (via FRED)",https://fred.stlouisfed.org/series/WPU012203,False,"Real direct raw-input price, but a US farm-gate producer price, not a global spot commodity price."
2008-04-01,Oat Milk,198.4,WPU012203,"BLS Producer Price Index, Farm Products: Oats (via FRED)",https://fred.stlouisfed.org/series/WPU012203,False,"Real direct raw-input price, but a US farm-gate producer price, not a global spot commodity price."
2008-05-01,Oat Milk,200.7,WPU012203,"BLS Producer Price Index, Farm Products: Oats (via FRED)",https://fred.stlouisfed.org/series/WPU012203,False,"Real direct raw-input price, but a US farm-gate producer price, not a global spot commodity price."
2008-06-01,Oat Milk,195.7,WPU012203,"BLS Producer Price Index, Farm Products: Oats (via FRED)",https://fred.stlouisfed.org/series/WPU012203,False,"Real direct raw-input price, but a US farm-gate producer price, not a global spot commodity price."
2008-07-01,Oat Milk,201.6,WPU012203,"BLS Producer Price Index, Farm Products: Oats (via FRED)",https://fred.stlouisfed.org/series/WPU012203,False,"Real direct raw-input price, but a US farm-gate producer price, not a global spot commodity price."
2008-08-01,Oat Milk,201.6,WPU012203,"BLS Producer Price Index, Farm Products: Oats (via FRED)",https://fred.stlouisfed.org/series/WPU012203,False,"Real direct raw-input price, but a US farm-gate producer price, not a global spot commodity price."
2008-09-01,Oat Milk,201.6,WPU012203,"BLS Producer Price Index, Farm Products: Oats (via FRED)",https://fred.stlouisfed.org/series/WPU012203,False,"Real direct raw-input price, but a US farm-gate producer price, not a global spot commodity price."
2008-10-01,Oat Milk,174.1,WPU012203,"BLS Producer Price Index, Farm Products: Oats (via FRED)",https://fred.stlouisfed.org/series/WPU012203,False,"Real direct raw-input price, but a US farm-gate producer price, not a global spot commodity price."
2008-11-01,Oat Milk,125.6,WPU012203,"BLS Producer Price Index, Farm Products: Oats (via FRED)",https://fred.stlouisfed.org/series/WPU012203,False,"Real direct raw-input price, but a US farm-gate producer price, not a global spot commodity price."
2008-12-01,Oat Milk,120.4,WPU012203,"BLS Producer Price Index, Farm Products: Oats (via FRED)",https://fred.stlouisfed.org/series/WPU012203,False,"Real direct raw-input price, but a US farm-gate producer price, not a global spot commodity price."
2009-01-01,Oat Milk,122.5,WPU012203,"BLS Producer Price Index, Farm Products: Oats (via FRED)",https://fred.stlouisfed.org/series/WPU012203,False,"Real direct raw-input price, but a US farm-gate producer price, not a global spot commodity price."
2009-02-01,Oat Milk,118.2,WPU012203,"BLS Producer Price Index, Farm Products: Oats (via FRED)",https://fred.stlouisfed.org/series/WPU012203,False,"Real direct raw-input price, but a US farm-gate producer price, not a global spot commodity price."
2009-03-01,Oat Milk,116.0,WPU012203,"BLS Producer Price Index, Farm Products: Oats (via FRED)",https://fred.stlouisfed.org/series/WPU012203,False,"Real direct raw-input price, but a US farm-gate producer price, not a global spot commodity price."
2009-04-01,Oat Milk,119.1,WPU012203,"BLS Producer Price Index, Farm Products: Oats (via FRED)",https://fred.stlouisfed.org/series/WPU012203,False,"Real direct raw-input price, but a US farm-gate producer price, not a global spot commodity price."
2009-05-01,Oat Milk,127.9,WPU012203,"BLS Producer Price Index, Farm Products: Oats (via FRED)",https://fred.stlouisfed.org/series/WPU012203,False,"Real direct raw-input price, but a US farm-gate producer price, not a global spot commodity price."
2009-06-01,Oat Milk,134.2,WPU012203,"BLS Producer Price Index, Farm Products: Oats (via FRED)",https://fred.stlouisfed.org/series/WPU012203,False,"Real direct raw-input price, but a US farm-gate producer price, not a global spot commodity price."
2009-07-01,Oat Milk,123.3,WPU012203,"BLS Producer Price Index, Farm Products: Oats (via FRED)",https://fred.stlouisfed.org/series/WPU012203,False,"Real direct raw-input price, but a US farm-gate producer price, not a global spot commodity price."
2009-08-01,Oat Milk,111.7,WPU012203,"BLS Producer Price Index, Farm Products: Oats (via FRED)",https://fred.stlouisfed.org/series/WPU012203,False,"Real direct raw-input price, but a US farm-gate producer price, not a global spot commodity price."
2009-09-01,Oat Milk,110.7,WPU012203,"BLS Producer Price Index, Farm Products: Oats (via FRED)",https://fred.stlouisfed.org/series/WPU012203,False,"Real direct raw-input price, but a US farm-gate producer price, not a global spot commodity price."
2009-10-01,Oat Milk,123.8,WPU012203,"BLS Producer Price Index, Farm Products: Oats (via FRED)",https://fred.stlouisfed.org/series/WPU012203,False,"Real direct raw-input price, but a US farm-gate producer price, not a global spot commodity price."
2009-11-01,Oat Milk,129.2,WPU012203,"BLS Producer Price Index, Farm Products: Oats (via FRED)",https://fred.stlouisfed.org/series/WPU012203,False,"Real direct raw-input price, but a US farm-gate producer price, not a global spot commodity price."
2009-12-01,Oat Milk,127.9,WPU012203,"BLS Producer Price Index, Farm Products: Oats (via FRED)",https://fred.stlouisfed.org/series/WPU012203,False,"Real direct raw-input price, but a US farm-gate producer price, not a global spot commodity price."
2010-01-01,Oat Milk,125.2,WPU012203,"BLS Producer Price Index, Farm Products: Oats (via FRED)",https://fred.stlouisfed.org/series/WPU012203,False,"Real direct raw-input price, but a US farm-gate producer price, not a global spot commodity price."
2010-02-01,Oat Milk,118.9,WPU012203,"BLS Producer Price Index, Farm Products: Oats (via FRED)",https://fred.stlouisfed.org/series/WPU012203,False,"Real direct raw-input price, but a US farm-gate producer price, not a global spot commodity price."
2010-03-01,Oat Milk,117.1,WPU012203,"BLS Producer Price Index, Farm Products: Oats (via FRED)",https://fred.stlouisfed.org/series/WPU012203,False,"Real direct raw-input price, but a US farm-gate producer price, not a global spot commodity price."
2010-04-01,Oat Milk,113.8,WPU012203,"BLS Producer Price Index, Farm Products: Oats (via FRED)",https://fred.stlouisfed.org/series/WPU012203,False,"Real direct raw-input price, but a US farm-gate producer price, not a global spot commodity price."
2010-05-01,Oat Milk,108.3,WPU012203,"BLS Producer Price Index, Farm Products: Oats (via FRED)",https://fred.stlouisfed.org/series/WPU012203,False,"Real direct raw-input price, but a US farm-gate producer price, not a global spot commodity price."
2010-06-01,Oat Milk,144.2,WPU012203,"BLS Producer Price Index, Farm Products: Oats (via FRED)",https://fred.stlouisfed.org/series/WPU012203,False,"Real direct raw-input price, but a US farm-gate producer price, not a global spot commodity price."
2010-07-01,Oat Milk,136.6,WPU012203,"BLS Producer Price Index, Farm Products: Oats (via FRED)",https://fred.stlouisfed.org/series/WPU012203,False,"Real direct raw-input price, but a US farm-gate producer price, not a global spot commodity price."
2010-08-01,Oat Milk,146.6,WPU012203,"BLS Producer Price Index, Farm Products: Oats (via FRED)",https://fred.stlouisfed.org/series/WPU012203,False,"Real direct raw-input price, but a US farm-gate producer price, not a global spot commodity price."
2010-09-01,Oat Milk,184.7,WPU012203,"BLS Producer Price Index, Farm Products: Oats (via FRED)",https://fred.stlouisfed.org/series/WPU012203,False,"Real direct raw-input price, but a US farm-gate producer price, not a global spot commodity price."
2010-10-01,Oat Milk,204.1,WPU012203,"BLS Producer Price Index, Farm Products: Oats (via FRED)",https://fred.stlouisfed.org/series/WPU012203,False,"Real direct raw-input price, but a US farm-gate producer price, not a global spot commodity price."
2010-11-01,Oat Milk,198.7,WPU012203,"BLS Producer Price Index, Farm Products: Oats (via FRED)",https://fred.stlouisfed.org/series/WPU012203,False,"Real direct raw-input price, but a US farm-gate producer price, not a global spot commodity price."
2010-12-01,Oat Milk,211.9,WPU012203,"BLS Producer Price Index, Farm Products: Oats (via FRED)",https://fred.stlouisfed.org/series/WPU012203,False,"Real direct raw-input price, but a US farm-gate producer price, not a global spot commodity price."
2011-01-01,Oat Milk,194.0,WPU012203,"BLS Producer Price Index, Farm Products: Oats (via FRED)",https://fred.stlouisfed.org/series/WPU012203,False,"Real direct raw-input price, but a US farm-gate producer price, not a global spot commodity price."
2011-02-01,Oat Milk,200.6,WPU012203,"BLS Producer Price Index, Farm Products: Oats (via FRED)",https://fred.stlouisfed.org/series/WPU012203,False,"Real direct raw-input price, but a US farm-gate producer price, not a global spot commodity price."
2011-03-01,Oat Milk,168.6,WPU012203,"BLS Producer Price Index, Farm Products: Oats (via FRED)",https://fred.stlouisfed.org/series/WPU012203,False,"Real direct raw-input price, but a US farm-gate producer price, not a global spot commodity price."
2011-04-01,Oat Milk,193.6,WPU012203,"BLS Producer Price Index, Farm Products: Oats (via FRED)",https://fred.stlouisfed.org/series/WPU012203,False,"Real direct raw-input price, but a US farm-gate producer price, not a global spot commodity price."
2011-05-01,Oat Milk,180.9,WPU012203,"BLS Producer Price Index, Farm Products: Oats (via FRED)",https://fred.stlouisfed.org/series/WPU012203,False,"Real direct raw-input price, but a US farm-gate producer price, not a global spot commodity price."
2011-06-01,Oat Milk,196.4,WPU012203,"BLS Producer Price Index, Farm Products: Oats (via FRED)",https://fred.stlouisfed.org/series/WPU012203,False,"Real direct raw-input price, but a US farm-gate producer price, not a global spot commodity price."
2011-07-01,Oat Milk,188.5,WPU012203,"BLS Producer Price Index, Farm Products: Oats (via FRED)",https://fred.stlouisfed.org/series/WPU012203,False,"Real direct raw-input price, but a US farm-gate producer price, not a global spot commodity price."
2011-08-01,Oat Milk,180.1,WPU012203,"BLS Producer Price Index, Farm Products: Oats (via FRED)",https://fred.stlouisfed.org/series/WPU012203,False,"Real direct raw-input price, but a US farm-gate producer price, not a global spot commodity price."
2011-09-01,Oat Milk,186.1,WPU012203,"BLS Producer Price Index, Farm Products: Oats (via FRED)",https://fred.stlouisfed.org/series/WPU012203,False,"Real direct raw-input price, but a US farm-gate producer price, not a global spot commodity price."
2011-10-01,Oat Milk,180.8,WPU012203,"BLS Producer Price Index, Farm Products: Oats (via FRED)",https://fred.stlouisfed.org/series/WPU012203,False,"Real direct raw-input price, but a US farm-gate producer price, not a global spot commodity price."
2011-11-01,Oat Milk,176.7,WPU012203,"BLS Producer Price Index, Farm Products: Oats (via FRED)",https://fred.stlouisfed.org/series/WPU012203,False,"Real direct raw-input price, but a US farm-gate producer price, not a global spot commodity price."
2011-12-01,Oat Milk,173.5,WPU012203,"BLS Producer Price Index, Farm Products: Oats (via FRED)",https://fred.stlouisfed.org/series/WPU012203,False,"Real direct raw-input price, but a US farm-gate producer price, not a global spot commodity price."
2012-01-01,Oat Milk,171.2,WPU012203,"BLS Producer Price Index, Farm Products: Oats (via FRED)",https://fred.stlouisfed.org/series/WPU012203,False,"Real direct raw-input price, but a US farm-gate producer price, not a global spot commodity price."
2012-02-01,Oat Milk,182.1,WPU012203,"BLS Producer Price Index, Farm Products: Oats (via FRED)",https://fred.stlouisfed.org/series/WPU012203,False,"Real direct raw-input price, but a US farm-gate producer price, not a global spot commodity price."
2012-03-01,Oat Milk,185.0,WPU012203,"BLS Producer Price Index, Farm Products: Oats (via FRED)",https://fred.stlouisfed.org/series/WPU012203,False,"Real direct raw-input price, but a US farm-gate producer price, not a global spot commodity price."
2012-04-01,Oat Milk,191.5,WPU012203,"BLS Producer Price Index, Farm Products: Oats (via FRED)",https://fred.stlouisfed.org/series/WPU012203,False,"Real direct raw-input price, but a US farm-gate producer price, not a global spot commodity price."
2012-05-01,Oat Milk,191.4,WPU012203,"BLS Producer Price Index, Farm Products: Oats (via FRED)",https://fred.stlouisfed.org/series/WPU012203,False,"Real direct raw-input price, but a US farm-gate producer price, not a global spot commodity price."
2012-06-01,Oat Milk,182.9,WPU012203,"BLS Producer Price Index, Farm Products: Oats (via FRED)",https://fred.stlouisfed.org/series/WPU012203,False,"Real direct raw-input price, but a US farm-gate producer price, not a global spot commodity price."
2012-07-01,Oat Milk,209.9,WPU012203,"BLS Producer Price Index, Farm Products: Oats (via FRED)",https://fred.stlouisfed.org/series/WPU012203,False,"Real direct raw-input price, but a US farm-gate producer price, not a global spot commodity price."
2012-08-01,Oat Milk,185.7,WPU012203,"BLS Producer Price Index, Farm Products: Oats (via FRED)",https://fred.stlouisfed.org/series/WPU012203,False,"Real direct raw-input price, but a US farm-gate producer price, not a global spot commodity price."
2012-09-01,Oat Milk,200.5,WPU012203,"BLS Producer Price Index, Farm Products: Oats (via FRED)",https://fred.stlouisfed.org/series/WPU012203,False,"Real direct raw-input price, but a US farm-gate producer price, not a global spot commodity price."
2012-10-01,Oat Milk,209.8,WPU012203,"BLS Producer Price Index, Farm Products: Oats (via FRED)",https://fred.stlouisfed.org/series/WPU012203,False,"Real direct raw-input price, but a US farm-gate producer price, not a global spot commodity price."
2012-11-01,Oat Milk,204.7,WPU012203,"BLS Producer Price Index, Farm Products: Oats (via FRED)",https://fred.stlouisfed.org/series/WPU012203,False,"Real direct raw-input price, but a US farm-gate producer price, not a global spot commodity price."
2012-12-01,Oat Milk,213.4,WPU012203,"BLS Producer Price Index, Farm Products: Oats (via FRED)",https://fred.stlouisfed.org/series/WPU012203,False,"Real direct raw-input price, but a US farm-gate producer price, not a global spot commodity price."
2013-01-01,Oat Milk,209.2,WPU012203,"BLS Producer Price Index, Farm Products: Oats (via FRED)",https://fred.stlouisfed.org/series/WPU012203,False,"Real direct raw-input price, but a US farm-gate producer price, not a global spot commodity price."
2013-02-01,Oat Milk,215.8,WPU012203,"BLS Producer Price Index, Farm Products: Oats (via FRED)",https://fred.stlouisfed.org/series/WPU012203,False,"Real direct raw-input price, but a US farm-gate producer price, not a global spot commodity price."
2013-03-01,Oat Milk,224.0,WPU012203,"BLS Producer Price Index, Farm Products: Oats (via FRED)",https://fred.stlouisfed.org/series/WPU012203,False,"Real direct raw-input price, but a US farm-gate producer price, not a global spot commodity price."
2013-04-01,Oat Milk,213.6,WPU012203,"BLS Producer Price Index, Farm Products: Oats (via FRED)",https://fred.stlouisfed.org/series/WPU012203,False,"Real direct raw-input price, but a US farm-gate producer price, not a global spot commodity price."
2013-05-01,Oat Milk,218.2,WPU012203,"BLS Producer Price Index, Farm Products: Oats (via FRED)",https://fred.stlouisfed.org/series/WPU012203,False,"Real direct raw-input price, but a US farm-gate producer price, not a global spot commodity price."
2013-06-01,Oat Milk,225.1,WPU012203,"BLS Producer Price Index, Farm Products: Oats (via FRED)",https://fred.stlouisfed.org/series/WPU012203,False,"Real direct raw-input price, but a US farm-gate producer price, not a global spot commodity price."
2013-07-01,Oat Milk,212.5,WPU012203,"BLS Producer Price Index, Farm Products: Oats (via FRED)",https://fred.stlouisfed.org/series/WPU012203,False,"Real direct raw-input price, but a US farm-gate producer price, not a global spot commodity price."
2013-08-01,Oat Milk,207.3,WPU012203,"BLS Producer Price Index, Farm Products: Oats (via FRED)",https://fred.stlouisfed.org/series/WPU012203,False,"Real direct raw-input price, but a US farm-gate producer price, not a global spot commodity price."
2013-09-01,Oat Milk,189.5,WPU012203,"BLS Producer Price Index, Farm Products: Oats (via FRED)",https://fred.stlouisfed.org/series/WPU012203,False,"Real direct raw-input price, but a US farm-gate producer price, not a global spot commodity price."
2013-10-01,Oat Milk,191.5,WPU012203,"BLS Producer Price Index, Farm Products: Oats (via FRED)",https://fred.stlouisfed.org/series/WPU012203,False,"Real direct raw-input price, but a US farm-gate producer price, not a global spot commodity price."
2013-11-01,Oat Milk,199.3,WPU012203,"BLS Producer Price Index, Farm Products: Oats (via FRED)",https://fred.stlouisfed.org/series/WPU012203,False,"Real direct raw-input price, but a US farm-gate producer price, not a global spot commodity price."
2013-12-01,Oat Milk,205.5,WPU012203,"BLS Producer Price Index, Farm Products: Oats (via FRED)",https://fred.stlouisfed.org/series/WPU012203,False,"Real direct raw-input price, but a US farm-gate producer price, not a global spot commodity price."
2014-01-01,Oat Milk,221.4,WPU012203,"BLS Producer Price Index, Farm Products: Oats (via FRED)",https://fred.stlouisfed.org/series/WPU012203,False,"Real direct raw-input price, but a US farm-gate producer price, not a global spot commodity price."
2014-02-01,Oat Milk,225.5,WPU012203,"BLS Producer Price Index, Farm Products: Oats (via FRED)",https://fred.stlouisfed.org/series/WPU012203,False,"Real direct raw-input price, but a US farm-gate producer price, not a global spot commodity price."
2014-03-01,Oat Milk,226.9,WPU012203,"BLS Producer Price Index, Farm Products: Oats (via FRED)",https://fred.stlouisfed.org/series/WPU012203,False,"Real direct raw-input price, but a US farm-gate producer price, not a global spot commodity price."
2014-04-01,Oat Milk,232.1,WPU012203,"BLS Producer Price Index, Farm Products: Oats (via FRED)",https://fred.stlouisfed.org/series/WPU012203,False,"Real direct raw-input price, but a US farm-gate producer price, not a global spot commodity price."
2014-05-01,Oat Milk,220.0,WPU012203,"BLS Producer Price Index, Farm Products: Oats (via FRED)",https://fred.stlouisfed.org/series/WPU012203,False,"Real direct raw-input price, but a US farm-gate producer price, not a global spot commodity price."
2014-06-01,Oat Milk,247.0,WPU012203,"BLS Producer Price Index, Farm Products: Oats (via FRED)",https://fred.stlouisfed.org/series/WPU012203,False,"Real direct raw-input price, but a US farm-gate producer price, not a global spot commodity price."
2014-07-01,Oat Milk,208.7,WPU012203,"BLS Producer Price Index, Farm Products: Oats (via FRED)",https://fred.stlouisfed.org/series/WPU012203,False,"Real direct raw-input price, but a US farm-gate producer price, not a global spot commodity price."
2014-08-01,Oat Milk,210.6,WPU012203,"BLS Producer Price Index, Farm Products: Oats (via FRED)",https://fred.stlouisfed.org/series/WPU012203,False,"Real direct raw-input price, but a US farm-gate producer price, not a global spot commodity price."
2014-09-01,Oat Milk,213.1,WPU012203,"BLS Producer Price Index, Farm Products: Oats (via FRED)",https://fred.stlouisfed.org/series/WPU012203,False,"Real direct raw-input price, but a US farm-gate producer price, not a global spot commodity price."
2014-10-01,Oat Milk,197.4,WPU012203,"BLS Producer Price Index, Farm Products: Oats (via FRED)",https://fred.stlouisfed.org/series/WPU012203,False,"Real direct raw-input price, but a US farm-gate producer price, not a global spot commodity price."
2014-11-01,Oat Milk,191.4,WPU012203,"BLS Producer Price Index, Farm Products: Oats (via FRED)",https://fred.stlouisfed.org/series/WPU012203,False,"Real direct raw-input price, but a US farm-gate producer price, not a global spot commodity price."
2014-12-01,Oat Milk,192.9,WPU012203,"BLS Producer Price Index, Farm Products: Oats (via FRED)",https://fred.stlouisfed.org/series/WPU012203,False,"Real direct raw-input price, but a US farm-gate producer price, not a global spot commodity price."
2015-01-01,Oat Milk,185.6,WPU012203,"BLS Producer Price Index, Farm Products: Oats (via FRED)",https://fred.stlouisfed.org/series/WPU012203,False,"Real direct raw-input price, but a US farm-gate producer price, not a global spot commodity price."
2015-02-01,Oat Milk,179.0,WPU012203,"BLS Producer Price Index, Farm Products: Oats (via FRED)",https://fred.stlouisfed.org/series/WPU012203,False,"Real direct raw-input price, but a US farm-gate producer price, not a global spot commodity price."
2015-03-01,Oat Milk,184.8,WPU012203,"BLS Producer Price Index, Farm Products: Oats (via FRED)",https://fred.stlouisfed.org/series/WPU012203,False,"Real direct raw-input price, but a US farm-gate producer price, not a global spot commodity price."
2015-04-01,Oat Milk,175.8,WPU012203,"BLS Producer Price Index, Farm Products: Oats (via FRED)",https://fred.stlouisfed.org/series/WPU012203,False,"Real direct raw-input price, but a US farm-gate producer price, not a global spot commodity price."
2015-05-01,Oat Milk,168.3,WPU012203,"BLS Producer Price Index, Farm Products: Oats (via FRED)",https://fred.stlouisfed.org/series/WPU012203,False,"Real direct raw-input price, but a US farm-gate producer price, not a global spot commodity price."
2015-06-01,Oat Milk,173.4,WPU012203,"BLS Producer Price Index, Farm Products: Oats (via FRED)",https://fred.stlouisfed.org/series/WPU012203,False,"Real direct raw-input price, but a US farm-gate producer price, not a global spot commodity price."
2015-07-01,Oat Milk,172.9,WPU012203,"BLS Producer Price Index, Farm Products: Oats (via FRED)",https://fred.stlouisfed.org/series/WPU012203,False,"Real direct raw-input price, but a US farm-gate producer price, not a global spot commodity price."
2015-08-01,Oat Milk,162.5,WPU012203,"BLS Producer Price Index, Farm Products: Oats (via FRED)",https://fred.stlouisfed.org/series/WPU012203,False,"Real direct raw-input price, but a US farm-gate producer price, not a global spot commodity price."
2015-09-01,Oat Milk,161.9,WPU012203,"BLS Producer Price Index, Farm Products: Oats (via FRED)",https://fred.stlouisfed.org/series/WPU012203,False,"Real direct raw-input price, but a US farm-gate producer price, not a global spot commodity price."
2015-10-01,Oat Milk,160.2,WPU012203,"BLS Producer Price Index, Farm Products: Oats (via FRED)",https://fred.stlouisfed.org/series/WPU012203,False,"Real direct raw-input price, but a US farm-gate producer price, not a global spot commodity price."
2015-11-01,Oat Milk,158.1,WPU012203,"BLS Producer Price Index, Farm Products: Oats (via FRED)",https://fred.stlouisfed.org/series/WPU012203,False,"Real direct raw-input price, but a US farm-gate producer price, not a global spot commodity price."
2015-12-01,Oat Milk,146.8,WPU012203,"BLS Producer Price Index, Farm Products: Oats (via FRED)",https://fred.stlouisfed.org/series/WPU012203,False,"Real direct raw-input price, but a US farm-gate producer price, not a global spot commodity price."
2016-01-01,Oat Milk,155.6,WPU012203,"BLS Producer Price Index, Farm Products: Oats (via FRED)",https://fred.stlouisfed.org/series/WPU012203,False,"Real direct raw-input price, but a US farm-gate producer price, not a global spot commodity price."
2016-02-01,Oat Milk,154.3,WPU012203,"BLS Producer Price Index, Farm Products: Oats (via FRED)",https://fred.stlouisfed.org/series/WPU012203,False,"Real direct raw-input price, but a US farm-gate producer price, not a global spot commodity price."
2016-03-01,Oat Milk,152.4,WPU012203,"BLS Producer Price Index, Farm Products: Oats (via FRED)",https://fred.stlouisfed.org/series/WPU012203,False,"Real direct raw-input price, but a US farm-gate producer price, not a global spot commodity price."
2016-04-01,Oat Milk,149.4,WPU012203,"BLS Producer Price Index, Farm Products: Oats (via FRED)",https://fred.stlouisfed.org/series/WPU012203,False,"Real direct raw-input price, but a US farm-gate producer price, not a global spot commodity price."
2016-05-01,Oat Milk,149.3,WPU012203,"BLS Producer Price Index, Farm Products: Oats (via FRED)",https://fred.stlouisfed.org/series/WPU012203,False,"Real direct raw-input price, but a US farm-gate producer price, not a global spot commodity price."
2016-06-01,Oat Milk,158.7,WPU012203,"BLS Producer Price Index, Farm Products: Oats (via FRED)",https://fred.stlouisfed.org/series/WPU012203,False,"Real direct raw-input price, but a US farm-gate producer price, not a global spot commodity price."
2016-07-01,Oat Milk,162.6,WPU012203,"BLS Producer Price Index, Farm Products: Oats (via FRED)",https://fred.stlouisfed.org/series/WPU012203,False,"Real direct raw-input price, but a US farm-gate producer price, not a global spot commodity price."
2016-08-01,Oat Milk,143.8,WPU012203,"BLS Producer Price Index, Farm Products: Oats (via FRED)",https://fred.stlouisfed.org/series/WPU012203,False,"Real direct raw-input price, but a US farm-gate producer price, not a global spot commodity price."
2016-09-01,Oat Milk,139.7,WPU012203,"BLS Producer Price Index, Farm Products: Oats (via FRED)",https://fred.stlouisfed.org/series/WPU012203,False,"Real direct raw-input price, but a US farm-gate producer price, not a global spot commodity price."
2016-10-01,Oat Milk,143.3,WPU012203,"BLS Producer Price Index, Farm Products: Oats (via FRED)",https://fred.stlouisfed.org/series/WPU012203,False,"Real direct raw-input price, but a US farm-gate producer price, not a global spot commodity price."
2016-11-01,Oat Milk,169.7,WPU012203,"BLS Producer Price Index, Farm Products: Oats (via FRED)",https://fred.stlouisfed.org/series/WPU012203,False,"Real direct raw-input price, but a US farm-gate producer price, not a global spot commodity price."
2016-12-01,Oat Milk,176.1,WPU012203,"BLS Producer Price Index, Farm Products: Oats (via FRED)",https://fred.stlouisfed.org/series/WPU012203,False,"Real direct raw-input price, but a US farm-gate producer price, not a global spot commodity price."
2017-01-01,Oat Milk,169.0,WPU012203,"BLS Producer Price Index, Farm Products: Oats (via FRED)",https://fred.stlouisfed.org/series/WPU012203,False,"Real direct raw-input price, but a US farm-gate producer price, not a global spot commodity price."
2017-02-01,Oat Milk,171.6,WPU012203,"BLS Producer Price Index, Farm Products: Oats (via FRED)",https://fred.stlouisfed.org/series/WPU012203,False,"Real direct raw-input price, but a US farm-gate producer price, not a global spot commodity price."
2017-03-01,Oat Milk,176.3,WPU012203,"BLS Producer Price Index, Farm Products: Oats (via FRED)",https://fred.stlouisfed.org/series/WPU012203,False,"Real direct raw-input price, but a US farm-gate producer price, not a global spot commodity price."
2017-04-01,Oat Milk,172.6,WPU012203,"BLS Producer Price Index, Farm Products: Oats (via FRED)",https://fred.stlouisfed.org/series/WPU012203,False,"Real direct raw-input price, but a US farm-gate producer price, not a global spot commodity price."
2017-05-01,Oat Milk,168.3,WPU012203,"BLS Producer Price Index, Farm Products: Oats (via FRED)",https://fred.stlouisfed.org/series/WPU012203,False,"Real direct raw-input price, but a US farm-gate producer price, not a global spot commodity price."
2017-06-01,Oat Milk,174.4,WPU012203,"BLS Producer Price Index, Farm Products: Oats (via FRED)",https://fred.stlouisfed.org/series/WPU012203,False,"Real direct raw-input price, but a US farm-gate producer price, not a global spot commodity price."
2017-07-01,Oat Milk,177.4,WPU012203,"BLS Producer Price Index, Farm Products: Oats (via FRED)",https://fred.stlouisfed.org/series/WPU012203,False,"Real direct raw-input price, but a US farm-gate producer price, not a global spot commodity price."
2017-08-01,Oat Milk,187.1,WPU012203,"BLS Producer Price Index, Farm Products: Oats (via FRED)",https://fred.stlouisfed.org/series/WPU012203,False,"Real direct raw-input price, but a US farm-gate producer price, not a global spot commodity price."
2017-09-01,Oat Milk,174.4,WPU012203,"BLS Producer Price Index, Farm Products: Oats (via FRED)",https://fred.stlouisfed.org/series/WPU012203,False,"Real direct raw-input price, but a US farm-gate producer price, not a global spot commodity price."
2017-10-01,Oat Milk,182.7,WPU012203,"BLS Producer Price Index, Farm Products: Oats (via FRED)",https://fred.stlouisfed.org/series/WPU012203,False,"Real direct raw-input price, but a US farm-gate producer price, not a global spot commodity price."
2017-11-01,Oat Milk,191.7,WPU012203,"BLS Producer Price Index, Farm Products: Oats (via FRED)",https://fred.stlouisfed.org/series/WPU012203,False,"Real direct raw-input price, but a US farm-gate producer price, not a global spot commodity price."
2017-12-01,Oat Milk,170.3,WPU012203,"BLS Producer Price Index, Farm Products: Oats (via FRED)",https://fred.stlouisfed.org/series/WPU012203,False,"Real direct raw-input price, but a US farm-gate producer price, not a global spot commodity price."
2018-01-01,Oat Milk,176.2,WPU012203,"BLS Producer Price Index, Farm Products: Oats (via FRED)",https://fred.stlouisfed.org/series/WPU012203,False,"Real direct raw-input price, but a US farm-gate producer price, not a global spot commodity price."
2018-02-01,Oat Milk,187.9,WPU012203,"BLS Producer Price Index, Farm Products: Oats (via FRED)",https://fred.stlouisfed.org/series/WPU012203,False,"Real direct raw-input price, but a US farm-gate producer price, not a global spot commodity price."
2018-03-01,Oat Milk,185.0,WPU012203,"BLS Producer Price Index, Farm Products: Oats (via FRED)",https://fred.stlouisfed.org/series/WPU012203,False,"Real direct raw-input price, but a US farm-gate producer price, not a global spot commodity price."
2018-04-01,Oat Milk,176.8,WPU012203,"BLS Producer Price Index, Farm Products: Oats (via FRED)",https://fred.stlouisfed.org/series/WPU012203,False,"Real direct raw-input price, but a US farm-gate producer price, not a global spot commodity price."
2018-05-01,Oat Milk,183.5,WPU012203,"BLS Producer Price Index, Farm Products: Oats (via FRED)",https://fred.stlouisfed.org/series/WPU012203,False,"Real direct raw-input price, but a US farm-gate producer price, not a global spot commodity price."
2018-06-01,Oat Milk,190.8,WPU012203,"BLS Producer Price Index, Farm Products: Oats (via FRED)",https://fred.stlouisfed.org/series/WPU012203,False,"Real direct raw-input price, but a US farm-gate producer price, not a global spot commodity price."
2018-07-01,Oat Milk,182.9,WPU012203,"BLS Producer Price Index, Farm Products: Oats (via FRED)",https://fred.stlouisfed.org/series/WPU012203,False,"Real direct raw-input price, but a US farm-gate producer price, not a global spot commodity price."
2018-08-01,Oat Milk,183.5,WPU012203,"BLS Producer Price Index, Farm Products: Oats (via FRED)",https://fred.stlouisfed.org/series/WPU012203,False,"Real direct raw-input price, but a US farm-gate producer price, not a global spot commodity price."
2018-09-01,Oat Milk,176.1,WPU012203,"BLS Producer Price Index, Farm Products: Oats (via FRED)",https://fred.stlouisfed.org/series/WPU012203,False,"Real direct raw-input price, but a US farm-gate producer price, not a global spot commodity price."
2018-10-01,Oat Milk,186.6,WPU012203,"BLS Producer Price Index, Farm Products: Oats (via FRED)",https://fred.stlouisfed.org/series/WPU012203,False,"Real direct raw-input price, but a US farm-gate producer price, not a global spot commodity price."
2018-11-01,Oat Milk,192.6,WPU012203,"BLS Producer Price Index, Farm Products: Oats (via FRED)",https://fred.stlouisfed.org/series/WPU012203,False,"Real direct raw-input price, but a US farm-gate producer price, not a global spot commodity price."
2018-12-01,Oat Milk,198.8,WPU012203,"BLS Producer Price Index, Farm Products: Oats (via FRED)",https://fred.stlouisfed.org/series/WPU012203,False,"Real direct raw-input price, but a US farm-gate producer price, not a global spot commodity price."
2019-01-01,Oat Milk,198.4,WPU012203,"BLS Producer Price Index, Farm Products: Oats (via FRED)",https://fred.stlouisfed.org/series/WPU012203,False,"Real direct raw-input price, but a US farm-gate producer price, not a global spot commodity price."
2019-02-01,Oat Milk,197.3,WPU012203,"BLS Producer Price Index, Farm Products: Oats (via FRED)",https://fred.stlouisfed.org/series/WPU012203,False,"Real direct raw-input price, but a US farm-gate producer price, not a global spot commodity price."
2019-03-01,Oat Milk,192.3,WPU012203,"BLS Producer Price Index, Farm Products: Oats (via FRED)",https://fred.stlouisfed.org/series/WPU012203,False,"Real direct raw-input price, but a US farm-gate producer price, not a global spot commodity price."
2019-04-01,Oat Milk,195.9,WPU012203,"BLS Producer Price Index, Farm Products: Oats (via FRED)",https://fred.stlouisfed.org/series/WPU012203,False,"Real direct raw-input price, but a US farm-gate producer price, not a global spot commodity price."
2019-05-01,Oat Milk,200.6,WPU012203,"BLS Producer Price Index, Farm Products: Oats (via FRED)",https://fred.stlouisfed.org/series/WPU012203,False,"Real direct raw-input price, but a US farm-gate producer price, not a global spot commodity price."
2019-06-01,Oat Milk,205.9,WPU012203,"BLS Producer Price Index, Farm Products: Oats (via FRED)",https://fred.stlouisfed.org/series/WPU012203,False,"Real direct raw-input price, but a US farm-gate producer price, not a global spot commodity price."
2019-07-01,Oat Milk,194.9,WPU012203,"BLS Producer Price Index, Farm Products: Oats (via FRED)",https://fred.stlouisfed.org/series/WPU012203,False,"Real direct raw-input price, but a US farm-gate producer price, not a global spot commodity price."
2019-08-01,Oat Milk,188.0,WPU012203,"BLS Producer Price Index, Farm Products: Oats (via FRED)",https://fred.stlouisfed.org/series/WPU012203,False,"Real direct raw-input price, but a US farm-gate producer price, not a global spot commodity price."
2019-09-01,Oat Milk,186.4,WPU012203,"BLS Producer Price Index, Farm Products: Oats (via FRED)",https://fred.stlouisfed.org/series/WPU012203,False,"Real direct raw-input price, but a US farm-gate producer price, not a global spot commodity price."
2019-10-01,Oat Milk,194.1,WPU012203,"BLS Producer Price Index, Farm Products: Oats (via FRED)",https://fred.stlouisfed.org/series/WPU012203,False,"Real direct raw-input price, but a US farm-gate producer price, not a global spot commodity price."
2019-11-01,Oat Milk,196.6,WPU012203,"BLS Producer Price Index, Farm Products: Oats (via FRED)",https://fred.stlouisfed.org/series/WPU012203,False,"Real direct raw-input price, but a US farm-gate producer price, not a global spot commodity price."
2019-12-01,Oat Milk,190.2,WPU012203,"BLS Producer Price Index, Farm Products: Oats (via FRED)",https://fred.stlouisfed.org/series/WPU012203,False,"Real direct raw-input price, but a US farm-gate producer price, not a global spot commodity price."
2020-01-01,Oat Milk,206.2,WPU012203,"BLS Producer Price Index, Farm Products: Oats (via FRED)",https://fred.stlouisfed.org/series/WPU012203,False,"Real direct raw-input price, but a US farm-gate producer price, not a global spot commodity price."
2020-02-01,Oat Milk,199.7,WPU012203,"BLS Producer Price Index, Farm Products: Oats (via FRED)",https://fred.stlouisfed.org/series/WPU012203,False,"Real direct raw-input price, but a US farm-gate producer price, not a global spot commodity price."
2020-03-01,Oat Milk,199.1,WPU012203,"BLS Producer Price Index, Farm Products: Oats (via FRED)",https://fred.stlouisfed.org/series/WPU012203,False,"Real direct raw-input price, but a US farm-gate producer price, not a global spot commodity price."
2020-04-01,Oat Milk,190.0,WPU012203,"BLS Producer Price Index, Farm Products: Oats (via FRED)",https://fred.stlouisfed.org/series/WPU012203,False,"Real direct raw-input price, but a US farm-gate producer price, not a global spot commodity price."
2020-05-01,Oat Milk,202.8,WPU012203,"BLS Producer Price Index, Farm Products: Oats (via FRED)",https://fred.stlouisfed.org/series/WPU012203,False,"Real direct raw-input price, but a US farm-gate producer price, not a global spot commodity price."
2020-06-01,Oat Milk,202.1,WPU012203,"BLS Producer Price Index, Farm Products: Oats (via FRED)",https://fred.stlouisfed.org/series/WPU012203,False,"Real direct raw-input price, but a US farm-gate producer price, not a global spot commodity price."
2020-07-01,Oat Milk,194.2,WPU012203,"BLS Producer Price Index, Farm Products: Oats (via FRED)",https://fred.stlouisfed.org/series/WPU012203,False,"Real direct raw-input price, but a US farm-gate producer price, not a global spot commodity price."
2020-08-01,Oat Milk,177.1,WPU012203,"BLS Producer Price Index, Farm Products: Oats (via FRED)",https://fred.stlouisfed.org/series/WPU012203,False,"Real direct raw-input price, but a US farm-gate producer price, not a global spot commodity price."
2020-09-01,Oat Milk,179.1,WPU012203,"BLS Producer Price Index, Farm Products: Oats (via FRED)",https://fred.stlouisfed.org/series/WPU012203,False,"Real direct raw-input price, but a US farm-gate producer price, not a global spot commodity price."
2020-10-01,Oat Milk,182.8,WPU012203,"BLS Producer Price Index, Farm Products: Oats (via FRED)",https://fred.stlouisfed.org/series/WPU012203,False,"Real direct raw-input price, but a US farm-gate producer price, not a global spot commodity price."
2020-11-01,Oat Milk,196.1,WPU012203,"BLS Producer Price Index, Farm Products: Oats (via FRED)",https://fred.stlouisfed.org/series/WPU012203,False,"Real direct raw-input price, but a US farm-gate producer price, not a global spot commodity price."
2020-12-01,Oat Milk,212.6,WPU012203,"BLS Producer Price Index, Farm Products: Oats (via FRED)",https://fred.stlouisfed.org/series/WPU012203,False,"Real direct raw-input price, but a US farm-gate producer price, not a global spot commodity price."
2021-01-01,Oat Milk,219.3,WPU012203,"BLS Producer Price Index, Farm Products: Oats (via FRED)",https://fred.stlouisfed.org/series/WPU012203,False,"Real direct raw-input price, but a US farm-gate producer price, not a global spot commodity price."
2021-02-01,Oat Milk,215.2,WPU012203,"BLS Producer Price Index, Farm Products: Oats (via FRED)",https://fred.stlouisfed.org/series/WPU012203,False,"Real direct raw-input price, but a US farm-gate producer price, not a global spot commodity price."
2021-03-01,Oat Milk,230.2,WPU012203,"BLS Producer Price Index, Farm Products: Oats (via FRED)",https://fred.stlouisfed.org/series/WPU012203,False,"Real direct raw-input price, but a US farm-gate producer price, not a global spot commodity price."
2021-04-01,Oat Milk,227.3,WPU012203,"BLS Producer Price Index, Farm Products: Oats (via FRED)",https://fred.stlouisfed.org/series/WPU012203,False,"Real direct raw-input price, but a US farm-gate producer price, not a global spot commodity price."
2021-05-01,Oat Milk,234.2,WPU012203,"BLS Producer Price Index, Farm Products: Oats (via FRED)",https://fred.stlouisfed.org/series/WPU012203,False,"Real direct raw-input price, but a US farm-gate producer price, not a global spot commodity price."
2021-06-01,Oat Milk,230.1,WPU012203,"BLS Producer Price Index, Farm Products: Oats (via FRED)",https://fred.stlouisfed.org/series/WPU012203,False,"Real direct raw-input price, but a US farm-gate producer price, not a global spot commodity price."
2021-07-01,Oat Milk,259.203,WPU012203,"BLS Producer Price Index, Farm Products: Oats (via FRED)",https://fred.stlouisfed.org/series/WPU012203,False,"Real direct raw-input price, but a US farm-gate producer price, not a global spot commodity price."
2021-08-01,Oat Milk,278.956,WPU012203,"BLS Producer Price Index, Farm Products: Oats (via FRED)",https://fred.stlouisfed.org/series/WPU012203,False,"Real direct raw-input price, but a US farm-gate producer price, not a global spot commodity price."
2021-09-01,Oat Milk,326.391,WPU012203,"BLS Producer Price Index, Farm Products: Oats (via FRED)",https://fred.stlouisfed.org/series/WPU012203,False,"Real direct raw-input price, but a US farm-gate producer price, not a global spot commodity price."
2021-10-01,Oat Milk,360.983,WPU012203,"BLS Producer Price Index, Farm Products: Oats (via FRED)",https://fred.stlouisfed.org/series/WPU012203,False,"Real direct raw-input price, but a US farm-gate producer price, not a global spot commodity price."
2021-11-01,Oat Milk,430.609,WPU012203,"BLS Producer Price Index, Farm Products: Oats (via FRED)",https://fred.stlouisfed.org/series/WPU012203,False,"Real direct raw-input price, but a US farm-gate producer price, not a global spot commodity price."
2021-12-01,Oat Milk,448.712,WPU012203,"BLS Producer Price Index, Farm Products: Oats (via FRED)",https://fred.stlouisfed.org/series/WPU012203,False,"Real direct raw-input price, but a US farm-gate producer price, not a global spot commodity price."
2022-01-01,Oat Milk,436.766,WPU012203,"BLS Producer Price Index, Farm Products: Oats (via FRED)",https://fred.stlouisfed.org/series/WPU012203,False,"Real direct raw-input price, but a US farm-gate producer price, not a global spot commodity price."
2022-02-01,Oat Milk,465.859,WPU012203,"BLS Producer Price Index, Farm Products: Oats (via FRED)",https://fred.stlouisfed.org/series/WPU012203,False,"Real direct raw-input price, but a US farm-gate producer price, not a global spot commodity price."
2022-03-01,Oat Milk,456.657,WPU012203,"BLS Producer Price Index, Farm Products: Oats (via FRED)",https://fred.stlouisfed.org/series/WPU012203,False,"Real direct raw-input price, but a US farm-gate producer price, not a global spot commodity price."
2022-04-01,Oat Milk,493.315,WPU012203,"BLS Producer Price Index, Farm Products: Oats (via FRED)",https://fred.stlouisfed.org/series/WPU012203,False,"Real direct raw-input price, but a US farm-gate producer price, not a global spot commodity price."
2022-05-01,Oat Milk,454.364,WPU012203,"BLS Producer Price Index, Farm Products: Oats (via FRED)",https://fred.stlouisfed.org/series/WPU012203,False,"Real direct raw-input price, but a US farm-gate producer price, not a global spot commodity price."
2022-06-01,Oat Milk,475.248,WPU012203,"BLS Producer Price Index, Farm Products: Oats (via FRED)",https://fred.stlouisfed.org/series/WPU012203,False,"Real direct raw-input price, but a US farm-gate producer price, not a global spot commodity price."
2022-07-01,Oat Milk,336.027,WPU012203,"BLS Producer Price Index, Farm Products: Oats (via FRED)",https://fred.stlouisfed.org/series/WPU012203,False,"Real direct raw-input price, but a US farm-gate producer price, not a global spot commodity price."
2022-08-01,Oat Milk,299.579,WPU012203,"BLS Producer Price Index, Farm Products: Oats (via FRED)",https://fred.stlouisfed.org/series/WPU012203,False,"Real direct raw-input price, but a US farm-gate producer price, not a global spot commodity price."
2022-09-01,Oat Milk,282.722,WPU012203,"BLS Producer Price Index, Farm Products: Oats (via FRED)",https://fred.stlouisfed.org/series/WPU012203,False,"Real direct raw-input price, but a US farm-gate producer price, not a global spot commodity price."
2022-10-01,Oat Milk,273.044,WPU012203,"BLS Producer Price Index, Farm Products: Oats (via FRED)",https://fred.stlouisfed.org/series/WPU012203,False,"Real direct raw-input price, but a US farm-gate producer price, not a global spot commodity price."
2022-11-01,Oat Milk,277.288,WPU012203,"BLS Producer Price Index, Farm Products: Oats (via FRED)",https://fred.stlouisfed.org/series/WPU012203,False,"Real direct raw-input price, but a US farm-gate producer price, not a global spot commodity price."
2022-12-01,Oat Milk,266.478,WPU012203,"BLS Producer Price Index, Farm Products: Oats (via FRED)",https://fred.stlouisfed.org/series/WPU012203,False,"Real direct raw-input price, but a US farm-gate producer price, not a global spot commodity price."
2023-01-01,Oat Milk,260.145,WPU012203,"BLS Producer Price Index, Farm Products: Oats (via FRED)",https://fred.stlouisfed.org/series/WPU012203,False,"Real direct raw-input price, but a US farm-gate producer price, not a global spot commodity price."
2023-02-01,Oat Milk,259.499,WPU012203,"BLS Producer Price Index, Farm Products: Oats (via FRED)",https://fred.stlouisfed.org/series/WPU012203,False,"Real direct raw-input price, but a US farm-gate producer price, not a global spot commodity price."
2023-03-01,Oat Milk,264.823,WPU012203,"BLS Producer Price Index, Farm Products: Oats (via FRED)",https://fred.stlouisfed.org/series/WPU012203,False,"Real direct raw-input price, but a US farm-gate producer price, not a global spot commodity price."
2023-04-01,Oat Milk,238.567,WPU012203,"BLS Producer Price Index, Farm Products: Oats (via FRED)",https://fred.stlouisfed.org/series/WPU012203,False,"Real direct raw-input price, but a US farm-gate producer price, not a global spot commodity price."
2023-05-01,Oat Milk,246.858,WPU012203,"BLS Producer Price Index, Farm Products: Oats (via FRED)",https://fred.stlouisfed.org/series/WPU012203,False,"Real direct raw-input price, but a US farm-gate producer price, not a global spot commodity price."
2023-06-01,Oat Milk,259.744,WPU012203,"BLS Producer Price Index, Farm Products: Oats (via FRED)",https://fred.stlouisfed.org/series/WPU012203,False,"Real direct raw-input price, but a US farm-gate producer price, not a global spot commodity price."
2023-07-01,Oat Milk,263.332,WPU012203,"BLS Producer Price Index, Farm Products: Oats (via FRED)",https://fred.stlouisfed.org/series/WPU012203,False,"Real direct raw-input price, but a US farm-gate producer price, not a global spot commodity price."
2023-08-01,Oat Milk,277.683,WPU012203,"BLS Producer Price Index, Farm Products: Oats (via FRED)",https://fred.stlouisfed.org/series/WPU012203,False,"Real direct raw-input price, but a US farm-gate producer price, not a global spot commodity price."
2023-09-01,Oat Milk,284.479,WPU012203,"BLS Producer Price Index, Farm Products: Oats (via FRED)",https://fred.stlouisfed.org/series/WPU012203,False,"Real direct raw-input price, but a US farm-gate producer price, not a global spot commodity price."
2023-10-01,Oat Milk,275.717,WPU012203,"BLS Producer Price Index, Farm Products: Oats (via FRED)",https://fred.stlouisfed.org/series/WPU012203,False,"Real direct raw-input price, but a US farm-gate producer price, not a global spot commodity price."
2023-11-01,Oat Milk,269.702,WPU012203,"BLS Producer Price Index, Farm Products: Oats (via FRED)",https://fred.stlouisfed.org/series/WPU012203,False,"Real direct raw-input price, but a US farm-gate producer price, not a global spot commodity price."
2023-12-01,Oat Milk,266.195,WPU012203,"BLS Producer Price Index, Farm Products: Oats (via FRED)",https://fred.stlouisfed.org/series/WPU012203,False,"Real direct raw-input price, but a US farm-gate producer price, not a global spot commodity price."
2024-01-01,Oat Milk,281.752,WPU012203,"BLS Producer Price Index, Farm Products: Oats (via FRED)",https://fred.stlouisfed.org/series/WPU012203,False,"Real direct raw-input price, but a US farm-gate producer price, not a global spot commodity price."
2024-02-01,Oat Milk,271.645,WPU012203,"BLS Producer Price Index, Farm Products: Oats (via FRED)",https://fred.stlouisfed.org/series/WPU012203,False,"Real direct raw-input price, but a US farm-gate producer price, not a global spot commodity price."
2024-03-01,Oat Milk,258.629,WPU012203,"BLS Producer Price Index, Farm Products: Oats (via FRED)",https://fred.stlouisfed.org/series/WPU012203,False,"Real direct raw-input price, but a US farm-gate producer price, not a global spot commodity price."
2024-04-01,Oat Milk,250.262,WPU012203,"BLS Producer Price Index, Farm Products: Oats (via FRED)",https://fred.stlouisfed.org/series/WPU012203,False,"Real direct raw-input price, but a US farm-gate producer price, not a global spot commodity price."
2024-05-01,Oat Milk,277.478,WPU012203,"BLS Producer Price Index, Farm Products: Oats (via FRED)",https://fred.stlouisfed.org/series/WPU012203,False,"Real direct raw-input price, but a US farm-gate producer price, not a global spot commodity price."
2024-06-01,Oat Milk,242.248,WPU012203,"BLS Producer Price Index, Farm Products: Oats (via FRED)",https://fred.stlouisfed.org/series/WPU012203,False,"Real direct raw-input price, but a US farm-gate producer price, not a global spot commodity price."
2024-07-01,Oat Milk,230.455,WPU012203,"BLS Producer Price Index, Farm Products: Oats (via FRED)",https://fred.stlouisfed.org/series/WPU012203,False,"Real direct raw-input price, but a US farm-gate producer price, not a global spot commodity price."
2024-08-01,Oat Milk,234.321,WPU012203,"BLS Producer Price Index, Farm Products: Oats (via FRED)",https://fred.stlouisfed.org/series/WPU012203,False,"Real direct raw-input price, but a US farm-gate producer price, not a global spot commodity price."
2024-09-01,Oat Milk,238.119,WPU012203,"BLS Producer Price Index, Farm Products: Oats (via FRED)",https://fred.stlouisfed.org/series/WPU012203,False,"Real direct raw-input price, but a US farm-gate producer price, not a global spot commodity price."
2024-10-01,Oat Milk,240.502,WPU012203,"BLS Producer Price Index, Farm Products: Oats (via FRED)",https://fred.stlouisfed.org/series/WPU012203,False,"Real direct raw-input price, but a US farm-gate producer price, not a global spot commodity price."
2024-11-01,Oat Milk,238.408,WPU012203,"BLS Producer Price Index, Farm Products: Oats (via FRED)",https://fred.stlouisfed.org/series/WPU012203,False,"Real direct raw-input price, but a US farm-gate producer price, not a global spot commodity price."
2024-12-01,Oat Milk,236.294,WPU012203,"BLS Producer Price Index, Farm Products: Oats (via FRED)",https://fred.stlouisfed.org/series/WPU012203,False,"Real direct raw-input price, but a US farm-gate producer price, not a global spot commodity price."
2025-01-01,Oat Milk,246.669,WPU012203,"BLS Producer Price Index, Farm Products: Oats (via FRED)",https://fred.stlouisfed.org/series/WPU012203,False,"Real direct raw-input price, but a US farm-gate producer price, not a global spot commodity price."
2025-02-01,Oat Milk,230.674,WPU012203,"BLS Producer Price Index, Farm Products: Oats (via FRED)",https://fred.stlouisfed.org/series/WPU012203,False,"Real direct raw-input price, but a US farm-gate producer price, not a global spot commodity price."
2025-03-01,Oat Milk,236.363,WPU012203,"BLS Producer Price Index, Farm Products: Oats (via FRED)",https://fred.stlouisfed.org/series/WPU012203,False,"Real direct raw-input price, but a US farm-gate producer price, not a global spot commodity price."
2025-04-01,Oat Milk,239.522,WPU012203,"BLS Producer Price Index, Farm Products: Oats (via FRED)",https://fred.stlouisfed.org/series/WPU012203,False,"Real direct raw-input price, but a US farm-gate producer price, not a global spot commodity price."
2025-05-01,Oat Milk,232.815,WPU012203,"BLS Producer Price Index, Farm Products: Oats (via FRED)",https://fred.stlouisfed.org/series/WPU012203,False,"Real direct raw-input price, but a US farm-gate producer price, not a global spot commodity price."
2025-06-01,Oat Milk,236.229,WPU012203,"BLS Producer Price Index, Farm Products: Oats (via FRED)",https://fred.stlouisfed.org/series/WPU012203,False,"Real direct raw-input price, but a US farm-gate producer price, not a global spot commodity price."
2025-07-01,Oat Milk,231.329,WPU012203,"BLS Producer Price Index, Farm Products: Oats (via FRED)",https://fred.stlouisfed.org/series/WPU012203,False,"Real direct raw-input price, but a US farm-gate producer price, not a global spot commodity price."
2025-08-01,Oat Milk,222.621,WPU012203,"BLS Producer Price Index, Farm Products: Oats (via FRED)",https://fred.stlouisfed.org/series/WPU012203,False,"Real direct raw-input price, but a US farm-gate producer price, not a global spot commodity price."
2025-09-01,Oat Milk,216.858,WPU012203,"BLS Producer Price Index, Farm Products: Oats (via FRED)",https://fred.stlouisfed.org/series/WPU012203,False,"Real direct raw-input price, but a US farm-gate producer price, not a global spot commodity price."
2025-10-01,Oat Milk,207.725,WPU012203,"BLS Producer Price Index, Farm Products: Oats (via FRED)",https://fred.stlouisfed.org/series/WPU012203,False,"Real direct raw-input price, but a US farm-gate producer price, not a global spot commodity price."
2025-11-01,Oat Milk,210.264,WPU012203,"BLS Producer Price Index, Farm Products: Oats (via FRED)",https://fred.stlouisfed.org/series/WPU012203,False,"Real direct raw-input price, but a US farm-gate producer price, not a global spot commodity price."
2025-12-01,Oat Milk,207.194,WPU012203,"BLS Producer Price Index, Farm Products: Oats (via FRED)",https://fred.stlouisfed.org/series/WPU012203,False,"Real direct raw-input price, but a US farm-gate producer price, not a global spot commodity price."
2026-01-01,Oat Milk,198.016,WPU012203,"BLS Producer Price Index, Farm Products: Oats (via FRED)",https://fred.stlouisfed.org/series/WPU012203,False,"Real direct raw-input price, but a US farm-gate producer price, not a global spot commodity price."
2026-02-01,Oat Milk,210.326,WPU012203,"BLS Producer Price Index, Farm Products: Oats (via FRED)",https://fred.stlouisfed.org/series/WPU012203,False,"Real direct raw-input price, but a US farm-gate producer price, not a global spot commodity price."
2026-03-01,Oat Milk,216.035,WPU012203,"BLS Producer Price Index, Farm Products: Oats (via FRED)",https://fred.stlouisfed.org/series/WPU012203,False,"Real direct raw-input price, but a US farm-gate producer price, not a global spot commodity price."
2026-04-01,Oat Milk,229.082,WPU012203,"BLS Producer Price Index, Farm Products: Oats (via FRED)",https://fred.stlouisfed.org/series/WPU012203,False,"Real direct raw-input price, but a US farm-gate producer price, not a global spot commodity price."
2026-05-01,Oat Milk,223.046,WPU012203,"BLS Producer Price Index, Farm Products: Oats (via FRED)",https://fred.stlouisfed.org/series/WPU012203,False,"Real direct raw-input price, but a US farm-gate producer price, not a global spot commodity price."
2026-06-01,Oat Milk,195.445,WPU012203,"BLS Producer Price Index, Farm Products: Oats (via FRED)",https://fred.stlouisfed.org/series/WPU012203,False,"Real direct raw-input price, but a US farm-gate producer price, not a global spot commodity price."
2026-07-01,Oat Milk,219.54,WPU012203,"BLS Producer Price Index, Farm Products: Oats (via FRED)",https://fred.stlouisfed.org/series/WPU012203,False,"Real direct raw-input price, but a US farm-gate producer price, not a global spot commodity price."
2026-08-01,Oat Milk,213.563,WPU012203,"BLS Producer Price Index, Farm Products: Oats (via FRED)",https://fred.stlouisfed.org/series/WPU012203,False,"Real direct raw-input price, but a US farm-gate producer price, not a global spot commodity price."
1984-12-01,Whole Milk,100.0,PCU31153115,BLS PPI by Industry: Dairy Product Manufacturing (via FRED),https://fred.stlouisfed.org/series/PCU31153115,True,"WEAK PROXY: an industry-level US manufacturing cost index, not a raw milk farm-gate or global spot price. No free real alternative was found -- treat this signal with more skepticism than coffee/sugar."
1985-01-01,Whole Milk,99.9,PCU31153115,BLS PPI by Industry: Dairy Product Manufacturing (via FRED),https://fred.stlouisfed.org/series/PCU31153115,True,"WEAK PROXY: an industry-level US manufacturing cost index, not a raw milk farm-gate or global spot price. No free real alternative was found -- treat this signal with more skepticism than coffee/sugar."
1985-02-01,Whole Milk,99.5,PCU31153115,BLS PPI by Industry: Dairy Product Manufacturing (via FRED),https://fred.stlouisfed.org/series/PCU31153115,True,"WEAK PROXY: an industry-level US manufacturing cost index, not a raw milk farm-gate or global spot price. No free real alternative was found -- treat this signal with more skepticism than coffee/sugar."
1985-03-01,Whole Milk,99.3,PCU31153115,BLS PPI by Industry: Dairy Product Manufacturing (via FRED),https://fred.stlouisfed.org/series/PCU31153115,True,"WEAK PROXY: an industry-level US manufacturing cost index, not a raw milk farm-gate or global spot price. No free real alternative was found -- treat this signal with more skepticism than coffee/sugar."
1985-04-01,Whole Milk,98.7,PCU31153115,BLS PPI by Industry: Dairy Product Manufacturing (via FRED),https://fred.stlouisfed.org/series/PCU31153115,True,"WEAK PROXY: an industry-level US manufacturing cost index, not a raw milk farm-gate or global spot price. No free real alternative was found -- treat this signal with more skepticism than coffee/sugar."
1985-05-01,Whole Milk,98.2,PCU31153115,BLS PPI by Industry: Dairy Product Manufacturing (via FRED),https://fred.stlouisfed.org/series/PCU31153115,True,"WEAK PROXY: an industry-level US manufacturing cost index, not a raw milk farm-gate or global spot price. No free real alternative was found -- treat this signal with more skepticism than coffee/sugar."
1985-06-01,Whole Milk,97.9,PCU31153115,BLS PPI by Industry: Dairy Product Manufacturing (via FRED),https://fred.stlouisfed.org/series/PCU31153115,True,"WEAK PROXY: an industry-level US manufacturing cost index, not a raw milk farm-gate or global spot price. No free real alternative was found -- treat this signal with more skepticism than coffee/sugar."
1985-07-01,Whole Milk,97.4,PCU31153115,BLS PPI by Industry: Dairy Product Manufacturing (via FRED),https://fred.stlouisfed.org/series/PCU31153115,True,"WEAK PROXY: an industry-level US manufacturing cost index, not a raw milk farm-gate or global spot price. No free real alternative was found -- treat this signal with more skepticism than coffee/sugar."
1985-08-01,Whole Milk,97.1,PCU31153115,BLS PPI by Industry: Dairy Product Manufacturing (via FRED),https://fred.stlouisfed.org/series/PCU31153115,True,"WEAK PROXY: an industry-level US manufacturing cost index, not a raw milk farm-gate or global spot price. No free real alternative was found -- treat this signal with more skepticism than coffee/sugar."
1985-09-01,Whole Milk,96.9,PCU31153115,BLS PPI by Industry: Dairy Product Manufacturing (via FRED),https://fred.stlouisfed.org/series/PCU31153115,True,"WEAK PROXY: an industry-level US manufacturing cost index, not a raw milk farm-gate or global spot price. No free real alternative was found -- treat this signal with more skepticism than coffee/sugar."
1985-10-01,Whole Milk,96.9,PCU31153115,BLS PPI by Industry: Dairy Product Manufacturing (via FRED),https://fred.stlouisfed.org/series/PCU31153115,True,"WEAK PROXY: an industry-level US manufacturing cost index, not a raw milk farm-gate or global spot price. No free real alternative was found -- treat this signal with more skepticism than coffee/sugar."
1985-11-01,Whole Milk,96.8,PCU31153115,BLS PPI by Industry: Dairy Product Manufacturing (via FRED),https://fred.stlouisfed.org/series/PCU31153115,True,"WEAK PROXY: an industry-level US manufacturing cost index, not a raw milk farm-gate or global spot price. No free real alternative was found -- treat this signal with more skepticism than coffee/sugar."
1985-12-01,Whole Milk,96.8,PCU31153115,BLS PPI by Industry: Dairy Product Manufacturing (via FRED),https://fred.stlouisfed.org/series/PCU31153115,True,"WEAK PROXY: an industry-level US manufacturing cost index, not a raw milk farm-gate or global spot price. No free real alternative was found -- treat this signal with more skepticism than coffee/sugar."
1986-01-01,Whole Milk,96.7,PCU31153115,BLS PPI by Industry: Dairy Product Manufacturing (via FRED),https://fred.stlouisfed.org/series/PCU31153115,True,"WEAK PROXY: an industry-level US manufacturing cost index, not a raw milk farm-gate or global spot price. No free real alternative was found -- treat this signal with more skepticism than coffee/sugar."
1986-02-01,Whole Milk,96.8,PCU31153115,BLS PPI by Industry: Dairy Product Manufacturing (via FRED),https://fred.stlouisfed.org/series/PCU31153115,True,"WEAK PROXY: an industry-level US manufacturing cost index, not a raw milk farm-gate or global spot price. No free real alternative was found -- treat this signal with more skepticism than coffee/sugar."
1986-03-01,Whole Milk,96.7,PCU31153115,BLS PPI by Industry: Dairy Product Manufacturing (via FRED),https://fred.stlouisfed.org/series/PCU31153115,True,"WEAK PROXY: an industry-level US manufacturing cost index, not a raw milk farm-gate or global spot price. No free real alternative was found -- treat this signal with more skepticism than coffee/sugar."
1986-04-01,Whole Milk,96.5,PCU31153115,BLS PPI by Industry: Dairy Product Manufacturing (via FRED),https://fred.stlouisfed.org/series/PCU31153115,True,"WEAK PROXY: an industry-level US manufacturing cost index, not a raw milk farm-gate or global spot price. No free real alternative was found -- treat this signal with more skepticism than coffee/sugar."
1986-05-01,Whole Milk,96.8,PCU31153115,BLS PPI by Industry: Dairy Product Manufacturing (via FRED),https://fred.stlouisfed.org/series/PCU31153115,True,"WEAK PROXY: an industry-level US manufacturing cost index, not a raw milk farm-gate or global spot price. No free real alternative was found -- treat this signal with more skepticism than coffee/sugar."
1986-06-01,Whole Milk,96.7,PCU31153115,BLS PPI by Industry: Dairy Product Manufacturing (via FRED),https://fred.stlouisfed.org/series/PCU31153115,True,"WEAK PROXY: an industry-level US manufacturing cost index, not a raw milk farm-gate or global spot price. No free real alternative was found -- treat this signal with more skepticism than coffee/sugar."
1986-07-01,Whole Milk,97.0,PCU31153115,BLS PPI by Industry: Dairy Product Manufacturing (via FRED),https://fred.stlouisfed.org/series/PCU31153115,True,"WEAK PROXY: an industry-level US manufacturing cost index, not a raw milk farm-gate or global spot price. No free real alternative was found -- treat this signal with more skepticism than coffee/sugar."
1986-08-01,Whole Milk,97.6,PCU31153115,BLS PPI by Industry: Dairy Product Manufacturing (via FRED),https://fred.stlouisfed.org/series/PCU31153115,True,"WEAK PROXY: an industry-level US manufacturing cost index, not a raw milk farm-gate or global spot price. No free real alternative was found -- treat this signal with more skepticism than coffee/sugar."
1986-09-01,Whole Milk,98.0,PCU31153115,BLS PPI by Industry: Dairy Product Manufacturing (via FRED),https://fred.stlouisfed.org/series/PCU31153115,True,"WEAK PROXY: an industry-level US manufacturing cost index, not a raw milk farm-gate or global spot price. No free real alternative was found -- treat this signal with more skepticism than coffee/sugar."
1986-10-01,Whole Milk,98.6,PCU31153115,BLS PPI by Industry: Dairy Product Manufacturing (via FRED),https://fred.stlouisfed.org/series/PCU31153115,True,"WEAK PROXY: an industry-level US manufacturing cost index, not a raw milk farm-gate or global spot price. No free real alternative was found -- treat this signal with more skepticism than coffee/sugar."
1986-11-01,Whole Milk,99.2,PCU31153115,BLS PPI by Industry: Dairy Product Manufacturing (via FRED),https://fred.stlouisfed.org/series/PCU31153115,True,"WEAK PROXY: an industry-level US manufacturing cost index, not a raw milk farm-gate or global spot price. No free real alternative was found -- treat this signal with more skepticism than coffee/sugar."
1986-12-01,Whole Milk,99.5,PCU31153115,BLS PPI by Industry: Dairy Product Manufacturing (via FRED),https://fred.stlouisfed.org/series/PCU31153115,True,"WEAK PROXY: an industry-level US manufacturing cost index, not a raw milk farm-gate or global spot price. No free real alternative was found -- treat this signal with more skepticism than coffee/sugar."
1987-01-01,Whole Milk,99.5,PCU31153115,BLS PPI by Industry: Dairy Product Manufacturing (via FRED),https://fred.stlouisfed.org/series/PCU31153115,True,"WEAK PROXY: an industry-level US manufacturing cost index, not a raw milk farm-gate or global spot price. No free real alternative was found -- treat this signal with more skepticism than coffee/sugar."
1987-02-01,Whole Milk,99.2,PCU31153115,BLS PPI by Industry: Dairy Product Manufacturing (via FRED),https://fred.stlouisfed.org/series/PCU31153115,True,"WEAK PROXY: an industry-level US manufacturing cost index, not a raw milk farm-gate or global spot price. No free real alternative was found -- treat this signal with more skepticism than coffee/sugar."
1987-03-01,Whole Milk,99.1,PCU31153115,BLS PPI by Industry: Dairy Product Manufacturing (via FRED),https://fred.stlouisfed.org/series/PCU31153115,True,"WEAK PROXY: an industry-level US manufacturing cost index, not a raw milk farm-gate or global spot price. No free real alternative was found -- treat this signal with more skepticism than coffee/sugar."
1987-04-01,Whole Milk,99.1,PCU31153115,BLS PPI by Industry: Dairy Product Manufacturing (via FRED),https://fred.stlouisfed.org/series/PCU31153115,True,"WEAK PROXY: an industry-level US manufacturing cost index, not a raw milk farm-gate or global spot price. No free real alternative was found -- treat this signal with more skepticism than coffee/sugar."
1987-05-01,Whole Milk,98.7,PCU31153115,BLS PPI by Industry: Dairy Product Manufacturing (via FRED),https://fred.stlouisfed.org/series/PCU31153115,True,"WEAK PROXY: an industry-level US manufacturing cost index, not a raw milk farm-gate or global spot price. No free real alternative was found -- treat this signal with more skepticism than coffee/sugar."
1987-06-01,Whole Milk,99.1,PCU31153115,BLS PPI by Industry: Dairy Product Manufacturing (via FRED),https://fred.stlouisfed.org/series/PCU31153115,True,"WEAK PROXY: an industry-level US manufacturing cost index, not a raw milk farm-gate or global spot price. No free real alternative was found -- treat this signal with more skepticism than coffee/sugar."
1987-07-01,Whole Milk,99.2,PCU31153115,BLS PPI by Industry: Dairy Product Manufacturing (via FRED),https://fred.stlouisfed.org/series/PCU31153115,True,"WEAK PROXY: an industry-level US manufacturing cost index, not a raw milk farm-gate or global spot price. No free real alternative was found -- treat this signal with more skepticism than coffee/sugar."
1987-08-01,Whole Milk,99.7,PCU31153115,BLS PPI by Industry: Dairy Product Manufacturing (via FRED),https://fred.stlouisfed.org/series/PCU31153115,True,"WEAK PROXY: an industry-level US manufacturing cost index, not a raw milk farm-gate or global spot price. No free real alternative was found -- treat this signal with more skepticism than coffee/sugar."
1987-09-01,Whole Milk,100.2,PCU31153115,BLS PPI by Industry: Dairy Product Manufacturing (via FRED),https://fred.stlouisfed.org/series/PCU31153115,True,"WEAK PROXY: an industry-level US manufacturing cost index, not a raw milk farm-gate or global spot price. No free real alternative was found -- treat this signal with more skepticism than coffee/sugar."
1987-10-01,Whole Milk,99.8,PCU31153115,BLS PPI by Industry: Dairy Product Manufacturing (via FRED),https://fred.stlouisfed.org/series/PCU31153115,True,"WEAK PROXY: an industry-level US manufacturing cost index, not a raw milk farm-gate or global spot price. No free real alternative was found -- treat this signal with more skepticism than coffee/sugar."
1987-11-01,Whole Milk,100.2,PCU31153115,BLS PPI by Industry: Dairy Product Manufacturing (via FRED),https://fred.stlouisfed.org/series/PCU31153115,True,"WEAK PROXY: an industry-level US manufacturing cost index, not a raw milk farm-gate or global spot price. No free real alternative was found -- treat this signal with more skepticism than coffee/sugar."
1987-12-01,Whole Milk,99.4,PCU31153115,BLS PPI by Industry: Dairy Product Manufacturing (via FRED),https://fred.stlouisfed.org/series/PCU31153115,True,"WEAK PROXY: an industry-level US manufacturing cost index, not a raw milk farm-gate or global spot price. No free real alternative was found -- treat this signal with more skepticism than coffee/sugar."
1988-01-01,Whole Milk,98.7,PCU31153115,BLS PPI by Industry: Dairy Product Manufacturing (via FRED),https://fred.stlouisfed.org/series/PCU31153115,True,"WEAK PROXY: an industry-level US manufacturing cost index, not a raw milk farm-gate or global spot price. No free real alternative was found -- treat this signal with more skepticism than coffee/sugar."
1988-02-01,Whole Milk,98.5,PCU31153115,BLS PPI by Industry: Dairy Product Manufacturing (via FRED),https://fred.stlouisfed.org/series/PCU31153115,True,"WEAK PROXY: an industry-level US manufacturing cost index, not a raw milk farm-gate or global spot price. No free real alternative was found -- treat this signal with more skepticism than coffee/sugar."
1988-03-01,Whole Milk,98.1,PCU31153115,BLS PPI by Industry: Dairy Product Manufacturing (via FRED),https://fred.stlouisfed.org/series/PCU31153115,True,"WEAK PROXY: an industry-level US manufacturing cost index, not a raw milk farm-gate or global spot price. No free real alternative was found -- treat this signal with more skepticism than coffee/sugar."
1988-04-01,Whole Milk,97.9,PCU31153115,BLS PPI by Industry: Dairy Product Manufacturing (via FRED),https://fred.stlouisfed.org/series/PCU31153115,True,"WEAK PROXY: an industry-level US manufacturing cost index, not a raw milk farm-gate or global spot price. No free real alternative was found -- treat this signal with more skepticism than coffee/sugar."
1988-05-01,Whole Milk,98.1,PCU31153115,BLS PPI by Industry: Dairy Product Manufacturing (via FRED),https://fred.stlouisfed.org/series/PCU31153115,True,"WEAK PROXY: an industry-level US manufacturing cost index, not a raw milk farm-gate or global spot price. No free real alternative was found -- treat this signal with more skepticism than coffee/sugar."
1988-06-01,Whole Milk,98.6,PCU31153115,BLS PPI by Industry: Dairy Product Manufacturing (via FRED),https://fred.stlouisfed.org/series/PCU31153115,True,"WEAK PROXY: an industry-level US manufacturing cost index, not a raw milk farm-gate or global spot price. No free real alternative was found -- treat this signal with more skepticism than coffee/sugar."
1988-07-01,Whole Milk,99.1,PCU31153115,BLS PPI by Industry: Dairy Product Manufacturing (via FRED),https://fred.stlouisfed.org/series/PCU31153115,True,"WEAK PROXY: an industry-level US manufacturing cost index, not a raw milk farm-gate or global spot price. No free real alternative was found -- treat this signal with more skepticism than coffee/sugar."
1988-08-01,Whole Milk,100.0,PCU31153115,BLS PPI by Industry: Dairy Product Manufacturing (via FRED),https://fred.stlouisfed.org/series/PCU31153115,True,"WEAK PROXY: an industry-level US manufacturing cost index, not a raw milk farm-gate or global spot price. No free real alternative was found -- treat this signal with more skepticism than coffee/sugar."
1988-09-01,Whole Milk,101.3,PCU31153115,BLS PPI by Industry: Dairy Product Manufacturing (via FRED),https://fred.stlouisfed.org/series/PCU31153115,True,"WEAK PROXY: an industry-level US manufacturing cost index, not a raw milk farm-gate or global spot price. No free real alternative was found -- treat this signal with more skepticism than coffee/sugar."
1988-10-01,Whole Milk,102.6,PCU31153115,BLS PPI by Industry: Dairy Product Manufacturing (via FRED),https://fred.stlouisfed.org/series/PCU31153115,True,"WEAK PROXY: an industry-level US manufacturing cost index, not a raw milk farm-gate or global spot price. No free real alternative was found -- treat this signal with more skepticism than coffee/sugar."
1988-11-01,Whole Milk,103.5,PCU31153115,BLS PPI by Industry: Dairy Product Manufacturing (via FRED),https://fred.stlouisfed.org/series/PCU31153115,True,"WEAK PROXY: an industry-level US manufacturing cost index, not a raw milk farm-gate or global spot price. No free real alternative was found -- treat this signal with more skepticism than coffee/sugar."
1988-12-01,Whole Milk,104.2,PCU31153115,BLS PPI by Industry: Dairy Product Manufacturing (via FRED),https://fred.stlouisfed.org/series/PCU31153115,True,"WEAK PROXY: an industry-level US manufacturing cost index, not a raw milk farm-gate or global spot price. No free real alternative was found -- treat this signal with more skepticism than coffee/sugar."
1989-01-01,Whole Milk,105.1,PCU31153115,BLS PPI by Industry: Dairy Product Manufacturing (via FRED),https://fred.stlouisfed.org/series/PCU31153115,True,"WEAK PROXY: an industry-level US manufacturing cost index, not a raw milk farm-gate or global spot price. No free real alternative was found -- treat this signal with more skepticism than coffee/sugar."
1989-02-01,Whole Milk,104.8,PCU31153115,BLS PPI by Industry: Dairy Product Manufacturing (via FRED),https://fred.stlouisfed.org/series/PCU31153115,True,"WEAK PROXY: an industry-level US manufacturing cost index, not a raw milk farm-gate or global spot price. No free real alternative was found -- treat this signal with more skepticism than coffee/sugar."
1989-03-01,Whole Milk,104.5,PCU31153115,BLS PPI by Industry: Dairy Product Manufacturing (via FRED),https://fred.stlouisfed.org/series/PCU31153115,True,"WEAK PROXY: an industry-level US manufacturing cost index, not a raw milk farm-gate or global spot price. No free real alternative was found -- treat this signal with more skepticism than coffee/sugar."
1989-04-01,Whole Milk,104.1,PCU31153115,BLS PPI by Industry: Dairy Product Manufacturing (via FRED),https://fred.stlouisfed.org/series/PCU31153115,True,"WEAK PROXY: an industry-level US manufacturing cost index, not a raw milk farm-gate or global spot price. No free real alternative was found -- treat this signal with more skepticism than coffee/sugar."
1989-05-01,Whole Milk,104.1,PCU31153115,BLS PPI by Industry: Dairy Product Manufacturing (via FRED),https://fred.stlouisfed.org/series/PCU31153115,True,"WEAK PROXY: an industry-level US manufacturing cost index, not a raw milk farm-gate or global spot price. No free real alternative was found -- treat this signal with more skepticism than coffee/sugar."
1989-06-01,Whole Milk,104.7,PCU31153115,BLS PPI by Industry: Dairy Product Manufacturing (via FRED),https://fred.stlouisfed.org/series/PCU31153115,True,"WEAK PROXY: an industry-level US manufacturing cost index, not a raw milk farm-gate or global spot price. No free real alternative was found -- treat this signal with more skepticism than coffee/sugar."
1989-07-01,Whole Milk,105.7,PCU31153115,BLS PPI by Industry: Dairy Product Manufacturing (via FRED),https://fred.stlouisfed.org/series/PCU31153115,True,"WEAK PROXY: an industry-level US manufacturing cost index, not a raw milk farm-gate or global spot price. No free real alternative was found -- treat this signal with more skepticism than coffee/sugar."
1989-08-01,Whole Milk,107.9,PCU31153115,BLS PPI by Industry: Dairy Product Manufacturing (via FRED),https://fred.stlouisfed.org/series/PCU31153115,True,"WEAK PROXY: an industry-level US manufacturing cost index, not a raw milk farm-gate or global spot price. No free real alternative was found -- treat this signal with more skepticism than coffee/sugar."
1989-09-01,Whole Milk,110.0,PCU31153115,BLS PPI by Industry: Dairy Product Manufacturing (via FRED),https://fred.stlouisfed.org/series/PCU31153115,True,"WEAK PROXY: an industry-level US manufacturing cost index, not a raw milk farm-gate or global spot price. No free real alternative was found -- treat this signal with more skepticism than coffee/sugar."
1989-10-01,Whole Milk,112.6,PCU31153115,BLS PPI by Industry: Dairy Product Manufacturing (via FRED),https://fred.stlouisfed.org/series/PCU31153115,True,"WEAK PROXY: an industry-level US manufacturing cost index, not a raw milk farm-gate or global spot price. No free real alternative was found -- treat this signal with more skepticism than coffee/sugar."
1989-11-01,Whole Milk,115.8,PCU31153115,BLS PPI by Industry: Dairy Product Manufacturing (via FRED),https://fred.stlouisfed.org/series/PCU31153115,True,"WEAK PROXY: an industry-level US manufacturing cost index, not a raw milk farm-gate or global spot price. No free real alternative was found -- treat this signal with more skepticism than coffee/sugar."
1989-12-01,Whole Milk,117.1,PCU31153115,BLS PPI by Industry: Dairy Product Manufacturing (via FRED),https://fred.stlouisfed.org/series/PCU31153115,True,"WEAK PROXY: an industry-level US manufacturing cost index, not a raw milk farm-gate or global spot price. No free real alternative was found -- treat this signal with more skepticism than coffee/sugar."
1990-01-01,Whole Milk,116.5,PCU31153115,BLS PPI by Industry: Dairy Product Manufacturing (via FRED),https://fred.stlouisfed.org/series/PCU31153115,True,"WEAK PROXY: an industry-level US manufacturing cost index, not a raw milk farm-gate or global spot price. No free real alternative was found -- treat this signal with more skepticism than coffee/sugar."
1990-02-01,Whole Milk,113.7,PCU31153115,BLS PPI by Industry: Dairy Product Manufacturing (via FRED),https://fred.stlouisfed.org/series/PCU31153115,True,"WEAK PROXY: an industry-level US manufacturing cost index, not a raw milk farm-gate or global spot price. No free real alternative was found -- treat this signal with more skepticism than coffee/sugar."
1990-03-01,Whole Milk,112.7,PCU31153115,BLS PPI by Industry: Dairy Product Manufacturing (via FRED),https://fred.stlouisfed.org/series/PCU31153115,True,"WEAK PROXY: an industry-level US manufacturing cost index, not a raw milk farm-gate or global spot price. No free real alternative was found -- treat this signal with more skepticism than coffee/sugar."
1990-04-01,Whole Milk,111.7,PCU31153115,BLS PPI by Industry: Dairy Product Manufacturing (via FRED),https://fred.stlouisfed.org/series/PCU31153115,True,"WEAK PROXY: an industry-level US manufacturing cost index, not a raw milk farm-gate or global spot price. No free real alternative was found -- treat this signal with more skepticism than coffee/sugar."
1990-05-01,Whole Milk,112.6,PCU31153115,BLS PPI by Industry: Dairy Product Manufacturing (via FRED),https://fred.stlouisfed.org/series/PCU31153115,True,"WEAK PROXY: an industry-level US manufacturing cost index, not a raw milk farm-gate or global spot price. No free real alternative was found -- treat this signal with more skepticism than coffee/sugar."
1990-06-01,Whole Milk,113.7,PCU31153115,BLS PPI by Industry: Dairy Product Manufacturing (via FRED),https://fred.stlouisfed.org/series/PCU31153115,True,"WEAK PROXY: an industry-level US manufacturing cost index, not a raw milk farm-gate or global spot price. No free real alternative was found -- treat this signal with more skepticism than coffee/sugar."
1990-07-01,Whole Milk,115.1,PCU31153115,BLS PPI by Industry: Dairy Product Manufacturing (via FRED),https://fred.stlouisfed.org/series/PCU31153115,True,"WEAK PROXY: an industry-level US manufacturing cost index, not a raw milk farm-gate or global spot price. No free real alternative was found -- treat this signal with more skepticism than coffee/sugar."
1990-08-01,Whole Milk,115.6,PCU31153115,BLS PPI by Industry: Dairy Product Manufacturing (via FRED),https://fred.stlouisfed.org/series/PCU31153115,True,"WEAK PROXY: an industry-level US manufacturing cost index, not a raw milk farm-gate or global spot price. No free real alternative was found -- treat this signal with more skepticism than coffee/sugar."
1990-09-01,Whole Milk,115.4,PCU31153115,BLS PPI by Industry: Dairy Product Manufacturing (via FRED),https://fred.stlouisfed.org/series/PCU31153115,True,"WEAK PROXY: an industry-level US manufacturing cost index, not a raw milk farm-gate or global spot price. No free real alternative was found -- treat this signal with more skepticism than coffee/sugar."
1990-10-01,Whole Milk,114.3,PCU31153115,BLS PPI by Industry: Dairy Product Manufacturing (via FRED),https://fred.stlouisfed.org/series/PCU31153115,True,"WEAK PROXY: an industry-level US manufacturing cost index, not a raw milk farm-gate or global spot price. No free real alternative was found -- treat this signal with more skepticism than coffee/sugar."
1990-11-01,Whole Milk,111.4,PCU31153115,BLS PPI by Industry: Dairy Product Manufacturing (via FRED),https://fred.stlouisfed.org/series/PCU31153115,True,"WEAK PROXY: an industry-level US manufacturing cost index, not a raw milk farm-gate or global spot price. No free real alternative was found -- treat this signal with more skepticism than coffee/sugar."
1990-12-01,Whole Milk,109.7,PCU31153115,BLS PPI by Industry: Dairy Product Manufacturing (via FRED),https://fred.stlouisfed.org/series/PCU31153115,True,"WEAK PROXY: an industry-level US manufacturing cost index, not a raw milk farm-gate or global spot price. No free real alternative was found -- treat this signal with more skepticism than coffee/sugar."
1991-01-01,Whole Milk,109.3,PCU31153115,BLS PPI by Industry: Dairy Product Manufacturing (via FRED),https://fred.stlouisfed.org/series/PCU31153115,True,"WEAK PROXY: an industry-level US manufacturing cost index, not a raw milk farm-gate or global spot price. No free real alternative was found -- treat this signal with more skepticism than coffee/sugar."
1991-02-01,Whole Milk,109.0,PCU31153115,BLS PPI by Industry: Dairy Product Manufacturing (via FRED),https://fred.stlouisfed.org/series/PCU31153115,True,"WEAK PROXY: an industry-level US manufacturing cost index, not a raw milk farm-gate or global spot price. No free real alternative was found -- treat this signal with more skepticism than coffee/sugar."
1991-03-01,Whole Milk,108.9,PCU31153115,BLS PPI by Industry: Dairy Product Manufacturing (via FRED),https://fred.stlouisfed.org/series/PCU31153115,True,"WEAK PROXY: an industry-level US manufacturing cost index, not a raw milk farm-gate or global spot price. No free real alternative was found -- treat this signal with more skepticism than coffee/sugar."
1991-04-01,Whole Milk,108.5,PCU31153115,BLS PPI by Industry: Dairy Product Manufacturing (via FRED),https://fred.stlouisfed.org/series/PCU31153115,True,"WEAK PROXY: an industry-level US manufacturing cost index, not a raw milk farm-gate or global spot price. No free real alternative was found -- treat this signal with more skepticism than coffee/sugar."
1991-05-01,Whole Milk,108.4,PCU31153115,BLS PPI by Industry: Dairy Product Manufacturing (via FRED),https://fred.stlouisfed.org/series/PCU31153115,True,"WEAK PROXY: an industry-level US manufacturing cost index, not a raw milk farm-gate or global spot price. No free real alternative was found -- treat this signal with more skepticism than coffee/sugar."
1991-06-01,Whole Milk,108.9,PCU31153115,BLS PPI by Industry: Dairy Product Manufacturing (via FRED),https://fred.stlouisfed.org/series/PCU31153115,True,"WEAK PROXY: an industry-level US manufacturing cost index, not a raw milk farm-gate or global spot price. No free real alternative was found -- treat this signal with more skepticism than coffee/sugar."
1991-07-01,Whole Milk,110.1,PCU31153115,BLS PPI by Industry: Dairy Product Manufacturing (via FRED),https://fred.stlouisfed.org/series/PCU31153115,True,"WEAK PROXY: an industry-level US manufacturing cost index, not a raw milk farm-gate or global spot price. No free real alternative was found -- treat this signal with more skepticism than coffee/sugar."
1991-08-01,Whole Milk,111.3,PCU31153115,BLS PPI by Industry: Dairy Product Manufacturing (via FRED),https://fred.stlouisfed.org/series/PCU31153115,True,"WEAK PROXY: an industry-level US manufacturing cost index, not a raw milk farm-gate or global spot price. No free real alternative was found -- treat this signal with more skepticism than coffee/sugar."
1991-09-01,Whole Milk,112.2,PCU31153115,BLS PPI by Industry: Dairy Product Manufacturing (via FRED),https://fred.stlouisfed.org/series/PCU31153115,True,"WEAK PROXY: an industry-level US manufacturing cost index, not a raw milk farm-gate or global spot price. No free real alternative was found -- treat this signal with more skepticism than coffee/sugar."
1991-10-01,Whole Milk,114.5,PCU31153115,BLS PPI by Industry: Dairy Product Manufacturing (via FRED),https://fred.stlouisfed.org/series/PCU31153115,True,"WEAK PROXY: an industry-level US manufacturing cost index, not a raw milk farm-gate or global spot price. No free real alternative was found -- treat this signal with more skepticism than coffee/sugar."
1991-11-01,Whole Milk,115.3,PCU31153115,BLS PPI by Industry: Dairy Product Manufacturing (via FRED),https://fred.stlouisfed.org/series/PCU31153115,True,"WEAK PROXY: an industry-level US manufacturing cost index, not a raw milk farm-gate or global spot price. No free real alternative was found -- treat this signal with more skepticism than coffee/sugar."
1991-12-01,Whole Milk,115.8,PCU31153115,BLS PPI by Industry: Dairy Product Manufacturing (via FRED),https://fred.stlouisfed.org/series/PCU31153115,True,"WEAK PROXY: an industry-level US manufacturing cost index, not a raw milk farm-gate or global spot price. No free real alternative was found -- treat this signal with more skepticism than coffee/sugar."
1992-01-01,Whole Milk,114.2,PCU31153115,BLS PPI by Industry: Dairy Product Manufacturing (via FRED),https://fred.stlouisfed.org/series/PCU31153115,True,"WEAK PROXY: an industry-level US manufacturing cost index, not a raw milk farm-gate or global spot price. No free real alternative was found -- treat this signal with more skepticism than coffee/sugar."
1992-02-01,Whole Milk,112.4,PCU31153115,BLS PPI by Industry: Dairy Product Manufacturing (via FRED),https://fred.stlouisfed.org/series/PCU31153115,True,"WEAK PROXY: an industry-level US manufacturing cost index, not a raw milk farm-gate or global spot price. No free real alternative was found -- treat this signal with more skepticism than coffee/sugar."
1992-03-01,Whole Milk,111.4,PCU31153115,BLS PPI by Industry: Dairy Product Manufacturing (via FRED),https://fred.stlouisfed.org/series/PCU31153115,True,"WEAK PROXY: an industry-level US manufacturing cost index, not a raw milk farm-gate or global spot price. No free real alternative was found -- treat this signal with more skepticism than coffee/sugar."
1992-04-01,Whole Milk,111.5,PCU31153115,BLS PPI by Industry: Dairy Product Manufacturing (via FRED),https://fred.stlouisfed.org/series/PCU31153115,True,"WEAK PROXY: an industry-level US manufacturing cost index, not a raw milk farm-gate or global spot price. No free real alternative was found -- treat this signal with more skepticism than coffee/sugar."
1992-05-01,Whole Milk,112.9,PCU31153115,BLS PPI by Industry: Dairy Product Manufacturing (via FRED),https://fred.stlouisfed.org/series/PCU31153115,True,"WEAK PROXY: an industry-level US manufacturing cost index, not a raw milk farm-gate or global spot price. No free real alternative was found -- treat this signal with more skepticism than coffee/sugar."
1992-06-01,Whole Milk,114.3,PCU31153115,BLS PPI by Industry: Dairy Product Manufacturing (via FRED),https://fred.stlouisfed.org/series/PCU31153115,True,"WEAK PROXY: an industry-level US manufacturing cost index, not a raw milk farm-gate or global spot price. No free real alternative was found -- treat this signal with more skepticism than coffee/sugar."
1992-07-01,Whole Milk,114.7,PCU31153115,BLS PPI by Industry: Dairy Product Manufacturing (via FRED),https://fred.stlouisfed.org/series/PCU31153115,True,"WEAK PROXY: an industry-level US manufacturing cost index, not a raw milk farm-gate or global spot price. No free real alternative was found -- treat this signal with more skepticism than coffee/sugar."
1992-08-01,Whole Milk,115.3,PCU31153115,BLS PPI by Industry: Dairy Product Manufacturing (via FRED),https://fred.stlouisfed.org/series/PCU31153115,True,"WEAK PROXY: an industry-level US manufacturing cost index, not a raw milk farm-gate or global spot price. No free real alternative was found -- treat this signal with more skepticism than coffee/sugar."
1992-09-01,Whole Milk,115.5,PCU31153115,BLS PPI by Industry: Dairy Product Manufacturing (via FRED),https://fred.stlouisfed.org/series/PCU31153115,True,"WEAK PROXY: an industry-level US manufacturing cost index, not a raw milk farm-gate or global spot price. No free real alternative was found -- treat this signal with more skepticism than coffee/sugar."
1992-10-01,Whole Milk,115.1,PCU31153115,BLS PPI by Industry: Dairy Product Manufacturing (via FRED),https://fred.stlouisfed.org/series/PCU31153115,True,"WEAK PROXY: an industry-level US manufacturing cost index, not a raw milk farm-gate or global spot price. No free real alternative was found -- treat this signal with more skepticism than coffee/sugar."
1992-11-01,Whole Milk,114.4,PCU31153115,BLS PPI by Industry: Dairy Product Manufacturing (via FRED),https://fred.stlouisfed.org/series/PCU31153115,True,"WEAK PROXY: an industry-level US manufacturing cost index, not a raw milk farm-gate or global spot price. No free real alternative was found -- treat this signal with more skepticism than coffee/sugar."
1992-12-01,Whole Milk,113.3,PCU31153115,BLS PPI by Industry: Dairy Product Manufacturing (via FRED),https://fred.stlouisfed.org/series/PCU31153115,True,"WEAK PROXY: an industry-level US manufacturing cost index, not a raw milk farm-gate or global spot price. No free real alternative was found -- treat this signal with more skepticism than coffee/sugar."
1993-01-01,Whole Milk,112.6,PCU31153115,BLS PPI by Industry: Dairy Product Manufacturing (via FRED),https://fred.stlouisfed.org/series/PCU31153115,True,"WEAK PROXY: an industry-level US manufacturing cost index, not a raw milk farm-gate or global spot price. No free real alternative was found -- treat this signal with more skepticism than coffee/sugar."
1993-02-01,Whole Milk,111.9,PCU31153115,BLS PPI by Industry: Dairy Product Manufacturing (via FRED),https://fred.stlouisfed.org/series/PCU31153115,True,"WEAK PROXY: an industry-level US manufacturing cost index, not a raw milk farm-gate or global spot price. No free real alternative was found -- treat this signal with more skepticism than coffee/sugar."
1993-03-01,Whole Milk,111.4,PCU31153115,BLS PPI by Industry: Dairy Product Manufacturing (via FRED),https://fred.stlouisfed.org/series/PCU31153115,True,"WEAK PROXY: an industry-level US manufacturing cost index, not a raw milk farm-gate or global spot price. No free real alternative was found -- treat this signal with more skepticism than coffee/sugar."
1993-04-01,Whole Milk,112.8,PCU31153115,BLS PPI by Industry: Dairy Product Manufacturing (via FRED),https://fred.stlouisfed.org/series/PCU31153115,True,"WEAK PROXY: an industry-level US manufacturing cost index, not a raw milk farm-gate or global spot price. No free real alternative was found -- treat this signal with more skepticism than coffee/sugar."
1993-05-01,Whole Milk,114.1,PCU31153115,BLS PPI by Industry: Dairy Product Manufacturing (via FRED),https://fred.stlouisfed.org/series/PCU31153115,True,"WEAK PROXY: an industry-level US manufacturing cost index, not a raw milk farm-gate or global spot price. No free real alternative was found -- treat this signal with more skepticism than coffee/sugar."
1993-06-01,Whole Milk,115.4,PCU31153115,BLS PPI by Industry: Dairy Product Manufacturing (via FRED),https://fred.stlouisfed.org/series/PCU31153115,True,"WEAK PROXY: an industry-level US manufacturing cost index, not a raw milk farm-gate or global spot price. No free real alternative was found -- treat this signal with more skepticism than coffee/sugar."
1993-07-01,Whole Milk,115.1,PCU31153115,BLS PPI by Industry: Dairy Product Manufacturing (via FRED),https://fred.stlouisfed.org/series/PCU31153115,True,"WEAK PROXY: an industry-level US manufacturing cost index, not a raw milk farm-gate or global spot price. No free real alternative was found -- treat this signal with more skepticism than coffee/sugar."
1993-08-01,Whole Milk,114.1,PCU31153115,BLS PPI by Industry: Dairy Product Manufacturing (via FRED),https://fred.stlouisfed.org/series/PCU31153115,True,"WEAK PROXY: an industry-level US manufacturing cost index, not a raw milk farm-gate or global spot price. No free real alternative was found -- treat this signal with more skepticism than coffee/sugar."
1993-09-01,Whole Milk,114.1,PCU31153115,BLS PPI by Industry: Dairy Product Manufacturing (via FRED),https://fred.stlouisfed.org/series/PCU31153115,True,"WEAK PROXY: an industry-level US manufacturing cost index, not a raw milk farm-gate or global spot price. No free real alternative was found -- treat this signal with more skepticism than coffee/sugar."
1993-10-01,Whole Milk,115.0,PCU31153115,BLS PPI by Industry: Dairy Product Manufacturing (via FRED),https://fred.stlouisfed.org/series/PCU31153115,True,"WEAK PROXY: an industry-level US manufacturing cost index, not a raw milk farm-gate or global spot price. No free real alternative was found -- treat this signal with more skepticism than coffee/sugar."
1993-11-01,Whole Milk,116.0,PCU31153115,BLS PPI by Industry: Dairy Product Manufacturing (via FRED),https://fred.stlouisfed.org/series/PCU31153115,True,"WEAK PROXY: an industry-level US manufacturing cost index, not a raw milk farm-gate or global spot price. No free real alternative was found -- treat this signal with more skepticism than coffee/sugar."
1993-12-01,Whole Milk,116.7,PCU31153115,BLS PPI by Industry: Dairy Product Manufacturing (via FRED),https://fred.stlouisfed.org/series/PCU31153115,True,"WEAK PROXY: an industry-level US manufacturing cost index, not a raw milk farm-gate or global spot price. No free real alternative was found -- treat this signal with more skepticism than coffee/sugar."
1994-01-01,Whole Milk,116.2,PCU31153115,BLS PPI by Industry: Dairy Product Manufacturing (via FRED),https://fred.stlouisfed.org/series/PCU31153115,True,"WEAK PROXY: an industry-level US manufacturing cost index, not a raw milk farm-gate or global spot price. No free real alternative was found -- treat this signal with more skepticism than coffee/sugar."
1994-02-01,Whole Milk,115.9,PCU31153115,BLS PPI by Industry: Dairy Product Manufacturing (via FRED),https://fred.stlouisfed.org/series/PCU31153115,True,"WEAK PROXY: an industry-level US manufacturing cost index, not a raw milk farm-gate or global spot price. No free real alternative was found -- treat this signal with more skepticism than coffee/sugar."
1994-03-01,Whole Milk,116.5,PCU31153115,BLS PPI by Industry: Dairy Product Manufacturing (via FRED),https://fred.stlouisfed.org/series/PCU31153115,True,"WEAK PROXY: an industry-level US manufacturing cost index, not a raw milk farm-gate or global spot price. No free real alternative was found -- treat this signal with more skepticism than coffee/sugar."
1994-04-01,Whole Milk,117.2,PCU31153115,BLS PPI by Industry: Dairy Product Manufacturing (via FRED),https://fred.stlouisfed.org/series/PCU31153115,True,"WEAK PROXY: an industry-level US manufacturing cost index, not a raw milk farm-gate or global spot price. No free real alternative was found -- treat this signal with more skepticism than coffee/sugar."
1994-05-01,Whole Milk,117.1,PCU31153115,BLS PPI by Industry: Dairy Product Manufacturing (via FRED),https://fred.stlouisfed.org/series/PCU31153115,True,"WEAK PROXY: an industry-level US manufacturing cost index, not a raw milk farm-gate or global spot price. No free real alternative was found -- treat this signal with more skepticism than coffee/sugar."
1994-06-01,Whole Milk,115.2,PCU31153115,BLS PPI by Industry: Dairy Product Manufacturing (via FRED),https://fred.stlouisfed.org/series/PCU31153115,True,"WEAK PROXY: an industry-level US manufacturing cost index, not a raw milk farm-gate or global spot price. No free real alternative was found -- treat this signal with more skepticism than coffee/sugar."
1994-07-01,Whole Milk,113.6,PCU31153115,BLS PPI by Industry: Dairy Product Manufacturing (via FRED),https://fred.stlouisfed.org/series/PCU31153115,True,"WEAK PROXY: an industry-level US manufacturing cost index, not a raw milk farm-gate or global spot price. No free real alternative was found -- treat this signal with more skepticism than coffee/sugar."
1994-08-01,Whole Milk,114.3,PCU31153115,BLS PPI by Industry: Dairy Product Manufacturing (via FRED),https://fred.stlouisfed.org/series/PCU31153115,True,"WEAK PROXY: an industry-level US manufacturing cost index, not a raw milk farm-gate or global spot price. No free real alternative was found -- treat this signal with more skepticism than coffee/sugar."
1994-09-01,Whole Milk,114.9,PCU31153115,BLS PPI by Industry: Dairy Product Manufacturing (via FRED),https://fred.stlouisfed.org/series/PCU31153115,True,"WEAK PROXY: an industry-level US manufacturing cost index, not a raw milk farm-gate or global spot price. No free real alternative was found -- treat this signal with more skepticism than coffee/sugar."
1994-10-01,Whole Milk,115.2,PCU31153115,BLS PPI by Industry: Dairy Product Manufacturing (via FRED),https://fred.stlouisfed.org/series/PCU31153115,True,"WEAK PROXY: an industry-level US manufacturing cost index, not a raw milk farm-gate or global spot price. No free real alternative was found -- treat this signal with more skepticism than coffee/sugar."
1994-11-01,Whole Milk,115.5,PCU31153115,BLS PPI by Industry: Dairy Product Manufacturing (via FRED),https://fred.stlouisfed.org/series/PCU31153115,True,"WEAK PROXY: an industry-level US manufacturing cost index, not a raw milk farm-gate or global spot price. No free real alternative was found -- treat this signal with more skepticism than coffee/sugar."
1994-12-01,Whole Milk,115.2,PCU31153115,BLS PPI by Industry: Dairy Product Manufacturing (via FRED),https://fred.stlouisfed.org/series/PCU31153115,True,"WEAK PROXY: an industry-level US manufacturing cost index, not a raw milk farm-gate or global spot price. No free real alternative was found -- treat this signal with more skepticism than coffee/sugar."
1995-01-01,Whole Milk,113.7,PCU31153115,BLS PPI by Industry: Dairy Product Manufacturing (via FRED),https://fred.stlouisfed.org/series/PCU31153115,True,"WEAK PROXY: an industry-level US manufacturing cost index, not a raw milk farm-gate or global spot price. No free real alternative was found -- treat this signal with more skepticism than coffee/sugar."
1995-02-01,Whole Milk,114.0,PCU31153115,BLS PPI by Industry: Dairy Product Manufacturing (via FRED),https://fred.stlouisfed.org/series/PCU31153115,True,"WEAK PROXY: an industry-level US manufacturing cost index, not a raw milk farm-gate or global spot price. No free real alternative was found -- treat this signal with more skepticism than coffee/sugar."
1995-03-01,Whole Milk,114.6,PCU31153115,BLS PPI by Industry: Dairy Product Manufacturing (via FRED),https://fred.stlouisfed.org/series/PCU31153115,True,"WEAK PROXY: an industry-level US manufacturing cost index, not a raw milk farm-gate or global spot price. No free real alternative was found -- treat this signal with more skepticism than coffee/sugar."
1995-04-01,Whole Milk,114.6,PCU31153115,BLS PPI by Industry: Dairy Product Manufacturing (via FRED),https://fred.stlouisfed.org/series/PCU31153115,True,"WEAK PROXY: an industry-level US manufacturing cost index, not a raw milk farm-gate or global spot price. No free real alternative was found -- treat this signal with more skepticism than coffee/sugar."
1995-05-01,Whole Milk,114.2,PCU31153115,BLS PPI by Industry: Dairy Product Manufacturing (via FRED),https://fred.stlouisfed.org/series/PCU31153115,True,"WEAK PROXY: an industry-level US manufacturing cost index, not a raw milk farm-gate or global spot price. No free real alternative was found -- treat this signal with more skepticism than coffee/sugar."
1995-06-01,Whole Milk,113.7,PCU31153115,BLS PPI by Industry: Dairy Product Manufacturing (via FRED),https://fred.stlouisfed.org/series/PCU31153115,True,"WEAK PROXY: an industry-level US manufacturing cost index, not a raw milk farm-gate or global spot price. No free real alternative was found -- treat this signal with more skepticism than coffee/sugar."
1995-07-01,Whole Milk,114.2,PCU31153115,BLS PPI by Industry: Dairy Product Manufacturing (via FRED),https://fred.stlouisfed.org/series/PCU31153115,True,"WEAK PROXY: an industry-level US manufacturing cost index, not a raw milk farm-gate or global spot price. No free real alternative was found -- treat this signal with more skepticism than coffee/sugar."
1995-08-01,Whole Milk,115.1,PCU31153115,BLS PPI by Industry: Dairy Product Manufacturing (via FRED),https://fred.stlouisfed.org/series/PCU31153115,True,"WEAK PROXY: an industry-level US manufacturing cost index, not a raw milk farm-gate or global spot price. No free real alternative was found -- treat this signal with more skepticism than coffee/sugar."
1995-09-01,Whole Milk,116.4,PCU31153115,BLS PPI by Industry: Dairy Product Manufacturing (via FRED),https://fred.stlouisfed.org/series/PCU31153115,True,"WEAK PROXY: an industry-level US manufacturing cost index, not a raw milk farm-gate or global spot price. No free real alternative was found -- treat this signal with more skepticism than coffee/sugar."
1995-10-01,Whole Milk,118.1,PCU31153115,BLS PPI by Industry: Dairy Product Manufacturing (via FRED),https://fred.stlouisfed.org/series/PCU31153115,True,"WEAK PROXY: an industry-level US manufacturing cost index, not a raw milk farm-gate or global spot price. No free real alternative was found -- treat this signal with more skepticism than coffee/sugar."
1995-11-01,Whole Milk,120.3,PCU31153115,BLS PPI by Industry: Dairy Product Manufacturing (via FRED),https://fred.stlouisfed.org/series/PCU31153115,True,"WEAK PROXY: an industry-level US manufacturing cost index, not a raw milk farm-gate or global spot price. No free real alternative was found -- treat this signal with more skepticism than coffee/sugar."
1995-12-01,Whole Milk,120.1,PCU31153115,BLS PPI by Industry: Dairy Product Manufacturing (via FRED),https://fred.stlouisfed.org/series/PCU31153115,True,"WEAK PROXY: an industry-level US manufacturing cost index, not a raw milk farm-gate or global spot price. No free real alternative was found -- treat this signal with more skepticism than coffee/sugar."
1996-01-01,Whole Milk,119.5,PCU31153115,BLS PPI by Industry: Dairy Product Manufacturing (via FRED),https://fred.stlouisfed.org/series/PCU31153115,True,"WEAK PROXY: an industry-level US manufacturing cost index, not a raw milk farm-gate or global spot price. No free real alternative was found -- treat this signal with more skepticism than coffee/sugar."
1996-02-01,Whole Milk,119.0,PCU31153115,BLS PPI by Industry: Dairy Product Manufacturing (via FRED),https://fred.stlouisfed.org/series/PCU31153115,True,"WEAK PROXY: an industry-level US manufacturing cost index, not a raw milk farm-gate or global spot price. No free real alternative was found -- treat this signal with more skepticism than coffee/sugar."
1996-03-01,Whole Milk,118.8,PCU31153115,BLS PPI by Industry: Dairy Product Manufacturing (via FRED),https://fred.stlouisfed.org/series/PCU31153115,True,"WEAK PROXY: an industry-level US manufacturing cost index, not a raw milk farm-gate or global spot price. No free real alternative was found -- treat this signal with more skepticism than coffee/sugar."
1996-04-01,Whole Milk,118.8,PCU31153115,BLS PPI by Industry: Dairy Product Manufacturing (via FRED),https://fred.stlouisfed.org/series/PCU31153115,True,"WEAK PROXY: an industry-level US manufacturing cost index, not a raw milk farm-gate or global spot price. No free real alternative was found -- treat this signal with more skepticism than coffee/sugar."
1996-05-01,Whole Milk,121.4,PCU31153115,BLS PPI by Industry: Dairy Product Manufacturing (via FRED),https://fred.stlouisfed.org/series/PCU31153115,True,"WEAK PROXY: an industry-level US manufacturing cost index, not a raw milk farm-gate or global spot price. No free real alternative was found -- treat this signal with more skepticism than coffee/sugar."
1996-06-01,Whole Milk,125.7,PCU31153115,BLS PPI by Industry: Dairy Product Manufacturing (via FRED),https://fred.stlouisfed.org/series/PCU31153115,True,"WEAK PROXY: an industry-level US manufacturing cost index, not a raw milk farm-gate or global spot price. No free real alternative was found -- treat this signal with more skepticism than coffee/sugar."
1996-07-01,Whole Milk,128.3,PCU31153115,BLS PPI by Industry: Dairy Product Manufacturing (via FRED),https://fred.stlouisfed.org/series/PCU31153115,True,"WEAK PROXY: an industry-level US manufacturing cost index, not a raw milk farm-gate or global spot price. No free real alternative was found -- treat this signal with more skepticism than coffee/sugar."
1996-08-01,Whole Milk,131.0,PCU31153115,BLS PPI by Industry: Dairy Product Manufacturing (via FRED),https://fred.stlouisfed.org/series/PCU31153115,True,"WEAK PROXY: an industry-level US manufacturing cost index, not a raw milk farm-gate or global spot price. No free real alternative was found -- treat this signal with more skepticism than coffee/sugar."
1996-09-01,Whole Milk,133.3,PCU31153115,BLS PPI by Industry: Dairy Product Manufacturing (via FRED),https://fred.stlouisfed.org/series/PCU31153115,True,"WEAK PROXY: an industry-level US manufacturing cost index, not a raw milk farm-gate or global spot price. No free real alternative was found -- treat this signal with more skepticism than coffee/sugar."
1996-10-01,Whole Milk,133.9,PCU31153115,BLS PPI by Industry: Dairy Product Manufacturing (via FRED),https://fred.stlouisfed.org/series/PCU31153115,True,"WEAK PROXY: an industry-level US manufacturing cost index, not a raw milk farm-gate or global spot price. No free real alternative was found -- treat this signal with more skepticism than coffee/sugar."
1996-11-01,Whole Milk,127.0,PCU31153115,BLS PPI by Industry: Dairy Product Manufacturing (via FRED),https://fred.stlouisfed.org/series/PCU31153115,True,"WEAK PROXY: an industry-level US manufacturing cost index, not a raw milk farm-gate or global spot price. No free real alternative was found -- treat this signal with more skepticism than coffee/sugar."
1996-12-01,Whole Milk,123.7,PCU31153115,BLS PPI by Industry: Dairy Product Manufacturing (via FRED),https://fred.stlouisfed.org/series/PCU31153115,True,"WEAK PROXY: an industry-level US manufacturing cost index, not a raw milk farm-gate or global spot price. No free real alternative was found -- treat this signal with more skepticism than coffee/sugar."
1997-01-01,Whole Milk,122.3,PCU31153115,BLS PPI by Industry: Dairy Product Manufacturing (via FRED),https://fred.stlouisfed.org/series/PCU31153115,True,"WEAK PROXY: an industry-level US manufacturing cost index, not a raw milk farm-gate or global spot price. No free real alternative was found -- treat this signal with more skepticism than coffee/sugar."
1997-02-01,Whole Milk,123.1,PCU31153115,BLS PPI by Industry: Dairy Product Manufacturing (via FRED),https://fred.stlouisfed.org/series/PCU31153115,True,"WEAK PROXY: an industry-level US manufacturing cost index, not a raw milk farm-gate or global spot price. No free real alternative was found -- treat this signal with more skepticism than coffee/sugar."
1997-03-01,Whole Milk,124.0,PCU31153115,BLS PPI by Industry: Dairy Product Manufacturing (via FRED),https://fred.stlouisfed.org/series/PCU31153115,True,"WEAK PROXY: an industry-level US manufacturing cost index, not a raw milk farm-gate or global spot price. No free real alternative was found -- treat this signal with more skepticism than coffee/sugar."
1997-04-01,Whole Milk,123.5,PCU31153115,BLS PPI by Industry: Dairy Product Manufacturing (via FRED),https://fred.stlouisfed.org/series/PCU31153115,True,"WEAK PROXY: an industry-level US manufacturing cost index, not a raw milk farm-gate or global spot price. No free real alternative was found -- treat this signal with more skepticism than coffee/sugar."
1997-05-01,Whole Milk,121.9,PCU31153115,BLS PPI by Industry: Dairy Product Manufacturing (via FRED),https://fred.stlouisfed.org/series/PCU31153115,True,"WEAK PROXY: an industry-level US manufacturing cost index, not a raw milk farm-gate or global spot price. No free real alternative was found -- treat this signal with more skepticism than coffee/sugar."
1997-06-01,Whole Milk,121.5,PCU31153115,BLS PPI by Industry: Dairy Product Manufacturing (via FRED),https://fred.stlouisfed.org/series/PCU31153115,True,"WEAK PROXY: an industry-level US manufacturing cost index, not a raw milk farm-gate or global spot price. No free real alternative was found -- treat this signal with more skepticism than coffee/sugar."
1997-07-01,Whole Milk,121.1,PCU31153115,BLS PPI by Industry: Dairy Product Manufacturing (via FRED),https://fred.stlouisfed.org/series/PCU31153115,True,"WEAK PROXY: an industry-level US manufacturing cost index, not a raw milk farm-gate or global spot price. No free real alternative was found -- treat this signal with more skepticism than coffee/sugar."
1997-08-01,Whole Milk,122.3,PCU31153115,BLS PPI by Industry: Dairy Product Manufacturing (via FRED),https://fred.stlouisfed.org/series/PCU31153115,True,"WEAK PROXY: an industry-level US manufacturing cost index, not a raw milk farm-gate or global spot price. No free real alternative was found -- treat this signal with more skepticism than coffee/sugar."
1997-09-01,Whole Milk,123.2,PCU31153115,BLS PPI by Industry: Dairy Product Manufacturing (via FRED),https://fred.stlouisfed.org/series/PCU31153115,True,"WEAK PROXY: an industry-level US manufacturing cost index, not a raw milk farm-gate or global spot price. No free real alternative was found -- treat this signal with more skepticism than coffee/sugar."
1997-10-01,Whole Milk,126.3,PCU31153115,BLS PPI by Industry: Dairy Product Manufacturing (via FRED),https://fred.stlouisfed.org/series/PCU31153115,True,"WEAK PROXY: an industry-level US manufacturing cost index, not a raw milk farm-gate or global spot price. No free real alternative was found -- treat this signal with more skepticism than coffee/sugar."
1997-11-01,Whole Milk,129.1,PCU31153115,BLS PPI by Industry: Dairy Product Manufacturing (via FRED),https://fred.stlouisfed.org/series/PCU31153115,True,"WEAK PROXY: an industry-level US manufacturing cost index, not a raw milk farm-gate or global spot price. No free real alternative was found -- treat this signal with more skepticism than coffee/sugar."
1997-12-01,Whole Milk,129.1,PCU31153115,BLS PPI by Industry: Dairy Product Manufacturing (via FRED),https://fred.stlouisfed.org/series/PCU31153115,True,"WEAK PROXY: an industry-level US manufacturing cost index, not a raw milk farm-gate or global spot price. No free real alternative was found -- treat this signal with more skepticism than coffee/sugar."
1998-01-01,Whole Milk,126.2,PCU31153115,BLS PPI by Industry: Dairy Product Manufacturing (via FRED),https://fred.stlouisfed.org/series/PCU31153115,True,"WEAK PROXY: an industry-level US manufacturing cost index, not a raw milk farm-gate or global spot price. No free real alternative was found -- treat this signal with more skepticism than coffee/sugar."
1998-02-01,Whole Milk,128.4,PCU31153115,BLS PPI by Industry: Dairy Product Manufacturing (via FRED),https://fred.stlouisfed.org/series/PCU31153115,True,"WEAK PROXY: an industry-level US manufacturing cost index, not a raw milk farm-gate or global spot price. No free real alternative was found -- treat this signal with more skepticism than coffee/sugar."
1998-03-01,Whole Milk,127.9,PCU31153115,BLS PPI by Industry: Dairy Product Manufacturing (via FRED),https://fred.stlouisfed.org/series/PCU31153115,True,"WEAK PROXY: an industry-level US manufacturing cost index, not a raw milk farm-gate or global spot price. No free real alternative was found -- treat this signal with more skepticism than coffee/sugar."
1998-04-01,Whole Milk,127.1,PCU31153115,BLS PPI by Industry: Dairy Product Manufacturing (via FRED),https://fred.stlouisfed.org/series/PCU31153115,True,"WEAK PROXY: an industry-level US manufacturing cost index, not a raw milk farm-gate or global spot price. No free real alternative was found -- treat this signal with more skepticism than coffee/sugar."
1998-05-01,Whole Milk,126.6,PCU31153115,BLS PPI by Industry: Dairy Product Manufacturing (via FRED),https://fred.stlouisfed.org/series/PCU31153115,True,"WEAK PROXY: an industry-level US manufacturing cost index, not a raw milk farm-gate or global spot price. No free real alternative was found -- treat this signal with more skepticism than coffee/sugar."
1998-06-01,Whole Milk,128.7,PCU31153115,BLS PPI by Industry: Dairy Product Manufacturing (via FRED),https://fred.stlouisfed.org/series/PCU31153115,True,"WEAK PROXY: an industry-level US manufacturing cost index, not a raw milk farm-gate or global spot price. No free real alternative was found -- treat this signal with more skepticism than coffee/sugar."
1998-07-01,Whole Milk,131.0,PCU31153115,BLS PPI by Industry: Dairy Product Manufacturing (via FRED),https://fred.stlouisfed.org/series/PCU31153115,True,"WEAK PROXY: an industry-level US manufacturing cost index, not a raw milk farm-gate or global spot price. No free real alternative was found -- treat this signal with more skepticism than coffee/sugar."
1998-08-01,Whole Milk,135.0,PCU31153115,BLS PPI by Industry: Dairy Product Manufacturing (via FRED),https://fred.stlouisfed.org/series/PCU31153115,True,"WEAK PROXY: an industry-level US manufacturing cost index, not a raw milk farm-gate or global spot price. No free real alternative was found -- treat this signal with more skepticism than coffee/sugar."
1998-09-01,Whole Milk,140.3,PCU31153115,BLS PPI by Industry: Dairy Product Manufacturing (via FRED),https://fred.stlouisfed.org/series/PCU31153115,True,"WEAK PROXY: an industry-level US manufacturing cost index, not a raw milk farm-gate or global spot price. No free real alternative was found -- treat this signal with more skepticism than coffee/sugar."
1998-10-01,Whole Milk,142.1,PCU31153115,BLS PPI by Industry: Dairy Product Manufacturing (via FRED),https://fred.stlouisfed.org/series/PCU31153115,True,"WEAK PROXY: an industry-level US manufacturing cost index, not a raw milk farm-gate or global spot price. No free real alternative was found -- treat this signal with more skepticism than coffee/sugar."
1998-11-01,Whole Milk,141.8,PCU31153115,BLS PPI by Industry: Dairy Product Manufacturing (via FRED),https://fred.stlouisfed.org/series/PCU31153115,True,"WEAK PROXY: an industry-level US manufacturing cost index, not a raw milk farm-gate or global spot price. No free real alternative was found -- treat this signal with more skepticism than coffee/sugar."
1998-12-01,Whole Milk,141.6,PCU31153115,BLS PPI by Industry: Dairy Product Manufacturing (via FRED),https://fred.stlouisfed.org/series/PCU31153115,True,"WEAK PROXY: an industry-level US manufacturing cost index, not a raw milk farm-gate or global spot price. No free real alternative was found -- treat this signal with more skepticism than coffee/sugar."
1999-01-01,Whole Milk,141.7,PCU31153115,BLS PPI by Industry: Dairy Product Manufacturing (via FRED),https://fred.stlouisfed.org/series/PCU31153115,True,"WEAK PROXY: an industry-level US manufacturing cost index, not a raw milk farm-gate or global spot price. No free real alternative was found -- treat this signal with more skepticism than coffee/sugar."
1999-02-01,Whole Milk,137.7,PCU31153115,BLS PPI by Industry: Dairy Product Manufacturing (via FRED),https://fred.stlouisfed.org/series/PCU31153115,True,"WEAK PROXY: an industry-level US manufacturing cost index, not a raw milk farm-gate or global spot price. No free real alternative was found -- treat this signal with more skepticism than coffee/sugar."
1999-03-01,Whole Milk,136.1,PCU31153115,BLS PPI by Industry: Dairy Product Manufacturing (via FRED),https://fred.stlouisfed.org/series/PCU31153115,True,"WEAK PROXY: an industry-level US manufacturing cost index, not a raw milk farm-gate or global spot price. No free real alternative was found -- treat this signal with more skepticism than coffee/sugar."
1999-04-01,Whole Milk,127.9,PCU31153115,BLS PPI by Industry: Dairy Product Manufacturing (via FRED),https://fred.stlouisfed.org/series/PCU31153115,True,"WEAK PROXY: an industry-level US manufacturing cost index, not a raw milk farm-gate or global spot price. No free real alternative was found -- treat this signal with more skepticism than coffee/sugar."
1999-05-01,Whole Milk,128.3,PCU31153115,BLS PPI by Industry: Dairy Product Manufacturing (via FRED),https://fred.stlouisfed.org/series/PCU31153115,True,"WEAK PROXY: an industry-level US manufacturing cost index, not a raw milk farm-gate or global spot price. No free real alternative was found -- treat this signal with more skepticism than coffee/sugar."
1999-06-01,Whole Milk,130.8,PCU31153115,BLS PPI by Industry: Dairy Product Manufacturing (via FRED),https://fred.stlouisfed.org/series/PCU31153115,True,"WEAK PROXY: an industry-level US manufacturing cost index, not a raw milk farm-gate or global spot price. No free real alternative was found -- treat this signal with more skepticism than coffee/sugar."
1999-07-01,Whole Milk,131.6,PCU31153115,BLS PPI by Industry: Dairy Product Manufacturing (via FRED),https://fred.stlouisfed.org/series/PCU31153115,True,"WEAK PROXY: an industry-level US manufacturing cost index, not a raw milk farm-gate or global spot price. No free real alternative was found -- treat this signal with more skepticism than coffee/sugar."
1999-08-01,Whole Milk,134.7,PCU31153115,BLS PPI by Industry: Dairy Product Manufacturing (via FRED),https://fred.stlouisfed.org/series/PCU31153115,True,"WEAK PROXY: an industry-level US manufacturing cost index, not a raw milk farm-gate or global spot price. No free real alternative was found -- treat this signal with more skepticism than coffee/sugar."
1999-09-01,Whole Milk,137.0,PCU31153115,BLS PPI by Industry: Dairy Product Manufacturing (via FRED),https://fred.stlouisfed.org/series/PCU31153115,True,"WEAK PROXY: an industry-level US manufacturing cost index, not a raw milk farm-gate or global spot price. No free real alternative was found -- treat this signal with more skepticism than coffee/sugar."
1999-10-01,Whole Milk,137.0,PCU31153115,BLS PPI by Industry: Dairy Product Manufacturing (via FRED),https://fred.stlouisfed.org/series/PCU31153115,True,"WEAK PROXY: an industry-level US manufacturing cost index, not a raw milk farm-gate or global spot price. No free real alternative was found -- treat this signal with more skepticism than coffee/sugar."
1999-11-01,Whole Milk,135.3,PCU31153115,BLS PPI by Industry: Dairy Product Manufacturing (via FRED),https://fred.stlouisfed.org/series/PCU31153115,True,"WEAK PROXY: an industry-level US manufacturing cost index, not a raw milk farm-gate or global spot price. No free real alternative was found -- treat this signal with more skepticism than coffee/sugar."
1999-12-01,Whole Milk,127.8,PCU31153115,BLS PPI by Industry: Dairy Product Manufacturing (via FRED),https://fred.stlouisfed.org/series/PCU31153115,True,"WEAK PROXY: an industry-level US manufacturing cost index, not a raw milk farm-gate or global spot price. No free real alternative was found -- treat this signal with more skepticism than coffee/sugar."
2000-01-01,Whole Milk,127.1,PCU31153115,BLS PPI by Industry: Dairy Product Manufacturing (via FRED),https://fred.stlouisfed.org/series/PCU31153115,True,"WEAK PROXY: an industry-level US manufacturing cost index, not a raw milk farm-gate or global spot price. No free real alternative was found -- treat this signal with more skepticism than coffee/sugar."
2000-02-01,Whole Milk,126.9,PCU31153115,BLS PPI by Industry: Dairy Product Manufacturing (via FRED),https://fred.stlouisfed.org/series/PCU31153115,True,"WEAK PROXY: an industry-level US manufacturing cost index, not a raw milk farm-gate or global spot price. No free real alternative was found -- treat this signal with more skepticism than coffee/sugar."
2000-03-01,Whole Milk,127.3,PCU31153115,BLS PPI by Industry: Dairy Product Manufacturing (via FRED),https://fred.stlouisfed.org/series/PCU31153115,True,"WEAK PROXY: an industry-level US manufacturing cost index, not a raw milk farm-gate or global spot price. No free real alternative was found -- treat this signal with more skepticism than coffee/sugar."
2000-04-01,Whole Milk,128.4,PCU31153115,BLS PPI by Industry: Dairy Product Manufacturing (via FRED),https://fred.stlouisfed.org/series/PCU31153115,True,"WEAK PROXY: an industry-level US manufacturing cost index, not a raw milk farm-gate or global spot price. No free real alternative was found -- treat this signal with more skepticism than coffee/sugar."
2000-05-01,Whole Milk,128.9,PCU31153115,BLS PPI by Industry: Dairy Product Manufacturing (via FRED),https://fred.stlouisfed.org/series/PCU31153115,True,"WEAK PROXY: an industry-level US manufacturing cost index, not a raw milk farm-gate or global spot price. No free real alternative was found -- treat this signal with more skepticism than coffee/sugar."
2000-06-01,Whole Milk,130.3,PCU31153115,BLS PPI by Industry: Dairy Product Manufacturing (via FRED),https://fred.stlouisfed.org/series/PCU31153115,True,"WEAK PROXY: an industry-level US manufacturing cost index, not a raw milk farm-gate or global spot price. No free real alternative was found -- treat this signal with more skepticism than coffee/sugar."
2000-07-01,Whole Milk,131.8,PCU31153115,BLS PPI by Industry: Dairy Product Manufacturing (via FRED),https://fred.stlouisfed.org/series/PCU31153115,True,"WEAK PROXY: an industry-level US manufacturing cost index, not a raw milk farm-gate or global spot price. No free real alternative was found -- treat this signal with more skepticism than coffee/sugar."
2000-08-01,Whole Milk,131.3,PCU31153115,BLS PPI by Industry: Dairy Product Manufacturing (via FRED),https://fred.stlouisfed.org/series/PCU31153115,True,"WEAK PROXY: an industry-level US manufacturing cost index, not a raw milk farm-gate or global spot price. No free real alternative was found -- treat this signal with more skepticism than coffee/sugar."
2000-09-01,Whole Milk,131.8,PCU31153115,BLS PPI by Industry: Dairy Product Manufacturing (via FRED),https://fred.stlouisfed.org/series/PCU31153115,True,"WEAK PROXY: an industry-level US manufacturing cost index, not a raw milk farm-gate or global spot price. No free real alternative was found -- treat this signal with more skepticism than coffee/sugar."
2000-10-01,Whole Milk,130.5,PCU31153115,BLS PPI by Industry: Dairy Product Manufacturing (via FRED),https://fred.stlouisfed.org/series/PCU31153115,True,"WEAK PROXY: an industry-level US manufacturing cost index, not a raw milk farm-gate or global spot price. No free real alternative was found -- treat this signal with more skepticism than coffee/sugar."
2000-11-01,Whole Milk,131.5,PCU31153115,BLS PPI by Industry: Dairy Product Manufacturing (via FRED),https://fred.stlouisfed.org/series/PCU31153115,True,"WEAK PROXY: an industry-level US manufacturing cost index, not a raw milk farm-gate or global spot price. No free real alternative was found -- treat this signal with more skepticism than coffee/sugar."
2000-12-01,Whole Milk,132.8,PCU31153115,BLS PPI by Industry: Dairy Product Manufacturing (via FRED),https://fred.stlouisfed.org/series/PCU31153115,True,"WEAK PROXY: an industry-level US manufacturing cost index, not a raw milk farm-gate or global spot price. No free real alternative was found -- treat this signal with more skepticism than coffee/sugar."
2001-01-01,Whole Milk,133.1,PCU31153115,BLS PPI by Industry: Dairy Product Manufacturing (via FRED),https://fred.stlouisfed.org/series/PCU31153115,True,"WEAK PROXY: an industry-level US manufacturing cost index, not a raw milk farm-gate or global spot price. No free real alternative was found -- treat this signal with more skepticism than coffee/sugar."
2001-02-01,Whole Milk,132.8,PCU31153115,BLS PPI by Industry: Dairy Product Manufacturing (via FRED),https://fred.stlouisfed.org/series/PCU31153115,True,"WEAK PROXY: an industry-level US manufacturing cost index, not a raw milk farm-gate or global spot price. No free real alternative was found -- treat this signal with more skepticism than coffee/sugar."
2001-03-01,Whole Milk,135.6,PCU31153115,BLS PPI by Industry: Dairy Product Manufacturing (via FRED),https://fred.stlouisfed.org/series/PCU31153115,True,"WEAK PROXY: an industry-level US manufacturing cost index, not a raw milk farm-gate or global spot price. No free real alternative was found -- treat this signal with more skepticism than coffee/sugar."
2001-04-01,Whole Milk,138.1,PCU31153115,BLS PPI by Industry: Dairy Product Manufacturing (via FRED),https://fred.stlouisfed.org/series/PCU31153115,True,"WEAK PROXY: an industry-level US manufacturing cost index, not a raw milk farm-gate or global spot price. No free real alternative was found -- treat this signal with more skepticism than coffee/sugar."
2001-05-01,Whole Milk,142.9,PCU31153115,BLS PPI by Industry: Dairy Product Manufacturing (via FRED),https://fred.stlouisfed.org/series/PCU31153115,True,"WEAK PROXY: an industry-level US manufacturing cost index, not a raw milk farm-gate or global spot price. No free real alternative was found -- treat this signal with more skepticism than coffee/sugar."
2001-06-01,Whole Milk,145.8,PCU31153115,BLS PPI by Industry: Dairy Product Manufacturing (via FRED),https://fred.stlouisfed.org/series/PCU31153115,True,"WEAK PROXY: an industry-level US manufacturing cost index, not a raw milk farm-gate or global spot price. No free real alternative was found -- treat this signal with more skepticism than coffee/sugar."
2001-07-01,Whole Milk,146.6,PCU31153115,BLS PPI by Industry: Dairy Product Manufacturing (via FRED),https://fred.stlouisfed.org/series/PCU31153115,True,"WEAK PROXY: an industry-level US manufacturing cost index, not a raw milk farm-gate or global spot price. No free real alternative was found -- treat this signal with more skepticism than coffee/sugar."
2001-08-01,Whole Milk,147.3,PCU31153115,BLS PPI by Industry: Dairy Product Manufacturing (via FRED),https://fred.stlouisfed.org/series/PCU31153115,True,"WEAK PROXY: an industry-level US manufacturing cost index, not a raw milk farm-gate or global spot price. No free real alternative was found -- treat this signal with more skepticism than coffee/sugar."
2001-09-01,Whole Milk,148.6,PCU31153115,BLS PPI by Industry: Dairy Product Manufacturing (via FRED),https://fred.stlouisfed.org/series/PCU31153115,True,"WEAK PROXY: an industry-level US manufacturing cost index, not a raw milk farm-gate or global spot price. No free real alternative was found -- treat this signal with more skepticism than coffee/sugar."
2001-10-01,Whole Milk,146.0,PCU31153115,BLS PPI by Industry: Dairy Product Manufacturing (via FRED),https://fred.stlouisfed.org/series/PCU31153115,True,"WEAK PROXY: an industry-level US manufacturing cost index, not a raw milk farm-gate or global spot price. No free real alternative was found -- treat this signal with more skepticism than coffee/sugar."
2001-11-01,Whole Milk,141.0,PCU31153115,BLS PPI by Industry: Dairy Product Manufacturing (via FRED),https://fred.stlouisfed.org/series/PCU31153115,True,"WEAK PROXY: an industry-level US manufacturing cost index, not a raw milk farm-gate or global spot price. No free real alternative was found -- treat this signal with more skepticism than coffee/sugar."
2001-12-01,Whole Milk,136.7,PCU31153115,BLS PPI by Industry: Dairy Product Manufacturing (via FRED),https://fred.stlouisfed.org/series/PCU31153115,True,"WEAK PROXY: an industry-level US manufacturing cost index, not a raw milk farm-gate or global spot price. No free real alternative was found -- treat this signal with more skepticism than coffee/sugar."
2002-01-01,Whole Milk,137.1,PCU31153115,BLS PPI by Industry: Dairy Product Manufacturing (via FRED),https://fred.stlouisfed.org/series/PCU31153115,True,"WEAK PROXY: an industry-level US manufacturing cost index, not a raw milk farm-gate or global spot price. No free real alternative was found -- treat this signal with more skepticism than coffee/sugar."
2002-02-01,Whole Milk,136.2,PCU31153115,BLS PPI by Industry: Dairy Product Manufacturing (via FRED),https://fred.stlouisfed.org/series/PCU31153115,True,"WEAK PROXY: an industry-level US manufacturing cost index, not a raw milk farm-gate or global spot price. No free real alternative was found -- treat this signal with more skepticism than coffee/sugar."
2002-03-01,Whole Milk,135.1,PCU31153115,BLS PPI by Industry: Dairy Product Manufacturing (via FRED),https://fred.stlouisfed.org/series/PCU31153115,True,"WEAK PROXY: an industry-level US manufacturing cost index, not a raw milk farm-gate or global spot price. No free real alternative was found -- treat this signal with more skepticism than coffee/sugar."
2002-04-01,Whole Milk,134.7,PCU31153115,BLS PPI by Industry: Dairy Product Manufacturing (via FRED),https://fred.stlouisfed.org/series/PCU31153115,True,"WEAK PROXY: an industry-level US manufacturing cost index, not a raw milk farm-gate or global spot price. No free real alternative was found -- treat this signal with more skepticism than coffee/sugar."
2002-05-01,Whole Milk,133.5,PCU31153115,BLS PPI by Industry: Dairy Product Manufacturing (via FRED),https://fred.stlouisfed.org/series/PCU31153115,True,"WEAK PROXY: an industry-level US manufacturing cost index, not a raw milk farm-gate or global spot price. No free real alternative was found -- treat this signal with more skepticism than coffee/sugar."
2002-06-01,Whole Milk,132.7,PCU31153115,BLS PPI by Industry: Dairy Product Manufacturing (via FRED),https://fred.stlouisfed.org/series/PCU31153115,True,"WEAK PROXY: an industry-level US manufacturing cost index, not a raw milk farm-gate or global spot price. No free real alternative was found -- treat this signal with more skepticism than coffee/sugar."
2002-07-01,Whole Milk,131.4,PCU31153115,BLS PPI by Industry: Dairy Product Manufacturing (via FRED),https://fred.stlouisfed.org/series/PCU31153115,True,"WEAK PROXY: an industry-level US manufacturing cost index, not a raw milk farm-gate or global spot price. No free real alternative was found -- treat this signal with more skepticism than coffee/sugar."
2002-08-01,Whole Milk,131.3,PCU31153115,BLS PPI by Industry: Dairy Product Manufacturing (via FRED),https://fred.stlouisfed.org/series/PCU31153115,True,"WEAK PROXY: an industry-level US manufacturing cost index, not a raw milk farm-gate or global spot price. No free real alternative was found -- treat this signal with more skepticism than coffee/sugar."
2002-09-01,Whole Milk,131.0,PCU31153115,BLS PPI by Industry: Dairy Product Manufacturing (via FRED),https://fred.stlouisfed.org/series/PCU31153115,True,"WEAK PROXY: an industry-level US manufacturing cost index, not a raw milk farm-gate or global spot price. No free real alternative was found -- treat this signal with more skepticism than coffee/sugar."
2002-10-01,Whole Milk,133.0,PCU31153115,BLS PPI by Industry: Dairy Product Manufacturing (via FRED),https://fred.stlouisfed.org/series/PCU31153115,True,"WEAK PROXY: an industry-level US manufacturing cost index, not a raw milk farm-gate or global spot price. No free real alternative was found -- treat this signal with more skepticism than coffee/sugar."
2002-11-01,Whole Milk,131.4,PCU31153115,BLS PPI by Industry: Dairy Product Manufacturing (via FRED),https://fred.stlouisfed.org/series/PCU31153115,True,"WEAK PROXY: an industry-level US manufacturing cost index, not a raw milk farm-gate or global spot price. No free real alternative was found -- treat this signal with more skepticism than coffee/sugar."
2002-12-01,Whole Milk,132.3,PCU31153115,BLS PPI by Industry: Dairy Product Manufacturing (via FRED),https://fred.stlouisfed.org/series/PCU31153115,True,"WEAK PROXY: an industry-level US manufacturing cost index, not a raw milk farm-gate or global spot price. No free real alternative was found -- treat this signal with more skepticism than coffee/sugar."
2003-01-01,Whole Milk,132.1,PCU31153115,BLS PPI by Industry: Dairy Product Manufacturing (via FRED),https://fred.stlouisfed.org/series/PCU31153115,True,"WEAK PROXY: an industry-level US manufacturing cost index, not a raw milk farm-gate or global spot price. No free real alternative was found -- treat this signal with more skepticism than coffee/sugar."
2003-02-01,Whole Milk,131.5,PCU31153115,BLS PPI by Industry: Dairy Product Manufacturing (via FRED),https://fred.stlouisfed.org/series/PCU31153115,True,"WEAK PROXY: an industry-level US manufacturing cost index, not a raw milk farm-gate or global spot price. No free real alternative was found -- treat this signal with more skepticism than coffee/sugar."
2003-03-01,Whole Milk,130.6,PCU31153115,BLS PPI by Industry: Dairy Product Manufacturing (via FRED),https://fred.stlouisfed.org/series/PCU31153115,True,"WEAK PROXY: an industry-level US manufacturing cost index, not a raw milk farm-gate or global spot price. No free real alternative was found -- treat this signal with more skepticism than coffee/sugar."
2003-04-01,Whole Milk,130.8,PCU31153115,BLS PPI by Industry: Dairy Product Manufacturing (via FRED),https://fred.stlouisfed.org/series/PCU31153115,True,"WEAK PROXY: an industry-level US manufacturing cost index, not a raw milk farm-gate or global spot price. No free real alternative was found -- treat this signal with more skepticism than coffee/sugar."
2003-05-01,Whole Milk,131.5,PCU31153115,BLS PPI by Industry: Dairy Product Manufacturing (via FRED),https://fred.stlouisfed.org/series/PCU31153115,True,"WEAK PROXY: an industry-level US manufacturing cost index, not a raw milk farm-gate or global spot price. No free real alternative was found -- treat this signal with more skepticism than coffee/sugar."
2003-06-01,Whole Milk,131.6,PCU31153115,BLS PPI by Industry: Dairy Product Manufacturing (via FRED),https://fred.stlouisfed.org/series/PCU31153115,True,"WEAK PROXY: an industry-level US manufacturing cost index, not a raw milk farm-gate or global spot price. No free real alternative was found -- treat this signal with more skepticism than coffee/sugar."
2003-07-01,Whole Milk,136.0,PCU31153115,BLS PPI by Industry: Dairy Product Manufacturing (via FRED),https://fred.stlouisfed.org/series/PCU31153115,True,"WEAK PROXY: an industry-level US manufacturing cost index, not a raw milk farm-gate or global spot price. No free real alternative was found -- treat this signal with more skepticism than coffee/sugar."
2003-08-01,Whole Milk,139.6,PCU31153115,BLS PPI by Industry: Dairy Product Manufacturing (via FRED),https://fred.stlouisfed.org/series/PCU31153115,True,"WEAK PROXY: an industry-level US manufacturing cost index, not a raw milk farm-gate or global spot price. No free real alternative was found -- treat this signal with more skepticism than coffee/sugar."
2003-09-01,Whole Milk,142.1,PCU31153115,BLS PPI by Industry: Dairy Product Manufacturing (via FRED),https://fred.stlouisfed.org/series/PCU31153115,True,"WEAK PROXY: an industry-level US manufacturing cost index, not a raw milk farm-gate or global spot price. No free real alternative was found -- treat this signal with more skepticism than coffee/sugar."
2003-10-01,Whole Milk,142.8,PCU31153115,BLS PPI by Industry: Dairy Product Manufacturing (via FRED),https://fred.stlouisfed.org/series/PCU31153115,True,"WEAK PROXY: an industry-level US manufacturing cost index, not a raw milk farm-gate or global spot price. No free real alternative was found -- treat this signal with more skepticism than coffee/sugar."
2003-11-01,Whole Milk,141.4,PCU31153115,BLS PPI by Industry: Dairy Product Manufacturing (via FRED),https://fred.stlouisfed.org/series/PCU31153115,True,"WEAK PROXY: an industry-level US manufacturing cost index, not a raw milk farm-gate or global spot price. No free real alternative was found -- treat this signal with more skepticism than coffee/sugar."
2003-12-01,Whole Milk,140.1,PCU31153115,BLS PPI by Industry: Dairy Product Manufacturing (via FRED),https://fred.stlouisfed.org/series/PCU31153115,True,"WEAK PROXY: an industry-level US manufacturing cost index, not a raw milk farm-gate or global spot price. No free real alternative was found -- treat this signal with more skepticism than coffee/sugar."
2004-01-01,Whole Milk,138.4,PCU31153115,BLS PPI by Industry: Dairy Product Manufacturing (via FRED),https://fred.stlouisfed.org/series/PCU31153115,True,"WEAK PROXY: an industry-level US manufacturing cost index, not a raw milk farm-gate or global spot price. No free real alternative was found -- treat this signal with more skepticism than coffee/sugar."
2004-02-01,Whole Milk,139.8,PCU31153115,BLS PPI by Industry: Dairy Product Manufacturing (via FRED),https://fred.stlouisfed.org/series/PCU31153115,True,"WEAK PROXY: an industry-level US manufacturing cost index, not a raw milk farm-gate or global spot price. No free real alternative was found -- treat this signal with more skepticism than coffee/sugar."
2004-03-01,Whole Milk,144.8,PCU31153115,BLS PPI by Industry: Dairy Product Manufacturing (via FRED),https://fred.stlouisfed.org/series/PCU31153115,True,"WEAK PROXY: an industry-level US manufacturing cost index, not a raw milk farm-gate or global spot price. No free real alternative was found -- treat this signal with more skepticism than coffee/sugar."
2004-04-01,Whole Milk,156.9,PCU31153115,BLS PPI by Industry: Dairy Product Manufacturing (via FRED),https://fred.stlouisfed.org/series/PCU31153115,True,"WEAK PROXY: an industry-level US manufacturing cost index, not a raw milk farm-gate or global spot price. No free real alternative was found -- treat this signal with more skepticism than coffee/sugar."
2004-05-01,Whole Milk,164.2,PCU31153115,BLS PPI by Industry: Dairy Product Manufacturing (via FRED),https://fred.stlouisfed.org/series/PCU31153115,True,"WEAK PROXY: an industry-level US manufacturing cost index, not a raw milk farm-gate or global spot price. No free real alternative was found -- treat this signal with more skepticism than coffee/sugar."
2004-06-01,Whole Milk,162.6,PCU31153115,BLS PPI by Industry: Dairy Product Manufacturing (via FRED),https://fred.stlouisfed.org/series/PCU31153115,True,"WEAK PROXY: an industry-level US manufacturing cost index, not a raw milk farm-gate or global spot price. No free real alternative was found -- treat this signal with more skepticism than coffee/sugar."
2004-07-01,Whole Milk,152.6,PCU31153115,BLS PPI by Industry: Dairy Product Manufacturing (via FRED),https://fred.stlouisfed.org/series/PCU31153115,True,"WEAK PROXY: an industry-level US manufacturing cost index, not a raw milk farm-gate or global spot price. No free real alternative was found -- treat this signal with more skepticism than coffee/sugar."
2004-08-01,Whole Milk,149.5,PCU31153115,BLS PPI by Industry: Dairy Product Manufacturing (via FRED),https://fred.stlouisfed.org/series/PCU31153115,True,"WEAK PROXY: an industry-level US manufacturing cost index, not a raw milk farm-gate or global spot price. No free real alternative was found -- treat this signal with more skepticism than coffee/sugar."
2004-09-01,Whole Milk,150.0,PCU31153115,BLS PPI by Industry: Dairy Product Manufacturing (via FRED),https://fred.stlouisfed.org/series/PCU31153115,True,"WEAK PROXY: an industry-level US manufacturing cost index, not a raw milk farm-gate or global spot price. No free real alternative was found -- treat this signal with more skepticism than coffee/sugar."
2004-10-01,Whole Milk,149.4,PCU31153115,BLS PPI by Industry: Dairy Product Manufacturing (via FRED),https://fred.stlouisfed.org/series/PCU31153115,True,"WEAK PROXY: an industry-level US manufacturing cost index, not a raw milk farm-gate or global spot price. No free real alternative was found -- treat this signal with more skepticism than coffee/sugar."
2004-11-01,Whole Milk,150.6,PCU31153115,BLS PPI by Industry: Dairy Product Manufacturing (via FRED),https://fred.stlouisfed.org/series/PCU31153115,True,"WEAK PROXY: an industry-level US manufacturing cost index, not a raw milk farm-gate or global spot price. No free real alternative was found -- treat this signal with more skepticism than coffee/sugar."
2004-12-01,Whole Milk,152.9,PCU31153115,BLS PPI by Industry: Dairy Product Manufacturing (via FRED),https://fred.stlouisfed.org/series/PCU31153115,True,"WEAK PROXY: an industry-level US manufacturing cost index, not a raw milk farm-gate or global spot price. No free real alternative was found -- treat this signal with more skepticism than coffee/sugar."
2005-01-01,Whole Milk,152.7,PCU31153115,BLS PPI by Industry: Dairy Product Manufacturing (via FRED),https://fred.stlouisfed.org/series/PCU31153115,True,"WEAK PROXY: an industry-level US manufacturing cost index, not a raw milk farm-gate or global spot price. No free real alternative was found -- treat this signal with more skepticism than coffee/sugar."
2005-02-01,Whole Milk,150.4,PCU31153115,BLS PPI by Industry: Dairy Product Manufacturing (via FRED),https://fred.stlouisfed.org/series/PCU31153115,True,"WEAK PROXY: an industry-level US manufacturing cost index, not a raw milk farm-gate or global spot price. No free real alternative was found -- treat this signal with more skepticism than coffee/sugar."
2005-03-01,Whole Milk,151.4,PCU31153115,BLS PPI by Industry: Dairy Product Manufacturing (via FRED),https://fred.stlouisfed.org/series/PCU31153115,True,"WEAK PROXY: an industry-level US manufacturing cost index, not a raw milk farm-gate or global spot price. No free real alternative was found -- treat this signal with more skepticism than coffee/sugar."
2005-04-01,Whole Milk,151.8,PCU31153115,BLS PPI by Industry: Dairy Product Manufacturing (via FRED),https://fred.stlouisfed.org/series/PCU31153115,True,"WEAK PROXY: an industry-level US manufacturing cost index, not a raw milk farm-gate or global spot price. No free real alternative was found -- treat this signal with more skepticism than coffee/sugar."
2005-05-01,Whole Milk,150.2,PCU31153115,BLS PPI by Industry: Dairy Product Manufacturing (via FRED),https://fred.stlouisfed.org/series/PCU31153115,True,"WEAK PROXY: an industry-level US manufacturing cost index, not a raw milk farm-gate or global spot price. No free real alternative was found -- treat this signal with more skepticism than coffee/sugar."
2005-06-01,Whole Milk,149.5,PCU31153115,BLS PPI by Industry: Dairy Product Manufacturing (via FRED),https://fred.stlouisfed.org/series/PCU31153115,True,"WEAK PROXY: an industry-level US manufacturing cost index, not a raw milk farm-gate or global spot price. No free real alternative was found -- treat this signal with more skepticism than coffee/sugar."
2005-07-01,Whole Milk,151.7,PCU31153115,BLS PPI by Industry: Dairy Product Manufacturing (via FRED),https://fred.stlouisfed.org/series/PCU31153115,True,"WEAK PROXY: an industry-level US manufacturing cost index, not a raw milk farm-gate or global spot price. No free real alternative was found -- treat this signal with more skepticism than coffee/sugar."
2005-08-01,Whole Milk,150.7,PCU31153115,BLS PPI by Industry: Dairy Product Manufacturing (via FRED),https://fred.stlouisfed.org/series/PCU31153115,True,"WEAK PROXY: an industry-level US manufacturing cost index, not a raw milk farm-gate or global spot price. No free real alternative was found -- treat this signal with more skepticism than coffee/sugar."
2005-09-01,Whole Milk,152.2,PCU31153115,BLS PPI by Industry: Dairy Product Manufacturing (via FRED),https://fred.stlouisfed.org/series/PCU31153115,True,"WEAK PROXY: an industry-level US manufacturing cost index, not a raw milk farm-gate or global spot price. No free real alternative was found -- treat this signal with more skepticism than coffee/sugar."
2005-10-01,Whole Milk,152.6,PCU31153115,BLS PPI by Industry: Dairy Product Manufacturing (via FRED),https://fred.stlouisfed.org/series/PCU31153115,True,"WEAK PROXY: an industry-level US manufacturing cost index, not a raw milk farm-gate or global spot price. No free real alternative was found -- treat this signal with more skepticism than coffee/sugar."
2005-11-01,Whole Milk,151.4,PCU31153115,BLS PPI by Industry: Dairy Product Manufacturing (via FRED),https://fred.stlouisfed.org/series/PCU31153115,True,"WEAK PROXY: an industry-level US manufacturing cost index, not a raw milk farm-gate or global spot price. No free real alternative was found -- treat this signal with more skepticism than coffee/sugar."
2005-12-01,Whole Milk,151.4,PCU31153115,BLS PPI by Industry: Dairy Product Manufacturing (via FRED),https://fred.stlouisfed.org/series/PCU31153115,True,"WEAK PROXY: an industry-level US manufacturing cost index, not a raw milk farm-gate or global spot price. No free real alternative was found -- treat this signal with more skepticism than coffee/sugar."
2006-01-01,Whole Milk,151.0,PCU31153115,BLS PPI by Industry: Dairy Product Manufacturing (via FRED),https://fred.stlouisfed.org/series/PCU31153115,True,"WEAK PROXY: an industry-level US manufacturing cost index, not a raw milk farm-gate or global spot price. No free real alternative was found -- treat this signal with more skepticism than coffee/sugar."
2006-02-01,Whole Milk,148.9,PCU31153115,BLS PPI by Industry: Dairy Product Manufacturing (via FRED),https://fred.stlouisfed.org/series/PCU31153115,True,"WEAK PROXY: an industry-level US manufacturing cost index, not a raw milk farm-gate or global spot price. No free real alternative was found -- treat this signal with more skepticism than coffee/sugar."
2006-03-01,Whole Milk,146.0,PCU31153115,BLS PPI by Industry: Dairy Product Manufacturing (via FRED),https://fred.stlouisfed.org/series/PCU31153115,True,"WEAK PROXY: an industry-level US manufacturing cost index, not a raw milk farm-gate or global spot price. No free real alternative was found -- treat this signal with more skepticism than coffee/sugar."
2006-04-01,Whole Milk,144.0,PCU31153115,BLS PPI by Industry: Dairy Product Manufacturing (via FRED),https://fred.stlouisfed.org/series/PCU31153115,True,"WEAK PROXY: an industry-level US manufacturing cost index, not a raw milk farm-gate or global spot price. No free real alternative was found -- treat this signal with more skepticism than coffee/sugar."
2006-05-01,Whole Milk,143.5,PCU31153115,BLS PPI by Industry: Dairy Product Manufacturing (via FRED),https://fred.stlouisfed.org/series/PCU31153115,True,"WEAK PROXY: an industry-level US manufacturing cost index, not a raw milk farm-gate or global spot price. No free real alternative was found -- treat this signal with more skepticism than coffee/sugar."
2006-06-01,Whole Milk,143.8,PCU31153115,BLS PPI by Industry: Dairy Product Manufacturing (via FRED),https://fred.stlouisfed.org/series/PCU31153115,True,"WEAK PROXY: an industry-level US manufacturing cost index, not a raw milk farm-gate or global spot price. No free real alternative was found -- treat this signal with more skepticism than coffee/sugar."
2006-07-01,Whole Milk,143.8,PCU31153115,BLS PPI by Industry: Dairy Product Manufacturing (via FRED),https://fred.stlouisfed.org/series/PCU31153115,True,"WEAK PROXY: an industry-level US manufacturing cost index, not a raw milk farm-gate or global spot price. No free real alternative was found -- treat this signal with more skepticism than coffee/sugar."
2006-08-01,Whole Milk,145.2,PCU31153115,BLS PPI by Industry: Dairy Product Manufacturing (via FRED),https://fred.stlouisfed.org/series/PCU31153115,True,"WEAK PROXY: an industry-level US manufacturing cost index, not a raw milk farm-gate or global spot price. No free real alternative was found -- treat this signal with more skepticism than coffee/sugar."
2006-09-01,Whole Milk,148.2,PCU31153115,BLS PPI by Industry: Dairy Product Manufacturing (via FRED),https://fred.stlouisfed.org/series/PCU31153115,True,"WEAK PROXY: an industry-level US manufacturing cost index, not a raw milk farm-gate or global spot price. No free real alternative was found -- treat this signal with more skepticism than coffee/sugar."
2006-10-01,Whole Milk,149.6,PCU31153115,BLS PPI by Industry: Dairy Product Manufacturing (via FRED),https://fred.stlouisfed.org/series/PCU31153115,True,"WEAK PROXY: an industry-level US manufacturing cost index, not a raw milk farm-gate or global spot price. No free real alternative was found -- treat this signal with more skepticism than coffee/sugar."
2006-11-01,Whole Milk,152.0,PCU31153115,BLS PPI by Industry: Dairy Product Manufacturing (via FRED),https://fred.stlouisfed.org/series/PCU31153115,True,"WEAK PROXY: an industry-level US manufacturing cost index, not a raw milk farm-gate or global spot price. No free real alternative was found -- treat this signal with more skepticism than coffee/sugar."
2006-12-01,Whole Milk,153.0,PCU31153115,BLS PPI by Industry: Dairy Product Manufacturing (via FRED),https://fred.stlouisfed.org/series/PCU31153115,True,"WEAK PROXY: an industry-level US manufacturing cost index, not a raw milk farm-gate or global spot price. No free real alternative was found -- treat this signal with more skepticism than coffee/sugar."
2007-01-01,Whole Milk,155.3,PCU31153115,BLS PPI by Industry: Dairy Product Manufacturing (via FRED),https://fred.stlouisfed.org/series/PCU31153115,True,"WEAK PROXY: an industry-level US manufacturing cost index, not a raw milk farm-gate or global spot price. No free real alternative was found -- treat this signal with more skepticism than coffee/sugar."
2007-02-01,Whole Milk,157.8,PCU31153115,BLS PPI by Industry: Dairy Product Manufacturing (via FRED),https://fred.stlouisfed.org/series/PCU31153115,True,"WEAK PROXY: an industry-level US manufacturing cost index, not a raw milk farm-gate or global spot price. No free real alternative was found -- treat this signal with more skepticism than coffee/sugar."
2007-03-01,Whole Milk,160.7,PCU31153115,BLS PPI by Industry: Dairy Product Manufacturing (via FRED),https://fred.stlouisfed.org/series/PCU31153115,True,"WEAK PROXY: an industry-level US manufacturing cost index, not a raw milk farm-gate or global spot price. No free real alternative was found -- treat this signal with more skepticism than coffee/sugar."
2007-04-01,Whole Milk,163.7,PCU31153115,BLS PPI by Industry: Dairy Product Manufacturing (via FRED),https://fred.stlouisfed.org/series/PCU31153115,True,"WEAK PROXY: an industry-level US manufacturing cost index, not a raw milk farm-gate or global spot price. No free real alternative was found -- treat this signal with more skepticism than coffee/sugar."
2007-05-01,Whole Milk,169.3,PCU31153115,BLS PPI by Industry: Dairy Product Manufacturing (via FRED),https://fred.stlouisfed.org/series/PCU31153115,True,"WEAK PROXY: an industry-level US manufacturing cost index, not a raw milk farm-gate or global spot price. No free real alternative was found -- treat this signal with more skepticism than coffee/sugar."
2007-06-01,Whole Milk,179.4,PCU31153115,BLS PPI by Industry: Dairy Product Manufacturing (via FRED),https://fred.stlouisfed.org/series/PCU31153115,True,"WEAK PROXY: an industry-level US manufacturing cost index, not a raw milk farm-gate or global spot price. No free real alternative was found -- treat this signal with more skepticism than coffee/sugar."
2007-07-01,Whole Milk,184.7,PCU31153115,BLS PPI by Industry: Dairy Product Manufacturing (via FRED),https://fred.stlouisfed.org/series/PCU31153115,True,"WEAK PROXY: an industry-level US manufacturing cost index, not a raw milk farm-gate or global spot price. No free real alternative was found -- treat this signal with more skepticism than coffee/sugar."
2007-08-01,Whole Milk,184.8,PCU31153115,BLS PPI by Industry: Dairy Product Manufacturing (via FRED),https://fred.stlouisfed.org/series/PCU31153115,True,"WEAK PROXY: an industry-level US manufacturing cost index, not a raw milk farm-gate or global spot price. No free real alternative was found -- treat this signal with more skepticism than coffee/sugar."
2007-09-01,Whole Milk,185.8,PCU31153115,BLS PPI by Industry: Dairy Product Manufacturing (via FRED),https://fred.stlouisfed.org/series/PCU31153115,True,"WEAK PROXY: an industry-level US manufacturing cost index, not a raw milk farm-gate or global spot price. No free real alternative was found -- treat this signal with more skepticism than coffee/sugar."
2007-10-01,Whole Milk,183.4,PCU31153115,BLS PPI by Industry: Dairy Product Manufacturing (via FRED),https://fred.stlouisfed.org/series/PCU31153115,True,"WEAK PROXY: an industry-level US manufacturing cost index, not a raw milk farm-gate or global spot price. No free real alternative was found -- treat this signal with more skepticism than coffee/sugar."
2007-11-01,Whole Milk,184.2,PCU31153115,BLS PPI by Industry: Dairy Product Manufacturing (via FRED),https://fred.stlouisfed.org/series/PCU31153115,True,"WEAK PROXY: an industry-level US manufacturing cost index, not a raw milk farm-gate or global spot price. No free real alternative was found -- treat this signal with more skepticism than coffee/sugar."
2007-12-01,Whole Milk,184.5,PCU31153115,BLS PPI by Industry: Dairy Product Manufacturing (via FRED),https://fred.stlouisfed.org/series/PCU31153115,True,"WEAK PROXY: an industry-level US manufacturing cost index, not a raw milk farm-gate or global spot price. No free real alternative was found -- treat this signal with more skepticism than coffee/sugar."
2008-01-01,Whole Milk,182.8,PCU31153115,BLS PPI by Industry: Dairy Product Manufacturing (via FRED),https://fred.stlouisfed.org/series/PCU31153115,True,"WEAK PROXY: an industry-level US manufacturing cost index, not a raw milk farm-gate or global spot price. No free real alternative was found -- treat this signal with more skepticism than coffee/sugar."
2008-02-01,Whole Milk,180.8,PCU31153115,BLS PPI by Industry: Dairy Product Manufacturing (via FRED),https://fred.stlouisfed.org/series/PCU31153115,True,"WEAK PROXY: an industry-level US manufacturing cost index, not a raw milk farm-gate or global spot price. No free real alternative was found -- treat this signal with more skepticism than coffee/sugar."
2008-03-01,Whole Milk,176.7,PCU31153115,BLS PPI by Industry: Dairy Product Manufacturing (via FRED),https://fred.stlouisfed.org/series/PCU31153115,True,"WEAK PROXY: an industry-level US manufacturing cost index, not a raw milk farm-gate or global spot price. No free real alternative was found -- treat this signal with more skepticism than coffee/sugar."
2008-04-01,Whole Milk,177.4,PCU31153115,BLS PPI by Industry: Dairy Product Manufacturing (via FRED),https://fred.stlouisfed.org/series/PCU31153115,True,"WEAK PROXY: an industry-level US manufacturing cost index, not a raw milk farm-gate or global spot price. No free real alternative was found -- treat this signal with more skepticism than coffee/sugar."
2008-05-01,Whole Milk,178.0,PCU31153115,BLS PPI by Industry: Dairy Product Manufacturing (via FRED),https://fred.stlouisfed.org/series/PCU31153115,True,"WEAK PROXY: an industry-level US manufacturing cost index, not a raw milk farm-gate or global spot price. No free real alternative was found -- treat this signal with more skepticism than coffee/sugar."
2008-06-01,Whole Milk,182.7,PCU31153115,BLS PPI by Industry: Dairy Product Manufacturing (via FRED),https://fred.stlouisfed.org/series/PCU31153115,True,"WEAK PROXY: an industry-level US manufacturing cost index, not a raw milk farm-gate or global spot price. No free real alternative was found -- treat this signal with more skepticism than coffee/sugar."
2008-07-01,Whole Milk,184.0,PCU31153115,BLS PPI by Industry: Dairy Product Manufacturing (via FRED),https://fred.stlouisfed.org/series/PCU31153115,True,"WEAK PROXY: an industry-level US manufacturing cost index, not a raw milk farm-gate or global spot price. No free real alternative was found -- treat this signal with more skepticism than coffee/sugar."
2008-08-01,Whole Milk,181.9,PCU31153115,BLS PPI by Industry: Dairy Product Manufacturing (via FRED),https://fred.stlouisfed.org/series/PCU31153115,True,"WEAK PROXY: an industry-level US manufacturing cost index, not a raw milk farm-gate or global spot price. No free real alternative was found -- treat this signal with more skepticism than coffee/sugar."
2008-09-01,Whole Milk,179.1,PCU31153115,BLS PPI by Industry: Dairy Product Manufacturing (via FRED),https://fred.stlouisfed.org/series/PCU31153115,True,"WEAK PROXY: an industry-level US manufacturing cost index, not a raw milk farm-gate or global spot price. No free real alternative was found -- treat this signal with more skepticism than coffee/sugar."
2008-10-01,Whole Milk,178.3,PCU31153115,BLS PPI by Industry: Dairy Product Manufacturing (via FRED),https://fred.stlouisfed.org/series/PCU31153115,True,"WEAK PROXY: an industry-level US manufacturing cost index, not a raw milk farm-gate or global spot price. No free real alternative was found -- treat this signal with more skepticism than coffee/sugar."
2008-11-01,Whole Milk,175.6,PCU31153115,BLS PPI by Industry: Dairy Product Manufacturing (via FRED),https://fred.stlouisfed.org/series/PCU31153115,True,"WEAK PROXY: an industry-level US manufacturing cost index, not a raw milk farm-gate or global spot price. No free real alternative was found -- treat this signal with more skepticism than coffee/sugar."
2008-12-01,Whole Milk,171.7,PCU31153115,BLS PPI by Industry: Dairy Product Manufacturing (via FRED),https://fred.stlouisfed.org/series/PCU31153115,True,"WEAK PROXY: an industry-level US manufacturing cost index, not a raw milk farm-gate or global spot price. No free real alternative was found -- treat this signal with more skepticism than coffee/sugar."
2009-01-01,Whole Milk,162.3,PCU31153115,BLS PPI by Industry: Dairy Product Manufacturing (via FRED),https://fred.stlouisfed.org/series/PCU31153115,True,"WEAK PROXY: an industry-level US manufacturing cost index, not a raw milk farm-gate or global spot price. No free real alternative was found -- treat this signal with more skepticism than coffee/sugar."
2009-02-01,Whole Milk,155.4,PCU31153115,BLS PPI by Industry: Dairy Product Manufacturing (via FRED),https://fred.stlouisfed.org/series/PCU31153115,True,"WEAK PROXY: an industry-level US manufacturing cost index, not a raw milk farm-gate or global spot price. No free real alternative was found -- treat this signal with more skepticism than coffee/sugar."
2009-03-01,Whole Milk,153.0,PCU31153115,BLS PPI by Industry: Dairy Product Manufacturing (via FRED),https://fred.stlouisfed.org/series/PCU31153115,True,"WEAK PROXY: an industry-level US manufacturing cost index, not a raw milk farm-gate or global spot price. No free real alternative was found -- treat this signal with more skepticism than coffee/sugar."
2009-04-01,Whole Milk,154.4,PCU31153115,BLS PPI by Industry: Dairy Product Manufacturing (via FRED),https://fred.stlouisfed.org/series/PCU31153115,True,"WEAK PROXY: an industry-level US manufacturing cost index, not a raw milk farm-gate or global spot price. No free real alternative was found -- treat this signal with more skepticism than coffee/sugar."
2009-05-01,Whole Milk,153.8,PCU31153115,BLS PPI by Industry: Dairy Product Manufacturing (via FRED),https://fred.stlouisfed.org/series/PCU31153115,True,"WEAK PROXY: an industry-level US manufacturing cost index, not a raw milk farm-gate or global spot price. No free real alternative was found -- treat this signal with more skepticism than coffee/sugar."
2009-06-01,Whole Milk,153.0,PCU31153115,BLS PPI by Industry: Dairy Product Manufacturing (via FRED),https://fred.stlouisfed.org/series/PCU31153115,True,"WEAK PROXY: an industry-level US manufacturing cost index, not a raw milk farm-gate or global spot price. No free real alternative was found -- treat this signal with more skepticism than coffee/sugar."
2009-07-01,Whole Milk,153.1,PCU31153115,BLS PPI by Industry: Dairy Product Manufacturing (via FRED),https://fred.stlouisfed.org/series/PCU31153115,True,"WEAK PROXY: an industry-level US manufacturing cost index, not a raw milk farm-gate or global spot price. No free real alternative was found -- treat this signal with more skepticism than coffee/sugar."
2009-08-01,Whole Milk,155.3,PCU31153115,BLS PPI by Industry: Dairy Product Manufacturing (via FRED),https://fred.stlouisfed.org/series/PCU31153115,True,"WEAK PROXY: an industry-level US manufacturing cost index, not a raw milk farm-gate or global spot price. No free real alternative was found -- treat this signal with more skepticism than coffee/sugar."
2009-09-01,Whole Milk,157.2,PCU31153115,BLS PPI by Industry: Dairy Product Manufacturing (via FRED),https://fred.stlouisfed.org/series/PCU31153115,True,"WEAK PROXY: an industry-level US manufacturing cost index, not a raw milk farm-gate or global spot price. No free real alternative was found -- treat this signal with more skepticism than coffee/sugar."
2009-10-01,Whole Milk,161.5,PCU31153115,BLS PPI by Industry: Dairy Product Manufacturing (via FRED),https://fred.stlouisfed.org/series/PCU31153115,True,"WEAK PROXY: an industry-level US manufacturing cost index, not a raw milk farm-gate or global spot price. No free real alternative was found -- treat this signal with more skepticism than coffee/sugar."
2009-11-01,Whole Milk,165.1,PCU31153115,BLS PPI by Industry: Dairy Product Manufacturing (via FRED),https://fred.stlouisfed.org/series/PCU31153115,True,"WEAK PROXY: an industry-level US manufacturing cost index, not a raw milk farm-gate or global spot price. No free real alternative was found -- treat this signal with more skepticism than coffee/sugar."
2009-12-01,Whole Milk,170.2,PCU31153115,BLS PPI by Industry: Dairy Product Manufacturing (via FRED),https://fred.stlouisfed.org/series/PCU31153115,True,"WEAK PROXY: an industry-level US manufacturing cost index, not a raw milk farm-gate or global spot price. No free real alternative was found -- treat this signal with more skepticism than coffee/sugar."
2010-01-01,Whole Milk,169.9,PCU31153115,BLS PPI by Industry: Dairy Product Manufacturing (via FRED),https://fred.stlouisfed.org/series/PCU31153115,True,"WEAK PROXY: an industry-level US manufacturing cost index, not a raw milk farm-gate or global spot price. No free real alternative was found -- treat this signal with more skepticism than coffee/sugar."
2010-02-01,Whole Milk,170.2,PCU31153115,BLS PPI by Industry: Dairy Product Manufacturing (via FRED),https://fred.stlouisfed.org/series/PCU31153115,True,"WEAK PROXY: an industry-level US manufacturing cost index, not a raw milk farm-gate or global spot price. No free real alternative was found -- treat this signal with more skepticism than coffee/sugar."
2010-03-01,Whole Milk,168.1,PCU31153115,BLS PPI by Industry: Dairy Product Manufacturing (via FRED),https://fred.stlouisfed.org/series/PCU31153115,True,"WEAK PROXY: an industry-level US manufacturing cost index, not a raw milk farm-gate or global spot price. No free real alternative was found -- treat this signal with more skepticism than coffee/sugar."
2010-04-01,Whole Milk,167.6,PCU31153115,BLS PPI by Industry: Dairy Product Manufacturing (via FRED),https://fred.stlouisfed.org/series/PCU31153115,True,"WEAK PROXY: an industry-level US manufacturing cost index, not a raw milk farm-gate or global spot price. No free real alternative was found -- treat this signal with more skepticism than coffee/sugar."
2010-05-01,Whole Milk,168.3,PCU31153115,BLS PPI by Industry: Dairy Product Manufacturing (via FRED),https://fred.stlouisfed.org/series/PCU31153115,True,"WEAK PROXY: an industry-level US manufacturing cost index, not a raw milk farm-gate or global spot price. No free real alternative was found -- treat this signal with more skepticism than coffee/sugar."
2010-06-01,Whole Milk,171.3,PCU31153115,BLS PPI by Industry: Dairy Product Manufacturing (via FRED),https://fred.stlouisfed.org/series/PCU31153115,True,"WEAK PROXY: an industry-level US manufacturing cost index, not a raw milk farm-gate or global spot price. No free real alternative was found -- treat this signal with more skepticism than coffee/sugar."
2010-07-01,Whole Milk,173.4,PCU31153115,BLS PPI by Industry: Dairy Product Manufacturing (via FRED),https://fred.stlouisfed.org/series/PCU31153115,True,"WEAK PROXY: an industry-level US manufacturing cost index, not a raw milk farm-gate or global spot price. No free real alternative was found -- treat this signal with more skepticism than coffee/sugar."
2010-08-01,Whole Milk,175.9,PCU31153115,BLS PPI by Industry: Dairy Product Manufacturing (via FRED),https://fred.stlouisfed.org/series/PCU31153115,True,"WEAK PROXY: an industry-level US manufacturing cost index, not a raw milk farm-gate or global spot price. No free real alternative was found -- treat this signal with more skepticism than coffee/sugar."
2010-09-01,Whole Milk,179.3,PCU31153115,BLS PPI by Industry: Dairy Product Manufacturing (via FRED),https://fred.stlouisfed.org/series/PCU31153115,True,"WEAK PROXY: an industry-level US manufacturing cost index, not a raw milk farm-gate or global spot price. No free real alternative was found -- treat this signal with more skepticism than coffee/sugar."
2010-10-01,Whole Milk,181.9,PCU31153115,BLS PPI by Industry: Dairy Product Manufacturing (via FRED),https://fred.stlouisfed.org/series/PCU31153115,True,"WEAK PROXY: an industry-level US manufacturing cost index, not a raw milk farm-gate or global spot price. No free real alternative was found -- treat this signal with more skepticism than coffee/sugar."
2010-11-01,Whole Milk,181.2,PCU31153115,BLS PPI by Industry: Dairy Product Manufacturing (via FRED),https://fred.stlouisfed.org/series/PCU31153115,True,"WEAK PROXY: an industry-level US manufacturing cost index, not a raw milk farm-gate or global spot price. No free real alternative was found -- treat this signal with more skepticism than coffee/sugar."
2010-12-01,Whole Milk,176.0,PCU31153115,BLS PPI by Industry: Dairy Product Manufacturing (via FRED),https://fred.stlouisfed.org/series/PCU31153115,True,"WEAK PROXY: an industry-level US manufacturing cost index, not a raw milk farm-gate or global spot price. No free real alternative was found -- treat this signal with more skepticism than coffee/sugar."
2011-01-01,Whole Milk,175.1,PCU31153115,BLS PPI by Industry: Dairy Product Manufacturing (via FRED),https://fred.stlouisfed.org/series/PCU31153115,True,"WEAK PROXY: an industry-level US manufacturing cost index, not a raw milk farm-gate or global spot price. No free real alternative was found -- treat this signal with more skepticism than coffee/sugar."
2011-02-01,Whole Milk,183.0,PCU31153115,BLS PPI by Industry: Dairy Product Manufacturing (via FRED),https://fred.stlouisfed.org/series/PCU31153115,True,"WEAK PROXY: an industry-level US manufacturing cost index, not a raw milk farm-gate or global spot price. No free real alternative was found -- treat this signal with more skepticism than coffee/sugar."
2011-03-01,Whole Milk,190.6,PCU31153115,BLS PPI by Industry: Dairy Product Manufacturing (via FRED),https://fred.stlouisfed.org/series/PCU31153115,True,"WEAK PROXY: an industry-level US manufacturing cost index, not a raw milk farm-gate or global spot price. No free real alternative was found -- treat this signal with more skepticism than coffee/sugar."
2011-04-01,Whole Milk,191.6,PCU31153115,BLS PPI by Industry: Dairy Product Manufacturing (via FRED),https://fred.stlouisfed.org/series/PCU31153115,True,"WEAK PROXY: an industry-level US manufacturing cost index, not a raw milk farm-gate or global spot price. No free real alternative was found -- treat this signal with more skepticism than coffee/sugar."
2011-05-01,Whole Milk,192.6,PCU31153115,BLS PPI by Industry: Dairy Product Manufacturing (via FRED),https://fred.stlouisfed.org/series/PCU31153115,True,"WEAK PROXY: an industry-level US manufacturing cost index, not a raw milk farm-gate or global spot price. No free real alternative was found -- treat this signal with more skepticism than coffee/sugar."
2011-06-01,Whole Milk,199.1,PCU31153115,BLS PPI by Industry: Dairy Product Manufacturing (via FRED),https://fred.stlouisfed.org/series/PCU31153115,True,"WEAK PROXY: an industry-level US manufacturing cost index, not a raw milk farm-gate or global spot price. No free real alternative was found -- treat this signal with more skepticism than coffee/sugar."
2011-07-01,Whole Milk,203.8,PCU31153115,BLS PPI by Industry: Dairy Product Manufacturing (via FRED),https://fred.stlouisfed.org/series/PCU31153115,True,"WEAK PROXY: an industry-level US manufacturing cost index, not a raw milk farm-gate or global spot price. No free real alternative was found -- treat this signal with more skepticism than coffee/sugar."
2011-08-01,Whole Milk,206.9,PCU31153115,BLS PPI by Industry: Dairy Product Manufacturing (via FRED),https://fred.stlouisfed.org/series/PCU31153115,True,"WEAK PROXY: an industry-level US manufacturing cost index, not a raw milk farm-gate or global spot price. No free real alternative was found -- treat this signal with more skepticism than coffee/sugar."
2011-09-01,Whole Milk,203.6,PCU31153115,BLS PPI by Industry: Dairy Product Manufacturing (via FRED),https://fred.stlouisfed.org/series/PCU31153115,True,"WEAK PROXY: an industry-level US manufacturing cost index, not a raw milk farm-gate or global spot price. No free real alternative was found -- treat this signal with more skepticism than coffee/sugar."
2011-10-01,Whole Milk,198.7,PCU31153115,BLS PPI by Industry: Dairy Product Manufacturing (via FRED),https://fred.stlouisfed.org/series/PCU31153115,True,"WEAK PROXY: an industry-level US manufacturing cost index, not a raw milk farm-gate or global spot price. No free real alternative was found -- treat this signal with more skepticism than coffee/sugar."
2011-11-01,Whole Milk,198.1,PCU31153115,BLS PPI by Industry: Dairy Product Manufacturing (via FRED),https://fred.stlouisfed.org/series/PCU31153115,True,"WEAK PROXY: an industry-level US manufacturing cost index, not a raw milk farm-gate or global spot price. No free real alternative was found -- treat this signal with more skepticism than coffee/sugar."
2011-12-01,Whole Milk,196.7,PCU31153115,BLS PPI by Industry: Dairy Product Manufacturing (via FRED),https://fred.stlouisfed.org/series/PCU31153115,True,"WEAK PROXY: an industry-level US manufacturing cost index, not a raw milk farm-gate or global spot price. No free real alternative was found -- treat this signal with more skepticism than coffee/sugar."
2012-01-01,Whole Milk,194.9,PCU31153115,BLS PPI by Industry: Dairy Product Manufacturing (via FRED),https://fred.stlouisfed.org/series/PCU31153115,True,"WEAK PROXY: an industry-level US manufacturing cost index, not a raw milk farm-gate or global spot price. No free real alternative was found -- treat this signal with more skepticism than coffee/sugar."
2012-02-01,Whole Milk,190.3,PCU31153115,BLS PPI by Industry: Dairy Product Manufacturing (via FRED),https://fred.stlouisfed.org/series/PCU31153115,True,"WEAK PROXY: an industry-level US manufacturing cost index, not a raw milk farm-gate or global spot price. No free real alternative was found -- treat this signal with more skepticism than coffee/sugar."
2012-03-01,Whole Milk,188.1,PCU31153115,BLS PPI by Industry: Dairy Product Manufacturing (via FRED),https://fred.stlouisfed.org/series/PCU31153115,True,"WEAK PROXY: an industry-level US manufacturing cost index, not a raw milk farm-gate or global spot price. No free real alternative was found -- treat this signal with more skepticism than coffee/sugar."
2012-04-01,Whole Milk,187.0,PCU31153115,BLS PPI by Industry: Dairy Product Manufacturing (via FRED),https://fred.stlouisfed.org/series/PCU31153115,True,"WEAK PROXY: an industry-level US manufacturing cost index, not a raw milk farm-gate or global spot price. No free real alternative was found -- treat this signal with more skepticism than coffee/sugar."
2012-05-01,Whole Milk,185.6,PCU31153115,BLS PPI by Industry: Dairy Product Manufacturing (via FRED),https://fred.stlouisfed.org/series/PCU31153115,True,"WEAK PROXY: an industry-level US manufacturing cost index, not a raw milk farm-gate or global spot price. No free real alternative was found -- treat this signal with more skepticism than coffee/sugar."
2012-06-01,Whole Milk,185.2,PCU31153115,BLS PPI by Industry: Dairy Product Manufacturing (via FRED),https://fred.stlouisfed.org/series/PCU31153115,True,"WEAK PROXY: an industry-level US manufacturing cost index, not a raw milk farm-gate or global spot price. No free real alternative was found -- treat this signal with more skepticism than coffee/sugar."
2012-07-01,Whole Milk,187.0,PCU31153115,BLS PPI by Industry: Dairy Product Manufacturing (via FRED),https://fred.stlouisfed.org/series/PCU31153115,True,"WEAK PROXY: an industry-level US manufacturing cost index, not a raw milk farm-gate or global spot price. No free real alternative was found -- treat this signal with more skepticism than coffee/sugar."
2012-08-01,Whole Milk,191.5,PCU31153115,BLS PPI by Industry: Dairy Product Manufacturing (via FRED),https://fred.stlouisfed.org/series/PCU31153115,True,"WEAK PROXY: an industry-level US manufacturing cost index, not a raw milk farm-gate or global spot price. No free real alternative was found -- treat this signal with more skepticism than coffee/sugar."
2012-09-01,Whole Milk,196.0,PCU31153115,BLS PPI by Industry: Dairy Product Manufacturing (via FRED),https://fred.stlouisfed.org/series/PCU31153115,True,"WEAK PROXY: an industry-level US manufacturing cost index, not a raw milk farm-gate or global spot price. No free real alternative was found -- treat this signal with more skepticism than coffee/sugar."
2012-10-01,Whole Milk,202.3,PCU31153115,BLS PPI by Industry: Dairy Product Manufacturing (via FRED),https://fred.stlouisfed.org/series/PCU31153115,True,"WEAK PROXY: an industry-level US manufacturing cost index, not a raw milk farm-gate or global spot price. No free real alternative was found -- treat this signal with more skepticism than coffee/sugar."
2012-11-01,Whole Milk,205.5,PCU31153115,BLS PPI by Industry: Dairy Product Manufacturing (via FRED),https://fred.stlouisfed.org/series/PCU31153115,True,"WEAK PROXY: an industry-level US manufacturing cost index, not a raw milk farm-gate or global spot price. No free real alternative was found -- treat this signal with more skepticism than coffee/sugar."
2012-12-01,Whole Milk,203.5,PCU31153115,BLS PPI by Industry: Dairy Product Manufacturing (via FRED),https://fred.stlouisfed.org/series/PCU31153115,True,"WEAK PROXY: an industry-level US manufacturing cost index, not a raw milk farm-gate or global spot price. No free real alternative was found -- treat this signal with more skepticism than coffee/sugar."
2013-01-01,Whole Milk,198.7,PCU31153115,BLS PPI by Industry: Dairy Product Manufacturing (via FRED),https://fred.stlouisfed.org/series/PCU31153115,True,"WEAK PROXY: an industry-level US manufacturing cost index, not a raw milk farm-gate or global spot price. No free real alternative was found -- treat this signal with more skepticism than coffee/sugar."
2013-02-01,Whole Milk,196.5,PCU31153115,BLS PPI by Industry: Dairy Product Manufacturing (via FRED),https://fred.stlouisfed.org/series/PCU31153115,True,"WEAK PROXY: an industry-level US manufacturing cost index, not a raw milk farm-gate or global spot price. No free real alternative was found -- treat this signal with more skepticism than coffee/sugar."
2013-03-01,Whole Milk,196.2,PCU31153115,BLS PPI by Industry: Dairy Product Manufacturing (via FRED),https://fred.stlouisfed.org/series/PCU31153115,True,"WEAK PROXY: an industry-level US manufacturing cost index, not a raw milk farm-gate or global spot price. No free real alternative was found -- treat this signal with more skepticism than coffee/sugar."
2013-04-01,Whole Milk,196.9,PCU31153115,BLS PPI by Industry: Dairy Product Manufacturing (via FRED),https://fred.stlouisfed.org/series/PCU31153115,True,"WEAK PROXY: an industry-level US manufacturing cost index, not a raw milk farm-gate or global spot price. No free real alternative was found -- treat this signal with more skepticism than coffee/sugar."
2013-05-01,Whole Milk,199.3,PCU31153115,BLS PPI by Industry: Dairy Product Manufacturing (via FRED),https://fred.stlouisfed.org/series/PCU31153115,True,"WEAK PROXY: an industry-level US manufacturing cost index, not a raw milk farm-gate or global spot price. No free real alternative was found -- treat this signal with more skepticism than coffee/sugar."
2013-06-01,Whole Milk,200.0,PCU31153115,BLS PPI by Industry: Dairy Product Manufacturing (via FRED),https://fred.stlouisfed.org/series/PCU31153115,True,"WEAK PROXY: an industry-level US manufacturing cost index, not a raw milk farm-gate or global spot price. No free real alternative was found -- treat this signal with more skepticism than coffee/sugar."
2013-07-01,Whole Milk,198.8,PCU31153115,BLS PPI by Industry: Dairy Product Manufacturing (via FRED),https://fred.stlouisfed.org/series/PCU31153115,True,"WEAK PROXY: an industry-level US manufacturing cost index, not a raw milk farm-gate or global spot price. No free real alternative was found -- treat this signal with more skepticism than coffee/sugar."
2013-08-01,Whole Milk,199.5,PCU31153115,BLS PPI by Industry: Dairy Product Manufacturing (via FRED),https://fred.stlouisfed.org/series/PCU31153115,True,"WEAK PROXY: an industry-level US manufacturing cost index, not a raw milk farm-gate or global spot price. No free real alternative was found -- treat this signal with more skepticism than coffee/sugar."
2013-09-01,Whole Milk,200.6,PCU31153115,BLS PPI by Industry: Dairy Product Manufacturing (via FRED),https://fred.stlouisfed.org/series/PCU31153115,True,"WEAK PROXY: an industry-level US manufacturing cost index, not a raw milk farm-gate or global spot price. No free real alternative was found -- treat this signal with more skepticism than coffee/sugar."
2013-10-01,Whole Milk,202.6,PCU31153115,BLS PPI by Industry: Dairy Product Manufacturing (via FRED),https://fred.stlouisfed.org/series/PCU31153115,True,"WEAK PROXY: an industry-level US manufacturing cost index, not a raw milk farm-gate or global spot price. No free real alternative was found -- treat this signal with more skepticism than coffee/sugar."
2013-11-01,Whole Milk,204.9,PCU31153115,BLS PPI by Industry: Dairy Product Manufacturing (via FRED),https://fred.stlouisfed.org/series/PCU31153115,True,"WEAK PROXY: an industry-level US manufacturing cost index, not a raw milk farm-gate or global spot price. No free real alternative was found -- treat this signal with more skepticism than coffee/sugar."
2013-12-01,Whole Milk,207.1,PCU31153115,BLS PPI by Industry: Dairy Product Manufacturing (via FRED),https://fred.stlouisfed.org/series/PCU31153115,True,"WEAK PROXY: an industry-level US manufacturing cost index, not a raw milk farm-gate or global spot price. No free real alternative was found -- treat this signal with more skepticism than coffee/sugar."
2014-01-01,Whole Milk,212.2,PCU31153115,BLS PPI by Industry: Dairy Product Manufacturing (via FRED),https://fred.stlouisfed.org/series/PCU31153115,True,"WEAK PROXY: an industry-level US manufacturing cost index, not a raw milk farm-gate or global spot price. No free real alternative was found -- treat this signal with more skepticism than coffee/sugar."
2014-02-01,Whole Milk,218.9,PCU31153115,BLS PPI by Industry: Dairy Product Manufacturing (via FRED),https://fred.stlouisfed.org/series/PCU31153115,True,"WEAK PROXY: an industry-level US manufacturing cost index, not a raw milk farm-gate or global spot price. No free real alternative was found -- treat this signal with more skepticism than coffee/sugar."
2014-03-01,Whole Milk,222.4,PCU31153115,BLS PPI by Industry: Dairy Product Manufacturing (via FRED),https://fred.stlouisfed.org/series/PCU31153115,True,"WEAK PROXY: an industry-level US manufacturing cost index, not a raw milk farm-gate or global spot price. No free real alternative was found -- treat this signal with more skepticism than coffee/sugar."
2014-04-01,Whole Milk,225.6,PCU31153115,BLS PPI by Industry: Dairy Product Manufacturing (via FRED),https://fred.stlouisfed.org/series/PCU31153115,True,"WEAK PROXY: an industry-level US manufacturing cost index, not a raw milk farm-gate or global spot price. No free real alternative was found -- treat this signal with more skepticism than coffee/sugar."
2014-05-01,Whole Milk,223.9,PCU31153115,BLS PPI by Industry: Dairy Product Manufacturing (via FRED),https://fred.stlouisfed.org/series/PCU31153115,True,"WEAK PROXY: an industry-level US manufacturing cost index, not a raw milk farm-gate or global spot price. No free real alternative was found -- treat this signal with more skepticism than coffee/sugar."
2014-06-01,Whole Milk,220.7,PCU31153115,BLS PPI by Industry: Dairy Product Manufacturing (via FRED),https://fred.stlouisfed.org/series/PCU31153115,True,"WEAK PROXY: an industry-level US manufacturing cost index, not a raw milk farm-gate or global spot price. No free real alternative was found -- treat this signal with more skepticism than coffee/sugar."
2014-07-01,Whole Milk,220.7,PCU31153115,BLS PPI by Industry: Dairy Product Manufacturing (via FRED),https://fred.stlouisfed.org/series/PCU31153115,True,"WEAK PROXY: an industry-level US manufacturing cost index, not a raw milk farm-gate or global spot price. No free real alternative was found -- treat this signal with more skepticism than coffee/sugar."
2014-08-01,Whole Milk,223.4,PCU31153115,BLS PPI by Industry: Dairy Product Manufacturing (via FRED),https://fred.stlouisfed.org/series/PCU31153115,True,"WEAK PROXY: an industry-level US manufacturing cost index, not a raw milk farm-gate or global spot price. No free real alternative was found -- treat this signal with more skepticism than coffee/sugar."
2014-09-01,Whole Milk,228.3,PCU31153115,BLS PPI by Industry: Dairy Product Manufacturing (via FRED),https://fred.stlouisfed.org/series/PCU31153115,True,"WEAK PROXY: an industry-level US manufacturing cost index, not a raw milk farm-gate or global spot price. No free real alternative was found -- treat this signal with more skepticism than coffee/sugar."
2014-10-01,Whole Milk,228.3,PCU31153115,BLS PPI by Industry: Dairy Product Manufacturing (via FRED),https://fred.stlouisfed.org/series/PCU31153115,True,"WEAK PROXY: an industry-level US manufacturing cost index, not a raw milk farm-gate or global spot price. No free real alternative was found -- treat this signal with more skepticism than coffee/sugar."
2014-11-01,Whole Milk,221.9,PCU31153115,BLS PPI by Industry: Dairy Product Manufacturing (via FRED),https://fred.stlouisfed.org/series/PCU31153115,True,"WEAK PROXY: an industry-level US manufacturing cost index, not a raw milk farm-gate or global spot price. No free real alternative was found -- treat this signal with more skepticism than coffee/sugar."
2014-12-01,Whole Milk,212.2,PCU31153115,BLS PPI by Industry: Dairy Product Manufacturing (via FRED),https://fred.stlouisfed.org/series/PCU31153115,True,"WEAK PROXY: an industry-level US manufacturing cost index, not a raw milk farm-gate or global spot price. No free real alternative was found -- treat this signal with more skepticism than coffee/sugar."
2015-01-01,Whole Milk,199.6,PCU31153115,BLS PPI by Industry: Dairy Product Manufacturing (via FRED),https://fred.stlouisfed.org/series/PCU31153115,True,"WEAK PROXY: an industry-level US manufacturing cost index, not a raw milk farm-gate or global spot price. No free real alternative was found -- treat this signal with more skepticism than coffee/sugar."
2015-02-01,Whole Milk,194.2,PCU31153115,BLS PPI by Industry: Dairy Product Manufacturing (via FRED),https://fred.stlouisfed.org/series/PCU31153115,True,"WEAK PROXY: an industry-level US manufacturing cost index, not a raw milk farm-gate or global spot price. No free real alternative was found -- treat this signal with more skepticism than coffee/sugar."
2015-03-01,Whole Milk,192.8,PCU31153115,BLS PPI by Industry: Dairy Product Manufacturing (via FRED),https://fred.stlouisfed.org/series/PCU31153115,True,"WEAK PROXY: an industry-level US manufacturing cost index, not a raw milk farm-gate or global spot price. No free real alternative was found -- treat this signal with more skepticism than coffee/sugar."
2015-04-01,Whole Milk,192.1,PCU31153115,BLS PPI by Industry: Dairy Product Manufacturing (via FRED),https://fred.stlouisfed.org/series/PCU31153115,True,"WEAK PROXY: an industry-level US manufacturing cost index, not a raw milk farm-gate or global spot price. No free real alternative was found -- treat this signal with more skepticism than coffee/sugar."
2015-05-01,Whole Milk,194.1,PCU31153115,BLS PPI by Industry: Dairy Product Manufacturing (via FRED),https://fred.stlouisfed.org/series/PCU31153115,True,"WEAK PROXY: an industry-level US manufacturing cost index, not a raw milk farm-gate or global spot price. No free real alternative was found -- treat this signal with more skepticism than coffee/sugar."
2015-06-01,Whole Milk,195.5,PCU31153115,BLS PPI by Industry: Dairy Product Manufacturing (via FRED),https://fred.stlouisfed.org/series/PCU31153115,True,"WEAK PROXY: an industry-level US manufacturing cost index, not a raw milk farm-gate or global spot price. No free real alternative was found -- treat this signal with more skepticism than coffee/sugar."
2015-07-01,Whole Milk,194.8,PCU31153115,BLS PPI by Industry: Dairy Product Manufacturing (via FRED),https://fred.stlouisfed.org/series/PCU31153115,True,"WEAK PROXY: an industry-level US manufacturing cost index, not a raw milk farm-gate or global spot price. No free real alternative was found -- treat this signal with more skepticism than coffee/sugar."
2015-08-01,Whole Milk,195.0,PCU31153115,BLS PPI by Industry: Dairy Product Manufacturing (via FRED),https://fred.stlouisfed.org/series/PCU31153115,True,"WEAK PROXY: an industry-level US manufacturing cost index, not a raw milk farm-gate or global spot price. No free real alternative was found -- treat this signal with more skepticism than coffee/sugar."
2015-09-01,Whole Milk,196.7,PCU31153115,BLS PPI by Industry: Dairy Product Manufacturing (via FRED),https://fred.stlouisfed.org/series/PCU31153115,True,"WEAK PROXY: an industry-level US manufacturing cost index, not a raw milk farm-gate or global spot price. No free real alternative was found -- treat this signal with more skepticism than coffee/sugar."
2015-10-01,Whole Milk,197.5,PCU31153115,BLS PPI by Industry: Dairy Product Manufacturing (via FRED),https://fred.stlouisfed.org/series/PCU31153115,True,"WEAK PROXY: an industry-level US manufacturing cost index, not a raw milk farm-gate or global spot price. No free real alternative was found -- treat this signal with more skepticism than coffee/sugar."
2015-11-01,Whole Milk,197.6,PCU31153115,BLS PPI by Industry: Dairy Product Manufacturing (via FRED),https://fred.stlouisfed.org/series/PCU31153115,True,"WEAK PROXY: an industry-level US manufacturing cost index, not a raw milk farm-gate or global spot price. No free real alternative was found -- treat this signal with more skepticism than coffee/sugar."
2015-12-01,Whole Milk,195.2,PCU31153115,BLS PPI by Industry: Dairy Product Manufacturing (via FRED),https://fred.stlouisfed.org/series/PCU31153115,True,"WEAK PROXY: an industry-level US manufacturing cost index, not a raw milk farm-gate or global spot price. No free real alternative was found -- treat this signal with more skepticism than coffee/sugar."
2016-01-01,Whole Milk,191.3,PCU31153115,BLS PPI by Industry: Dairy Product Manufacturing (via FRED),https://fred.stlouisfed.org/series/PCU31153115,True,"WEAK PROXY: an industry-level US manufacturing cost index, not a raw milk farm-gate or global spot price. No free real alternative was found -- treat this signal with more skepticism than coffee/sugar."
2016-02-01,Whole Milk,189.8,PCU31153115,BLS PPI by Industry: Dairy Product Manufacturing (via FRED),https://fred.stlouisfed.org/series/PCU31153115,True,"WEAK PROXY: an industry-level US manufacturing cost index, not a raw milk farm-gate or global spot price. No free real alternative was found -- treat this signal with more skepticism than coffee/sugar."
2016-03-01,Whole Milk,189.0,PCU31153115,BLS PPI by Industry: Dairy Product Manufacturing (via FRED),https://fred.stlouisfed.org/series/PCU31153115,True,"WEAK PROXY: an industry-level US manufacturing cost index, not a raw milk farm-gate or global spot price. No free real alternative was found -- treat this signal with more skepticism than coffee/sugar."
2016-04-01,Whole Milk,188.2,PCU31153115,BLS PPI by Industry: Dairy Product Manufacturing (via FRED),https://fred.stlouisfed.org/series/PCU31153115,True,"WEAK PROXY: an industry-level US manufacturing cost index, not a raw milk farm-gate or global spot price. No free real alternative was found -- treat this signal with more skepticism than coffee/sugar."
2016-05-01,Whole Milk,186.9,PCU31153115,BLS PPI by Industry: Dairy Product Manufacturing (via FRED),https://fred.stlouisfed.org/series/PCU31153115,True,"WEAK PROXY: an industry-level US manufacturing cost index, not a raw milk farm-gate or global spot price. No free real alternative was found -- treat this signal with more skepticism than coffee/sugar."
2016-06-01,Whole Milk,187.3,PCU31153115,BLS PPI by Industry: Dairy Product Manufacturing (via FRED),https://fred.stlouisfed.org/series/PCU31153115,True,"WEAK PROXY: an industry-level US manufacturing cost index, not a raw milk farm-gate or global spot price. No free real alternative was found -- treat this signal with more skepticism than coffee/sugar."
2016-07-01,Whole Milk,191.3,PCU31153115,BLS PPI by Industry: Dairy Product Manufacturing (via FRED),https://fred.stlouisfed.org/series/PCU31153115,True,"WEAK PROXY: an industry-level US manufacturing cost index, not a raw milk farm-gate or global spot price. No free real alternative was found -- treat this signal with more skepticism than coffee/sugar."
2016-08-01,Whole Milk,196.4,PCU31153115,BLS PPI by Industry: Dairy Product Manufacturing (via FRED),https://fred.stlouisfed.org/series/PCU31153115,True,"WEAK PROXY: an industry-level US manufacturing cost index, not a raw milk farm-gate or global spot price. No free real alternative was found -- treat this signal with more skepticism than coffee/sugar."
2016-09-01,Whole Milk,198.8,PCU31153115,BLS PPI by Industry: Dairy Product Manufacturing (via FRED),https://fred.stlouisfed.org/series/PCU31153115,True,"WEAK PROXY: an industry-level US manufacturing cost index, not a raw milk farm-gate or global spot price. No free real alternative was found -- treat this signal with more skepticism than coffee/sugar."
2016-10-01,Whole Milk,195.5,PCU31153115,BLS PPI by Industry: Dairy Product Manufacturing (via FRED),https://fred.stlouisfed.org/series/PCU31153115,True,"WEAK PROXY: an industry-level US manufacturing cost index, not a raw milk farm-gate or global spot price. No free real alternative was found -- treat this signal with more skepticism than coffee/sugar."
2016-11-01,Whole Milk,195.4,PCU31153115,BLS PPI by Industry: Dairy Product Manufacturing (via FRED),https://fred.stlouisfed.org/series/PCU31153115,True,"WEAK PROXY: an industry-level US manufacturing cost index, not a raw milk farm-gate or global spot price. No free real alternative was found -- treat this signal with more skepticism than coffee/sugar."
2016-12-01,Whole Milk,199.0,PCU31153115,BLS PPI by Industry: Dairy Product Manufacturing (via FRED),https://fred.stlouisfed.org/series/PCU31153115,True,"WEAK PROXY: an industry-level US manufacturing cost index, not a raw milk farm-gate or global spot price. No free real alternative was found -- treat this signal with more skepticism than coffee/sugar."
2017-01-01,Whole Milk,201.2,PCU31153115,BLS PPI by Industry: Dairy Product Manufacturing (via FRED),https://fred.stlouisfed.org/series/PCU31153115,True,"WEAK PROXY: an industry-level US manufacturing cost index, not a raw milk farm-gate or global spot price. No free real alternative was found -- treat this signal with more skepticism than coffee/sugar."
2017-02-01,Whole Milk,200.4,PCU31153115,BLS PPI by Industry: Dairy Product Manufacturing (via FRED),https://fred.stlouisfed.org/series/PCU31153115,True,"WEAK PROXY: an industry-level US manufacturing cost index, not a raw milk farm-gate or global spot price. No free real alternative was found -- treat this signal with more skepticism than coffee/sugar."
2017-03-01,Whole Milk,198.7,PCU31153115,BLS PPI by Industry: Dairy Product Manufacturing (via FRED),https://fred.stlouisfed.org/series/PCU31153115,True,"WEAK PROXY: an industry-level US manufacturing cost index, not a raw milk farm-gate or global spot price. No free real alternative was found -- treat this signal with more skepticism than coffee/sugar."
2017-04-01,Whole Milk,196.6,PCU31153115,BLS PPI by Industry: Dairy Product Manufacturing (via FRED),https://fred.stlouisfed.org/series/PCU31153115,True,"WEAK PROXY: an industry-level US manufacturing cost index, not a raw milk farm-gate or global spot price. No free real alternative was found -- treat this signal with more skepticism than coffee/sugar."
2017-05-01,Whole Milk,195.9,PCU31153115,BLS PPI by Industry: Dairy Product Manufacturing (via FRED),https://fred.stlouisfed.org/series/PCU31153115,True,"WEAK PROXY: an industry-level US manufacturing cost index, not a raw milk farm-gate or global spot price. No free real alternative was found -- treat this signal with more skepticism than coffee/sugar."
2017-06-01,Whole Milk,198.7,PCU31153115,BLS PPI by Industry: Dairy Product Manufacturing (via FRED),https://fred.stlouisfed.org/series/PCU31153115,True,"WEAK PROXY: an industry-level US manufacturing cost index, not a raw milk farm-gate or global spot price. No free real alternative was found -- treat this signal with more skepticism than coffee/sugar."
2017-07-01,Whole Milk,200.2,PCU31153115,BLS PPI by Industry: Dairy Product Manufacturing (via FRED),https://fred.stlouisfed.org/series/PCU31153115,True,"WEAK PROXY: an industry-level US manufacturing cost index, not a raw milk farm-gate or global spot price. No free real alternative was found -- treat this signal with more skepticism than coffee/sugar."
2017-08-01,Whole Milk,202.5,PCU31153115,BLS PPI by Industry: Dairy Product Manufacturing (via FRED),https://fred.stlouisfed.org/series/PCU31153115,True,"WEAK PROXY: an industry-level US manufacturing cost index, not a raw milk farm-gate or global spot price. No free real alternative was found -- treat this signal with more skepticism than coffee/sugar."
2017-09-01,Whole Milk,202.0,PCU31153115,BLS PPI by Industry: Dairy Product Manufacturing (via FRED),https://fred.stlouisfed.org/series/PCU31153115,True,"WEAK PROXY: an industry-level US manufacturing cost index, not a raw milk farm-gate or global spot price. No free real alternative was found -- treat this signal with more skepticism than coffee/sugar."
2017-10-01,Whole Milk,201.2,PCU31153115,BLS PPI by Industry: Dairy Product Manufacturing (via FRED),https://fred.stlouisfed.org/series/PCU31153115,True,"WEAK PROXY: an industry-level US manufacturing cost index, not a raw milk farm-gate or global spot price. No free real alternative was found -- treat this signal with more skepticism than coffee/sugar."
2017-11-01,Whole Milk,200.1,PCU31153115,BLS PPI by Industry: Dairy Product Manufacturing (via FRED),https://fred.stlouisfed.org/series/PCU31153115,True,"WEAK PROXY: an industry-level US manufacturing cost index, not a raw milk farm-gate or global spot price. No free real alternative was found -- treat this signal with more skepticism than coffee/sugar."
2017-12-01,Whole Milk,198.0,PCU31153115,BLS PPI by Industry: Dairy Product Manufacturing (via FRED),https://fred.stlouisfed.org/series/PCU31153115,True,"WEAK PROXY: an industry-level US manufacturing cost index, not a raw milk farm-gate or global spot price. No free real alternative was found -- treat this signal with more skepticism than coffee/sugar."
2018-01-01,Whole Milk,195.1,PCU31153115,BLS PPI by Industry: Dairy Product Manufacturing (via FRED),https://fred.stlouisfed.org/series/PCU31153115,True,"WEAK PROXY: an industry-level US manufacturing cost index, not a raw milk farm-gate or global spot price. No free real alternative was found -- treat this signal with more skepticism than coffee/sugar."
2018-02-01,Whole Milk,191.8,PCU31153115,BLS PPI by Industry: Dairy Product Manufacturing (via FRED),https://fred.stlouisfed.org/series/PCU31153115,True,"WEAK PROXY: an industry-level US manufacturing cost index, not a raw milk farm-gate or global spot price. No free real alternative was found -- treat this signal with more skepticism than coffee/sugar."
2018-03-01,Whole Milk,192.1,PCU31153115,BLS PPI by Industry: Dairy Product Manufacturing (via FRED),https://fred.stlouisfed.org/series/PCU31153115,True,"WEAK PROXY: an industry-level US manufacturing cost index, not a raw milk farm-gate or global spot price. No free real alternative was found -- treat this signal with more skepticism than coffee/sugar."
2018-04-01,Whole Milk,192.5,PCU31153115,BLS PPI by Industry: Dairy Product Manufacturing (via FRED),https://fred.stlouisfed.org/series/PCU31153115,True,"WEAK PROXY: an industry-level US manufacturing cost index, not a raw milk farm-gate or global spot price. No free real alternative was found -- treat this signal with more skepticism than coffee/sugar."
2018-05-01,Whole Milk,195.1,PCU31153115,BLS PPI by Industry: Dairy Product Manufacturing (via FRED),https://fred.stlouisfed.org/series/PCU31153115,True,"WEAK PROXY: an industry-level US manufacturing cost index, not a raw milk farm-gate or global spot price. No free real alternative was found -- treat this signal with more skepticism than coffee/sugar."
2018-06-01,Whole Milk,195.6,PCU31153115,BLS PPI by Industry: Dairy Product Manufacturing (via FRED),https://fred.stlouisfed.org/series/PCU31153115,True,"WEAK PROXY: an industry-level US manufacturing cost index, not a raw milk farm-gate or global spot price. No free real alternative was found -- treat this signal with more skepticism than coffee/sugar."
2018-07-01,Whole Milk,194.7,PCU31153115,BLS PPI by Industry: Dairy Product Manufacturing (via FRED),https://fred.stlouisfed.org/series/PCU31153115,True,"WEAK PROXY: an industry-level US manufacturing cost index, not a raw milk farm-gate or global spot price. No free real alternative was found -- treat this signal with more skepticism than coffee/sugar."
2018-08-01,Whole Milk,195.1,PCU31153115,BLS PPI by Industry: Dairy Product Manufacturing (via FRED),https://fred.stlouisfed.org/series/PCU31153115,True,"WEAK PROXY: an industry-level US manufacturing cost index, not a raw milk farm-gate or global spot price. No free real alternative was found -- treat this signal with more skepticism than coffee/sugar."
2018-09-01,Whole Milk,196.0,PCU31153115,BLS PPI by Industry: Dairy Product Manufacturing (via FRED),https://fred.stlouisfed.org/series/PCU31153115,True,"WEAK PROXY: an industry-level US manufacturing cost index, not a raw milk farm-gate or global spot price. No free real alternative was found -- treat this signal with more skepticism than coffee/sugar."
2018-10-01,Whole Milk,197.2,PCU31153115,BLS PPI by Industry: Dairy Product Manufacturing (via FRED),https://fred.stlouisfed.org/series/PCU31153115,True,"WEAK PROXY: an industry-level US manufacturing cost index, not a raw milk farm-gate or global spot price. No free real alternative was found -- treat this signal with more skepticism than coffee/sugar."
2018-11-01,Whole Milk,195.8,PCU31153115,BLS PPI by Industry: Dairy Product Manufacturing (via FRED),https://fred.stlouisfed.org/series/PCU31153115,True,"WEAK PROXY: an industry-level US manufacturing cost index, not a raw milk farm-gate or global spot price. No free real alternative was found -- treat this signal with more skepticism than coffee/sugar."
2018-12-01,Whole Milk,194.8,PCU31153115,BLS PPI by Industry: Dairy Product Manufacturing (via FRED),https://fred.stlouisfed.org/series/PCU31153115,True,"WEAK PROXY: an industry-level US manufacturing cost index, not a raw milk farm-gate or global spot price. No free real alternative was found -- treat this signal with more skepticism than coffee/sugar."
2019-01-01,Whole Milk,195.5,PCU31153115,BLS PPI by Industry: Dairy Product Manufacturing (via FRED),https://fred.stlouisfed.org/series/PCU31153115,True,"WEAK PROXY: an industry-level US manufacturing cost index, not a raw milk farm-gate or global spot price. No free real alternative was found -- treat this signal with more skepticism than coffee/sugar."
2019-02-01,Whole Milk,197.0,PCU31153115,BLS PPI by Industry: Dairy Product Manufacturing (via FRED),https://fred.stlouisfed.org/series/PCU31153115,True,"WEAK PROXY: an industry-level US manufacturing cost index, not a raw milk farm-gate or global spot price. No free real alternative was found -- treat this signal with more skepticism than coffee/sugar."
2019-03-01,Whole Milk,198.8,PCU31153115,BLS PPI by Industry: Dairy Product Manufacturing (via FRED),https://fred.stlouisfed.org/series/PCU31153115,True,"WEAK PROXY: an industry-level US manufacturing cost index, not a raw milk farm-gate or global spot price. No free real alternative was found -- treat this signal with more skepticism than coffee/sugar."
2019-04-01,Whole Milk,199.9,PCU31153115,BLS PPI by Industry: Dairy Product Manufacturing (via FRED),https://fred.stlouisfed.org/series/PCU31153115,True,"WEAK PROXY: an industry-level US manufacturing cost index, not a raw milk farm-gate or global spot price. No free real alternative was found -- treat this signal with more skepticism than coffee/sugar."
2019-05-01,Whole Milk,201.9,PCU31153115,BLS PPI by Industry: Dairy Product Manufacturing (via FRED),https://fred.stlouisfed.org/series/PCU31153115,True,"WEAK PROXY: an industry-level US manufacturing cost index, not a raw milk farm-gate or global spot price. No free real alternative was found -- treat this signal with more skepticism than coffee/sugar."
2019-06-01,Whole Milk,203.4,PCU31153115,BLS PPI by Industry: Dairy Product Manufacturing (via FRED),https://fred.stlouisfed.org/series/PCU31153115,True,"WEAK PROXY: an industry-level US manufacturing cost index, not a raw milk farm-gate or global spot price. No free real alternative was found -- treat this signal with more skepticism than coffee/sugar."
2019-07-01,Whole Milk,205.6,PCU31153115,BLS PPI by Industry: Dairy Product Manufacturing (via FRED),https://fred.stlouisfed.org/series/PCU31153115,True,"WEAK PROXY: an industry-level US manufacturing cost index, not a raw milk farm-gate or global spot price. No free real alternative was found -- treat this signal with more skepticism than coffee/sugar."
2019-08-01,Whole Milk,207.1,PCU31153115,BLS PPI by Industry: Dairy Product Manufacturing (via FRED),https://fred.stlouisfed.org/series/PCU31153115,True,"WEAK PROXY: an industry-level US manufacturing cost index, not a raw milk farm-gate or global spot price. No free real alternative was found -- treat this signal with more skepticism than coffee/sugar."
2019-09-01,Whole Milk,207.7,PCU31153115,BLS PPI by Industry: Dairy Product Manufacturing (via FRED),https://fred.stlouisfed.org/series/PCU31153115,True,"WEAK PROXY: an industry-level US manufacturing cost index, not a raw milk farm-gate or global spot price. No free real alternative was found -- treat this signal with more skepticism than coffee/sugar."
2019-10-01,Whole Milk,207.3,PCU31153115,BLS PPI by Industry: Dairy Product Manufacturing (via FRED),https://fred.stlouisfed.org/series/PCU31153115,True,"WEAK PROXY: an industry-level US manufacturing cost index, not a raw milk farm-gate or global spot price. No free real alternative was found -- treat this signal with more skepticism than coffee/sugar."
2019-11-01,Whole Milk,209.3,PCU31153115,BLS PPI by Industry: Dairy Product Manufacturing (via FRED),https://fred.stlouisfed.org/series/PCU31153115,True,"WEAK PROXY: an industry-level US manufacturing cost index, not a raw milk farm-gate or global spot price. No free real alternative was found -- treat this signal with more skepticism than coffee/sugar."
2019-12-01,Whole Milk,208.7,PCU31153115,BLS PPI by Industry: Dairy Product Manufacturing (via FRED),https://fred.stlouisfed.org/series/PCU31153115,True,"WEAK PROXY: an industry-level US manufacturing cost index, not a raw milk farm-gate or global spot price. No free real alternative was found -- treat this signal with more skepticism than coffee/sugar."
2020-01-01,Whole Milk,206.9,PCU31153115,BLS PPI by Industry: Dairy Product Manufacturing (via FRED),https://fred.stlouisfed.org/series/PCU31153115,True,"WEAK PROXY: an industry-level US manufacturing cost index, not a raw milk farm-gate or global spot price. No free real alternative was found -- treat this signal with more skepticism than coffee/sugar."
2020-02-01,Whole Milk,204.4,PCU31153115,BLS PPI by Industry: Dairy Product Manufacturing (via FRED),https://fred.stlouisfed.org/series/PCU31153115,True,"WEAK PROXY: an industry-level US manufacturing cost index, not a raw milk farm-gate or global spot price. No free real alternative was found -- treat this signal with more skepticism than coffee/sugar."
2020-03-01,Whole Milk,203.2,PCU31153115,BLS PPI by Industry: Dairy Product Manufacturing (via FRED),https://fred.stlouisfed.org/series/PCU31153115,True,"WEAK PROXY: an industry-level US manufacturing cost index, not a raw milk farm-gate or global spot price. No free real alternative was found -- treat this signal with more skepticism than coffee/sugar."
2020-04-01,Whole Milk,194.5,PCU31153115,BLS PPI by Industry: Dairy Product Manufacturing (via FRED),https://fred.stlouisfed.org/series/PCU31153115,True,"WEAK PROXY: an industry-level US manufacturing cost index, not a raw milk farm-gate or global spot price. No free real alternative was found -- treat this signal with more skepticism than coffee/sugar."
2020-05-01,Whole Milk,189.8,PCU31153115,BLS PPI by Industry: Dairy Product Manufacturing (via FRED),https://fred.stlouisfed.org/series/PCU31153115,True,"WEAK PROXY: an industry-level US manufacturing cost index, not a raw milk farm-gate or global spot price. No free real alternative was found -- treat this signal with more skepticism than coffee/sugar."
2020-06-01,Whole Milk,200.7,PCU31153115,BLS PPI by Industry: Dairy Product Manufacturing (via FRED),https://fred.stlouisfed.org/series/PCU31153115,True,"WEAK PROXY: an industry-level US manufacturing cost index, not a raw milk farm-gate or global spot price. No free real alternative was found -- treat this signal with more skepticism than coffee/sugar."
2020-07-01,Whole Milk,210.2,PCU31153115,BLS PPI by Industry: Dairy Product Manufacturing (via FRED),https://fred.stlouisfed.org/series/PCU31153115,True,"WEAK PROXY: an industry-level US manufacturing cost index, not a raw milk farm-gate or global spot price. No free real alternative was found -- treat this signal with more skepticism than coffee/sugar."
2020-08-01,Whole Milk,207.6,PCU31153115,BLS PPI by Industry: Dairy Product Manufacturing (via FRED),https://fred.stlouisfed.org/series/PCU31153115,True,"WEAK PROXY: an industry-level US manufacturing cost index, not a raw milk farm-gate or global spot price. No free real alternative was found -- treat this signal with more skepticism than coffee/sugar."
2020-09-01,Whole Milk,205.4,PCU31153115,BLS PPI by Industry: Dairy Product Manufacturing (via FRED),https://fred.stlouisfed.org/series/PCU31153115,True,"WEAK PROXY: an industry-level US manufacturing cost index, not a raw milk farm-gate or global spot price. No free real alternative was found -- treat this signal with more skepticism than coffee/sugar."
2020-10-01,Whole Milk,206.7,PCU31153115,BLS PPI by Industry: Dairy Product Manufacturing (via FRED),https://fred.stlouisfed.org/series/PCU31153115,True,"WEAK PROXY: an industry-level US manufacturing cost index, not a raw milk farm-gate or global spot price. No free real alternative was found -- treat this signal with more skepticism than coffee/sugar."
2020-11-01,Whole Milk,210.3,PCU31153115,BLS PPI by Industry: Dairy Product Manufacturing (via FRED),https://fred.stlouisfed.org/series/PCU31153115,True,"WEAK PROXY: an industry-level US manufacturing cost index, not a raw milk farm-gate or global spot price. No free real alternative was found -- treat this signal with more skepticism than coffee/sugar."
2020-12-01,Whole Milk,204.5,PCU31153115,BLS PPI by Industry: Dairy Product Manufacturing (via FRED),https://fred.stlouisfed.org/series/PCU31153115,True,"WEAK PROXY: an industry-level US manufacturing cost index, not a raw milk farm-gate or global spot price. No free real alternative was found -- treat this signal with more skepticism than coffee/sugar."
2021-01-01,Whole Milk,201.3,PCU31153115,BLS PPI by Industry: Dairy Product Manufacturing (via FRED),https://fred.stlouisfed.org/series/PCU31153115,True,"WEAK PROXY: an industry-level US manufacturing cost index, not a raw milk farm-gate or global spot price. No free real alternative was found -- treat this signal with more skepticism than coffee/sugar."
2021-02-01,Whole Milk,200.0,PCU31153115,BLS PPI by Industry: Dairy Product Manufacturing (via FRED),https://fred.stlouisfed.org/series/PCU31153115,True,"WEAK PROXY: an industry-level US manufacturing cost index, not a raw milk farm-gate or global spot price. No free real alternative was found -- treat this signal with more skepticism than coffee/sugar."
2021-03-01,Whole Milk,202.1,PCU31153115,BLS PPI by Industry: Dairy Product Manufacturing (via FRED),https://fred.stlouisfed.org/series/PCU31153115,True,"WEAK PROXY: an industry-level US manufacturing cost index, not a raw milk farm-gate or global spot price. No free real alternative was found -- treat this signal with more skepticism than coffee/sugar."
2021-04-01,Whole Milk,206.7,PCU31153115,BLS PPI by Industry: Dairy Product Manufacturing (via FRED),https://fred.stlouisfed.org/series/PCU31153115,True,"WEAK PROXY: an industry-level US manufacturing cost index, not a raw milk farm-gate or global spot price. No free real alternative was found -- treat this signal with more skepticism than coffee/sugar."
2021-05-01,Whole Milk,210.2,PCU31153115,BLS PPI by Industry: Dairy Product Manufacturing (via FRED),https://fred.stlouisfed.org/series/PCU31153115,True,"WEAK PROXY: an industry-level US manufacturing cost index, not a raw milk farm-gate or global spot price. No free real alternative was found -- treat this signal with more skepticism than coffee/sugar."
2021-06-01,Whole Milk,210.6,PCU31153115,BLS PPI by Industry: Dairy Product Manufacturing (via FRED),https://fred.stlouisfed.org/series/PCU31153115,True,"WEAK PROXY: an industry-level US manufacturing cost index, not a raw milk farm-gate or global spot price. No free real alternative was found -- treat this signal with more skepticism than coffee/sugar."
2021-07-01,Whole Milk,210.268,PCU31153115,BLS PPI by Industry: Dairy Product Manufacturing (via FRED),https://fred.stlouisfed.org/series/PCU31153115,True,"WEAK PROXY: an industry-level US manufacturing cost index, not a raw milk farm-gate or global spot price. No free real alternative was found -- treat this signal with more skepticism than coffee/sugar."
2021-08-01,Whole Milk,209.628,PCU31153115,BLS PPI by Industry: Dairy Product Manufacturing (via FRED),https://fred.stlouisfed.org/series/PCU31153115,True,"WEAK PROXY: an industry-level US manufacturing cost index, not a raw milk farm-gate or global spot price. No free real alternative was found -- treat this signal with more skepticism than coffee/sugar."
2021-09-01,Whole Milk,210.635,PCU31153115,BLS PPI by Industry: Dairy Product Manufacturing (via FRED),https://fred.stlouisfed.org/series/PCU31153115,True,"WEAK PROXY: an industry-level US manufacturing cost index, not a raw milk farm-gate or global spot price. No free real alternative was found -- treat this signal with more skepticism than coffee/sugar."
2021-10-01,Whole Milk,213.066,PCU31153115,BLS PPI by Industry: Dairy Product Manufacturing (via FRED),https://fred.stlouisfed.org/series/PCU31153115,True,"WEAK PROXY: an industry-level US manufacturing cost index, not a raw milk farm-gate or global spot price. No free real alternative was found -- treat this signal with more skepticism than coffee/sugar."
2021-11-01,Whole Milk,215.677,PCU31153115,BLS PPI by Industry: Dairy Product Manufacturing (via FRED),https://fred.stlouisfed.org/series/PCU31153115,True,"WEAK PROXY: an industry-level US manufacturing cost index, not a raw milk farm-gate or global spot price. No free real alternative was found -- treat this signal with more skepticism than coffee/sugar."
2021-12-01,Whole Milk,220.709,PCU31153115,BLS PPI by Industry: Dairy Product Manufacturing (via FRED),https://fred.stlouisfed.org/series/PCU31153115,True,"WEAK PROXY: an industry-level US manufacturing cost index, not a raw milk farm-gate or global spot price. No free real alternative was found -- treat this signal with more skepticism than coffee/sugar."
2022-01-01,Whole Milk,228.546,PCU31153115,BLS PPI by Industry: Dairy Product Manufacturing (via FRED),https://fred.stlouisfed.org/series/PCU31153115,True,"WEAK PROXY: an industry-level US manufacturing cost index, not a raw milk farm-gate or global spot price. No free real alternative was found -- treat this signal with more skepticism than coffee/sugar."
2022-02-01,Whole Milk,235.527,PCU31153115,BLS PPI by Industry: Dairy Product Manufacturing (via FRED),https://fred.stlouisfed.org/series/PCU31153115,True,"WEAK PROXY: an industry-level US manufacturing cost index, not a raw milk farm-gate or global spot price. No free real alternative was found -- treat this signal with more skepticism than coffee/sugar."
2022-03-01,Whole Milk,242.0,PCU31153115,BLS PPI by Industry: Dairy Product Manufacturing (via FRED),https://fred.stlouisfed.org/series/PCU31153115,True,"WEAK PROXY: an industry-level US manufacturing cost index, not a raw milk farm-gate or global spot price. No free real alternative was found -- treat this signal with more skepticism than coffee/sugar."
2022-04-01,Whole Milk,248.671,PCU31153115,BLS PPI by Industry: Dairy Product Manufacturing (via FRED),https://fred.stlouisfed.org/series/PCU31153115,True,"WEAK PROXY: an industry-level US manufacturing cost index, not a raw milk farm-gate or global spot price. No free real alternative was found -- treat this signal with more skepticism than coffee/sugar."
2022-05-01,Whole Milk,251.447,PCU31153115,BLS PPI by Industry: Dairy Product Manufacturing (via FRED),https://fred.stlouisfed.org/series/PCU31153115,True,"WEAK PROXY: an industry-level US manufacturing cost index, not a raw milk farm-gate or global spot price. No free real alternative was found -- treat this signal with more skepticism than coffee/sugar."
2022-06-01,Whole Milk,253.895,PCU31153115,BLS PPI by Industry: Dairy Product Manufacturing (via FRED),https://fred.stlouisfed.org/series/PCU31153115,True,"WEAK PROXY: an industry-level US manufacturing cost index, not a raw milk farm-gate or global spot price. No free real alternative was found -- treat this signal with more skepticism than coffee/sugar."
2022-07-01,Whole Milk,254.748,PCU31153115,BLS PPI by Industry: Dairy Product Manufacturing (via FRED),https://fred.stlouisfed.org/series/PCU31153115,True,"WEAK PROXY: an industry-level US manufacturing cost index, not a raw milk farm-gate or global spot price. No free real alternative was found -- treat this signal with more skepticism than coffee/sugar."
2022-08-01,Whole Milk,251.977,PCU31153115,BLS PPI by Industry: Dairy Product Manufacturing (via FRED),https://fred.stlouisfed.org/series/PCU31153115,True,"WEAK PROXY: an industry-level US manufacturing cost index, not a raw milk farm-gate or global spot price. No free real alternative was found -- treat this signal with more skepticism than coffee/sugar."
2022-09-01,Whole Milk,250.876,PCU31153115,BLS PPI by Industry: Dairy Product Manufacturing (via FRED),https://fred.stlouisfed.org/series/PCU31153115,True,"WEAK PROXY: an industry-level US manufacturing cost index, not a raw milk farm-gate or global spot price. No free real alternative was found -- treat this signal with more skepticism than coffee/sugar."
2022-10-01,Whole Milk,251.921,PCU31153115,BLS PPI by Industry: Dairy Product Manufacturing (via FRED),https://fred.stlouisfed.org/series/PCU31153115,True,"WEAK PROXY: an industry-level US manufacturing cost index, not a raw milk farm-gate or global spot price. No free real alternative was found -- treat this signal with more skepticism than coffee/sugar."
2022-11-01,Whole Milk,251.835,PCU31153115,BLS PPI by Industry: Dairy Product Manufacturing (via FRED),https://fred.stlouisfed.org/series/PCU31153115,True,"WEAK PROXY: an industry-level US manufacturing cost index, not a raw milk farm-gate or global spot price. No free real alternative was found -- treat this signal with more skepticism than coffee/sugar."
2022-12-01,Whole Milk,250.038,PCU31153115,BLS PPI by Industry: Dairy Product Manufacturing (via FRED),https://fred.stlouisfed.org/series/PCU31153115,True,"WEAK PROXY: an industry-level US manufacturing cost index, not a raw milk farm-gate or global spot price. No free real alternative was found -- treat this signal with more skepticism than coffee/sugar."
2023-01-01,Whole Milk,245.8,PCU31153115,BLS PPI by Industry: Dairy Product Manufacturing (via FRED),https://fred.stlouisfed.org/series/PCU31153115,True,"WEAK PROXY: an industry-level US manufacturing cost index, not a raw milk farm-gate or global spot price. No free real alternative was found -- treat this signal with more skepticism than coffee/sugar."
2023-02-01,Whole Milk,240.613,PCU31153115,BLS PPI by Industry: Dairy Product Manufacturing (via FRED),https://fred.stlouisfed.org/series/PCU31153115,True,"WEAK PROXY: an industry-level US manufacturing cost index, not a raw milk farm-gate or global spot price. No free real alternative was found -- treat this signal with more skepticism than coffee/sugar."
2023-03-01,Whole Milk,236.898,PCU31153115,BLS PPI by Industry: Dairy Product Manufacturing (via FRED),https://fred.stlouisfed.org/series/PCU31153115,True,"WEAK PROXY: an industry-level US manufacturing cost index, not a raw milk farm-gate or global spot price. No free real alternative was found -- treat this signal with more skepticism than coffee/sugar."
2023-04-01,Whole Milk,236.965,PCU31153115,BLS PPI by Industry: Dairy Product Manufacturing (via FRED),https://fred.stlouisfed.org/series/PCU31153115,True,"WEAK PROXY: an industry-level US manufacturing cost index, not a raw milk farm-gate or global spot price. No free real alternative was found -- treat this signal with more skepticism than coffee/sugar."
2023-05-01,Whole Milk,234.927,PCU31153115,BLS PPI by Industry: Dairy Product Manufacturing (via FRED),https://fred.stlouisfed.org/series/PCU31153115,True,"WEAK PROXY: an industry-level US manufacturing cost index, not a raw milk farm-gate or global spot price. No free real alternative was found -- treat this signal with more skepticism than coffee/sugar."
2023-06-01,Whole Milk,230.591,PCU31153115,BLS PPI by Industry: Dairy Product Manufacturing (via FRED),https://fred.stlouisfed.org/series/PCU31153115,True,"WEAK PROXY: an industry-level US manufacturing cost index, not a raw milk farm-gate or global spot price. No free real alternative was found -- treat this signal with more skepticism than coffee/sugar."
2023-07-01,Whole Milk,227.691,PCU31153115,BLS PPI by Industry: Dairy Product Manufacturing (via FRED),https://fred.stlouisfed.org/series/PCU31153115,True,"WEAK PROXY: an industry-level US manufacturing cost index, not a raw milk farm-gate or global spot price. No free real alternative was found -- treat this signal with more skepticism than coffee/sugar."
2023-08-01,Whole Milk,231.588,PCU31153115,BLS PPI by Industry: Dairy Product Manufacturing (via FRED),https://fred.stlouisfed.org/series/PCU31153115,True,"WEAK PROXY: an industry-level US manufacturing cost index, not a raw milk farm-gate or global spot price. No free real alternative was found -- treat this signal with more skepticism than coffee/sugar."
2023-09-01,Whole Milk,235.435,PCU31153115,BLS PPI by Industry: Dairy Product Manufacturing (via FRED),https://fred.stlouisfed.org/series/PCU31153115,True,"WEAK PROXY: an industry-level US manufacturing cost index, not a raw milk farm-gate or global spot price. No free real alternative was found -- treat this signal with more skepticism than coffee/sugar."
2023-10-01,Whole Milk,240.091,PCU31153115,BLS PPI by Industry: Dairy Product Manufacturing (via FRED),https://fred.stlouisfed.org/series/PCU31153115,True,"WEAK PROXY: an industry-level US manufacturing cost index, not a raw milk farm-gate or global spot price. No free real alternative was found -- treat this signal with more skepticism than coffee/sugar."
2023-11-01,Whole Milk,237.979,PCU31153115,BLS PPI by Industry: Dairy Product Manufacturing (via FRED),https://fred.stlouisfed.org/series/PCU31153115,True,"WEAK PROXY: an industry-level US manufacturing cost index, not a raw milk farm-gate or global spot price. No free real alternative was found -- treat this signal with more skepticism than coffee/sugar."
2023-12-01,Whole Milk,235.349,PCU31153115,BLS PPI by Industry: Dairy Product Manufacturing (via FRED),https://fred.stlouisfed.org/series/PCU31153115,True,"WEAK PROXY: an industry-level US manufacturing cost index, not a raw milk farm-gate or global spot price. No free real alternative was found -- treat this signal with more skepticism than coffee/sugar."
2024-01-01,Whole Milk,232.891,PCU31153115,BLS PPI by Industry: Dairy Product Manufacturing (via FRED),https://fred.stlouisfed.org/series/PCU31153115,True,"WEAK PROXY: an industry-level US manufacturing cost index, not a raw milk farm-gate or global spot price. No free real alternative was found -- treat this signal with more skepticism than coffee/sugar."
2024-02-01,Whole Milk,235.546,PCU31153115,BLS PPI by Industry: Dairy Product Manufacturing (via FRED),https://fred.stlouisfed.org/series/PCU31153115,True,"WEAK PROXY: an industry-level US manufacturing cost index, not a raw milk farm-gate or global spot price. No free real alternative was found -- treat this signal with more skepticism than coffee/sugar."
2024-03-01,Whole Milk,237.911,PCU31153115,BLS PPI by Industry: Dairy Product Manufacturing (via FRED),https://fred.stlouisfed.org/series/PCU31153115,True,"WEAK PROXY: an industry-level US manufacturing cost index, not a raw milk farm-gate or global spot price. No free real alternative was found -- treat this signal with more skepticism than coffee/sugar."
2024-04-01,Whole Milk,237.803,PCU31153115,BLS PPI by Industry: Dairy Product Manufacturing (via FRED),https://fred.stlouisfed.org/series/PCU31153115,True,"WEAK PROXY: an industry-level US manufacturing cost index, not a raw milk farm-gate or global spot price. No free real alternative was found -- treat this signal with more skepticism than coffee/sugar."
2024-05-01,Whole Milk,241.697,PCU31153115,BLS PPI by Industry: Dairy Product Manufacturing (via FRED),https://fred.stlouisfed.org/series/PCU31153115,True,"WEAK PROXY: an industry-level US manufacturing cost index, not a raw milk farm-gate or global spot price. No free real alternative was found -- treat this signal with more skepticism than coffee/sugar."
2024-06-01,Whole Milk,245.273,PCU31153115,BLS PPI by Industry: Dairy Product Manufacturing (via FRED),https://fred.stlouisfed.org/series/PCU31153115,True,"WEAK PROXY: an industry-level US manufacturing cost index, not a raw milk farm-gate or global spot price. No free real alternative was found -- treat this signal with more skepticism than coffee/sugar."
2024-07-01,Whole Milk,248.023,PCU31153115,BLS PPI by Industry: Dairy Product Manufacturing (via FRED),https://fred.stlouisfed.org/series/PCU31153115,True,"WEAK PROXY: an industry-level US manufacturing cost index, not a raw milk farm-gate or global spot price. No free real alternative was found -- treat this signal with more skepticism than coffee/sugar."
2024-08-01,Whole Milk,250.012,PCU31153115,BLS PPI by Industry: Dairy Product Manufacturing (via FRED),https://fred.stlouisfed.org/series/PCU31153115,True,"WEAK PROXY: an industry-level US manufacturing cost index, not a raw milk farm-gate or global spot price. No free real alternative was found -- treat this signal with more skepticism than coffee/sugar."
2024-09-01,Whole Milk,254.451,PCU31153115,BLS PPI by Industry: Dairy Product Manufacturing (via FRED),https://fred.stlouisfed.org/series/PCU31153115,True,"WEAK PROXY: an industry-level US manufacturing cost index, not a raw milk farm-gate or global spot price. No free real alternative was found -- treat this signal with more skepticism than coffee/sugar."
2024-10-01,Whole Milk,252.36,PCU31153115,BLS PPI by Industry: Dairy Product Manufacturing (via FRED),https://fred.stlouisfed.org/series/PCU31153115,True,"WEAK PROXY: an industry-level US manufacturing cost index, not a raw milk farm-gate or global spot price. No free real alternative was found -- treat this signal with more skepticism than coffee/sugar."
2024-11-01,Whole Milk,250.199,PCU31153115,BLS PPI by Industry: Dairy Product Manufacturing (via FRED),https://fred.stlouisfed.org/series/PCU31153115,True,"WEAK PROXY: an industry-level US manufacturing cost index, not a raw milk farm-gate or global spot price. No free real alternative was found -- treat this signal with more skepticism than coffee/sugar."
2024-12-01,Whole Milk,247.171,PCU31153115,BLS PPI by Industry: Dairy Product Manufacturing (via FRED),https://fred.stlouisfed.org/series/PCU31153115,True,"WEAK PROXY: an industry-level US manufacturing cost index, not a raw milk farm-gate or global spot price. No free real alternative was found -- treat this signal with more skepticism than coffee/sugar."
2025-01-01,Whole Milk,248.796,PCU31153115,BLS PPI by Industry: Dairy Product Manufacturing (via FRED),https://fred.stlouisfed.org/series/PCU31153115,True,"WEAK PROXY: an industry-level US manufacturing cost index, not a raw milk farm-gate or global spot price. No free real alternative was found -- treat this signal with more skepticism than coffee/sugar."
2025-02-01,Whole Milk,248.849,PCU31153115,BLS PPI by Industry: Dairy Product Manufacturing (via FRED),https://fred.stlouisfed.org/series/PCU31153115,True,"WEAK PROXY: an industry-level US manufacturing cost index, not a raw milk farm-gate or global spot price. No free real alternative was found -- treat this signal with more skepticism than coffee/sugar."
2025-03-01,Whole Milk,246.291,PCU31153115,BLS PPI by Industry: Dairy Product Manufacturing (via FRED),https://fred.stlouisfed.org/series/PCU31153115,True,"WEAK PROXY: an industry-level US manufacturing cost index, not a raw milk farm-gate or global spot price. No free real alternative was found -- treat this signal with more skepticism than coffee/sugar."
2025-04-01,Whole Milk,244.068,PCU31153115,BLS PPI by Industry: Dairy Product Manufacturing (via FRED),https://fred.stlouisfed.org/series/PCU31153115,True,"WEAK PROXY: an industry-level US manufacturing cost index, not a raw milk farm-gate or global spot price. No free real alternative was found -- treat this signal with more skepticism than coffee/sugar."
2025-05-01,Whole Milk,242.984,PCU31153115,BLS PPI by Industry: Dairy Product Manufacturing (via FRED),https://fred.stlouisfed.org/series/PCU31153115,True,"WEAK PROXY: an industry-level US manufacturing cost index, not a raw milk farm-gate or global spot price. No free real alternative was found -- treat this signal with more skepticism than coffee/sugar."
2025-06-01,Whole Milk,245.498,PCU31153115,BLS PPI by Industry: Dairy Product Manufacturing (via FRED),https://fred.stlouisfed.org/series/PCU31153115,True,"WEAK PROXY: an industry-level US manufacturing cost index, not a raw milk farm-gate or global spot price. No free real alternative was found -- treat this signal with more skepticism than coffee/sugar."
2025-07-01,Whole Milk,246.559,PCU31153115,BLS PPI by Industry: Dairy Product Manufacturing (via FRED),https://fred.stlouisfed.org/series/PCU31153115,True,"WEAK PROXY: an industry-level US manufacturing cost index, not a raw milk farm-gate or global spot price. No free real alternative was found -- treat this signal with more skepticism than coffee/sugar."
2025-08-01,Whole Milk,246.645,PCU31153115,BLS PPI by Industry: Dairy Product Manufacturing (via FRED),https://fred.stlouisfed.org/series/PCU31153115,True,"WEAK PROXY: an industry-level US manufacturing cost index, not a raw milk farm-gate or global spot price. No free real alternative was found -- treat this signal with more skepticism than coffee/sugar."
2025-09-01,Whole Milk,243.32,PCU31153115,BLS PPI by Industry: Dairy Product Manufacturing (via FRED),https://fred.stlouisfed.org/series/PCU31153115,True,"WEAK PROXY: an industry-level US manufacturing cost index, not a raw milk farm-gate or global spot price. No free real alternative was found -- treat this signal with more skepticism than coffee/sugar."
2025-10-01,Whole Milk,239.451,PCU31153115,BLS PPI by Industry: Dairy Product Manufacturing (via FRED),https://fred.stlouisfed.org/series/PCU31153115,True,"WEAK PROXY: an industry-level US manufacturing cost index, not a raw milk farm-gate or global spot price. No free real alternative was found -- treat this signal with more skepticism than coffee/sugar."
2025-11-01,Whole Milk,237.365,PCU31153115,BLS PPI by Industry: Dairy Product Manufacturing (via FRED),https://fred.stlouisfed.org/series/PCU31153115,True,"WEAK PROXY: an industry-level US manufacturing cost index, not a raw milk farm-gate or global spot price. No free real alternative was found -- treat this signal with more skepticism than coffee/sugar."
2025-12-01,Whole Milk,235.553,PCU31153115,BLS PPI by Industry: Dairy Product Manufacturing (via FRED),https://fred.stlouisfed.org/series/PCU31153115,True,"WEAK PROXY: an industry-level US manufacturing cost index, not a raw milk farm-gate or global spot price. No free real alternative was found -- treat this signal with more skepticism than coffee/sugar."
2026-01-01,Whole Milk,231.997,PCU31153115,BLS PPI by Industry: Dairy Product Manufacturing (via FRED),https://fred.stlouisfed.org/series/PCU31153115,True,"WEAK PROXY: an industry-level US manufacturing cost index, not a raw milk farm-gate or global spot price. No free real alternative was found -- treat this signal with more skepticism than coffee/sugar."
2026-02-01,Whole Milk,233.518,PCU31153115,BLS PPI by Industry: Dairy Product Manufacturing (via FRED),https://fred.stlouisfed.org/series/PCU31153115,True,"WEAK PROXY: an industry-level US manufacturing cost index, not a raw milk farm-gate or global spot price. No free real alternative was found -- treat this signal with more skepticism than coffee/sugar."
2026-03-01,Whole Milk,239.322,PCU31153115,BLS PPI by Industry: Dairy Product Manufacturing (via FRED),https://fred.stlouisfed.org/series/PCU31153115,True,"WEAK PROXY: an industry-level US manufacturing cost index, not a raw milk farm-gate or global spot price. No free real alternative was found -- treat this signal with more skepticism than coffee/sugar."
2026-04-01,Whole Milk,243.309,PCU31153115,BLS PPI by Industry: Dairy Product Manufacturing (via FRED),https://fred.stlouisfed.org/series/PCU31153115,True,"WEAK PROXY: an industry-level US manufacturing cost index, not a raw milk farm-gate or global spot price. No free real alternative was found -- treat this signal with more skepticism than coffee/sugar."
2026-05-01,Whole Milk,245.622,PCU31153115,BLS PPI by Industry: Dairy Product Manufacturing (via FRED),https://fred.stlouisfed.org/series/PCU31153115,True,"WEAK PROXY: an industry-level US manufacturing cost index, not a raw milk farm-gate or global spot price. No free real alternative was found -- treat this signal with more skepticism than coffee/sugar."
2026-06-01,Whole Milk,248.232,PCU31153115,BLS PPI by Industry: Dairy Product Manufacturing (via FRED),https://fred.stlouisfed.org/series/PCU31153115,True,"WEAK PROXY: an industry-level US manufacturing cost index, not a raw milk farm-gate or global spot price. No free real alternative was found -- treat this signal with more skepticism than coffee/sugar."
2026-07-01,Whole Milk,247.719,PCU31153115,BLS PPI by Industry: Dairy Product Manufacturing (via FRED),https://fred.stlouisfed.org/series/PCU31153115,True,"WEAK PROXY: an industry-level US manufacturing cost index, not a raw milk farm-gate or global spot price. No free real alternative was found -- treat this signal with more skepticism than coffee/sugar."
2026-08-01,Whole Milk,245.468,PCU31153115,BLS PPI by Industry: Dairy Product Manufacturing (via FRED),https://fred.stlouisfed.org/series/PCU31153115,True,"WEAK PROXY: an industry-level US manufacturing cost index, not a raw milk farm-gate or global spot price. No free real alternative was found -- treat this signal with more skepticism than coffee/sugar."
1926-01-01,Paper Cups (12oz),10.3,WPU0911,BLS Producer Price Index by Commodity: Wood Pulp (via FRED),https://fred.stlouisfed.org/series/WPU0911,True,"Indirect input proxy (wood pulp feeds into paper cup manufacturing), US producer price, not a global spot price."
1926-02-01,Paper Cups (12oz),10.3,WPU0911,BLS Producer Price Index by Commodity: Wood Pulp (via FRED),https://fred.stlouisfed.org/series/WPU0911,True,"Indirect input proxy (wood pulp feeds into paper cup manufacturing), US producer price, not a global spot price."
1926-03-01,Paper Cups (12oz),10.4,WPU0911,BLS Producer Price Index by Commodity: Wood Pulp (via FRED),https://fred.stlouisfed.org/series/WPU0911,True,"Indirect input proxy (wood pulp feeds into paper cup manufacturing), US producer price, not a global spot price."
1926-04-01,Paper Cups (12oz),10.4,WPU0911,BLS Producer Price Index by Commodity: Wood Pulp (via FRED),https://fred.stlouisfed.org/series/WPU0911,True,"Indirect input proxy (wood pulp feeds into paper cup manufacturing), US producer price, not a global spot price."
1926-05-01,Paper Cups (12oz),10.4,WPU0911,BLS Producer Price Index by Commodity: Wood Pulp (via FRED),https://fred.stlouisfed.org/series/WPU0911,True,"Indirect input proxy (wood pulp feeds into paper cup manufacturing), US producer price, not a global spot price."
1926-06-01,Paper Cups (12oz),10.4,WPU0911,BLS Producer Price Index by Commodity: Wood Pulp (via FRED),https://fred.stlouisfed.org/series/WPU0911,True,"Indirect input proxy (wood pulp feeds into paper cup manufacturing), US producer price, not a global spot price."
1926-07-01,Paper Cups (12oz),10.2,WPU0911,BLS Producer Price Index by Commodity: Wood Pulp (via FRED),https://fred.stlouisfed.org/series/WPU0911,True,"Indirect input proxy (wood pulp feeds into paper cup manufacturing), US producer price, not a global spot price."
1926-08-01,Paper Cups (12oz),9.7,WPU0911,BLS Producer Price Index by Commodity: Wood Pulp (via FRED),https://fred.stlouisfed.org/series/WPU0911,True,"Indirect input proxy (wood pulp feeds into paper cup manufacturing), US producer price, not a global spot price."
1926-09-01,Paper Cups (12oz),9.7,WPU0911,BLS Producer Price Index by Commodity: Wood Pulp (via FRED),https://fred.stlouisfed.org/series/WPU0911,True,"Indirect input proxy (wood pulp feeds into paper cup manufacturing), US producer price, not a global spot price."
1926-10-01,Paper Cups (12oz),9.8,WPU0911,BLS Producer Price Index by Commodity: Wood Pulp (via FRED),https://fred.stlouisfed.org/series/WPU0911,True,"Indirect input proxy (wood pulp feeds into paper cup manufacturing), US producer price, not a global spot price."
1926-11-01,Paper Cups (12oz),9.8,WPU0911,BLS Producer Price Index by Commodity: Wood Pulp (via FRED),https://fred.stlouisfed.org/series/WPU0911,True,"Indirect input proxy (wood pulp feeds into paper cup manufacturing), US producer price, not a global spot price."
1926-12-01,Paper Cups (12oz),9.8,WPU0911,BLS Producer Price Index by Commodity: Wood Pulp (via FRED),https://fred.stlouisfed.org/series/WPU0911,True,"Indirect input proxy (wood pulp feeds into paper cup manufacturing), US producer price, not a global spot price."
1927-01-01,Paper Cups (12oz),9.8,WPU0911,BLS Producer Price Index by Commodity: Wood Pulp (via FRED),https://fred.stlouisfed.org/series/WPU0911,True,"Indirect input proxy (wood pulp feeds into paper cup manufacturing), US producer price, not a global spot price."
1927-02-01,Paper Cups (12oz),9.7,WPU0911,BLS Producer Price Index by Commodity: Wood Pulp (via FRED),https://fred.stlouisfed.org/series/WPU0911,True,"Indirect input proxy (wood pulp feeds into paper cup manufacturing), US producer price, not a global spot price."
1927-03-01,Paper Cups (12oz),9.6,WPU0911,BLS Producer Price Index by Commodity: Wood Pulp (via FRED),https://fred.stlouisfed.org/series/WPU0911,True,"Indirect input proxy (wood pulp feeds into paper cup manufacturing), US producer price, not a global spot price."
1927-04-01,Paper Cups (12oz),9.6,WPU0911,BLS Producer Price Index by Commodity: Wood Pulp (via FRED),https://fred.stlouisfed.org/series/WPU0911,True,"Indirect input proxy (wood pulp feeds into paper cup manufacturing), US producer price, not a global spot price."
1927-05-01,Paper Cups (12oz),9.3,WPU0911,BLS Producer Price Index by Commodity: Wood Pulp (via FRED),https://fred.stlouisfed.org/series/WPU0911,True,"Indirect input proxy (wood pulp feeds into paper cup manufacturing), US producer price, not a global spot price."
1927-06-01,Paper Cups (12oz),9.2,WPU0911,BLS Producer Price Index by Commodity: Wood Pulp (via FRED),https://fred.stlouisfed.org/series/WPU0911,True,"Indirect input proxy (wood pulp feeds into paper cup manufacturing), US producer price, not a global spot price."
1927-07-01,Paper Cups (12oz),9.2,WPU0911,BLS Producer Price Index by Commodity: Wood Pulp (via FRED),https://fred.stlouisfed.org/series/WPU0911,True,"Indirect input proxy (wood pulp feeds into paper cup manufacturing), US producer price, not a global spot price."
1927-08-01,Paper Cups (12oz),9.2,WPU0911,BLS Producer Price Index by Commodity: Wood Pulp (via FRED),https://fred.stlouisfed.org/series/WPU0911,True,"Indirect input proxy (wood pulp feeds into paper cup manufacturing), US producer price, not a global spot price."
1927-09-01,Paper Cups (12oz),9.2,WPU0911,BLS Producer Price Index by Commodity: Wood Pulp (via FRED),https://fred.stlouisfed.org/series/WPU0911,True,"Indirect input proxy (wood pulp feeds into paper cup manufacturing), US producer price, not a global spot price."
1927-10-01,Paper Cups (12oz),9.0,WPU0911,BLS Producer Price Index by Commodity: Wood Pulp (via FRED),https://fred.stlouisfed.org/series/WPU0911,True,"Indirect input proxy (wood pulp feeds into paper cup manufacturing), US producer price, not a global spot price."
1927-11-01,Paper Cups (12oz),9.0,WPU0911,BLS Producer Price Index by Commodity: Wood Pulp (via FRED),https://fred.stlouisfed.org/series/WPU0911,True,"Indirect input proxy (wood pulp feeds into paper cup manufacturing), US producer price, not a global spot price."
1927-12-01,Paper Cups (12oz),9.0,WPU0911,BLS Producer Price Index by Commodity: Wood Pulp (via FRED),https://fred.stlouisfed.org/series/WPU0911,True,"Indirect input proxy (wood pulp feeds into paper cup manufacturing), US producer price, not a global spot price."
1928-01-01,Paper Cups (12oz),9.0,WPU0911,BLS Producer Price Index by Commodity: Wood Pulp (via FRED),https://fred.stlouisfed.org/series/WPU0911,True,"Indirect input proxy (wood pulp feeds into paper cup manufacturing), US producer price, not a global spot price."
1928-02-01,Paper Cups (12oz),9.0,WPU0911,BLS Producer Price Index by Commodity: Wood Pulp (via FRED),https://fred.stlouisfed.org/series/WPU0911,True,"Indirect input proxy (wood pulp feeds into paper cup manufacturing), US producer price, not a global spot price."
1928-03-01,Paper Cups (12oz),9.0,WPU0911,BLS Producer Price Index by Commodity: Wood Pulp (via FRED),https://fred.stlouisfed.org/series/WPU0911,True,"Indirect input proxy (wood pulp feeds into paper cup manufacturing), US producer price, not a global spot price."
1928-04-01,Paper Cups (12oz),9.0,WPU0911,BLS Producer Price Index by Commodity: Wood Pulp (via FRED),https://fred.stlouisfed.org/series/WPU0911,True,"Indirect input proxy (wood pulp feeds into paper cup manufacturing), US producer price, not a global spot price."
1928-05-01,Paper Cups (12oz),9.0,WPU0911,BLS Producer Price Index by Commodity: Wood Pulp (via FRED),https://fred.stlouisfed.org/series/WPU0911,True,"Indirect input proxy (wood pulp feeds into paper cup manufacturing), US producer price, not a global spot price."
1928-06-01,Paper Cups (12oz),9.0,WPU0911,BLS Producer Price Index by Commodity: Wood Pulp (via FRED),https://fred.stlouisfed.org/series/WPU0911,True,"Indirect input proxy (wood pulp feeds into paper cup manufacturing), US producer price, not a global spot price."
1928-07-01,Paper Cups (12oz),9.0,WPU0911,BLS Producer Price Index by Commodity: Wood Pulp (via FRED),https://fred.stlouisfed.org/series/WPU0911,True,"Indirect input proxy (wood pulp feeds into paper cup manufacturing), US producer price, not a global spot price."
1928-08-01,Paper Cups (12oz),9.0,WPU0911,BLS Producer Price Index by Commodity: Wood Pulp (via FRED),https://fred.stlouisfed.org/series/WPU0911,True,"Indirect input proxy (wood pulp feeds into paper cup manufacturing), US producer price, not a global spot price."
1928-09-01,Paper Cups (12oz),8.9,WPU0911,BLS Producer Price Index by Commodity: Wood Pulp (via FRED),https://fred.stlouisfed.org/series/WPU0911,True,"Indirect input proxy (wood pulp feeds into paper cup manufacturing), US producer price, not a global spot price."
1928-10-01,Paper Cups (12oz),8.9,WPU0911,BLS Producer Price Index by Commodity: Wood Pulp (via FRED),https://fred.stlouisfed.org/series/WPU0911,True,"Indirect input proxy (wood pulp feeds into paper cup manufacturing), US producer price, not a global spot price."
1928-11-01,Paper Cups (12oz),8.9,WPU0911,BLS Producer Price Index by Commodity: Wood Pulp (via FRED),https://fred.stlouisfed.org/series/WPU0911,True,"Indirect input proxy (wood pulp feeds into paper cup manufacturing), US producer price, not a global spot price."
1928-12-01,Paper Cups (12oz),8.9,WPU0911,BLS Producer Price Index by Commodity: Wood Pulp (via FRED),https://fred.stlouisfed.org/series/WPU0911,True,"Indirect input proxy (wood pulp feeds into paper cup manufacturing), US producer price, not a global spot price."
1929-01-01,Paper Cups (12oz),8.8,WPU0911,BLS Producer Price Index by Commodity: Wood Pulp (via FRED),https://fred.stlouisfed.org/series/WPU0911,True,"Indirect input proxy (wood pulp feeds into paper cup manufacturing), US producer price, not a global spot price."
1929-02-01,Paper Cups (12oz),8.8,WPU0911,BLS Producer Price Index by Commodity: Wood Pulp (via FRED),https://fred.stlouisfed.org/series/WPU0911,True,"Indirect input proxy (wood pulp feeds into paper cup manufacturing), US producer price, not a global spot price."
1929-03-01,Paper Cups (12oz),8.8,WPU0911,BLS Producer Price Index by Commodity: Wood Pulp (via FRED),https://fred.stlouisfed.org/series/WPU0911,True,"Indirect input proxy (wood pulp feeds into paper cup manufacturing), US producer price, not a global spot price."
1929-04-01,Paper Cups (12oz),8.8,WPU0911,BLS Producer Price Index by Commodity: Wood Pulp (via FRED),https://fred.stlouisfed.org/series/WPU0911,True,"Indirect input proxy (wood pulp feeds into paper cup manufacturing), US producer price, not a global spot price."
1929-05-01,Paper Cups (12oz),8.9,WPU0911,BLS Producer Price Index by Commodity: Wood Pulp (via FRED),https://fred.stlouisfed.org/series/WPU0911,True,"Indirect input proxy (wood pulp feeds into paper cup manufacturing), US producer price, not a global spot price."
1929-06-01,Paper Cups (12oz),9.0,WPU0911,BLS Producer Price Index by Commodity: Wood Pulp (via FRED),https://fred.stlouisfed.org/series/WPU0911,True,"Indirect input proxy (wood pulp feeds into paper cup manufacturing), US producer price, not a global spot price."
1929-07-01,Paper Cups (12oz),9.0,WPU0911,BLS Producer Price Index by Commodity: Wood Pulp (via FRED),https://fred.stlouisfed.org/series/WPU0911,True,"Indirect input proxy (wood pulp feeds into paper cup manufacturing), US producer price, not a global spot price."
1929-08-01,Paper Cups (12oz),9.0,WPU0911,BLS Producer Price Index by Commodity: Wood Pulp (via FRED),https://fred.stlouisfed.org/series/WPU0911,True,"Indirect input proxy (wood pulp feeds into paper cup manufacturing), US producer price, not a global spot price."
1929-09-01,Paper Cups (12oz),9.0,WPU0911,BLS Producer Price Index by Commodity: Wood Pulp (via FRED),https://fred.stlouisfed.org/series/WPU0911,True,"Indirect input proxy (wood pulp feeds into paper cup manufacturing), US producer price, not a global spot price."
1929-10-01,Paper Cups (12oz),9.0,WPU0911,BLS Producer Price Index by Commodity: Wood Pulp (via FRED),https://fred.stlouisfed.org/series/WPU0911,True,"Indirect input proxy (wood pulp feeds into paper cup manufacturing), US producer price, not a global spot price."
1929-11-01,Paper Cups (12oz),9.0,WPU0911,BLS Producer Price Index by Commodity: Wood Pulp (via FRED),https://fred.stlouisfed.org/series/WPU0911,True,"Indirect input proxy (wood pulp feeds into paper cup manufacturing), US producer price, not a global spot price."
1929-12-01,Paper Cups (12oz),9.0,WPU0911,BLS Producer Price Index by Commodity: Wood Pulp (via FRED),https://fred.stlouisfed.org/series/WPU0911,True,"Indirect input proxy (wood pulp feeds into paper cup manufacturing), US producer price, not a global spot price."
1930-01-01,Paper Cups (12oz),9.0,WPU0911,BLS Producer Price Index by Commodity: Wood Pulp (via FRED),https://fred.stlouisfed.org/series/WPU0911,True,"Indirect input proxy (wood pulp feeds into paper cup manufacturing), US producer price, not a global spot price."
1930-02-01,Paper Cups (12oz),9.0,WPU0911,BLS Producer Price Index by Commodity: Wood Pulp (via FRED),https://fred.stlouisfed.org/series/WPU0911,True,"Indirect input proxy (wood pulp feeds into paper cup manufacturing), US producer price, not a global spot price."
1930-03-01,Paper Cups (12oz),8.9,WPU0911,BLS Producer Price Index by Commodity: Wood Pulp (via FRED),https://fred.stlouisfed.org/series/WPU0911,True,"Indirect input proxy (wood pulp feeds into paper cup manufacturing), US producer price, not a global spot price."
1930-04-01,Paper Cups (12oz),8.8,WPU0911,BLS Producer Price Index by Commodity: Wood Pulp (via FRED),https://fred.stlouisfed.org/series/WPU0911,True,"Indirect input proxy (wood pulp feeds into paper cup manufacturing), US producer price, not a global spot price."
1930-05-01,Paper Cups (12oz),8.5,WPU0911,BLS Producer Price Index by Commodity: Wood Pulp (via FRED),https://fred.stlouisfed.org/series/WPU0911,True,"Indirect input proxy (wood pulp feeds into paper cup manufacturing), US producer price, not a global spot price."
1930-06-01,Paper Cups (12oz),8.5,WPU0911,BLS Producer Price Index by Commodity: Wood Pulp (via FRED),https://fred.stlouisfed.org/series/WPU0911,True,"Indirect input proxy (wood pulp feeds into paper cup manufacturing), US producer price, not a global spot price."
1930-07-01,Paper Cups (12oz),8.7,WPU0911,BLS Producer Price Index by Commodity: Wood Pulp (via FRED),https://fred.stlouisfed.org/series/WPU0911,True,"Indirect input proxy (wood pulp feeds into paper cup manufacturing), US producer price, not a global spot price."
1930-08-01,Paper Cups (12oz),8.7,WPU0911,BLS Producer Price Index by Commodity: Wood Pulp (via FRED),https://fred.stlouisfed.org/series/WPU0911,True,"Indirect input proxy (wood pulp feeds into paper cup manufacturing), US producer price, not a global spot price."
1930-09-01,Paper Cups (12oz),8.7,WPU0911,BLS Producer Price Index by Commodity: Wood Pulp (via FRED),https://fred.stlouisfed.org/series/WPU0911,True,"Indirect input proxy (wood pulp feeds into paper cup manufacturing), US producer price, not a global spot price."
1930-10-01,Paper Cups (12oz),8.7,WPU0911,BLS Producer Price Index by Commodity: Wood Pulp (via FRED),https://fred.stlouisfed.org/series/WPU0911,True,"Indirect input proxy (wood pulp feeds into paper cup manufacturing), US producer price, not a global spot price."
1930-11-01,Paper Cups (12oz),8.7,WPU0911,BLS Producer Price Index by Commodity: Wood Pulp (via FRED),https://fred.stlouisfed.org/series/WPU0911,True,"Indirect input proxy (wood pulp feeds into paper cup manufacturing), US producer price, not a global spot price."
1930-12-01,Paper Cups (12oz),8.7,WPU0911,BLS Producer Price Index by Commodity: Wood Pulp (via FRED),https://fred.stlouisfed.org/series/WPU0911,True,"Indirect input proxy (wood pulp feeds into paper cup manufacturing), US producer price, not a global spot price."
1931-01-01,Paper Cups (12oz),8.7,WPU0911,BLS Producer Price Index by Commodity: Wood Pulp (via FRED),https://fred.stlouisfed.org/series/WPU0911,True,"Indirect input proxy (wood pulp feeds into paper cup manufacturing), US producer price, not a global spot price."
1931-02-01,Paper Cups (12oz),8.7,WPU0911,BLS Producer Price Index by Commodity: Wood Pulp (via FRED),https://fred.stlouisfed.org/series/WPU0911,True,"Indirect input proxy (wood pulp feeds into paper cup manufacturing), US producer price, not a global spot price."
1931-03-01,Paper Cups (12oz),8.5,WPU0911,BLS Producer Price Index by Commodity: Wood Pulp (via FRED),https://fred.stlouisfed.org/series/WPU0911,True,"Indirect input proxy (wood pulp feeds into paper cup manufacturing), US producer price, not a global spot price."
1931-04-01,Paper Cups (12oz),8.1,WPU0911,BLS Producer Price Index by Commodity: Wood Pulp (via FRED),https://fred.stlouisfed.org/series/WPU0911,True,"Indirect input proxy (wood pulp feeds into paper cup manufacturing), US producer price, not a global spot price."
1931-05-01,Paper Cups (12oz),8.0,WPU0911,BLS Producer Price Index by Commodity: Wood Pulp (via FRED),https://fred.stlouisfed.org/series/WPU0911,True,"Indirect input proxy (wood pulp feeds into paper cup manufacturing), US producer price, not a global spot price."
1931-06-01,Paper Cups (12oz),8.0,WPU0911,BLS Producer Price Index by Commodity: Wood Pulp (via FRED),https://fred.stlouisfed.org/series/WPU0911,True,"Indirect input proxy (wood pulp feeds into paper cup manufacturing), US producer price, not a global spot price."
1931-07-01,Paper Cups (12oz),8.0,WPU0911,BLS Producer Price Index by Commodity: Wood Pulp (via FRED),https://fred.stlouisfed.org/series/WPU0911,True,"Indirect input proxy (wood pulp feeds into paper cup manufacturing), US producer price, not a global spot price."
1931-08-01,Paper Cups (12oz),8.0,WPU0911,BLS Producer Price Index by Commodity: Wood Pulp (via FRED),https://fred.stlouisfed.org/series/WPU0911,True,"Indirect input proxy (wood pulp feeds into paper cup manufacturing), US producer price, not a global spot price."
1931-09-01,Paper Cups (12oz),7.9,WPU0911,BLS Producer Price Index by Commodity: Wood Pulp (via FRED),https://fred.stlouisfed.org/series/WPU0911,True,"Indirect input proxy (wood pulp feeds into paper cup manufacturing), US producer price, not a global spot price."
1931-10-01,Paper Cups (12oz),7.8,WPU0911,BLS Producer Price Index by Commodity: Wood Pulp (via FRED),https://fred.stlouisfed.org/series/WPU0911,True,"Indirect input proxy (wood pulp feeds into paper cup manufacturing), US producer price, not a global spot price."
1931-11-01,Paper Cups (12oz),7.7,WPU0911,BLS Producer Price Index by Commodity: Wood Pulp (via FRED),https://fred.stlouisfed.org/series/WPU0911,True,"Indirect input proxy (wood pulp feeds into paper cup manufacturing), US producer price, not a global spot price."
1931-12-01,Paper Cups (12oz),7.7,WPU0911,BLS Producer Price Index by Commodity: Wood Pulp (via FRED),https://fred.stlouisfed.org/series/WPU0911,True,"Indirect input proxy (wood pulp feeds into paper cup manufacturing), US producer price, not a global spot price."
1932-01-01,Paper Cups (12oz),7.0,WPU0911,BLS Producer Price Index by Commodity: Wood Pulp (via FRED),https://fred.stlouisfed.org/series/WPU0911,True,"Indirect input proxy (wood pulp feeds into paper cup manufacturing), US producer price, not a global spot price."
1932-02-01,Paper Cups (12oz),6.6,WPU0911,BLS Producer Price Index by Commodity: Wood Pulp (via FRED),https://fred.stlouisfed.org/series/WPU0911,True,"Indirect input proxy (wood pulp feeds into paper cup manufacturing), US producer price, not a global spot price."
1932-03-01,Paper Cups (12oz),6.6,WPU0911,BLS Producer Price Index by Commodity: Wood Pulp (via FRED),https://fred.stlouisfed.org/series/WPU0911,True,"Indirect input proxy (wood pulp feeds into paper cup manufacturing), US producer price, not a global spot price."
1932-04-01,Paper Cups (12oz),6.5,WPU0911,BLS Producer Price Index by Commodity: Wood Pulp (via FRED),https://fred.stlouisfed.org/series/WPU0911,True,"Indirect input proxy (wood pulp feeds into paper cup manufacturing), US producer price, not a global spot price."
1932-05-01,Paper Cups (12oz),6.5,WPU0911,BLS Producer Price Index by Commodity: Wood Pulp (via FRED),https://fred.stlouisfed.org/series/WPU0911,True,"Indirect input proxy (wood pulp feeds into paper cup manufacturing), US producer price, not a global spot price."
1932-06-01,Paper Cups (12oz),6.5,WPU0911,BLS Producer Price Index by Commodity: Wood Pulp (via FRED),https://fred.stlouisfed.org/series/WPU0911,True,"Indirect input proxy (wood pulp feeds into paper cup manufacturing), US producer price, not a global spot price."
1932-07-01,Paper Cups (12oz),6.5,WPU0911,BLS Producer Price Index by Commodity: Wood Pulp (via FRED),https://fred.stlouisfed.org/series/WPU0911,True,"Indirect input proxy (wood pulp feeds into paper cup manufacturing), US producer price, not a global spot price."
1932-08-01,Paper Cups (12oz),6.5,WPU0911,BLS Producer Price Index by Commodity: Wood Pulp (via FRED),https://fred.stlouisfed.org/series/WPU0911,True,"Indirect input proxy (wood pulp feeds into paper cup manufacturing), US producer price, not a global spot price."
1932-09-01,Paper Cups (12oz),6.4,WPU0911,BLS Producer Price Index by Commodity: Wood Pulp (via FRED),https://fred.stlouisfed.org/series/WPU0911,True,"Indirect input proxy (wood pulp feeds into paper cup manufacturing), US producer price, not a global spot price."
1932-10-01,Paper Cups (12oz),6.4,WPU0911,BLS Producer Price Index by Commodity: Wood Pulp (via FRED),https://fred.stlouisfed.org/series/WPU0911,True,"Indirect input proxy (wood pulp feeds into paper cup manufacturing), US producer price, not a global spot price."
1932-11-01,Paper Cups (12oz),6.4,WPU0911,BLS Producer Price Index by Commodity: Wood Pulp (via FRED),https://fred.stlouisfed.org/series/WPU0911,True,"Indirect input proxy (wood pulp feeds into paper cup manufacturing), US producer price, not a global spot price."
1932-12-01,Paper Cups (12oz),6.0,WPU0911,BLS Producer Price Index by Commodity: Wood Pulp (via FRED),https://fred.stlouisfed.org/series/WPU0911,True,"Indirect input proxy (wood pulp feeds into paper cup manufacturing), US producer price, not a global spot price."
1933-01-01,Paper Cups (12oz),6.0,WPU0911,BLS Producer Price Index by Commodity: Wood Pulp (via FRED),https://fred.stlouisfed.org/series/WPU0911,True,"Indirect input proxy (wood pulp feeds into paper cup manufacturing), US producer price, not a global spot price."
1933-02-01,Paper Cups (12oz),6.0,WPU0911,BLS Producer Price Index by Commodity: Wood Pulp (via FRED),https://fred.stlouisfed.org/series/WPU0911,True,"Indirect input proxy (wood pulp feeds into paper cup manufacturing), US producer price, not a global spot price."
1933-03-01,Paper Cups (12oz),6.0,WPU0911,BLS Producer Price Index by Commodity: Wood Pulp (via FRED),https://fred.stlouisfed.org/series/WPU0911,True,"Indirect input proxy (wood pulp feeds into paper cup manufacturing), US producer price, not a global spot price."
1933-04-01,Paper Cups (12oz),6.0,WPU0911,BLS Producer Price Index by Commodity: Wood Pulp (via FRED),https://fred.stlouisfed.org/series/WPU0911,True,"Indirect input proxy (wood pulp feeds into paper cup manufacturing), US producer price, not a global spot price."
1933-05-01,Paper Cups (12oz),6.0,WPU0911,BLS Producer Price Index by Commodity: Wood Pulp (via FRED),https://fred.stlouisfed.org/series/WPU0911,True,"Indirect input proxy (wood pulp feeds into paper cup manufacturing), US producer price, not a global spot price."
1933-06-01,Paper Cups (12oz),6.1,WPU0911,BLS Producer Price Index by Commodity: Wood Pulp (via FRED),https://fred.stlouisfed.org/series/WPU0911,True,"Indirect input proxy (wood pulp feeds into paper cup manufacturing), US producer price, not a global spot price."
1933-07-01,Paper Cups (12oz),6.5,WPU0911,BLS Producer Price Index by Commodity: Wood Pulp (via FRED),https://fred.stlouisfed.org/series/WPU0911,True,"Indirect input proxy (wood pulp feeds into paper cup manufacturing), US producer price, not a global spot price."
1933-08-01,Paper Cups (12oz),7.0,WPU0911,BLS Producer Price Index by Commodity: Wood Pulp (via FRED),https://fred.stlouisfed.org/series/WPU0911,True,"Indirect input proxy (wood pulp feeds into paper cup manufacturing), US producer price, not a global spot price."
1933-09-01,Paper Cups (12oz),7.1,WPU0911,BLS Producer Price Index by Commodity: Wood Pulp (via FRED),https://fred.stlouisfed.org/series/WPU0911,True,"Indirect input proxy (wood pulp feeds into paper cup manufacturing), US producer price, not a global spot price."
1933-10-01,Paper Cups (12oz),7.5,WPU0911,BLS Producer Price Index by Commodity: Wood Pulp (via FRED),https://fred.stlouisfed.org/series/WPU0911,True,"Indirect input proxy (wood pulp feeds into paper cup manufacturing), US producer price, not a global spot price."
1933-11-01,Paper Cups (12oz),7.6,WPU0911,BLS Producer Price Index by Commodity: Wood Pulp (via FRED),https://fred.stlouisfed.org/series/WPU0911,True,"Indirect input proxy (wood pulp feeds into paper cup manufacturing), US producer price, not a global spot price."
1933-12-01,Paper Cups (12oz),7.5,WPU0911,BLS Producer Price Index by Commodity: Wood Pulp (via FRED),https://fred.stlouisfed.org/series/WPU0911,True,"Indirect input proxy (wood pulp feeds into paper cup manufacturing), US producer price, not a global spot price."
1934-01-01,Paper Cups (12oz),7.9,WPU0911,BLS Producer Price Index by Commodity: Wood Pulp (via FRED),https://fred.stlouisfed.org/series/WPU0911,True,"Indirect input proxy (wood pulp feeds into paper cup manufacturing), US producer price, not a global spot price."
1934-02-01,Paper Cups (12oz),7.9,WPU0911,BLS Producer Price Index by Commodity: Wood Pulp (via FRED),https://fred.stlouisfed.org/series/WPU0911,True,"Indirect input proxy (wood pulp feeds into paper cup manufacturing), US producer price, not a global spot price."
1934-03-01,Paper Cups (12oz),7.9,WPU0911,BLS Producer Price Index by Commodity: Wood Pulp (via FRED),https://fred.stlouisfed.org/series/WPU0911,True,"Indirect input proxy (wood pulp feeds into paper cup manufacturing), US producer price, not a global spot price."
1934-04-01,Paper Cups (12oz),7.9,WPU0911,BLS Producer Price Index by Commodity: Wood Pulp (via FRED),https://fred.stlouisfed.org/series/WPU0911,True,"Indirect input proxy (wood pulp feeds into paper cup manufacturing), US producer price, not a global spot price."
1934-05-01,Paper Cups (12oz),7.9,WPU0911,BLS Producer Price Index by Commodity: Wood Pulp (via FRED),https://fred.stlouisfed.org/series/WPU0911,True,"Indirect input proxy (wood pulp feeds into paper cup manufacturing), US producer price, not a global spot price."
1934-06-01,Paper Cups (12oz),7.9,WPU0911,BLS Producer Price Index by Commodity: Wood Pulp (via FRED),https://fred.stlouisfed.org/series/WPU0911,True,"Indirect input proxy (wood pulp feeds into paper cup manufacturing), US producer price, not a global spot price."
1934-07-01,Paper Cups (12oz),7.9,WPU0911,BLS Producer Price Index by Commodity: Wood Pulp (via FRED),https://fred.stlouisfed.org/series/WPU0911,True,"Indirect input proxy (wood pulp feeds into paper cup manufacturing), US producer price, not a global spot price."
1934-08-01,Paper Cups (12oz),7.9,WPU0911,BLS Producer Price Index by Commodity: Wood Pulp (via FRED),https://fred.stlouisfed.org/series/WPU0911,True,"Indirect input proxy (wood pulp feeds into paper cup manufacturing), US producer price, not a global spot price."
1934-09-01,Paper Cups (12oz),7.9,WPU0911,BLS Producer Price Index by Commodity: Wood Pulp (via FRED),https://fred.stlouisfed.org/series/WPU0911,True,"Indirect input proxy (wood pulp feeds into paper cup manufacturing), US producer price, not a global spot price."
1934-10-01,Paper Cups (12oz),7.9,WPU0911,BLS Producer Price Index by Commodity: Wood Pulp (via FRED),https://fred.stlouisfed.org/series/WPU0911,True,"Indirect input proxy (wood pulp feeds into paper cup manufacturing), US producer price, not a global spot price."
1934-11-01,Paper Cups (12oz),7.9,WPU0911,BLS Producer Price Index by Commodity: Wood Pulp (via FRED),https://fred.stlouisfed.org/series/WPU0911,True,"Indirect input proxy (wood pulp feeds into paper cup manufacturing), US producer price, not a global spot price."
1934-12-01,Paper Cups (12oz),7.8,WPU0911,BLS Producer Price Index by Commodity: Wood Pulp (via FRED),https://fred.stlouisfed.org/series/WPU0911,True,"Indirect input proxy (wood pulp feeds into paper cup manufacturing), US producer price, not a global spot price."
1935-01-01,Paper Cups (12oz),7.7,WPU0911,BLS Producer Price Index by Commodity: Wood Pulp (via FRED),https://fred.stlouisfed.org/series/WPU0911,True,"Indirect input proxy (wood pulp feeds into paper cup manufacturing), US producer price, not a global spot price."
1935-02-01,Paper Cups (12oz),7.7,WPU0911,BLS Producer Price Index by Commodity: Wood Pulp (via FRED),https://fred.stlouisfed.org/series/WPU0911,True,"Indirect input proxy (wood pulp feeds into paper cup manufacturing), US producer price, not a global spot price."
1935-03-01,Paper Cups (12oz),7.4,WPU0911,BLS Producer Price Index by Commodity: Wood Pulp (via FRED),https://fred.stlouisfed.org/series/WPU0911,True,"Indirect input proxy (wood pulp feeds into paper cup manufacturing), US producer price, not a global spot price."
1935-04-01,Paper Cups (12oz),7.2,WPU0911,BLS Producer Price Index by Commodity: Wood Pulp (via FRED),https://fred.stlouisfed.org/series/WPU0911,True,"Indirect input proxy (wood pulp feeds into paper cup manufacturing), US producer price, not a global spot price."
1935-05-01,Paper Cups (12oz),7.2,WPU0911,BLS Producer Price Index by Commodity: Wood Pulp (via FRED),https://fred.stlouisfed.org/series/WPU0911,True,"Indirect input proxy (wood pulp feeds into paper cup manufacturing), US producer price, not a global spot price."
1935-06-01,Paper Cups (12oz),7.2,WPU0911,BLS Producer Price Index by Commodity: Wood Pulp (via FRED),https://fred.stlouisfed.org/series/WPU0911,True,"Indirect input proxy (wood pulp feeds into paper cup manufacturing), US producer price, not a global spot price."
1935-07-01,Paper Cups (12oz),7.2,WPU0911,BLS Producer Price Index by Commodity: Wood Pulp (via FRED),https://fred.stlouisfed.org/series/WPU0911,True,"Indirect input proxy (wood pulp feeds into paper cup manufacturing), US producer price, not a global spot price."
1935-08-01,Paper Cups (12oz),7.2,WPU0911,BLS Producer Price Index by Commodity: Wood Pulp (via FRED),https://fred.stlouisfed.org/series/WPU0911,True,"Indirect input proxy (wood pulp feeds into paper cup manufacturing), US producer price, not a global spot price."
1935-09-01,Paper Cups (12oz),7.2,WPU0911,BLS Producer Price Index by Commodity: Wood Pulp (via FRED),https://fred.stlouisfed.org/series/WPU0911,True,"Indirect input proxy (wood pulp feeds into paper cup manufacturing), US producer price, not a global spot price."
1935-10-01,Paper Cups (12oz),7.2,WPU0911,BLS Producer Price Index by Commodity: Wood Pulp (via FRED),https://fred.stlouisfed.org/series/WPU0911,True,"Indirect input proxy (wood pulp feeds into paper cup manufacturing), US producer price, not a global spot price."
1935-11-01,Paper Cups (12oz),7.2,WPU0911,BLS Producer Price Index by Commodity: Wood Pulp (via FRED),https://fred.stlouisfed.org/series/WPU0911,True,"Indirect input proxy (wood pulp feeds into paper cup manufacturing), US producer price, not a global spot price."
1935-12-01,Paper Cups (12oz),7.2,WPU0911,BLS Producer Price Index by Commodity: Wood Pulp (via FRED),https://fred.stlouisfed.org/series/WPU0911,True,"Indirect input proxy (wood pulp feeds into paper cup manufacturing), US producer price, not a global spot price."
1936-01-01,Paper Cups (12oz),7.3,WPU0911,BLS Producer Price Index by Commodity: Wood Pulp (via FRED),https://fred.stlouisfed.org/series/WPU0911,True,"Indirect input proxy (wood pulp feeds into paper cup manufacturing), US producer price, not a global spot price."
1936-02-01,Paper Cups (12oz),7.4,WPU0911,BLS Producer Price Index by Commodity: Wood Pulp (via FRED),https://fred.stlouisfed.org/series/WPU0911,True,"Indirect input proxy (wood pulp feeds into paper cup manufacturing), US producer price, not a global spot price."
1936-03-01,Paper Cups (12oz),7.4,WPU0911,BLS Producer Price Index by Commodity: Wood Pulp (via FRED),https://fred.stlouisfed.org/series/WPU0911,True,"Indirect input proxy (wood pulp feeds into paper cup manufacturing), US producer price, not a global spot price."
1936-04-01,Paper Cups (12oz),7.4,WPU0911,BLS Producer Price Index by Commodity: Wood Pulp (via FRED),https://fred.stlouisfed.org/series/WPU0911,True,"Indirect input proxy (wood pulp feeds into paper cup manufacturing), US producer price, not a global spot price."
1936-05-01,Paper Cups (12oz),7.4,WPU0911,BLS Producer Price Index by Commodity: Wood Pulp (via FRED),https://fred.stlouisfed.org/series/WPU0911,True,"Indirect input proxy (wood pulp feeds into paper cup manufacturing), US producer price, not a global spot price."
1936-06-01,Paper Cups (12oz),7.5,WPU0911,BLS Producer Price Index by Commodity: Wood Pulp (via FRED),https://fred.stlouisfed.org/series/WPU0911,True,"Indirect input proxy (wood pulp feeds into paper cup manufacturing), US producer price, not a global spot price."
1936-07-01,Paper Cups (12oz),7.5,WPU0911,BLS Producer Price Index by Commodity: Wood Pulp (via FRED),https://fred.stlouisfed.org/series/WPU0911,True,"Indirect input proxy (wood pulp feeds into paper cup manufacturing), US producer price, not a global spot price."
1936-08-01,Paper Cups (12oz),7.5,WPU0911,BLS Producer Price Index by Commodity: Wood Pulp (via FRED),https://fred.stlouisfed.org/series/WPU0911,True,"Indirect input proxy (wood pulp feeds into paper cup manufacturing), US producer price, not a global spot price."
1936-09-01,Paper Cups (12oz),7.5,WPU0911,BLS Producer Price Index by Commodity: Wood Pulp (via FRED),https://fred.stlouisfed.org/series/WPU0911,True,"Indirect input proxy (wood pulp feeds into paper cup manufacturing), US producer price, not a global spot price."
1936-10-01,Paper Cups (12oz),7.7,WPU0911,BLS Producer Price Index by Commodity: Wood Pulp (via FRED),https://fred.stlouisfed.org/series/WPU0911,True,"Indirect input proxy (wood pulp feeds into paper cup manufacturing), US producer price, not a global spot price."
1936-11-01,Paper Cups (12oz),8.0,WPU0911,BLS Producer Price Index by Commodity: Wood Pulp (via FRED),https://fred.stlouisfed.org/series/WPU0911,True,"Indirect input proxy (wood pulp feeds into paper cup manufacturing), US producer price, not a global spot price."
1936-12-01,Paper Cups (12oz),8.8,WPU0911,BLS Producer Price Index by Commodity: Wood Pulp (via FRED),https://fred.stlouisfed.org/series/WPU0911,True,"Indirect input proxy (wood pulp feeds into paper cup manufacturing), US producer price, not a global spot price."
1937-01-01,Paper Cups (12oz),9.2,WPU0911,BLS Producer Price Index by Commodity: Wood Pulp (via FRED),https://fred.stlouisfed.org/series/WPU0911,True,"Indirect input proxy (wood pulp feeds into paper cup manufacturing), US producer price, not a global spot price."
1937-02-01,Paper Cups (12oz),10.2,WPU0911,BLS Producer Price Index by Commodity: Wood Pulp (via FRED),https://fred.stlouisfed.org/series/WPU0911,True,"Indirect input proxy (wood pulp feeds into paper cup manufacturing), US producer price, not a global spot price."
1937-03-01,Paper Cups (12oz),11.0,WPU0911,BLS Producer Price Index by Commodity: Wood Pulp (via FRED),https://fred.stlouisfed.org/series/WPU0911,True,"Indirect input proxy (wood pulp feeds into paper cup manufacturing), US producer price, not a global spot price."
1937-04-01,Paper Cups (12oz),12.3,WPU0911,BLS Producer Price Index by Commodity: Wood Pulp (via FRED),https://fred.stlouisfed.org/series/WPU0911,True,"Indirect input proxy (wood pulp feeds into paper cup manufacturing), US producer price, not a global spot price."
1937-05-01,Paper Cups (12oz),12.3,WPU0911,BLS Producer Price Index by Commodity: Wood Pulp (via FRED),https://fred.stlouisfed.org/series/WPU0911,True,"Indirect input proxy (wood pulp feeds into paper cup manufacturing), US producer price, not a global spot price."
1937-06-01,Paper Cups (12oz),12.5,WPU0911,BLS Producer Price Index by Commodity: Wood Pulp (via FRED),https://fred.stlouisfed.org/series/WPU0911,True,"Indirect input proxy (wood pulp feeds into paper cup manufacturing), US producer price, not a global spot price."
1937-07-01,Paper Cups (12oz),12.7,WPU0911,BLS Producer Price Index by Commodity: Wood Pulp (via FRED),https://fred.stlouisfed.org/series/WPU0911,True,"Indirect input proxy (wood pulp feeds into paper cup manufacturing), US producer price, not a global spot price."
1937-08-01,Paper Cups (12oz),12.7,WPU0911,BLS Producer Price Index by Commodity: Wood Pulp (via FRED),https://fred.stlouisfed.org/series/WPU0911,True,"Indirect input proxy (wood pulp feeds into paper cup manufacturing), US producer price, not a global spot price."
1937-09-01,Paper Cups (12oz),12.8,WPU0911,BLS Producer Price Index by Commodity: Wood Pulp (via FRED),https://fred.stlouisfed.org/series/WPU0911,True,"Indirect input proxy (wood pulp feeds into paper cup manufacturing), US producer price, not a global spot price."
1937-10-01,Paper Cups (12oz),12.5,WPU0911,BLS Producer Price Index by Commodity: Wood Pulp (via FRED),https://fred.stlouisfed.org/series/WPU0911,True,"Indirect input proxy (wood pulp feeds into paper cup manufacturing), US producer price, not a global spot price."
1937-11-01,Paper Cups (12oz),11.8,WPU0911,BLS Producer Price Index by Commodity: Wood Pulp (via FRED),https://fred.stlouisfed.org/series/WPU0911,True,"Indirect input proxy (wood pulp feeds into paper cup manufacturing), US producer price, not a global spot price."
1937-12-01,Paper Cups (12oz),11.3,WPU0911,BLS Producer Price Index by Commodity: Wood Pulp (via FRED),https://fred.stlouisfed.org/series/WPU0911,True,"Indirect input proxy (wood pulp feeds into paper cup manufacturing), US producer price, not a global spot price."
1938-01-01,Paper Cups (12oz),10.2,WPU0911,BLS Producer Price Index by Commodity: Wood Pulp (via FRED),https://fred.stlouisfed.org/series/WPU0911,True,"Indirect input proxy (wood pulp feeds into paper cup manufacturing), US producer price, not a global spot price."
1938-02-01,Paper Cups (12oz),10.2,WPU0911,BLS Producer Price Index by Commodity: Wood Pulp (via FRED),https://fred.stlouisfed.org/series/WPU0911,True,"Indirect input proxy (wood pulp feeds into paper cup manufacturing), US producer price, not a global spot price."
1938-03-01,Paper Cups (12oz),10.0,WPU0911,BLS Producer Price Index by Commodity: Wood Pulp (via FRED),https://fred.stlouisfed.org/series/WPU0911,True,"Indirect input proxy (wood pulp feeds into paper cup manufacturing), US producer price, not a global spot price."
1938-04-01,Paper Cups (12oz),9.6,WPU0911,BLS Producer Price Index by Commodity: Wood Pulp (via FRED),https://fred.stlouisfed.org/series/WPU0911,True,"Indirect input proxy (wood pulp feeds into paper cup manufacturing), US producer price, not a global spot price."
1938-05-01,Paper Cups (12oz),9.3,WPU0911,BLS Producer Price Index by Commodity: Wood Pulp (via FRED),https://fred.stlouisfed.org/series/WPU0911,True,"Indirect input proxy (wood pulp feeds into paper cup manufacturing), US producer price, not a global spot price."
1938-06-01,Paper Cups (12oz),8.7,WPU0911,BLS Producer Price Index by Commodity: Wood Pulp (via FRED),https://fred.stlouisfed.org/series/WPU0911,True,"Indirect input proxy (wood pulp feeds into paper cup manufacturing), US producer price, not a global spot price."
1938-07-01,Paper Cups (12oz),8.2,WPU0911,BLS Producer Price Index by Commodity: Wood Pulp (via FRED),https://fred.stlouisfed.org/series/WPU0911,True,"Indirect input proxy (wood pulp feeds into paper cup manufacturing), US producer price, not a global spot price."
1938-08-01,Paper Cups (12oz),8.0,WPU0911,BLS Producer Price Index by Commodity: Wood Pulp (via FRED),https://fred.stlouisfed.org/series/WPU0911,True,"Indirect input proxy (wood pulp feeds into paper cup manufacturing), US producer price, not a global spot price."
1938-09-01,Paper Cups (12oz),7.6,WPU0911,BLS Producer Price Index by Commodity: Wood Pulp (via FRED),https://fred.stlouisfed.org/series/WPU0911,True,"Indirect input proxy (wood pulp feeds into paper cup manufacturing), US producer price, not a global spot price."
1938-10-01,Paper Cups (12oz),7.4,WPU0911,BLS Producer Price Index by Commodity: Wood Pulp (via FRED),https://fred.stlouisfed.org/series/WPU0911,True,"Indirect input proxy (wood pulp feeds into paper cup manufacturing), US producer price, not a global spot price."
1938-11-01,Paper Cups (12oz),7.4,WPU0911,BLS Producer Price Index by Commodity: Wood Pulp (via FRED),https://fred.stlouisfed.org/series/WPU0911,True,"Indirect input proxy (wood pulp feeds into paper cup manufacturing), US producer price, not a global spot price."
1938-12-01,Paper Cups (12oz),7.2,WPU0911,BLS Producer Price Index by Commodity: Wood Pulp (via FRED),https://fred.stlouisfed.org/series/WPU0911,True,"Indirect input proxy (wood pulp feeds into paper cup manufacturing), US producer price, not a global spot price."
1939-01-01,Paper Cups (12oz),7.1,WPU0911,BLS Producer Price Index by Commodity: Wood Pulp (via FRED),https://fred.stlouisfed.org/series/WPU0911,True,"Indirect input proxy (wood pulp feeds into paper cup manufacturing), US producer price, not a global spot price."
1939-02-01,Paper Cups (12oz),7.1,WPU0911,BLS Producer Price Index by Commodity: Wood Pulp (via FRED),https://fred.stlouisfed.org/series/WPU0911,True,"Indirect input proxy (wood pulp feeds into paper cup manufacturing), US producer price, not a global spot price."
1939-03-01,Paper Cups (12oz),7.0,WPU0911,BLS Producer Price Index by Commodity: Wood Pulp (via FRED),https://fred.stlouisfed.org/series/WPU0911,True,"Indirect input proxy (wood pulp feeds into paper cup manufacturing), US producer price, not a global spot price."
1939-04-01,Paper Cups (12oz),7.0,WPU0911,BLS Producer Price Index by Commodity: Wood Pulp (via FRED),https://fred.stlouisfed.org/series/WPU0911,True,"Indirect input proxy (wood pulp feeds into paper cup manufacturing), US producer price, not a global spot price."
1939-05-01,Paper Cups (12oz),7.0,WPU0911,BLS Producer Price Index by Commodity: Wood Pulp (via FRED),https://fred.stlouisfed.org/series/WPU0911,True,"Indirect input proxy (wood pulp feeds into paper cup manufacturing), US producer price, not a global spot price."
1939-06-01,Paper Cups (12oz),7.0,WPU0911,BLS Producer Price Index by Commodity: Wood Pulp (via FRED),https://fred.stlouisfed.org/series/WPU0911,True,"Indirect input proxy (wood pulp feeds into paper cup manufacturing), US producer price, not a global spot price."
1939-07-01,Paper Cups (12oz),7.0,WPU0911,BLS Producer Price Index by Commodity: Wood Pulp (via FRED),https://fred.stlouisfed.org/series/WPU0911,True,"Indirect input proxy (wood pulp feeds into paper cup manufacturing), US producer price, not a global spot price."
1939-08-01,Paper Cups (12oz),7.0,WPU0911,BLS Producer Price Index by Commodity: Wood Pulp (via FRED),https://fred.stlouisfed.org/series/WPU0911,True,"Indirect input proxy (wood pulp feeds into paper cup manufacturing), US producer price, not a global spot price."
1939-09-01,Paper Cups (12oz),7.6,WPU0911,BLS Producer Price Index by Commodity: Wood Pulp (via FRED),https://fred.stlouisfed.org/series/WPU0911,True,"Indirect input proxy (wood pulp feeds into paper cup manufacturing), US producer price, not a global spot price."
1939-10-01,Paper Cups (12oz),8.2,WPU0911,BLS Producer Price Index by Commodity: Wood Pulp (via FRED),https://fred.stlouisfed.org/series/WPU0911,True,"Indirect input proxy (wood pulp feeds into paper cup manufacturing), US producer price, not a global spot price."
1939-11-01,Paper Cups (12oz),8.2,WPU0911,BLS Producer Price Index by Commodity: Wood Pulp (via FRED),https://fred.stlouisfed.org/series/WPU0911,True,"Indirect input proxy (wood pulp feeds into paper cup manufacturing), US producer price, not a global spot price."
1939-12-01,Paper Cups (12oz),8.9,WPU0911,BLS Producer Price Index by Commodity: Wood Pulp (via FRED),https://fred.stlouisfed.org/series/WPU0911,True,"Indirect input proxy (wood pulp feeds into paper cup manufacturing), US producer price, not a global spot price."
1940-01-01,Paper Cups (12oz),9.7,WPU0911,BLS Producer Price Index by Commodity: Wood Pulp (via FRED),https://fred.stlouisfed.org/series/WPU0911,True,"Indirect input proxy (wood pulp feeds into paper cup manufacturing), US producer price, not a global spot price."
1940-02-01,Paper Cups (12oz),9.8,WPU0911,BLS Producer Price Index by Commodity: Wood Pulp (via FRED),https://fred.stlouisfed.org/series/WPU0911,True,"Indirect input proxy (wood pulp feeds into paper cup manufacturing), US producer price, not a global spot price."
1940-03-01,Paper Cups (12oz),9.8,WPU0911,BLS Producer Price Index by Commodity: Wood Pulp (via FRED),https://fred.stlouisfed.org/series/WPU0911,True,"Indirect input proxy (wood pulp feeds into paper cup manufacturing), US producer price, not a global spot price."
1940-04-01,Paper Cups (12oz),10.4,WPU0911,BLS Producer Price Index by Commodity: Wood Pulp (via FRED),https://fred.stlouisfed.org/series/WPU0911,True,"Indirect input proxy (wood pulp feeds into paper cup manufacturing), US producer price, not a global spot price."
1940-05-01,Paper Cups (12oz),11.2,WPU0911,BLS Producer Price Index by Commodity: Wood Pulp (via FRED),https://fred.stlouisfed.org/series/WPU0911,True,"Indirect input proxy (wood pulp feeds into paper cup manufacturing), US producer price, not a global spot price."
1940-06-01,Paper Cups (12oz),11.7,WPU0911,BLS Producer Price Index by Commodity: Wood Pulp (via FRED),https://fred.stlouisfed.org/series/WPU0911,True,"Indirect input proxy (wood pulp feeds into paper cup manufacturing), US producer price, not a global spot price."
1940-07-01,Paper Cups (12oz),12.2,WPU0911,BLS Producer Price Index by Commodity: Wood Pulp (via FRED),https://fred.stlouisfed.org/series/WPU0911,True,"Indirect input proxy (wood pulp feeds into paper cup manufacturing), US producer price, not a global spot price."
1940-08-01,Paper Cups (12oz),12.2,WPU0911,BLS Producer Price Index by Commodity: Wood Pulp (via FRED),https://fred.stlouisfed.org/series/WPU0911,True,"Indirect input proxy (wood pulp feeds into paper cup manufacturing), US producer price, not a global spot price."
1940-09-01,Paper Cups (12oz),12.2,WPU0911,BLS Producer Price Index by Commodity: Wood Pulp (via FRED),https://fred.stlouisfed.org/series/WPU0911,True,"Indirect input proxy (wood pulp feeds into paper cup manufacturing), US producer price, not a global spot price."
1940-10-01,Paper Cups (12oz),12.2,WPU0911,BLS Producer Price Index by Commodity: Wood Pulp (via FRED),https://fred.stlouisfed.org/series/WPU0911,True,"Indirect input proxy (wood pulp feeds into paper cup manufacturing), US producer price, not a global spot price."
1940-11-01,Paper Cups (12oz),12.2,WPU0911,BLS Producer Price Index by Commodity: Wood Pulp (via FRED),https://fred.stlouisfed.org/series/WPU0911,True,"Indirect input proxy (wood pulp feeds into paper cup manufacturing), US producer price, not a global spot price."
1940-12-01,Paper Cups (12oz),12.2,WPU0911,BLS Producer Price Index by Commodity: Wood Pulp (via FRED),https://fred.stlouisfed.org/series/WPU0911,True,"Indirect input proxy (wood pulp feeds into paper cup manufacturing), US producer price, not a global spot price."
1941-01-01,Paper Cups (12oz),12.2,WPU0911,BLS Producer Price Index by Commodity: Wood Pulp (via FRED),https://fred.stlouisfed.org/series/WPU0911,True,"Indirect input proxy (wood pulp feeds into paper cup manufacturing), US producer price, not a global spot price."
1941-02-01,Paper Cups (12oz),12.2,WPU0911,BLS Producer Price Index by Commodity: Wood Pulp (via FRED),https://fred.stlouisfed.org/series/WPU0911,True,"Indirect input proxy (wood pulp feeds into paper cup manufacturing), US producer price, not a global spot price."
1941-03-01,Paper Cups (12oz),12.2,WPU0911,BLS Producer Price Index by Commodity: Wood Pulp (via FRED),https://fred.stlouisfed.org/series/WPU0911,True,"Indirect input proxy (wood pulp feeds into paper cup manufacturing), US producer price, not a global spot price."
1941-04-01,Paper Cups (12oz),12.2,WPU0911,BLS Producer Price Index by Commodity: Wood Pulp (via FRED),https://fred.stlouisfed.org/series/WPU0911,True,"Indirect input proxy (wood pulp feeds into paper cup manufacturing), US producer price, not a global spot price."
1941-05-01,Paper Cups (12oz),12.3,WPU0911,BLS Producer Price Index by Commodity: Wood Pulp (via FRED),https://fred.stlouisfed.org/series/WPU0911,True,"Indirect input proxy (wood pulp feeds into paper cup manufacturing), US producer price, not a global spot price."
1941-06-01,Paper Cups (12oz),12.4,WPU0911,BLS Producer Price Index by Commodity: Wood Pulp (via FRED),https://fred.stlouisfed.org/series/WPU0911,True,"Indirect input proxy (wood pulp feeds into paper cup manufacturing), US producer price, not a global spot price."
1941-07-01,Paper Cups (12oz),12.4,WPU0911,BLS Producer Price Index by Commodity: Wood Pulp (via FRED),https://fred.stlouisfed.org/series/WPU0911,True,"Indirect input proxy (wood pulp feeds into paper cup manufacturing), US producer price, not a global spot price."
1941-08-01,Paper Cups (12oz),12.5,WPU0911,BLS Producer Price Index by Commodity: Wood Pulp (via FRED),https://fred.stlouisfed.org/series/WPU0911,True,"Indirect input proxy (wood pulp feeds into paper cup manufacturing), US producer price, not a global spot price."
1941-09-01,Paper Cups (12oz),13.0,WPU0911,BLS Producer Price Index by Commodity: Wood Pulp (via FRED),https://fred.stlouisfed.org/series/WPU0911,True,"Indirect input proxy (wood pulp feeds into paper cup manufacturing), US producer price, not a global spot price."
1941-10-01,Paper Cups (12oz),13.0,WPU0911,BLS Producer Price Index by Commodity: Wood Pulp (via FRED),https://fred.stlouisfed.org/series/WPU0911,True,"Indirect input proxy (wood pulp feeds into paper cup manufacturing), US producer price, not a global spot price."
1941-11-01,Paper Cups (12oz),13.0,WPU0911,BLS Producer Price Index by Commodity: Wood Pulp (via FRED),https://fred.stlouisfed.org/series/WPU0911,True,"Indirect input proxy (wood pulp feeds into paper cup manufacturing), US producer price, not a global spot price."
1941-12-01,Paper Cups (12oz),13.0,WPU0911,BLS Producer Price Index by Commodity: Wood Pulp (via FRED),https://fred.stlouisfed.org/series/WPU0911,True,"Indirect input proxy (wood pulp feeds into paper cup manufacturing), US producer price, not a global spot price."
1942-01-01,Paper Cups (12oz),13.0,WPU0911,BLS Producer Price Index by Commodity: Wood Pulp (via FRED),https://fred.stlouisfed.org/series/WPU0911,True,"Indirect input proxy (wood pulp feeds into paper cup manufacturing), US producer price, not a global spot price."
1942-02-01,Paper Cups (12oz),13.0,WPU0911,BLS Producer Price Index by Commodity: Wood Pulp (via FRED),https://fred.stlouisfed.org/series/WPU0911,True,"Indirect input proxy (wood pulp feeds into paper cup manufacturing), US producer price, not a global spot price."
1942-03-01,Paper Cups (12oz),13.0,WPU0911,BLS Producer Price Index by Commodity: Wood Pulp (via FRED),https://fred.stlouisfed.org/series/WPU0911,True,"Indirect input proxy (wood pulp feeds into paper cup manufacturing), US producer price, not a global spot price."
1942-04-01,Paper Cups (12oz),13.0,WPU0911,BLS Producer Price Index by Commodity: Wood Pulp (via FRED),https://fred.stlouisfed.org/series/WPU0911,True,"Indirect input proxy (wood pulp feeds into paper cup manufacturing), US producer price, not a global spot price."
1942-05-01,Paper Cups (12oz),13.0,WPU0911,BLS Producer Price Index by Commodity: Wood Pulp (via FRED),https://fred.stlouisfed.org/series/WPU0911,True,"Indirect input proxy (wood pulp feeds into paper cup manufacturing), US producer price, not a global spot price."
1942-06-01,Paper Cups (12oz),13.0,WPU0911,BLS Producer Price Index by Commodity: Wood Pulp (via FRED),https://fred.stlouisfed.org/series/WPU0911,True,"Indirect input proxy (wood pulp feeds into paper cup manufacturing), US producer price, not a global spot price."
1942-07-01,Paper Cups (12oz),13.0,WPU0911,BLS Producer Price Index by Commodity: Wood Pulp (via FRED),https://fred.stlouisfed.org/series/WPU0911,True,"Indirect input proxy (wood pulp feeds into paper cup manufacturing), US producer price, not a global spot price."
1942-08-01,Paper Cups (12oz),13.0,WPU0911,BLS Producer Price Index by Commodity: Wood Pulp (via FRED),https://fred.stlouisfed.org/series/WPU0911,True,"Indirect input proxy (wood pulp feeds into paper cup manufacturing), US producer price, not a global spot price."
1942-09-01,Paper Cups (12oz),13.0,WPU0911,BLS Producer Price Index by Commodity: Wood Pulp (via FRED),https://fred.stlouisfed.org/series/WPU0911,True,"Indirect input proxy (wood pulp feeds into paper cup manufacturing), US producer price, not a global spot price."
1942-10-01,Paper Cups (12oz),13.0,WPU0911,BLS Producer Price Index by Commodity: Wood Pulp (via FRED),https://fred.stlouisfed.org/series/WPU0911,True,"Indirect input proxy (wood pulp feeds into paper cup manufacturing), US producer price, not a global spot price."
1942-11-01,Paper Cups (12oz),13.0,WPU0911,BLS Producer Price Index by Commodity: Wood Pulp (via FRED),https://fred.stlouisfed.org/series/WPU0911,True,"Indirect input proxy (wood pulp feeds into paper cup manufacturing), US producer price, not a global spot price."
1942-12-01,Paper Cups (12oz),13.0,WPU0911,BLS Producer Price Index by Commodity: Wood Pulp (via FRED),https://fred.stlouisfed.org/series/WPU0911,True,"Indirect input proxy (wood pulp feeds into paper cup manufacturing), US producer price, not a global spot price."
1943-01-01,Paper Cups (12oz),13.0,WPU0911,BLS Producer Price Index by Commodity: Wood Pulp (via FRED),https://fred.stlouisfed.org/series/WPU0911,True,"Indirect input proxy (wood pulp feeds into paper cup manufacturing), US producer price, not a global spot price."
1943-02-01,Paper Cups (12oz),13.0,WPU0911,BLS Producer Price Index by Commodity: Wood Pulp (via FRED),https://fred.stlouisfed.org/series/WPU0911,True,"Indirect input proxy (wood pulp feeds into paper cup manufacturing), US producer price, not a global spot price."
1943-03-01,Paper Cups (12oz),13.0,WPU0911,BLS Producer Price Index by Commodity: Wood Pulp (via FRED),https://fred.stlouisfed.org/series/WPU0911,True,"Indirect input proxy (wood pulp feeds into paper cup manufacturing), US producer price, not a global spot price."
1943-04-01,Paper Cups (12oz),13.0,WPU0911,BLS Producer Price Index by Commodity: Wood Pulp (via FRED),https://fred.stlouisfed.org/series/WPU0911,True,"Indirect input proxy (wood pulp feeds into paper cup manufacturing), US producer price, not a global spot price."
1943-05-01,Paper Cups (12oz),13.0,WPU0911,BLS Producer Price Index by Commodity: Wood Pulp (via FRED),https://fred.stlouisfed.org/series/WPU0911,True,"Indirect input proxy (wood pulp feeds into paper cup manufacturing), US producer price, not a global spot price."
1943-06-01,Paper Cups (12oz),13.0,WPU0911,BLS Producer Price Index by Commodity: Wood Pulp (via FRED),https://fred.stlouisfed.org/series/WPU0911,True,"Indirect input proxy (wood pulp feeds into paper cup manufacturing), US producer price, not a global spot price."
1943-07-01,Paper Cups (12oz),13.0,WPU0911,BLS Producer Price Index by Commodity: Wood Pulp (via FRED),https://fred.stlouisfed.org/series/WPU0911,True,"Indirect input proxy (wood pulp feeds into paper cup manufacturing), US producer price, not a global spot price."
1943-08-01,Paper Cups (12oz),13.0,WPU0911,BLS Producer Price Index by Commodity: Wood Pulp (via FRED),https://fred.stlouisfed.org/series/WPU0911,True,"Indirect input proxy (wood pulp feeds into paper cup manufacturing), US producer price, not a global spot price."
1943-09-01,Paper Cups (12oz),13.0,WPU0911,BLS Producer Price Index by Commodity: Wood Pulp (via FRED),https://fred.stlouisfed.org/series/WPU0911,True,"Indirect input proxy (wood pulp feeds into paper cup manufacturing), US producer price, not a global spot price."
1943-10-01,Paper Cups (12oz),13.0,WPU0911,BLS Producer Price Index by Commodity: Wood Pulp (via FRED),https://fred.stlouisfed.org/series/WPU0911,True,"Indirect input proxy (wood pulp feeds into paper cup manufacturing), US producer price, not a global spot price."
1943-11-01,Paper Cups (12oz),13.0,WPU0911,BLS Producer Price Index by Commodity: Wood Pulp (via FRED),https://fred.stlouisfed.org/series/WPU0911,True,"Indirect input proxy (wood pulp feeds into paper cup manufacturing), US producer price, not a global spot price."
1943-12-01,Paper Cups (12oz),13.0,WPU0911,BLS Producer Price Index by Commodity: Wood Pulp (via FRED),https://fred.stlouisfed.org/series/WPU0911,True,"Indirect input proxy (wood pulp feeds into paper cup manufacturing), US producer price, not a global spot price."
1944-01-01,Paper Cups (12oz),13.0,WPU0911,BLS Producer Price Index by Commodity: Wood Pulp (via FRED),https://fred.stlouisfed.org/series/WPU0911,True,"Indirect input proxy (wood pulp feeds into paper cup manufacturing), US producer price, not a global spot price."
1944-02-01,Paper Cups (12oz),13.6,WPU0911,BLS Producer Price Index by Commodity: Wood Pulp (via FRED),https://fred.stlouisfed.org/series/WPU0911,True,"Indirect input proxy (wood pulp feeds into paper cup manufacturing), US producer price, not a global spot price."
1944-03-01,Paper Cups (12oz),14.2,WPU0911,BLS Producer Price Index by Commodity: Wood Pulp (via FRED),https://fred.stlouisfed.org/series/WPU0911,True,"Indirect input proxy (wood pulp feeds into paper cup manufacturing), US producer price, not a global spot price."
1944-04-01,Paper Cups (12oz),14.2,WPU0911,BLS Producer Price Index by Commodity: Wood Pulp (via FRED),https://fred.stlouisfed.org/series/WPU0911,True,"Indirect input proxy (wood pulp feeds into paper cup manufacturing), US producer price, not a global spot price."
1944-05-01,Paper Cups (12oz),14.2,WPU0911,BLS Producer Price Index by Commodity: Wood Pulp (via FRED),https://fred.stlouisfed.org/series/WPU0911,True,"Indirect input proxy (wood pulp feeds into paper cup manufacturing), US producer price, not a global spot price."
1944-06-01,Paper Cups (12oz),14.2,WPU0911,BLS Producer Price Index by Commodity: Wood Pulp (via FRED),https://fred.stlouisfed.org/series/WPU0911,True,"Indirect input proxy (wood pulp feeds into paper cup manufacturing), US producer price, not a global spot price."
1944-07-01,Paper Cups (12oz),14.2,WPU0911,BLS Producer Price Index by Commodity: Wood Pulp (via FRED),https://fred.stlouisfed.org/series/WPU0911,True,"Indirect input proxy (wood pulp feeds into paper cup manufacturing), US producer price, not a global spot price."
1944-08-01,Paper Cups (12oz),14.2,WPU0911,BLS Producer Price Index by Commodity: Wood Pulp (via FRED),https://fred.stlouisfed.org/series/WPU0911,True,"Indirect input proxy (wood pulp feeds into paper cup manufacturing), US producer price, not a global spot price."
1944-09-01,Paper Cups (12oz),14.2,WPU0911,BLS Producer Price Index by Commodity: Wood Pulp (via FRED),https://fred.stlouisfed.org/series/WPU0911,True,"Indirect input proxy (wood pulp feeds into paper cup manufacturing), US producer price, not a global spot price."
1944-10-01,Paper Cups (12oz),14.2,WPU0911,BLS Producer Price Index by Commodity: Wood Pulp (via FRED),https://fred.stlouisfed.org/series/WPU0911,True,"Indirect input proxy (wood pulp feeds into paper cup manufacturing), US producer price, not a global spot price."
1944-11-01,Paper Cups (12oz),14.2,WPU0911,BLS Producer Price Index by Commodity: Wood Pulp (via FRED),https://fred.stlouisfed.org/series/WPU0911,True,"Indirect input proxy (wood pulp feeds into paper cup manufacturing), US producer price, not a global spot price."
1944-12-01,Paper Cups (12oz),14.2,WPU0911,BLS Producer Price Index by Commodity: Wood Pulp (via FRED),https://fred.stlouisfed.org/series/WPU0911,True,"Indirect input proxy (wood pulp feeds into paper cup manufacturing), US producer price, not a global spot price."
1945-01-01,Paper Cups (12oz),14.2,WPU0911,BLS Producer Price Index by Commodity: Wood Pulp (via FRED),https://fred.stlouisfed.org/series/WPU0911,True,"Indirect input proxy (wood pulp feeds into paper cup manufacturing), US producer price, not a global spot price."
1945-02-01,Paper Cups (12oz),14.2,WPU0911,BLS Producer Price Index by Commodity: Wood Pulp (via FRED),https://fred.stlouisfed.org/series/WPU0911,True,"Indirect input proxy (wood pulp feeds into paper cup manufacturing), US producer price, not a global spot price."
1945-03-01,Paper Cups (12oz),14.2,WPU0911,BLS Producer Price Index by Commodity: Wood Pulp (via FRED),https://fred.stlouisfed.org/series/WPU0911,True,"Indirect input proxy (wood pulp feeds into paper cup manufacturing), US producer price, not a global spot price."
1945-04-01,Paper Cups (12oz),14.2,WPU0911,BLS Producer Price Index by Commodity: Wood Pulp (via FRED),https://fred.stlouisfed.org/series/WPU0911,True,"Indirect input proxy (wood pulp feeds into paper cup manufacturing), US producer price, not a global spot price."
1945-05-01,Paper Cups (12oz),14.2,WPU0911,BLS Producer Price Index by Commodity: Wood Pulp (via FRED),https://fred.stlouisfed.org/series/WPU0911,True,"Indirect input proxy (wood pulp feeds into paper cup manufacturing), US producer price, not a global spot price."
1945-06-01,Paper Cups (12oz),14.2,WPU0911,BLS Producer Price Index by Commodity: Wood Pulp (via FRED),https://fred.stlouisfed.org/series/WPU0911,True,"Indirect input proxy (wood pulp feeds into paper cup manufacturing), US producer price, not a global spot price."
1945-07-01,Paper Cups (12oz),14.2,WPU0911,BLS Producer Price Index by Commodity: Wood Pulp (via FRED),https://fred.stlouisfed.org/series/WPU0911,True,"Indirect input proxy (wood pulp feeds into paper cup manufacturing), US producer price, not a global spot price."
1945-08-01,Paper Cups (12oz),14.2,WPU0911,BLS Producer Price Index by Commodity: Wood Pulp (via FRED),https://fred.stlouisfed.org/series/WPU0911,True,"Indirect input proxy (wood pulp feeds into paper cup manufacturing), US producer price, not a global spot price."
1945-09-01,Paper Cups (12oz),14.2,WPU0911,BLS Producer Price Index by Commodity: Wood Pulp (via FRED),https://fred.stlouisfed.org/series/WPU0911,True,"Indirect input proxy (wood pulp feeds into paper cup manufacturing), US producer price, not a global spot price."
1945-10-01,Paper Cups (12oz),14.2,WPU0911,BLS Producer Price Index by Commodity: Wood Pulp (via FRED),https://fred.stlouisfed.org/series/WPU0911,True,"Indirect input proxy (wood pulp feeds into paper cup manufacturing), US producer price, not a global spot price."
1945-11-01,Paper Cups (12oz),14.2,WPU0911,BLS Producer Price Index by Commodity: Wood Pulp (via FRED),https://fred.stlouisfed.org/series/WPU0911,True,"Indirect input proxy (wood pulp feeds into paper cup manufacturing), US producer price, not a global spot price."
1945-12-01,Paper Cups (12oz),14.2,WPU0911,BLS Producer Price Index by Commodity: Wood Pulp (via FRED),https://fred.stlouisfed.org/series/WPU0911,True,"Indirect input proxy (wood pulp feeds into paper cup manufacturing), US producer price, not a global spot price."
1946-01-01,Paper Cups (12oz),14.2,WPU0911,BLS Producer Price Index by Commodity: Wood Pulp (via FRED),https://fred.stlouisfed.org/series/WPU0911,True,"Indirect input proxy (wood pulp feeds into paper cup manufacturing), US producer price, not a global spot price."
1946-02-01,Paper Cups (12oz),14.2,WPU0911,BLS Producer Price Index by Commodity: Wood Pulp (via FRED),https://fred.stlouisfed.org/series/WPU0911,True,"Indirect input proxy (wood pulp feeds into paper cup manufacturing), US producer price, not a global spot price."
1946-03-01,Paper Cups (12oz),14.2,WPU0911,BLS Producer Price Index by Commodity: Wood Pulp (via FRED),https://fred.stlouisfed.org/series/WPU0911,True,"Indirect input proxy (wood pulp feeds into paper cup manufacturing), US producer price, not a global spot price."
1946-04-01,Paper Cups (12oz),14.3,WPU0911,BLS Producer Price Index by Commodity: Wood Pulp (via FRED),https://fred.stlouisfed.org/series/WPU0911,True,"Indirect input proxy (wood pulp feeds into paper cup manufacturing), US producer price, not a global spot price."
1946-05-01,Paper Cups (12oz),15.6,WPU0911,BLS Producer Price Index by Commodity: Wood Pulp (via FRED),https://fred.stlouisfed.org/series/WPU0911,True,"Indirect input proxy (wood pulp feeds into paper cup manufacturing), US producer price, not a global spot price."
1946-06-01,Paper Cups (12oz),15.6,WPU0911,BLS Producer Price Index by Commodity: Wood Pulp (via FRED),https://fred.stlouisfed.org/series/WPU0911,True,"Indirect input proxy (wood pulp feeds into paper cup manufacturing), US producer price, not a global spot price."
1946-07-01,Paper Cups (12oz),15.6,WPU0911,BLS Producer Price Index by Commodity: Wood Pulp (via FRED),https://fred.stlouisfed.org/series/WPU0911,True,"Indirect input proxy (wood pulp feeds into paper cup manufacturing), US producer price, not a global spot price."
1946-08-01,Paper Cups (12oz),15.6,WPU0911,BLS Producer Price Index by Commodity: Wood Pulp (via FRED),https://fred.stlouisfed.org/series/WPU0911,True,"Indirect input proxy (wood pulp feeds into paper cup manufacturing), US producer price, not a global spot price."
1946-09-01,Paper Cups (12oz),16.7,WPU0911,BLS Producer Price Index by Commodity: Wood Pulp (via FRED),https://fred.stlouisfed.org/series/WPU0911,True,"Indirect input proxy (wood pulp feeds into paper cup manufacturing), US producer price, not a global spot price."
1946-10-01,Paper Cups (12oz),17.1,WPU0911,BLS Producer Price Index by Commodity: Wood Pulp (via FRED),https://fred.stlouisfed.org/series/WPU0911,True,"Indirect input proxy (wood pulp feeds into paper cup manufacturing), US producer price, not a global spot price."
1946-11-01,Paper Cups (12oz),17.5,WPU0911,BLS Producer Price Index by Commodity: Wood Pulp (via FRED),https://fred.stlouisfed.org/series/WPU0911,True,"Indirect input proxy (wood pulp feeds into paper cup manufacturing), US producer price, not a global spot price."
1946-12-01,Paper Cups (12oz),18.0,WPU0911,BLS Producer Price Index by Commodity: Wood Pulp (via FRED),https://fred.stlouisfed.org/series/WPU0911,True,"Indirect input proxy (wood pulp feeds into paper cup manufacturing), US producer price, not a global spot price."
1947-01-01,Paper Cups (12oz),20.1,WPU0911,BLS Producer Price Index by Commodity: Wood Pulp (via FRED),https://fred.stlouisfed.org/series/WPU0911,True,"Indirect input proxy (wood pulp feeds into paper cup manufacturing), US producer price, not a global spot price."
1947-02-01,Paper Cups (12oz),20.1,WPU0911,BLS Producer Price Index by Commodity: Wood Pulp (via FRED),https://fred.stlouisfed.org/series/WPU0911,True,"Indirect input proxy (wood pulp feeds into paper cup manufacturing), US producer price, not a global spot price."
1947-03-01,Paper Cups (12oz),20.6,WPU0911,BLS Producer Price Index by Commodity: Wood Pulp (via FRED),https://fred.stlouisfed.org/series/WPU0911,True,"Indirect input proxy (wood pulp feeds into paper cup manufacturing), US producer price, not a global spot price."
1947-04-01,Paper Cups (12oz),21.1,WPU0911,BLS Producer Price Index by Commodity: Wood Pulp (via FRED),https://fred.stlouisfed.org/series/WPU0911,True,"Indirect input proxy (wood pulp feeds into paper cup manufacturing), US producer price, not a global spot price."
1947-05-01,Paper Cups (12oz),21.2,WPU0911,BLS Producer Price Index by Commodity: Wood Pulp (via FRED),https://fred.stlouisfed.org/series/WPU0911,True,"Indirect input proxy (wood pulp feeds into paper cup manufacturing), US producer price, not a global spot price."
1947-06-01,Paper Cups (12oz),21.3,WPU0911,BLS Producer Price Index by Commodity: Wood Pulp (via FRED),https://fred.stlouisfed.org/series/WPU0911,True,"Indirect input proxy (wood pulp feeds into paper cup manufacturing), US producer price, not a global spot price."
1947-07-01,Paper Cups (12oz),21.6,WPU0911,BLS Producer Price Index by Commodity: Wood Pulp (via FRED),https://fred.stlouisfed.org/series/WPU0911,True,"Indirect input proxy (wood pulp feeds into paper cup manufacturing), US producer price, not a global spot price."
1947-08-01,Paper Cups (12oz),21.9,WPU0911,BLS Producer Price Index by Commodity: Wood Pulp (via FRED),https://fred.stlouisfed.org/series/WPU0911,True,"Indirect input proxy (wood pulp feeds into paper cup manufacturing), US producer price, not a global spot price."
1947-09-01,Paper Cups (12oz),21.9,WPU0911,BLS Producer Price Index by Commodity: Wood Pulp (via FRED),https://fred.stlouisfed.org/series/WPU0911,True,"Indirect input proxy (wood pulp feeds into paper cup manufacturing), US producer price, not a global spot price."
1947-10-01,Paper Cups (12oz),21.9,WPU0911,BLS Producer Price Index by Commodity: Wood Pulp (via FRED),https://fred.stlouisfed.org/series/WPU0911,True,"Indirect input proxy (wood pulp feeds into paper cup manufacturing), US producer price, not a global spot price."
1947-11-01,Paper Cups (12oz),21.9,WPU0911,BLS Producer Price Index by Commodity: Wood Pulp (via FRED),https://fred.stlouisfed.org/series/WPU0911,True,"Indirect input proxy (wood pulp feeds into paper cup manufacturing), US producer price, not a global spot price."
1947-12-01,Paper Cups (12oz),22.9,WPU0911,BLS Producer Price Index by Commodity: Wood Pulp (via FRED),https://fred.stlouisfed.org/series/WPU0911,True,"Indirect input proxy (wood pulp feeds into paper cup manufacturing), US producer price, not a global spot price."
1948-01-01,Paper Cups (12oz),23.3,WPU0911,BLS Producer Price Index by Commodity: Wood Pulp (via FRED),https://fred.stlouisfed.org/series/WPU0911,True,"Indirect input proxy (wood pulp feeds into paper cup manufacturing), US producer price, not a global spot price."
1948-02-01,Paper Cups (12oz),23.8,WPU0911,BLS Producer Price Index by Commodity: Wood Pulp (via FRED),https://fred.stlouisfed.org/series/WPU0911,True,"Indirect input proxy (wood pulp feeds into paper cup manufacturing), US producer price, not a global spot price."
1948-03-01,Paper Cups (12oz),23.8,WPU0911,BLS Producer Price Index by Commodity: Wood Pulp (via FRED),https://fred.stlouisfed.org/series/WPU0911,True,"Indirect input proxy (wood pulp feeds into paper cup manufacturing), US producer price, not a global spot price."
1948-04-01,Paper Cups (12oz),23.8,WPU0911,BLS Producer Price Index by Commodity: Wood Pulp (via FRED),https://fred.stlouisfed.org/series/WPU0911,True,"Indirect input proxy (wood pulp feeds into paper cup manufacturing), US producer price, not a global spot price."
1948-05-01,Paper Cups (12oz),23.8,WPU0911,BLS Producer Price Index by Commodity: Wood Pulp (via FRED),https://fred.stlouisfed.org/series/WPU0911,True,"Indirect input proxy (wood pulp feeds into paper cup manufacturing), US producer price, not a global spot price."
1948-06-01,Paper Cups (12oz),24.0,WPU0911,BLS Producer Price Index by Commodity: Wood Pulp (via FRED),https://fred.stlouisfed.org/series/WPU0911,True,"Indirect input proxy (wood pulp feeds into paper cup manufacturing), US producer price, not a global spot price."
1948-07-01,Paper Cups (12oz),24.3,WPU0911,BLS Producer Price Index by Commodity: Wood Pulp (via FRED),https://fred.stlouisfed.org/series/WPU0911,True,"Indirect input proxy (wood pulp feeds into paper cup manufacturing), US producer price, not a global spot price."
1948-08-01,Paper Cups (12oz),24.3,WPU0911,BLS Producer Price Index by Commodity: Wood Pulp (via FRED),https://fred.stlouisfed.org/series/WPU0911,True,"Indirect input proxy (wood pulp feeds into paper cup manufacturing), US producer price, not a global spot price."
1948-09-01,Paper Cups (12oz),24.3,WPU0911,BLS Producer Price Index by Commodity: Wood Pulp (via FRED),https://fred.stlouisfed.org/series/WPU0911,True,"Indirect input proxy (wood pulp feeds into paper cup manufacturing), US producer price, not a global spot price."
1948-10-01,Paper Cups (12oz),24.3,WPU0911,BLS Producer Price Index by Commodity: Wood Pulp (via FRED),https://fred.stlouisfed.org/series/WPU0911,True,"Indirect input proxy (wood pulp feeds into paper cup manufacturing), US producer price, not a global spot price."
1948-11-01,Paper Cups (12oz),24.2,WPU0911,BLS Producer Price Index by Commodity: Wood Pulp (via FRED),https://fred.stlouisfed.org/series/WPU0911,True,"Indirect input proxy (wood pulp feeds into paper cup manufacturing), US producer price, not a global spot price."
1948-12-01,Paper Cups (12oz),24.1,WPU0911,BLS Producer Price Index by Commodity: Wood Pulp (via FRED),https://fred.stlouisfed.org/series/WPU0911,True,"Indirect input proxy (wood pulp feeds into paper cup manufacturing), US producer price, not a global spot price."
1949-01-01,Paper Cups (12oz),24.0,WPU0911,BLS Producer Price Index by Commodity: Wood Pulp (via FRED),https://fred.stlouisfed.org/series/WPU0911,True,"Indirect input proxy (wood pulp feeds into paper cup manufacturing), US producer price, not a global spot price."
1949-02-01,Paper Cups (12oz),23.9,WPU0911,BLS Producer Price Index by Commodity: Wood Pulp (via FRED),https://fred.stlouisfed.org/series/WPU0911,True,"Indirect input proxy (wood pulp feeds into paper cup manufacturing), US producer price, not a global spot price."
1949-03-01,Paper Cups (12oz),23.8,WPU0911,BLS Producer Price Index by Commodity: Wood Pulp (via FRED),https://fred.stlouisfed.org/series/WPU0911,True,"Indirect input proxy (wood pulp feeds into paper cup manufacturing), US producer price, not a global spot price."
1949-04-01,Paper Cups (12oz),22.9,WPU0911,BLS Producer Price Index by Commodity: Wood Pulp (via FRED),https://fred.stlouisfed.org/series/WPU0911,True,"Indirect input proxy (wood pulp feeds into paper cup manufacturing), US producer price, not a global spot price."
1949-05-01,Paper Cups (12oz),22.7,WPU0911,BLS Producer Price Index by Commodity: Wood Pulp (via FRED),https://fred.stlouisfed.org/series/WPU0911,True,"Indirect input proxy (wood pulp feeds into paper cup manufacturing), US producer price, not a global spot price."
1949-06-01,Paper Cups (12oz),21.7,WPU0911,BLS Producer Price Index by Commodity: Wood Pulp (via FRED),https://fred.stlouisfed.org/series/WPU0911,True,"Indirect input proxy (wood pulp feeds into paper cup manufacturing), US producer price, not a global spot price."
1949-07-01,Paper Cups (12oz),20.3,WPU0911,BLS Producer Price Index by Commodity: Wood Pulp (via FRED),https://fred.stlouisfed.org/series/WPU0911,True,"Indirect input proxy (wood pulp feeds into paper cup manufacturing), US producer price, not a global spot price."
1949-08-01,Paper Cups (12oz),20.2,WPU0911,BLS Producer Price Index by Commodity: Wood Pulp (via FRED),https://fred.stlouisfed.org/series/WPU0911,True,"Indirect input proxy (wood pulp feeds into paper cup manufacturing), US producer price, not a global spot price."
1949-09-01,Paper Cups (12oz),20.2,WPU0911,BLS Producer Price Index by Commodity: Wood Pulp (via FRED),https://fred.stlouisfed.org/series/WPU0911,True,"Indirect input proxy (wood pulp feeds into paper cup manufacturing), US producer price, not a global spot price."
1949-10-01,Paper Cups (12oz),20.1,WPU0911,BLS Producer Price Index by Commodity: Wood Pulp (via FRED),https://fred.stlouisfed.org/series/WPU0911,True,"Indirect input proxy (wood pulp feeds into paper cup manufacturing), US producer price, not a global spot price."
1949-11-01,Paper Cups (12oz),20.2,WPU0911,BLS Producer Price Index by Commodity: Wood Pulp (via FRED),https://fred.stlouisfed.org/series/WPU0911,True,"Indirect input proxy (wood pulp feeds into paper cup manufacturing), US producer price, not a global spot price."
1949-12-01,Paper Cups (12oz),20.2,WPU0911,BLS Producer Price Index by Commodity: Wood Pulp (via FRED),https://fred.stlouisfed.org/series/WPU0911,True,"Indirect input proxy (wood pulp feeds into paper cup manufacturing), US producer price, not a global spot price."
1950-01-01,Paper Cups (12oz),20.2,WPU0911,BLS Producer Price Index by Commodity: Wood Pulp (via FRED),https://fred.stlouisfed.org/series/WPU0911,True,"Indirect input proxy (wood pulp feeds into paper cup manufacturing), US producer price, not a global spot price."
1950-02-01,Paper Cups (12oz),20.2,WPU0911,BLS Producer Price Index by Commodity: Wood Pulp (via FRED),https://fred.stlouisfed.org/series/WPU0911,True,"Indirect input proxy (wood pulp feeds into paper cup manufacturing), US producer price, not a global spot price."
1950-03-01,Paper Cups (12oz),20.2,WPU0911,BLS Producer Price Index by Commodity: Wood Pulp (via FRED),https://fred.stlouisfed.org/series/WPU0911,True,"Indirect input proxy (wood pulp feeds into paper cup manufacturing), US producer price, not a global spot price."
1950-04-01,Paper Cups (12oz),20.2,WPU0911,BLS Producer Price Index by Commodity: Wood Pulp (via FRED),https://fred.stlouisfed.org/series/WPU0911,True,"Indirect input proxy (wood pulp feeds into paper cup manufacturing), US producer price, not a global spot price."
1950-05-01,Paper Cups (12oz),20.2,WPU0911,BLS Producer Price Index by Commodity: Wood Pulp (via FRED),https://fred.stlouisfed.org/series/WPU0911,True,"Indirect input proxy (wood pulp feeds into paper cup manufacturing), US producer price, not a global spot price."
1950-06-01,Paper Cups (12oz),20.2,WPU0911,BLS Producer Price Index by Commodity: Wood Pulp (via FRED),https://fred.stlouisfed.org/series/WPU0911,True,"Indirect input proxy (wood pulp feeds into paper cup manufacturing), US producer price, not a global spot price."
1950-07-01,Paper Cups (12oz),21.1,WPU0911,BLS Producer Price Index by Commodity: Wood Pulp (via FRED),https://fred.stlouisfed.org/series/WPU0911,True,"Indirect input proxy (wood pulp feeds into paper cup manufacturing), US producer price, not a global spot price."
1950-08-01,Paper Cups (12oz),21.6,WPU0911,BLS Producer Price Index by Commodity: Wood Pulp (via FRED),https://fred.stlouisfed.org/series/WPU0911,True,"Indirect input proxy (wood pulp feeds into paper cup manufacturing), US producer price, not a global spot price."
1950-09-01,Paper Cups (12oz),21.7,WPU0911,BLS Producer Price Index by Commodity: Wood Pulp (via FRED),https://fred.stlouisfed.org/series/WPU0911,True,"Indirect input proxy (wood pulp feeds into paper cup manufacturing), US producer price, not a global spot price."
1950-10-01,Paper Cups (12oz),23.5,WPU0911,BLS Producer Price Index by Commodity: Wood Pulp (via FRED),https://fred.stlouisfed.org/series/WPU0911,True,"Indirect input proxy (wood pulp feeds into paper cup manufacturing), US producer price, not a global spot price."
1950-11-01,Paper Cups (12oz),23.5,WPU0911,BLS Producer Price Index by Commodity: Wood Pulp (via FRED),https://fred.stlouisfed.org/series/WPU0911,True,"Indirect input proxy (wood pulp feeds into paper cup manufacturing), US producer price, not a global spot price."
1950-12-01,Paper Cups (12oz),23.5,WPU0911,BLS Producer Price Index by Commodity: Wood Pulp (via FRED),https://fred.stlouisfed.org/series/WPU0911,True,"Indirect input proxy (wood pulp feeds into paper cup manufacturing), US producer price, not a global spot price."
1951-01-01,Paper Cups (12oz),25.4,WPU0911,BLS Producer Price Index by Commodity: Wood Pulp (via FRED),https://fred.stlouisfed.org/series/WPU0911,True,"Indirect input proxy (wood pulp feeds into paper cup manufacturing), US producer price, not a global spot price."
1951-02-01,Paper Cups (12oz),25.4,WPU0911,BLS Producer Price Index by Commodity: Wood Pulp (via FRED),https://fred.stlouisfed.org/series/WPU0911,True,"Indirect input proxy (wood pulp feeds into paper cup manufacturing), US producer price, not a global spot price."
1951-03-01,Paper Cups (12oz),25.4,WPU0911,BLS Producer Price Index by Commodity: Wood Pulp (via FRED),https://fred.stlouisfed.org/series/WPU0911,True,"Indirect input proxy (wood pulp feeds into paper cup manufacturing), US producer price, not a global spot price."
1951-04-01,Paper Cups (12oz),25.5,WPU0911,BLS Producer Price Index by Commodity: Wood Pulp (via FRED),https://fred.stlouisfed.org/series/WPU0911,True,"Indirect input proxy (wood pulp feeds into paper cup manufacturing), US producer price, not a global spot price."
1951-05-01,Paper Cups (12oz),25.8,WPU0911,BLS Producer Price Index by Commodity: Wood Pulp (via FRED),https://fred.stlouisfed.org/series/WPU0911,True,"Indirect input proxy (wood pulp feeds into paper cup manufacturing), US producer price, not a global spot price."
1951-06-01,Paper Cups (12oz),25.8,WPU0911,BLS Producer Price Index by Commodity: Wood Pulp (via FRED),https://fred.stlouisfed.org/series/WPU0911,True,"Indirect input proxy (wood pulp feeds into paper cup manufacturing), US producer price, not a global spot price."
1951-07-01,Paper Cups (12oz),25.6,WPU0911,BLS Producer Price Index by Commodity: Wood Pulp (via FRED),https://fred.stlouisfed.org/series/WPU0911,True,"Indirect input proxy (wood pulp feeds into paper cup manufacturing), US producer price, not a global spot price."
1951-08-01,Paper Cups (12oz),25.6,WPU0911,BLS Producer Price Index by Commodity: Wood Pulp (via FRED),https://fred.stlouisfed.org/series/WPU0911,True,"Indirect input proxy (wood pulp feeds into paper cup manufacturing), US producer price, not a global spot price."
1951-09-01,Paper Cups (12oz),25.6,WPU0911,BLS Producer Price Index by Commodity: Wood Pulp (via FRED),https://fred.stlouisfed.org/series/WPU0911,True,"Indirect input proxy (wood pulp feeds into paper cup manufacturing), US producer price, not a global spot price."
1951-10-01,Paper Cups (12oz),25.6,WPU0911,BLS Producer Price Index by Commodity: Wood Pulp (via FRED),https://fred.stlouisfed.org/series/WPU0911,True,"Indirect input proxy (wood pulp feeds into paper cup manufacturing), US producer price, not a global spot price."
1951-11-01,Paper Cups (12oz),25.6,WPU0911,BLS Producer Price Index by Commodity: Wood Pulp (via FRED),https://fred.stlouisfed.org/series/WPU0911,True,"Indirect input proxy (wood pulp feeds into paper cup manufacturing), US producer price, not a global spot price."
1951-12-01,Paper Cups (12oz),25.6,WPU0911,BLS Producer Price Index by Commodity: Wood Pulp (via FRED),https://fred.stlouisfed.org/series/WPU0911,True,"Indirect input proxy (wood pulp feeds into paper cup manufacturing), US producer price, not a global spot price."
1952-01-01,Paper Cups (12oz),25.6,WPU0911,BLS Producer Price Index by Commodity: Wood Pulp (via FRED),https://fred.stlouisfed.org/series/WPU0911,True,"Indirect input proxy (wood pulp feeds into paper cup manufacturing), US producer price, not a global spot price."
1952-02-01,Paper Cups (12oz),25.6,WPU0911,BLS Producer Price Index by Commodity: Wood Pulp (via FRED),https://fred.stlouisfed.org/series/WPU0911,True,"Indirect input proxy (wood pulp feeds into paper cup manufacturing), US producer price, not a global spot price."
1952-03-01,Paper Cups (12oz),25.6,WPU0911,BLS Producer Price Index by Commodity: Wood Pulp (via FRED),https://fred.stlouisfed.org/series/WPU0911,True,"Indirect input proxy (wood pulp feeds into paper cup manufacturing), US producer price, not a global spot price."
1952-04-01,Paper Cups (12oz),25.3,WPU0911,BLS Producer Price Index by Commodity: Wood Pulp (via FRED),https://fred.stlouisfed.org/series/WPU0911,True,"Indirect input proxy (wood pulp feeds into paper cup manufacturing), US producer price, not a global spot price."
1952-05-01,Paper Cups (12oz),25.3,WPU0911,BLS Producer Price Index by Commodity: Wood Pulp (via FRED),https://fred.stlouisfed.org/series/WPU0911,True,"Indirect input proxy (wood pulp feeds into paper cup manufacturing), US producer price, not a global spot price."
1952-06-01,Paper Cups (12oz),25.3,WPU0911,BLS Producer Price Index by Commodity: Wood Pulp (via FRED),https://fred.stlouisfed.org/series/WPU0911,True,"Indirect input proxy (wood pulp feeds into paper cup manufacturing), US producer price, not a global spot price."
1952-07-01,Paper Cups (12oz),24.5,WPU0911,BLS Producer Price Index by Commodity: Wood Pulp (via FRED),https://fred.stlouisfed.org/series/WPU0911,True,"Indirect input proxy (wood pulp feeds into paper cup manufacturing), US producer price, not a global spot price."
1952-08-01,Paper Cups (12oz),24.5,WPU0911,BLS Producer Price Index by Commodity: Wood Pulp (via FRED),https://fred.stlouisfed.org/series/WPU0911,True,"Indirect input proxy (wood pulp feeds into paper cup manufacturing), US producer price, not a global spot price."
1952-09-01,Paper Cups (12oz),24.5,WPU0911,BLS Producer Price Index by Commodity: Wood Pulp (via FRED),https://fred.stlouisfed.org/series/WPU0911,True,"Indirect input proxy (wood pulp feeds into paper cup manufacturing), US producer price, not a global spot price."
1952-10-01,Paper Cups (12oz),24.5,WPU0911,BLS Producer Price Index by Commodity: Wood Pulp (via FRED),https://fred.stlouisfed.org/series/WPU0911,True,"Indirect input proxy (wood pulp feeds into paper cup manufacturing), US producer price, not a global spot price."
1952-11-01,Paper Cups (12oz),24.3,WPU0911,BLS Producer Price Index by Commodity: Wood Pulp (via FRED),https://fred.stlouisfed.org/series/WPU0911,True,"Indirect input proxy (wood pulp feeds into paper cup manufacturing), US producer price, not a global spot price."
1952-12-01,Paper Cups (12oz),24.3,WPU0911,BLS Producer Price Index by Commodity: Wood Pulp (via FRED),https://fred.stlouisfed.org/series/WPU0911,True,"Indirect input proxy (wood pulp feeds into paper cup manufacturing), US producer price, not a global spot price."
1953-01-01,Paper Cups (12oz),24.3,WPU0911,BLS Producer Price Index by Commodity: Wood Pulp (via FRED),https://fred.stlouisfed.org/series/WPU0911,True,"Indirect input proxy (wood pulp feeds into paper cup manufacturing), US producer price, not a global spot price."
1953-02-01,Paper Cups (12oz),24.3,WPU0911,BLS Producer Price Index by Commodity: Wood Pulp (via FRED),https://fred.stlouisfed.org/series/WPU0911,True,"Indirect input proxy (wood pulp feeds into paper cup manufacturing), US producer price, not a global spot price."
1953-03-01,Paper Cups (12oz),24.3,WPU0911,BLS Producer Price Index by Commodity: Wood Pulp (via FRED),https://fred.stlouisfed.org/series/WPU0911,True,"Indirect input proxy (wood pulp feeds into paper cup manufacturing), US producer price, not a global spot price."
1953-04-01,Paper Cups (12oz),24.3,WPU0911,BLS Producer Price Index by Commodity: Wood Pulp (via FRED),https://fred.stlouisfed.org/series/WPU0911,True,"Indirect input proxy (wood pulp feeds into paper cup manufacturing), US producer price, not a global spot price."
1953-05-01,Paper Cups (12oz),24.3,WPU0911,BLS Producer Price Index by Commodity: Wood Pulp (via FRED),https://fred.stlouisfed.org/series/WPU0911,True,"Indirect input proxy (wood pulp feeds into paper cup manufacturing), US producer price, not a global spot price."
1953-06-01,Paper Cups (12oz),24.3,WPU0911,BLS Producer Price Index by Commodity: Wood Pulp (via FRED),https://fred.stlouisfed.org/series/WPU0911,True,"Indirect input proxy (wood pulp feeds into paper cup manufacturing), US producer price, not a global spot price."
1953-07-01,Paper Cups (12oz),24.3,WPU0911,BLS Producer Price Index by Commodity: Wood Pulp (via FRED),https://fred.stlouisfed.org/series/WPU0911,True,"Indirect input proxy (wood pulp feeds into paper cup manufacturing), US producer price, not a global spot price."
1953-08-01,Paper Cups (12oz),24.3,WPU0911,BLS Producer Price Index by Commodity: Wood Pulp (via FRED),https://fred.stlouisfed.org/series/WPU0911,True,"Indirect input proxy (wood pulp feeds into paper cup manufacturing), US producer price, not a global spot price."
1953-09-01,Paper Cups (12oz),24.3,WPU0911,BLS Producer Price Index by Commodity: Wood Pulp (via FRED),https://fred.stlouisfed.org/series/WPU0911,True,"Indirect input proxy (wood pulp feeds into paper cup manufacturing), US producer price, not a global spot price."
1953-10-01,Paper Cups (12oz),24.5,WPU0911,BLS Producer Price Index by Commodity: Wood Pulp (via FRED),https://fred.stlouisfed.org/series/WPU0911,True,"Indirect input proxy (wood pulp feeds into paper cup manufacturing), US producer price, not a global spot price."
1953-11-01,Paper Cups (12oz),24.5,WPU0911,BLS Producer Price Index by Commodity: Wood Pulp (via FRED),https://fred.stlouisfed.org/series/WPU0911,True,"Indirect input proxy (wood pulp feeds into paper cup manufacturing), US producer price, not a global spot price."
1953-12-01,Paper Cups (12oz),24.5,WPU0911,BLS Producer Price Index by Commodity: Wood Pulp (via FRED),https://fred.stlouisfed.org/series/WPU0911,True,"Indirect input proxy (wood pulp feeds into paper cup manufacturing), US producer price, not a global spot price."
1954-01-01,Paper Cups (12oz),24.5,WPU0911,BLS Producer Price Index by Commodity: Wood Pulp (via FRED),https://fred.stlouisfed.org/series/WPU0911,True,"Indirect input proxy (wood pulp feeds into paper cup manufacturing), US producer price, not a global spot price."
1954-02-01,Paper Cups (12oz),24.5,WPU0911,BLS Producer Price Index by Commodity: Wood Pulp (via FRED),https://fred.stlouisfed.org/series/WPU0911,True,"Indirect input proxy (wood pulp feeds into paper cup manufacturing), US producer price, not a global spot price."
1954-03-01,Paper Cups (12oz),24.5,WPU0911,BLS Producer Price Index by Commodity: Wood Pulp (via FRED),https://fred.stlouisfed.org/series/WPU0911,True,"Indirect input proxy (wood pulp feeds into paper cup manufacturing), US producer price, not a global spot price."
1954-04-01,Paper Cups (12oz),24.5,WPU0911,BLS Producer Price Index by Commodity: Wood Pulp (via FRED),https://fred.stlouisfed.org/series/WPU0911,True,"Indirect input proxy (wood pulp feeds into paper cup manufacturing), US producer price, not a global spot price."
1954-05-01,Paper Cups (12oz),24.5,WPU0911,BLS Producer Price Index by Commodity: Wood Pulp (via FRED),https://fred.stlouisfed.org/series/WPU0911,True,"Indirect input proxy (wood pulp feeds into paper cup manufacturing), US producer price, not a global spot price."
1954-06-01,Paper Cups (12oz),24.5,WPU0911,BLS Producer Price Index by Commodity: Wood Pulp (via FRED),https://fred.stlouisfed.org/series/WPU0911,True,"Indirect input proxy (wood pulp feeds into paper cup manufacturing), US producer price, not a global spot price."
1954-07-01,Paper Cups (12oz),24.5,WPU0911,BLS Producer Price Index by Commodity: Wood Pulp (via FRED),https://fred.stlouisfed.org/series/WPU0911,True,"Indirect input proxy (wood pulp feeds into paper cup manufacturing), US producer price, not a global spot price."
1954-08-01,Paper Cups (12oz),24.5,WPU0911,BLS Producer Price Index by Commodity: Wood Pulp (via FRED),https://fred.stlouisfed.org/series/WPU0911,True,"Indirect input proxy (wood pulp feeds into paper cup manufacturing), US producer price, not a global spot price."
1954-09-01,Paper Cups (12oz),24.5,WPU0911,BLS Producer Price Index by Commodity: Wood Pulp (via FRED),https://fred.stlouisfed.org/series/WPU0911,True,"Indirect input proxy (wood pulp feeds into paper cup manufacturing), US producer price, not a global spot price."
1954-10-01,Paper Cups (12oz),24.5,WPU0911,BLS Producer Price Index by Commodity: Wood Pulp (via FRED),https://fred.stlouisfed.org/series/WPU0911,True,"Indirect input proxy (wood pulp feeds into paper cup manufacturing), US producer price, not a global spot price."
1954-11-01,Paper Cups (12oz),24.5,WPU0911,BLS Producer Price Index by Commodity: Wood Pulp (via FRED),https://fred.stlouisfed.org/series/WPU0911,True,"Indirect input proxy (wood pulp feeds into paper cup manufacturing), US producer price, not a global spot price."
1954-12-01,Paper Cups (12oz),24.5,WPU0911,BLS Producer Price Index by Commodity: Wood Pulp (via FRED),https://fred.stlouisfed.org/series/WPU0911,True,"Indirect input proxy (wood pulp feeds into paper cup manufacturing), US producer price, not a global spot price."
1955-01-01,Paper Cups (12oz),24.6,WPU0911,BLS Producer Price Index by Commodity: Wood Pulp (via FRED),https://fred.stlouisfed.org/series/WPU0911,True,"Indirect input proxy (wood pulp feeds into paper cup manufacturing), US producer price, not a global spot price."
1955-02-01,Paper Cups (12oz),24.6,WPU0911,BLS Producer Price Index by Commodity: Wood Pulp (via FRED),https://fred.stlouisfed.org/series/WPU0911,True,"Indirect input proxy (wood pulp feeds into paper cup manufacturing), US producer price, not a global spot price."
1955-03-01,Paper Cups (12oz),24.6,WPU0911,BLS Producer Price Index by Commodity: Wood Pulp (via FRED),https://fred.stlouisfed.org/series/WPU0911,True,"Indirect input proxy (wood pulp feeds into paper cup manufacturing), US producer price, not a global spot price."
1955-04-01,Paper Cups (12oz),25.4,WPU0911,BLS Producer Price Index by Commodity: Wood Pulp (via FRED),https://fred.stlouisfed.org/series/WPU0911,True,"Indirect input proxy (wood pulp feeds into paper cup manufacturing), US producer price, not a global spot price."
1955-05-01,Paper Cups (12oz),25.4,WPU0911,BLS Producer Price Index by Commodity: Wood Pulp (via FRED),https://fred.stlouisfed.org/series/WPU0911,True,"Indirect input proxy (wood pulp feeds into paper cup manufacturing), US producer price, not a global spot price."
1955-06-01,Paper Cups (12oz),25.4,WPU0911,BLS Producer Price Index by Commodity: Wood Pulp (via FRED),https://fred.stlouisfed.org/series/WPU0911,True,"Indirect input proxy (wood pulp feeds into paper cup manufacturing), US producer price, not a global spot price."
1955-07-01,Paper Cups (12oz),25.4,WPU0911,BLS Producer Price Index by Commodity: Wood Pulp (via FRED),https://fred.stlouisfed.org/series/WPU0911,True,"Indirect input proxy (wood pulp feeds into paper cup manufacturing), US producer price, not a global spot price."
1955-08-01,Paper Cups (12oz),25.4,WPU0911,BLS Producer Price Index by Commodity: Wood Pulp (via FRED),https://fred.stlouisfed.org/series/WPU0911,True,"Indirect input proxy (wood pulp feeds into paper cup manufacturing), US producer price, not a global spot price."
1955-09-01,Paper Cups (12oz),25.4,WPU0911,BLS Producer Price Index by Commodity: Wood Pulp (via FRED),https://fred.stlouisfed.org/series/WPU0911,True,"Indirect input proxy (wood pulp feeds into paper cup manufacturing), US producer price, not a global spot price."
1955-10-01,Paper Cups (12oz),25.5,WPU0911,BLS Producer Price Index by Commodity: Wood Pulp (via FRED),https://fred.stlouisfed.org/series/WPU0911,True,"Indirect input proxy (wood pulp feeds into paper cup manufacturing), US producer price, not a global spot price."
1955-11-01,Paper Cups (12oz),25.5,WPU0911,BLS Producer Price Index by Commodity: Wood Pulp (via FRED),https://fred.stlouisfed.org/series/WPU0911,True,"Indirect input proxy (wood pulp feeds into paper cup manufacturing), US producer price, not a global spot price."
1955-12-01,Paper Cups (12oz),25.5,WPU0911,BLS Producer Price Index by Commodity: Wood Pulp (via FRED),https://fred.stlouisfed.org/series/WPU0911,True,"Indirect input proxy (wood pulp feeds into paper cup manufacturing), US producer price, not a global spot price."
1956-01-01,Paper Cups (12oz),26.1,WPU0911,BLS Producer Price Index by Commodity: Wood Pulp (via FRED),https://fred.stlouisfed.org/series/WPU0911,True,"Indirect input proxy (wood pulp feeds into paper cup manufacturing), US producer price, not a global spot price."
1956-02-01,Paper Cups (12oz),26.1,WPU0911,BLS Producer Price Index by Commodity: Wood Pulp (via FRED),https://fred.stlouisfed.org/series/WPU0911,True,"Indirect input proxy (wood pulp feeds into paper cup manufacturing), US producer price, not a global spot price."
1956-03-01,Paper Cups (12oz),26.1,WPU0911,BLS Producer Price Index by Commodity: Wood Pulp (via FRED),https://fred.stlouisfed.org/series/WPU0911,True,"Indirect input proxy (wood pulp feeds into paper cup manufacturing), US producer price, not a global spot price."
1956-04-01,Paper Cups (12oz),26.4,WPU0911,BLS Producer Price Index by Commodity: Wood Pulp (via FRED),https://fred.stlouisfed.org/series/WPU0911,True,"Indirect input proxy (wood pulp feeds into paper cup manufacturing), US producer price, not a global spot price."
1956-05-01,Paper Cups (12oz),26.4,WPU0911,BLS Producer Price Index by Commodity: Wood Pulp (via FRED),https://fred.stlouisfed.org/series/WPU0911,True,"Indirect input proxy (wood pulp feeds into paper cup manufacturing), US producer price, not a global spot price."
1956-06-01,Paper Cups (12oz),26.4,WPU0911,BLS Producer Price Index by Commodity: Wood Pulp (via FRED),https://fred.stlouisfed.org/series/WPU0911,True,"Indirect input proxy (wood pulp feeds into paper cup manufacturing), US producer price, not a global spot price."
1956-07-01,Paper Cups (12oz),26.4,WPU0911,BLS Producer Price Index by Commodity: Wood Pulp (via FRED),https://fred.stlouisfed.org/series/WPU0911,True,"Indirect input proxy (wood pulp feeds into paper cup manufacturing), US producer price, not a global spot price."
1956-08-01,Paper Cups (12oz),26.4,WPU0911,BLS Producer Price Index by Commodity: Wood Pulp (via FRED),https://fred.stlouisfed.org/series/WPU0911,True,"Indirect input proxy (wood pulp feeds into paper cup manufacturing), US producer price, not a global spot price."
1956-09-01,Paper Cups (12oz),26.4,WPU0911,BLS Producer Price Index by Commodity: Wood Pulp (via FRED),https://fred.stlouisfed.org/series/WPU0911,True,"Indirect input proxy (wood pulp feeds into paper cup manufacturing), US producer price, not a global spot price."
1956-10-01,Paper Cups (12oz),26.4,WPU0911,BLS Producer Price Index by Commodity: Wood Pulp (via FRED),https://fred.stlouisfed.org/series/WPU0911,True,"Indirect input proxy (wood pulp feeds into paper cup manufacturing), US producer price, not a global spot price."
1956-11-01,Paper Cups (12oz),26.4,WPU0911,BLS Producer Price Index by Commodity: Wood Pulp (via FRED),https://fred.stlouisfed.org/series/WPU0911,True,"Indirect input proxy (wood pulp feeds into paper cup manufacturing), US producer price, not a global spot price."
1956-12-01,Paper Cups (12oz),26.4,WPU0911,BLS Producer Price Index by Commodity: Wood Pulp (via FRED),https://fred.stlouisfed.org/series/WPU0911,True,"Indirect input proxy (wood pulp feeds into paper cup manufacturing), US producer price, not a global spot price."
1957-01-01,Paper Cups (12oz),26.4,WPU0911,BLS Producer Price Index by Commodity: Wood Pulp (via FRED),https://fred.stlouisfed.org/series/WPU0911,True,"Indirect input proxy (wood pulp feeds into paper cup manufacturing), US producer price, not a global spot price."
1957-02-01,Paper Cups (12oz),26.4,WPU0911,BLS Producer Price Index by Commodity: Wood Pulp (via FRED),https://fred.stlouisfed.org/series/WPU0911,True,"Indirect input proxy (wood pulp feeds into paper cup manufacturing), US producer price, not a global spot price."
1957-03-01,Paper Cups (12oz),26.4,WPU0911,BLS Producer Price Index by Commodity: Wood Pulp (via FRED),https://fred.stlouisfed.org/series/WPU0911,True,"Indirect input proxy (wood pulp feeds into paper cup manufacturing), US producer price, not a global spot price."
1957-04-01,Paper Cups (12oz),26.4,WPU0911,BLS Producer Price Index by Commodity: Wood Pulp (via FRED),https://fred.stlouisfed.org/series/WPU0911,True,"Indirect input proxy (wood pulp feeds into paper cup manufacturing), US producer price, not a global spot price."
1957-05-01,Paper Cups (12oz),26.4,WPU0911,BLS Producer Price Index by Commodity: Wood Pulp (via FRED),https://fred.stlouisfed.org/series/WPU0911,True,"Indirect input proxy (wood pulp feeds into paper cup manufacturing), US producer price, not a global spot price."
1957-06-01,Paper Cups (12oz),26.4,WPU0911,BLS Producer Price Index by Commodity: Wood Pulp (via FRED),https://fred.stlouisfed.org/series/WPU0911,True,"Indirect input proxy (wood pulp feeds into paper cup manufacturing), US producer price, not a global spot price."
1957-07-01,Paper Cups (12oz),26.4,WPU0911,BLS Producer Price Index by Commodity: Wood Pulp (via FRED),https://fred.stlouisfed.org/series/WPU0911,True,"Indirect input proxy (wood pulp feeds into paper cup manufacturing), US producer price, not a global spot price."
1957-08-01,Paper Cups (12oz),26.4,WPU0911,BLS Producer Price Index by Commodity: Wood Pulp (via FRED),https://fred.stlouisfed.org/series/WPU0911,True,"Indirect input proxy (wood pulp feeds into paper cup manufacturing), US producer price, not a global spot price."
1957-09-01,Paper Cups (12oz),26.4,WPU0911,BLS Producer Price Index by Commodity: Wood Pulp (via FRED),https://fred.stlouisfed.org/series/WPU0911,True,"Indirect input proxy (wood pulp feeds into paper cup manufacturing), US producer price, not a global spot price."
1957-10-01,Paper Cups (12oz),27.1,WPU0911,BLS Producer Price Index by Commodity: Wood Pulp (via FRED),https://fred.stlouisfed.org/series/WPU0911,True,"Indirect input proxy (wood pulp feeds into paper cup manufacturing), US producer price, not a global spot price."
1957-11-01,Paper Cups (12oz),27.1,WPU0911,BLS Producer Price Index by Commodity: Wood Pulp (via FRED),https://fred.stlouisfed.org/series/WPU0911,True,"Indirect input proxy (wood pulp feeds into paper cup manufacturing), US producer price, not a global spot price."
1957-12-01,Paper Cups (12oz),27.1,WPU0911,BLS Producer Price Index by Commodity: Wood Pulp (via FRED),https://fred.stlouisfed.org/series/WPU0911,True,"Indirect input proxy (wood pulp feeds into paper cup manufacturing), US producer price, not a global spot price."
1958-01-01,Paper Cups (12oz),27.1,WPU0911,BLS Producer Price Index by Commodity: Wood Pulp (via FRED),https://fred.stlouisfed.org/series/WPU0911,True,"Indirect input proxy (wood pulp feeds into paper cup manufacturing), US producer price, not a global spot price."
1958-02-01,Paper Cups (12oz),27.1,WPU0911,BLS Producer Price Index by Commodity: Wood Pulp (via FRED),https://fred.stlouisfed.org/series/WPU0911,True,"Indirect input proxy (wood pulp feeds into paper cup manufacturing), US producer price, not a global spot price."
1958-03-01,Paper Cups (12oz),27.1,WPU0911,BLS Producer Price Index by Commodity: Wood Pulp (via FRED),https://fred.stlouisfed.org/series/WPU0911,True,"Indirect input proxy (wood pulp feeds into paper cup manufacturing), US producer price, not a global spot price."
1958-04-01,Paper Cups (12oz),27.1,WPU0911,BLS Producer Price Index by Commodity: Wood Pulp (via FRED),https://fred.stlouisfed.org/series/WPU0911,True,"Indirect input proxy (wood pulp feeds into paper cup manufacturing), US producer price, not a global spot price."
1958-05-01,Paper Cups (12oz),27.1,WPU0911,BLS Producer Price Index by Commodity: Wood Pulp (via FRED),https://fred.stlouisfed.org/series/WPU0911,True,"Indirect input proxy (wood pulp feeds into paper cup manufacturing), US producer price, not a global spot price."
1958-06-01,Paper Cups (12oz),27.1,WPU0911,BLS Producer Price Index by Commodity: Wood Pulp (via FRED),https://fred.stlouisfed.org/series/WPU0911,True,"Indirect input proxy (wood pulp feeds into paper cup manufacturing), US producer price, not a global spot price."
1958-07-01,Paper Cups (12oz),27.1,WPU0911,BLS Producer Price Index by Commodity: Wood Pulp (via FRED),https://fred.stlouisfed.org/series/WPU0911,True,"Indirect input proxy (wood pulp feeds into paper cup manufacturing), US producer price, not a global spot price."
1958-08-01,Paper Cups (12oz),27.1,WPU0911,BLS Producer Price Index by Commodity: Wood Pulp (via FRED),https://fred.stlouisfed.org/series/WPU0911,True,"Indirect input proxy (wood pulp feeds into paper cup manufacturing), US producer price, not a global spot price."
1958-09-01,Paper Cups (12oz),27.1,WPU0911,BLS Producer Price Index by Commodity: Wood Pulp (via FRED),https://fred.stlouisfed.org/series/WPU0911,True,"Indirect input proxy (wood pulp feeds into paper cup manufacturing), US producer price, not a global spot price."
1958-10-01,Paper Cups (12oz),27.1,WPU0911,BLS Producer Price Index by Commodity: Wood Pulp (via FRED),https://fred.stlouisfed.org/series/WPU0911,True,"Indirect input proxy (wood pulp feeds into paper cup manufacturing), US producer price, not a global spot price."
1958-11-01,Paper Cups (12oz),27.1,WPU0911,BLS Producer Price Index by Commodity: Wood Pulp (via FRED),https://fred.stlouisfed.org/series/WPU0911,True,"Indirect input proxy (wood pulp feeds into paper cup manufacturing), US producer price, not a global spot price."
1958-12-01,Paper Cups (12oz),27.1,WPU0911,BLS Producer Price Index by Commodity: Wood Pulp (via FRED),https://fred.stlouisfed.org/series/WPU0911,True,"Indirect input proxy (wood pulp feeds into paper cup manufacturing), US producer price, not a global spot price."
1959-01-01,Paper Cups (12oz),27.1,WPU0911,BLS Producer Price Index by Commodity: Wood Pulp (via FRED),https://fred.stlouisfed.org/series/WPU0911,True,"Indirect input proxy (wood pulp feeds into paper cup manufacturing), US producer price, not a global spot price."
1959-02-01,Paper Cups (12oz),27.1,WPU0911,BLS Producer Price Index by Commodity: Wood Pulp (via FRED),https://fred.stlouisfed.org/series/WPU0911,True,"Indirect input proxy (wood pulp feeds into paper cup manufacturing), US producer price, not a global spot price."
1959-03-01,Paper Cups (12oz),27.1,WPU0911,BLS Producer Price Index by Commodity: Wood Pulp (via FRED),https://fred.stlouisfed.org/series/WPU0911,True,"Indirect input proxy (wood pulp feeds into paper cup manufacturing), US producer price, not a global spot price."
1959-04-01,Paper Cups (12oz),27.1,WPU0911,BLS Producer Price Index by Commodity: Wood Pulp (via FRED),https://fred.stlouisfed.org/series/WPU0911,True,"Indirect input proxy (wood pulp feeds into paper cup manufacturing), US producer price, not a global spot price."
1959-05-01,Paper Cups (12oz),27.1,WPU0911,BLS Producer Price Index by Commodity: Wood Pulp (via FRED),https://fred.stlouisfed.org/series/WPU0911,True,"Indirect input proxy (wood pulp feeds into paper cup manufacturing), US producer price, not a global spot price."
1959-06-01,Paper Cups (12oz),27.1,WPU0911,BLS Producer Price Index by Commodity: Wood Pulp (via FRED),https://fred.stlouisfed.org/series/WPU0911,True,"Indirect input proxy (wood pulp feeds into paper cup manufacturing), US producer price, not a global spot price."
1959-07-01,Paper Cups (12oz),27.1,WPU0911,BLS Producer Price Index by Commodity: Wood Pulp (via FRED),https://fred.stlouisfed.org/series/WPU0911,True,"Indirect input proxy (wood pulp feeds into paper cup manufacturing), US producer price, not a global spot price."
1959-08-01,Paper Cups (12oz),27.1,WPU0911,BLS Producer Price Index by Commodity: Wood Pulp (via FRED),https://fred.stlouisfed.org/series/WPU0911,True,"Indirect input proxy (wood pulp feeds into paper cup manufacturing), US producer price, not a global spot price."
1959-09-01,Paper Cups (12oz),27.1,WPU0911,BLS Producer Price Index by Commodity: Wood Pulp (via FRED),https://fred.stlouisfed.org/series/WPU0911,True,"Indirect input proxy (wood pulp feeds into paper cup manufacturing), US producer price, not a global spot price."
1959-10-01,Paper Cups (12oz),27.1,WPU0911,BLS Producer Price Index by Commodity: Wood Pulp (via FRED),https://fred.stlouisfed.org/series/WPU0911,True,"Indirect input proxy (wood pulp feeds into paper cup manufacturing), US producer price, not a global spot price."
1959-11-01,Paper Cups (12oz),27.1,WPU0911,BLS Producer Price Index by Commodity: Wood Pulp (via FRED),https://fred.stlouisfed.org/series/WPU0911,True,"Indirect input proxy (wood pulp feeds into paper cup manufacturing), US producer price, not a global spot price."
1959-12-01,Paper Cups (12oz),27.1,WPU0911,BLS Producer Price Index by Commodity: Wood Pulp (via FRED),https://fred.stlouisfed.org/series/WPU0911,True,"Indirect input proxy (wood pulp feeds into paper cup manufacturing), US producer price, not a global spot price."
1960-01-01,Paper Cups (12oz),27.1,WPU0911,BLS Producer Price Index by Commodity: Wood Pulp (via FRED),https://fred.stlouisfed.org/series/WPU0911,True,"Indirect input proxy (wood pulp feeds into paper cup manufacturing), US producer price, not a global spot price."
1960-02-01,Paper Cups (12oz),27.1,WPU0911,BLS Producer Price Index by Commodity: Wood Pulp (via FRED),https://fred.stlouisfed.org/series/WPU0911,True,"Indirect input proxy (wood pulp feeds into paper cup manufacturing), US producer price, not a global spot price."
1960-03-01,Paper Cups (12oz),27.1,WPU0911,BLS Producer Price Index by Commodity: Wood Pulp (via FRED),https://fred.stlouisfed.org/series/WPU0911,True,"Indirect input proxy (wood pulp feeds into paper cup manufacturing), US producer price, not a global spot price."
1960-04-01,Paper Cups (12oz),27.1,WPU0911,BLS Producer Price Index by Commodity: Wood Pulp (via FRED),https://fred.stlouisfed.org/series/WPU0911,True,"Indirect input proxy (wood pulp feeds into paper cup manufacturing), US producer price, not a global spot price."
1960-05-01,Paper Cups (12oz),27.1,WPU0911,BLS Producer Price Index by Commodity: Wood Pulp (via FRED),https://fred.stlouisfed.org/series/WPU0911,True,"Indirect input proxy (wood pulp feeds into paper cup manufacturing), US producer price, not a global spot price."
1960-06-01,Paper Cups (12oz),27.1,WPU0911,BLS Producer Price Index by Commodity: Wood Pulp (via FRED),https://fred.stlouisfed.org/series/WPU0911,True,"Indirect input proxy (wood pulp feeds into paper cup manufacturing), US producer price, not a global spot price."
1960-07-01,Paper Cups (12oz),27.1,WPU0911,BLS Producer Price Index by Commodity: Wood Pulp (via FRED),https://fred.stlouisfed.org/series/WPU0911,True,"Indirect input proxy (wood pulp feeds into paper cup manufacturing), US producer price, not a global spot price."
1960-08-01,Paper Cups (12oz),27.1,WPU0911,BLS Producer Price Index by Commodity: Wood Pulp (via FRED),https://fred.stlouisfed.org/series/WPU0911,True,"Indirect input proxy (wood pulp feeds into paper cup manufacturing), US producer price, not a global spot price."
1960-09-01,Paper Cups (12oz),27.1,WPU0911,BLS Producer Price Index by Commodity: Wood Pulp (via FRED),https://fred.stlouisfed.org/series/WPU0911,True,"Indirect input proxy (wood pulp feeds into paper cup manufacturing), US producer price, not a global spot price."
1960-10-01,Paper Cups (12oz),27.1,WPU0911,BLS Producer Price Index by Commodity: Wood Pulp (via FRED),https://fred.stlouisfed.org/series/WPU0911,True,"Indirect input proxy (wood pulp feeds into paper cup manufacturing), US producer price, not a global spot price."
1960-11-01,Paper Cups (12oz),27.1,WPU0911,BLS Producer Price Index by Commodity: Wood Pulp (via FRED),https://fred.stlouisfed.org/series/WPU0911,True,"Indirect input proxy (wood pulp feeds into paper cup manufacturing), US producer price, not a global spot price."
1960-12-01,Paper Cups (12oz),25.6,WPU0911,BLS Producer Price Index by Commodity: Wood Pulp (via FRED),https://fred.stlouisfed.org/series/WPU0911,True,"Indirect input proxy (wood pulp feeds into paper cup manufacturing), US producer price, not a global spot price."
1961-01-01,Paper Cups (12oz),25.6,WPU0911,BLS Producer Price Index by Commodity: Wood Pulp (via FRED),https://fred.stlouisfed.org/series/WPU0911,True,"Indirect input proxy (wood pulp feeds into paper cup manufacturing), US producer price, not a global spot price."
1961-02-01,Paper Cups (12oz),25.6,WPU0911,BLS Producer Price Index by Commodity: Wood Pulp (via FRED),https://fred.stlouisfed.org/series/WPU0911,True,"Indirect input proxy (wood pulp feeds into paper cup manufacturing), US producer price, not a global spot price."
1961-03-01,Paper Cups (12oz),25.6,WPU0911,BLS Producer Price Index by Commodity: Wood Pulp (via FRED),https://fred.stlouisfed.org/series/WPU0911,True,"Indirect input proxy (wood pulp feeds into paper cup manufacturing), US producer price, not a global spot price."
1961-04-01,Paper Cups (12oz),25.6,WPU0911,BLS Producer Price Index by Commodity: Wood Pulp (via FRED),https://fred.stlouisfed.org/series/WPU0911,True,"Indirect input proxy (wood pulp feeds into paper cup manufacturing), US producer price, not a global spot price."
1961-05-01,Paper Cups (12oz),25.6,WPU0911,BLS Producer Price Index by Commodity: Wood Pulp (via FRED),https://fred.stlouisfed.org/series/WPU0911,True,"Indirect input proxy (wood pulp feeds into paper cup manufacturing), US producer price, not a global spot price."
1961-06-01,Paper Cups (12oz),25.6,WPU0911,BLS Producer Price Index by Commodity: Wood Pulp (via FRED),https://fred.stlouisfed.org/series/WPU0911,True,"Indirect input proxy (wood pulp feeds into paper cup manufacturing), US producer price, not a global spot price."
1961-07-01,Paper Cups (12oz),25.6,WPU0911,BLS Producer Price Index by Commodity: Wood Pulp (via FRED),https://fred.stlouisfed.org/series/WPU0911,True,"Indirect input proxy (wood pulp feeds into paper cup manufacturing), US producer price, not a global spot price."
1961-08-01,Paper Cups (12oz),25.6,WPU0911,BLS Producer Price Index by Commodity: Wood Pulp (via FRED),https://fred.stlouisfed.org/series/WPU0911,True,"Indirect input proxy (wood pulp feeds into paper cup manufacturing), US producer price, not a global spot price."
1961-09-01,Paper Cups (12oz),25.6,WPU0911,BLS Producer Price Index by Commodity: Wood Pulp (via FRED),https://fred.stlouisfed.org/series/WPU0911,True,"Indirect input proxy (wood pulp feeds into paper cup manufacturing), US producer price, not a global spot price."
1961-10-01,Paper Cups (12oz),25.6,WPU0911,BLS Producer Price Index by Commodity: Wood Pulp (via FRED),https://fred.stlouisfed.org/series/WPU0911,True,"Indirect input proxy (wood pulp feeds into paper cup manufacturing), US producer price, not a global spot price."
1961-11-01,Paper Cups (12oz),25.6,WPU0911,BLS Producer Price Index by Commodity: Wood Pulp (via FRED),https://fred.stlouisfed.org/series/WPU0911,True,"Indirect input proxy (wood pulp feeds into paper cup manufacturing), US producer price, not a global spot price."
1961-12-01,Paper Cups (12oz),25.6,WPU0911,BLS Producer Price Index by Commodity: Wood Pulp (via FRED),https://fred.stlouisfed.org/series/WPU0911,True,"Indirect input proxy (wood pulp feeds into paper cup manufacturing), US producer price, not a global spot price."
1962-01-01,Paper Cups (12oz),25.6,WPU0911,BLS Producer Price Index by Commodity: Wood Pulp (via FRED),https://fred.stlouisfed.org/series/WPU0911,True,"Indirect input proxy (wood pulp feeds into paper cup manufacturing), US producer price, not a global spot price."
1962-02-01,Paper Cups (12oz),25.6,WPU0911,BLS Producer Price Index by Commodity: Wood Pulp (via FRED),https://fred.stlouisfed.org/series/WPU0911,True,"Indirect input proxy (wood pulp feeds into paper cup manufacturing), US producer price, not a global spot price."
1962-03-01,Paper Cups (12oz),25.6,WPU0911,BLS Producer Price Index by Commodity: Wood Pulp (via FRED),https://fred.stlouisfed.org/series/WPU0911,True,"Indirect input proxy (wood pulp feeds into paper cup manufacturing), US producer price, not a global spot price."
1962-04-01,Paper Cups (12oz),25.6,WPU0911,BLS Producer Price Index by Commodity: Wood Pulp (via FRED),https://fred.stlouisfed.org/series/WPU0911,True,"Indirect input proxy (wood pulp feeds into paper cup manufacturing), US producer price, not a global spot price."
1962-05-01,Paper Cups (12oz),25.2,WPU0911,BLS Producer Price Index by Commodity: Wood Pulp (via FRED),https://fred.stlouisfed.org/series/WPU0911,True,"Indirect input proxy (wood pulp feeds into paper cup manufacturing), US producer price, not a global spot price."
1962-06-01,Paper Cups (12oz),25.2,WPU0911,BLS Producer Price Index by Commodity: Wood Pulp (via FRED),https://fred.stlouisfed.org/series/WPU0911,True,"Indirect input proxy (wood pulp feeds into paper cup manufacturing), US producer price, not a global spot price."
1962-07-01,Paper Cups (12oz),25.2,WPU0911,BLS Producer Price Index by Commodity: Wood Pulp (via FRED),https://fred.stlouisfed.org/series/WPU0911,True,"Indirect input proxy (wood pulp feeds into paper cup manufacturing), US producer price, not a global spot price."
1962-08-01,Paper Cups (12oz),25.2,WPU0911,BLS Producer Price Index by Commodity: Wood Pulp (via FRED),https://fred.stlouisfed.org/series/WPU0911,True,"Indirect input proxy (wood pulp feeds into paper cup manufacturing), US producer price, not a global spot price."
1962-09-01,Paper Cups (12oz),25.2,WPU0911,BLS Producer Price Index by Commodity: Wood Pulp (via FRED),https://fred.stlouisfed.org/series/WPU0911,True,"Indirect input proxy (wood pulp feeds into paper cup manufacturing), US producer price, not a global spot price."
1962-10-01,Paper Cups (12oz),24.6,WPU0911,BLS Producer Price Index by Commodity: Wood Pulp (via FRED),https://fred.stlouisfed.org/series/WPU0911,True,"Indirect input proxy (wood pulp feeds into paper cup manufacturing), US producer price, not a global spot price."
1962-11-01,Paper Cups (12oz),24.1,WPU0911,BLS Producer Price Index by Commodity: Wood Pulp (via FRED),https://fred.stlouisfed.org/series/WPU0911,True,"Indirect input proxy (wood pulp feeds into paper cup manufacturing), US producer price, not a global spot price."
1962-12-01,Paper Cups (12oz),24.1,WPU0911,BLS Producer Price Index by Commodity: Wood Pulp (via FRED),https://fred.stlouisfed.org/series/WPU0911,True,"Indirect input proxy (wood pulp feeds into paper cup manufacturing), US producer price, not a global spot price."
1963-01-01,Paper Cups (12oz),24.1,WPU0911,BLS Producer Price Index by Commodity: Wood Pulp (via FRED),https://fred.stlouisfed.org/series/WPU0911,True,"Indirect input proxy (wood pulp feeds into paper cup manufacturing), US producer price, not a global spot price."
1963-02-01,Paper Cups (12oz),24.1,WPU0911,BLS Producer Price Index by Commodity: Wood Pulp (via FRED),https://fred.stlouisfed.org/series/WPU0911,True,"Indirect input proxy (wood pulp feeds into paper cup manufacturing), US producer price, not a global spot price."
1963-03-01,Paper Cups (12oz),24.1,WPU0911,BLS Producer Price Index by Commodity: Wood Pulp (via FRED),https://fred.stlouisfed.org/series/WPU0911,True,"Indirect input proxy (wood pulp feeds into paper cup manufacturing), US producer price, not a global spot price."
1963-04-01,Paper Cups (12oz),24.6,WPU0911,BLS Producer Price Index by Commodity: Wood Pulp (via FRED),https://fred.stlouisfed.org/series/WPU0911,True,"Indirect input proxy (wood pulp feeds into paper cup manufacturing), US producer price, not a global spot price."
1963-05-01,Paper Cups (12oz),24.6,WPU0911,BLS Producer Price Index by Commodity: Wood Pulp (via FRED),https://fred.stlouisfed.org/series/WPU0911,True,"Indirect input proxy (wood pulp feeds into paper cup manufacturing), US producer price, not a global spot price."
1963-06-01,Paper Cups (12oz),24.6,WPU0911,BLS Producer Price Index by Commodity: Wood Pulp (via FRED),https://fred.stlouisfed.org/series/WPU0911,True,"Indirect input proxy (wood pulp feeds into paper cup manufacturing), US producer price, not a global spot price."
1963-07-01,Paper Cups (12oz),24.7,WPU0911,BLS Producer Price Index by Commodity: Wood Pulp (via FRED),https://fred.stlouisfed.org/series/WPU0911,True,"Indirect input proxy (wood pulp feeds into paper cup manufacturing), US producer price, not a global spot price."
1963-08-01,Paper Cups (12oz),24.7,WPU0911,BLS Producer Price Index by Commodity: Wood Pulp (via FRED),https://fred.stlouisfed.org/series/WPU0911,True,"Indirect input proxy (wood pulp feeds into paper cup manufacturing), US producer price, not a global spot price."
1963-09-01,Paper Cups (12oz),24.7,WPU0911,BLS Producer Price Index by Commodity: Wood Pulp (via FRED),https://fred.stlouisfed.org/series/WPU0911,True,"Indirect input proxy (wood pulp feeds into paper cup manufacturing), US producer price, not a global spot price."
1963-10-01,Paper Cups (12oz),25.6,WPU0911,BLS Producer Price Index by Commodity: Wood Pulp (via FRED),https://fred.stlouisfed.org/series/WPU0911,True,"Indirect input proxy (wood pulp feeds into paper cup manufacturing), US producer price, not a global spot price."
1963-11-01,Paper Cups (12oz),25.4,WPU0911,BLS Producer Price Index by Commodity: Wood Pulp (via FRED),https://fred.stlouisfed.org/series/WPU0911,True,"Indirect input proxy (wood pulp feeds into paper cup manufacturing), US producer price, not a global spot price."
1963-12-01,Paper Cups (12oz),25.4,WPU0911,BLS Producer Price Index by Commodity: Wood Pulp (via FRED),https://fred.stlouisfed.org/series/WPU0911,True,"Indirect input proxy (wood pulp feeds into paper cup manufacturing), US producer price, not a global spot price."
1964-01-01,Paper Cups (12oz),25.9,WPU0911,BLS Producer Price Index by Commodity: Wood Pulp (via FRED),https://fred.stlouisfed.org/series/WPU0911,True,"Indirect input proxy (wood pulp feeds into paper cup manufacturing), US producer price, not a global spot price."
1964-02-01,Paper Cups (12oz),25.9,WPU0911,BLS Producer Price Index by Commodity: Wood Pulp (via FRED),https://fred.stlouisfed.org/series/WPU0911,True,"Indirect input proxy (wood pulp feeds into paper cup manufacturing), US producer price, not a global spot price."
1964-03-01,Paper Cups (12oz),25.9,WPU0911,BLS Producer Price Index by Commodity: Wood Pulp (via FRED),https://fred.stlouisfed.org/series/WPU0911,True,"Indirect input proxy (wood pulp feeds into paper cup manufacturing), US producer price, not a global spot price."
1964-04-01,Paper Cups (12oz),25.9,WPU0911,BLS Producer Price Index by Commodity: Wood Pulp (via FRED),https://fred.stlouisfed.org/series/WPU0911,True,"Indirect input proxy (wood pulp feeds into paper cup manufacturing), US producer price, not a global spot price."
1964-05-01,Paper Cups (12oz),25.7,WPU0911,BLS Producer Price Index by Commodity: Wood Pulp (via FRED),https://fred.stlouisfed.org/series/WPU0911,True,"Indirect input proxy (wood pulp feeds into paper cup manufacturing), US producer price, not a global spot price."
1964-06-01,Paper Cups (12oz),25.7,WPU0911,BLS Producer Price Index by Commodity: Wood Pulp (via FRED),https://fred.stlouisfed.org/series/WPU0911,True,"Indirect input proxy (wood pulp feeds into paper cup manufacturing), US producer price, not a global spot price."
1964-07-01,Paper Cups (12oz),25.7,WPU0911,BLS Producer Price Index by Commodity: Wood Pulp (via FRED),https://fred.stlouisfed.org/series/WPU0911,True,"Indirect input proxy (wood pulp feeds into paper cup manufacturing), US producer price, not a global spot price."
1964-08-01,Paper Cups (12oz),25.7,WPU0911,BLS Producer Price Index by Commodity: Wood Pulp (via FRED),https://fred.stlouisfed.org/series/WPU0911,True,"Indirect input proxy (wood pulp feeds into paper cup manufacturing), US producer price, not a global spot price."
1964-09-01,Paper Cups (12oz),25.7,WPU0911,BLS Producer Price Index by Commodity: Wood Pulp (via FRED),https://fred.stlouisfed.org/series/WPU0911,True,"Indirect input proxy (wood pulp feeds into paper cup manufacturing), US producer price, not a global spot price."
1964-10-01,Paper Cups (12oz),26.2,WPU0911,BLS Producer Price Index by Commodity: Wood Pulp (via FRED),https://fred.stlouisfed.org/series/WPU0911,True,"Indirect input proxy (wood pulp feeds into paper cup manufacturing), US producer price, not a global spot price."
1964-11-01,Paper Cups (12oz),26.1,WPU0911,BLS Producer Price Index by Commodity: Wood Pulp (via FRED),https://fred.stlouisfed.org/series/WPU0911,True,"Indirect input proxy (wood pulp feeds into paper cup manufacturing), US producer price, not a global spot price."
1964-12-01,Paper Cups (12oz),26.1,WPU0911,BLS Producer Price Index by Commodity: Wood Pulp (via FRED),https://fred.stlouisfed.org/series/WPU0911,True,"Indirect input proxy (wood pulp feeds into paper cup manufacturing), US producer price, not a global spot price."
1965-01-01,Paper Cups (12oz),26.4,WPU0911,BLS Producer Price Index by Commodity: Wood Pulp (via FRED),https://fred.stlouisfed.org/series/WPU0911,True,"Indirect input proxy (wood pulp feeds into paper cup manufacturing), US producer price, not a global spot price."
1965-02-01,Paper Cups (12oz),26.4,WPU0911,BLS Producer Price Index by Commodity: Wood Pulp (via FRED),https://fred.stlouisfed.org/series/WPU0911,True,"Indirect input proxy (wood pulp feeds into paper cup manufacturing), US producer price, not a global spot price."
1965-03-01,Paper Cups (12oz),26.4,WPU0911,BLS Producer Price Index by Commodity: Wood Pulp (via FRED),https://fred.stlouisfed.org/series/WPU0911,True,"Indirect input proxy (wood pulp feeds into paper cup manufacturing), US producer price, not a global spot price."
1965-04-01,Paper Cups (12oz),26.4,WPU0911,BLS Producer Price Index by Commodity: Wood Pulp (via FRED),https://fred.stlouisfed.org/series/WPU0911,True,"Indirect input proxy (wood pulp feeds into paper cup manufacturing), US producer price, not a global spot price."
1965-05-01,Paper Cups (12oz),26.4,WPU0911,BLS Producer Price Index by Commodity: Wood Pulp (via FRED),https://fred.stlouisfed.org/series/WPU0911,True,"Indirect input proxy (wood pulp feeds into paper cup manufacturing), US producer price, not a global spot price."
1965-06-01,Paper Cups (12oz),26.4,WPU0911,BLS Producer Price Index by Commodity: Wood Pulp (via FRED),https://fred.stlouisfed.org/series/WPU0911,True,"Indirect input proxy (wood pulp feeds into paper cup manufacturing), US producer price, not a global spot price."
1965-07-01,Paper Cups (12oz),26.4,WPU0911,BLS Producer Price Index by Commodity: Wood Pulp (via FRED),https://fred.stlouisfed.org/series/WPU0911,True,"Indirect input proxy (wood pulp feeds into paper cup manufacturing), US producer price, not a global spot price."
1965-08-01,Paper Cups (12oz),26.4,WPU0911,BLS Producer Price Index by Commodity: Wood Pulp (via FRED),https://fred.stlouisfed.org/series/WPU0911,True,"Indirect input proxy (wood pulp feeds into paper cup manufacturing), US producer price, not a global spot price."
1965-09-01,Paper Cups (12oz),26.4,WPU0911,BLS Producer Price Index by Commodity: Wood Pulp (via FRED),https://fred.stlouisfed.org/series/WPU0911,True,"Indirect input proxy (wood pulp feeds into paper cup manufacturing), US producer price, not a global spot price."
1965-10-01,Paper Cups (12oz),26.4,WPU0911,BLS Producer Price Index by Commodity: Wood Pulp (via FRED),https://fred.stlouisfed.org/series/WPU0911,True,"Indirect input proxy (wood pulp feeds into paper cup manufacturing), US producer price, not a global spot price."
1965-11-01,Paper Cups (12oz),26.4,WPU0911,BLS Producer Price Index by Commodity: Wood Pulp (via FRED),https://fred.stlouisfed.org/series/WPU0911,True,"Indirect input proxy (wood pulp feeds into paper cup manufacturing), US producer price, not a global spot price."
1965-12-01,Paper Cups (12oz),26.4,WPU0911,BLS Producer Price Index by Commodity: Wood Pulp (via FRED),https://fred.stlouisfed.org/series/WPU0911,True,"Indirect input proxy (wood pulp feeds into paper cup manufacturing), US producer price, not a global spot price."
1966-01-01,Paper Cups (12oz),26.4,WPU0911,BLS Producer Price Index by Commodity: Wood Pulp (via FRED),https://fred.stlouisfed.org/series/WPU0911,True,"Indirect input proxy (wood pulp feeds into paper cup manufacturing), US producer price, not a global spot price."
1966-02-01,Paper Cups (12oz),26.4,WPU0911,BLS Producer Price Index by Commodity: Wood Pulp (via FRED),https://fred.stlouisfed.org/series/WPU0911,True,"Indirect input proxy (wood pulp feeds into paper cup manufacturing), US producer price, not a global spot price."
1966-03-01,Paper Cups (12oz),26.4,WPU0911,BLS Producer Price Index by Commodity: Wood Pulp (via FRED),https://fred.stlouisfed.org/series/WPU0911,True,"Indirect input proxy (wood pulp feeds into paper cup manufacturing), US producer price, not a global spot price."
1966-04-01,Paper Cups (12oz),26.4,WPU0911,BLS Producer Price Index by Commodity: Wood Pulp (via FRED),https://fred.stlouisfed.org/series/WPU0911,True,"Indirect input proxy (wood pulp feeds into paper cup manufacturing), US producer price, not a global spot price."
1966-05-01,Paper Cups (12oz),26.4,WPU0911,BLS Producer Price Index by Commodity: Wood Pulp (via FRED),https://fred.stlouisfed.org/series/WPU0911,True,"Indirect input proxy (wood pulp feeds into paper cup manufacturing), US producer price, not a global spot price."
1966-06-01,Paper Cups (12oz),26.4,WPU0911,BLS Producer Price Index by Commodity: Wood Pulp (via FRED),https://fred.stlouisfed.org/series/WPU0911,True,"Indirect input proxy (wood pulp feeds into paper cup manufacturing), US producer price, not a global spot price."
1966-07-01,Paper Cups (12oz),26.4,WPU0911,BLS Producer Price Index by Commodity: Wood Pulp (via FRED),https://fred.stlouisfed.org/series/WPU0911,True,"Indirect input proxy (wood pulp feeds into paper cup manufacturing), US producer price, not a global spot price."
1966-08-01,Paper Cups (12oz),26.4,WPU0911,BLS Producer Price Index by Commodity: Wood Pulp (via FRED),https://fred.stlouisfed.org/series/WPU0911,True,"Indirect input proxy (wood pulp feeds into paper cup manufacturing), US producer price, not a global spot price."
1966-09-01,Paper Cups (12oz),26.4,WPU0911,BLS Producer Price Index by Commodity: Wood Pulp (via FRED),https://fred.stlouisfed.org/series/WPU0911,True,"Indirect input proxy (wood pulp feeds into paper cup manufacturing), US producer price, not a global spot price."
1966-10-01,Paper Cups (12oz),26.4,WPU0911,BLS Producer Price Index by Commodity: Wood Pulp (via FRED),https://fred.stlouisfed.org/series/WPU0911,True,"Indirect input proxy (wood pulp feeds into paper cup manufacturing), US producer price, not a global spot price."
1966-11-01,Paper Cups (12oz),26.4,WPU0911,BLS Producer Price Index by Commodity: Wood Pulp (via FRED),https://fred.stlouisfed.org/series/WPU0911,True,"Indirect input proxy (wood pulp feeds into paper cup manufacturing), US producer price, not a global spot price."
1966-12-01,Paper Cups (12oz),26.4,WPU0911,BLS Producer Price Index by Commodity: Wood Pulp (via FRED),https://fred.stlouisfed.org/series/WPU0911,True,"Indirect input proxy (wood pulp feeds into paper cup manufacturing), US producer price, not a global spot price."
1967-01-01,Paper Cups (12oz),26.4,WPU0911,BLS Producer Price Index by Commodity: Wood Pulp (via FRED),https://fred.stlouisfed.org/series/WPU0911,True,"Indirect input proxy (wood pulp feeds into paper cup manufacturing), US producer price, not a global spot price."
1967-02-01,Paper Cups (12oz),26.4,WPU0911,BLS Producer Price Index by Commodity: Wood Pulp (via FRED),https://fred.stlouisfed.org/series/WPU0911,True,"Indirect input proxy (wood pulp feeds into paper cup manufacturing), US producer price, not a global spot price."
1967-03-01,Paper Cups (12oz),26.4,WPU0911,BLS Producer Price Index by Commodity: Wood Pulp (via FRED),https://fred.stlouisfed.org/series/WPU0911,True,"Indirect input proxy (wood pulp feeds into paper cup manufacturing), US producer price, not a global spot price."
1967-04-01,Paper Cups (12oz),26.4,WPU0911,BLS Producer Price Index by Commodity: Wood Pulp (via FRED),https://fred.stlouisfed.org/series/WPU0911,True,"Indirect input proxy (wood pulp feeds into paper cup manufacturing), US producer price, not a global spot price."
1967-05-01,Paper Cups (12oz),26.4,WPU0911,BLS Producer Price Index by Commodity: Wood Pulp (via FRED),https://fred.stlouisfed.org/series/WPU0911,True,"Indirect input proxy (wood pulp feeds into paper cup manufacturing), US producer price, not a global spot price."
1967-06-01,Paper Cups (12oz),26.4,WPU0911,BLS Producer Price Index by Commodity: Wood Pulp (via FRED),https://fred.stlouisfed.org/series/WPU0911,True,"Indirect input proxy (wood pulp feeds into paper cup manufacturing), US producer price, not a global spot price."
1967-07-01,Paper Cups (12oz),26.4,WPU0911,BLS Producer Price Index by Commodity: Wood Pulp (via FRED),https://fred.stlouisfed.org/series/WPU0911,True,"Indirect input proxy (wood pulp feeds into paper cup manufacturing), US producer price, not a global spot price."
1967-08-01,Paper Cups (12oz),26.4,WPU0911,BLS Producer Price Index by Commodity: Wood Pulp (via FRED),https://fred.stlouisfed.org/series/WPU0911,True,"Indirect input proxy (wood pulp feeds into paper cup manufacturing), US producer price, not a global spot price."
1967-09-01,Paper Cups (12oz),26.4,WPU0911,BLS Producer Price Index by Commodity: Wood Pulp (via FRED),https://fred.stlouisfed.org/series/WPU0911,True,"Indirect input proxy (wood pulp feeds into paper cup manufacturing), US producer price, not a global spot price."
1967-10-01,Paper Cups (12oz),26.4,WPU0911,BLS Producer Price Index by Commodity: Wood Pulp (via FRED),https://fred.stlouisfed.org/series/WPU0911,True,"Indirect input proxy (wood pulp feeds into paper cup manufacturing), US producer price, not a global spot price."
1967-11-01,Paper Cups (12oz),26.4,WPU0911,BLS Producer Price Index by Commodity: Wood Pulp (via FRED),https://fred.stlouisfed.org/series/WPU0911,True,"Indirect input proxy (wood pulp feeds into paper cup manufacturing), US producer price, not a global spot price."
1967-12-01,Paper Cups (12oz),26.4,WPU0911,BLS Producer Price Index by Commodity: Wood Pulp (via FRED),https://fred.stlouisfed.org/series/WPU0911,True,"Indirect input proxy (wood pulp feeds into paper cup manufacturing), US producer price, not a global spot price."
1968-01-01,Paper Cups (12oz),26.4,WPU0911,BLS Producer Price Index by Commodity: Wood Pulp (via FRED),https://fred.stlouisfed.org/series/WPU0911,True,"Indirect input proxy (wood pulp feeds into paper cup manufacturing), US producer price, not a global spot price."
1968-02-01,Paper Cups (12oz),26.4,WPU0911,BLS Producer Price Index by Commodity: Wood Pulp (via FRED),https://fred.stlouisfed.org/series/WPU0911,True,"Indirect input proxy (wood pulp feeds into paper cup manufacturing), US producer price, not a global spot price."
1968-03-01,Paper Cups (12oz),26.4,WPU0911,BLS Producer Price Index by Commodity: Wood Pulp (via FRED),https://fred.stlouisfed.org/series/WPU0911,True,"Indirect input proxy (wood pulp feeds into paper cup manufacturing), US producer price, not a global spot price."
1968-04-01,Paper Cups (12oz),26.4,WPU0911,BLS Producer Price Index by Commodity: Wood Pulp (via FRED),https://fred.stlouisfed.org/series/WPU0911,True,"Indirect input proxy (wood pulp feeds into paper cup manufacturing), US producer price, not a global spot price."
1968-05-01,Paper Cups (12oz),26.4,WPU0911,BLS Producer Price Index by Commodity: Wood Pulp (via FRED),https://fred.stlouisfed.org/series/WPU0911,True,"Indirect input proxy (wood pulp feeds into paper cup manufacturing), US producer price, not a global spot price."
1968-06-01,Paper Cups (12oz),26.4,WPU0911,BLS Producer Price Index by Commodity: Wood Pulp (via FRED),https://fred.stlouisfed.org/series/WPU0911,True,"Indirect input proxy (wood pulp feeds into paper cup manufacturing), US producer price, not a global spot price."
1968-07-01,Paper Cups (12oz),26.4,WPU0911,BLS Producer Price Index by Commodity: Wood Pulp (via FRED),https://fred.stlouisfed.org/series/WPU0911,True,"Indirect input proxy (wood pulp feeds into paper cup manufacturing), US producer price, not a global spot price."
1968-08-01,Paper Cups (12oz),26.4,WPU0911,BLS Producer Price Index by Commodity: Wood Pulp (via FRED),https://fred.stlouisfed.org/series/WPU0911,True,"Indirect input proxy (wood pulp feeds into paper cup manufacturing), US producer price, not a global spot price."
1968-09-01,Paper Cups (12oz),26.4,WPU0911,BLS Producer Price Index by Commodity: Wood Pulp (via FRED),https://fred.stlouisfed.org/series/WPU0911,True,"Indirect input proxy (wood pulp feeds into paper cup manufacturing), US producer price, not a global spot price."
1968-10-01,Paper Cups (12oz),26.4,WPU0911,BLS Producer Price Index by Commodity: Wood Pulp (via FRED),https://fred.stlouisfed.org/series/WPU0911,True,"Indirect input proxy (wood pulp feeds into paper cup manufacturing), US producer price, not a global spot price."
1968-11-01,Paper Cups (12oz),26.4,WPU0911,BLS Producer Price Index by Commodity: Wood Pulp (via FRED),https://fred.stlouisfed.org/series/WPU0911,True,"Indirect input proxy (wood pulp feeds into paper cup manufacturing), US producer price, not a global spot price."
1968-12-01,Paper Cups (12oz),26.4,WPU0911,BLS Producer Price Index by Commodity: Wood Pulp (via FRED),https://fred.stlouisfed.org/series/WPU0911,True,"Indirect input proxy (wood pulp feeds into paper cup manufacturing), US producer price, not a global spot price."
1969-01-01,Paper Cups (12oz),26.4,WPU0911,BLS Producer Price Index by Commodity: Wood Pulp (via FRED),https://fred.stlouisfed.org/series/WPU0911,True,"Indirect input proxy (wood pulp feeds into paper cup manufacturing), US producer price, not a global spot price."
1969-02-01,Paper Cups (12oz),26.4,WPU0911,BLS Producer Price Index by Commodity: Wood Pulp (via FRED),https://fred.stlouisfed.org/series/WPU0911,True,"Indirect input proxy (wood pulp feeds into paper cup manufacturing), US producer price, not a global spot price."
1969-03-01,Paper Cups (12oz),26.4,WPU0911,BLS Producer Price Index by Commodity: Wood Pulp (via FRED),https://fred.stlouisfed.org/series/WPU0911,True,"Indirect input proxy (wood pulp feeds into paper cup manufacturing), US producer price, not a global spot price."
1969-04-01,Paper Cups (12oz),26.4,WPU0911,BLS Producer Price Index by Commodity: Wood Pulp (via FRED),https://fred.stlouisfed.org/series/WPU0911,True,"Indirect input proxy (wood pulp feeds into paper cup manufacturing), US producer price, not a global spot price."
1969-05-01,Paper Cups (12oz),26.4,WPU0911,BLS Producer Price Index by Commodity: Wood Pulp (via FRED),https://fred.stlouisfed.org/series/WPU0911,True,"Indirect input proxy (wood pulp feeds into paper cup manufacturing), US producer price, not a global spot price."
1969-06-01,Paper Cups (12oz),26.4,WPU0911,BLS Producer Price Index by Commodity: Wood Pulp (via FRED),https://fred.stlouisfed.org/series/WPU0911,True,"Indirect input proxy (wood pulp feeds into paper cup manufacturing), US producer price, not a global spot price."
1969-07-01,Paper Cups (12oz),26.4,WPU0911,BLS Producer Price Index by Commodity: Wood Pulp (via FRED),https://fred.stlouisfed.org/series/WPU0911,True,"Indirect input proxy (wood pulp feeds into paper cup manufacturing), US producer price, not a global spot price."
1969-08-01,Paper Cups (12oz),26.4,WPU0911,BLS Producer Price Index by Commodity: Wood Pulp (via FRED),https://fred.stlouisfed.org/series/WPU0911,True,"Indirect input proxy (wood pulp feeds into paper cup manufacturing), US producer price, not a global spot price."
1969-09-01,Paper Cups (12oz),26.4,WPU0911,BLS Producer Price Index by Commodity: Wood Pulp (via FRED),https://fred.stlouisfed.org/series/WPU0911,True,"Indirect input proxy (wood pulp feeds into paper cup manufacturing), US producer price, not a global spot price."
1969-10-01,Paper Cups (12oz),26.4,WPU0911,BLS Producer Price Index by Commodity: Wood Pulp (via FRED),https://fred.stlouisfed.org/series/WPU0911,True,"Indirect input proxy (wood pulp feeds into paper cup manufacturing), US producer price, not a global spot price."
1969-11-01,Paper Cups (12oz),26.4,WPU0911,BLS Producer Price Index by Commodity: Wood Pulp (via FRED),https://fred.stlouisfed.org/series/WPU0911,True,"Indirect input proxy (wood pulp feeds into paper cup manufacturing), US producer price, not a global spot price."
1969-12-01,Paper Cups (12oz),26.4,WPU0911,BLS Producer Price Index by Commodity: Wood Pulp (via FRED),https://fred.stlouisfed.org/series/WPU0911,True,"Indirect input proxy (wood pulp feeds into paper cup manufacturing), US producer price, not a global spot price."
1970-01-01,Paper Cups (12oz),28.2,WPU0911,BLS Producer Price Index by Commodity: Wood Pulp (via FRED),https://fred.stlouisfed.org/series/WPU0911,True,"Indirect input proxy (wood pulp feeds into paper cup manufacturing), US producer price, not a global spot price."
1970-02-01,Paper Cups (12oz),28.2,WPU0911,BLS Producer Price Index by Commodity: Wood Pulp (via FRED),https://fred.stlouisfed.org/series/WPU0911,True,"Indirect input proxy (wood pulp feeds into paper cup manufacturing), US producer price, not a global spot price."
1970-03-01,Paper Cups (12oz),28.2,WPU0911,BLS Producer Price Index by Commodity: Wood Pulp (via FRED),https://fred.stlouisfed.org/series/WPU0911,True,"Indirect input proxy (wood pulp feeds into paper cup manufacturing), US producer price, not a global spot price."
1970-04-01,Paper Cups (12oz),28.3,WPU0911,BLS Producer Price Index by Commodity: Wood Pulp (via FRED),https://fred.stlouisfed.org/series/WPU0911,True,"Indirect input proxy (wood pulp feeds into paper cup manufacturing), US producer price, not a global spot price."
1970-05-01,Paper Cups (12oz),28.2,WPU0911,BLS Producer Price Index by Commodity: Wood Pulp (via FRED),https://fred.stlouisfed.org/series/WPU0911,True,"Indirect input proxy (wood pulp feeds into paper cup manufacturing), US producer price, not a global spot price."
1970-06-01,Paper Cups (12oz),28.2,WPU0911,BLS Producer Price Index by Commodity: Wood Pulp (via FRED),https://fred.stlouisfed.org/series/WPU0911,True,"Indirect input proxy (wood pulp feeds into paper cup manufacturing), US producer price, not a global spot price."
1970-07-01,Paper Cups (12oz),29.6,WPU0911,BLS Producer Price Index by Commodity: Wood Pulp (via FRED),https://fred.stlouisfed.org/series/WPU0911,True,"Indirect input proxy (wood pulp feeds into paper cup manufacturing), US producer price, not a global spot price."
1970-08-01,Paper Cups (12oz),29.6,WPU0911,BLS Producer Price Index by Commodity: Wood Pulp (via FRED),https://fred.stlouisfed.org/series/WPU0911,True,"Indirect input proxy (wood pulp feeds into paper cup manufacturing), US producer price, not a global spot price."
1970-09-01,Paper Cups (12oz),29.6,WPU0911,BLS Producer Price Index by Commodity: Wood Pulp (via FRED),https://fred.stlouisfed.org/series/WPU0911,True,"Indirect input proxy (wood pulp feeds into paper cup manufacturing), US producer price, not a global spot price."
1970-10-01,Paper Cups (12oz),29.6,WPU0911,BLS Producer Price Index by Commodity: Wood Pulp (via FRED),https://fred.stlouisfed.org/series/WPU0911,True,"Indirect input proxy (wood pulp feeds into paper cup manufacturing), US producer price, not a global spot price."
1970-11-01,Paper Cups (12oz),29.6,WPU0911,BLS Producer Price Index by Commodity: Wood Pulp (via FRED),https://fred.stlouisfed.org/series/WPU0911,True,"Indirect input proxy (wood pulp feeds into paper cup manufacturing), US producer price, not a global spot price."
1970-12-01,Paper Cups (12oz),29.6,WPU0911,BLS Producer Price Index by Commodity: Wood Pulp (via FRED),https://fred.stlouisfed.org/series/WPU0911,True,"Indirect input proxy (wood pulp feeds into paper cup manufacturing), US producer price, not a global spot price."
1971-01-01,Paper Cups (12oz),29.6,WPU0911,BLS Producer Price Index by Commodity: Wood Pulp (via FRED),https://fred.stlouisfed.org/series/WPU0911,True,"Indirect input proxy (wood pulp feeds into paper cup manufacturing), US producer price, not a global spot price."
1971-02-01,Paper Cups (12oz),29.6,WPU0911,BLS Producer Price Index by Commodity: Wood Pulp (via FRED),https://fred.stlouisfed.org/series/WPU0911,True,"Indirect input proxy (wood pulp feeds into paper cup manufacturing), US producer price, not a global spot price."
1971-03-01,Paper Cups (12oz),29.6,WPU0911,BLS Producer Price Index by Commodity: Wood Pulp (via FRED),https://fred.stlouisfed.org/series/WPU0911,True,"Indirect input proxy (wood pulp feeds into paper cup manufacturing), US producer price, not a global spot price."
1971-04-01,Paper Cups (12oz),29.7,WPU0911,BLS Producer Price Index by Commodity: Wood Pulp (via FRED),https://fred.stlouisfed.org/series/WPU0911,True,"Indirect input proxy (wood pulp feeds into paper cup manufacturing), US producer price, not a global spot price."
1971-05-01,Paper Cups (12oz),29.7,WPU0911,BLS Producer Price Index by Commodity: Wood Pulp (via FRED),https://fred.stlouisfed.org/series/WPU0911,True,"Indirect input proxy (wood pulp feeds into paper cup manufacturing), US producer price, not a global spot price."
1971-06-01,Paper Cups (12oz),29.7,WPU0911,BLS Producer Price Index by Commodity: Wood Pulp (via FRED),https://fred.stlouisfed.org/series/WPU0911,True,"Indirect input proxy (wood pulp feeds into paper cup manufacturing), US producer price, not a global spot price."
1971-07-01,Paper Cups (12oz),29.7,WPU0911,BLS Producer Price Index by Commodity: Wood Pulp (via FRED),https://fred.stlouisfed.org/series/WPU0911,True,"Indirect input proxy (wood pulp feeds into paper cup manufacturing), US producer price, not a global spot price."
1971-08-01,Paper Cups (12oz),29.7,WPU0911,BLS Producer Price Index by Commodity: Wood Pulp (via FRED),https://fred.stlouisfed.org/series/WPU0911,True,"Indirect input proxy (wood pulp feeds into paper cup manufacturing), US producer price, not a global spot price."
1971-09-01,Paper Cups (12oz),29.4,WPU0911,BLS Producer Price Index by Commodity: Wood Pulp (via FRED),https://fred.stlouisfed.org/series/WPU0911,True,"Indirect input proxy (wood pulp feeds into paper cup manufacturing), US producer price, not a global spot price."
1971-10-01,Paper Cups (12oz),29.4,WPU0911,BLS Producer Price Index by Commodity: Wood Pulp (via FRED),https://fred.stlouisfed.org/series/WPU0911,True,"Indirect input proxy (wood pulp feeds into paper cup manufacturing), US producer price, not a global spot price."
1971-11-01,Paper Cups (12oz),29.4,WPU0911,BLS Producer Price Index by Commodity: Wood Pulp (via FRED),https://fred.stlouisfed.org/series/WPU0911,True,"Indirect input proxy (wood pulp feeds into paper cup manufacturing), US producer price, not a global spot price."
1971-12-01,Paper Cups (12oz),29.4,WPU0911,BLS Producer Price Index by Commodity: Wood Pulp (via FRED),https://fred.stlouisfed.org/series/WPU0911,True,"Indirect input proxy (wood pulp feeds into paper cup manufacturing), US producer price, not a global spot price."
1972-01-01,Paper Cups (12oz),29.4,WPU0911,BLS Producer Price Index by Commodity: Wood Pulp (via FRED),https://fred.stlouisfed.org/series/WPU0911,True,"Indirect input proxy (wood pulp feeds into paper cup manufacturing), US producer price, not a global spot price."
1972-02-01,Paper Cups (12oz),29.4,WPU0911,BLS Producer Price Index by Commodity: Wood Pulp (via FRED),https://fred.stlouisfed.org/series/WPU0911,True,"Indirect input proxy (wood pulp feeds into paper cup manufacturing), US producer price, not a global spot price."
1972-03-01,Paper Cups (12oz),29.4,WPU0911,BLS Producer Price Index by Commodity: Wood Pulp (via FRED),https://fred.stlouisfed.org/series/WPU0911,True,"Indirect input proxy (wood pulp feeds into paper cup manufacturing), US producer price, not a global spot price."
1972-04-01,Paper Cups (12oz),29.4,WPU0911,BLS Producer Price Index by Commodity: Wood Pulp (via FRED),https://fred.stlouisfed.org/series/WPU0911,True,"Indirect input proxy (wood pulp feeds into paper cup manufacturing), US producer price, not a global spot price."
1972-05-01,Paper Cups (12oz),29.4,WPU0911,BLS Producer Price Index by Commodity: Wood Pulp (via FRED),https://fred.stlouisfed.org/series/WPU0911,True,"Indirect input proxy (wood pulp feeds into paper cup manufacturing), US producer price, not a global spot price."
1972-06-01,Paper Cups (12oz),29.4,WPU0911,BLS Producer Price Index by Commodity: Wood Pulp (via FRED),https://fred.stlouisfed.org/series/WPU0911,True,"Indirect input proxy (wood pulp feeds into paper cup manufacturing), US producer price, not a global spot price."
1972-07-01,Paper Cups (12oz),29.4,WPU0911,BLS Producer Price Index by Commodity: Wood Pulp (via FRED),https://fred.stlouisfed.org/series/WPU0911,True,"Indirect input proxy (wood pulp feeds into paper cup manufacturing), US producer price, not a global spot price."
1972-08-01,Paper Cups (12oz),29.4,WPU0911,BLS Producer Price Index by Commodity: Wood Pulp (via FRED),https://fred.stlouisfed.org/series/WPU0911,True,"Indirect input proxy (wood pulp feeds into paper cup manufacturing), US producer price, not a global spot price."
1972-09-01,Paper Cups (12oz),29.4,WPU0911,BLS Producer Price Index by Commodity: Wood Pulp (via FRED),https://fred.stlouisfed.org/series/WPU0911,True,"Indirect input proxy (wood pulp feeds into paper cup manufacturing), US producer price, not a global spot price."
1972-10-01,Paper Cups (12oz),29.4,WPU0911,BLS Producer Price Index by Commodity: Wood Pulp (via FRED),https://fred.stlouisfed.org/series/WPU0911,True,"Indirect input proxy (wood pulp feeds into paper cup manufacturing), US producer price, not a global spot price."
1972-11-01,Paper Cups (12oz),29.4,WPU0911,BLS Producer Price Index by Commodity: Wood Pulp (via FRED),https://fred.stlouisfed.org/series/WPU0911,True,"Indirect input proxy (wood pulp feeds into paper cup manufacturing), US producer price, not a global spot price."
1972-12-01,Paper Cups (12oz),29.4,WPU0911,BLS Producer Price Index by Commodity: Wood Pulp (via FRED),https://fred.stlouisfed.org/series/WPU0911,True,"Indirect input proxy (wood pulp feeds into paper cup manufacturing), US producer price, not a global spot price."
1973-01-01,Paper Cups (12oz),29.4,WPU0911,BLS Producer Price Index by Commodity: Wood Pulp (via FRED),https://fred.stlouisfed.org/series/WPU0911,True,"Indirect input proxy (wood pulp feeds into paper cup manufacturing), US producer price, not a global spot price."
1973-02-01,Paper Cups (12oz),29.4,WPU0911,BLS Producer Price Index by Commodity: Wood Pulp (via FRED),https://fred.stlouisfed.org/series/WPU0911,True,"Indirect input proxy (wood pulp feeds into paper cup manufacturing), US producer price, not a global spot price."
1973-03-01,Paper Cups (12oz),29.4,WPU0911,BLS Producer Price Index by Commodity: Wood Pulp (via FRED),https://fred.stlouisfed.org/series/WPU0911,True,"Indirect input proxy (wood pulp feeds into paper cup manufacturing), US producer price, not a global spot price."
1973-04-01,Paper Cups (12oz),32.2,WPU0911,BLS Producer Price Index by Commodity: Wood Pulp (via FRED),https://fred.stlouisfed.org/series/WPU0911,True,"Indirect input proxy (wood pulp feeds into paper cup manufacturing), US producer price, not a global spot price."
1973-05-01,Paper Cups (12oz),32.3,WPU0911,BLS Producer Price Index by Commodity: Wood Pulp (via FRED),https://fred.stlouisfed.org/series/WPU0911,True,"Indirect input proxy (wood pulp feeds into paper cup manufacturing), US producer price, not a global spot price."
1973-06-01,Paper Cups (12oz),32.3,WPU0911,BLS Producer Price Index by Commodity: Wood Pulp (via FRED),https://fred.stlouisfed.org/series/WPU0911,True,"Indirect input proxy (wood pulp feeds into paper cup manufacturing), US producer price, not a global spot price."
1973-07-01,Paper Cups (12oz),34.5,WPU0911,BLS Producer Price Index by Commodity: Wood Pulp (via FRED),https://fred.stlouisfed.org/series/WPU0911,True,"Indirect input proxy (wood pulp feeds into paper cup manufacturing), US producer price, not a global spot price."
1973-08-01,Paper Cups (12oz),35.2,WPU0911,BLS Producer Price Index by Commodity: Wood Pulp (via FRED),https://fred.stlouisfed.org/series/WPU0911,True,"Indirect input proxy (wood pulp feeds into paper cup manufacturing), US producer price, not a global spot price."
1973-09-01,Paper Cups (12oz),35.2,WPU0911,BLS Producer Price Index by Commodity: Wood Pulp (via FRED),https://fred.stlouisfed.org/series/WPU0911,True,"Indirect input proxy (wood pulp feeds into paper cup manufacturing), US producer price, not a global spot price."
1973-10-01,Paper Cups (12oz),38.4,WPU0911,BLS Producer Price Index by Commodity: Wood Pulp (via FRED),https://fred.stlouisfed.org/series/WPU0911,True,"Indirect input proxy (wood pulp feeds into paper cup manufacturing), US producer price, not a global spot price."
1973-11-01,Paper Cups (12oz),38.6,WPU0911,BLS Producer Price Index by Commodity: Wood Pulp (via FRED),https://fred.stlouisfed.org/series/WPU0911,True,"Indirect input proxy (wood pulp feeds into paper cup manufacturing), US producer price, not a global spot price."
1973-12-01,Paper Cups (12oz),39.4,WPU0911,BLS Producer Price Index by Commodity: Wood Pulp (via FRED),https://fred.stlouisfed.org/series/WPU0911,True,"Indirect input proxy (wood pulp feeds into paper cup manufacturing), US producer price, not a global spot price."
1974-01-01,Paper Cups (12oz),39.6,WPU0911,BLS Producer Price Index by Commodity: Wood Pulp (via FRED),https://fred.stlouisfed.org/series/WPU0911,True,"Indirect input proxy (wood pulp feeds into paper cup manufacturing), US producer price, not a global spot price."
1974-02-01,Paper Cups (12oz),39.6,WPU0911,BLS Producer Price Index by Commodity: Wood Pulp (via FRED),https://fred.stlouisfed.org/series/WPU0911,True,"Indirect input proxy (wood pulp feeds into paper cup manufacturing), US producer price, not a global spot price."
1974-03-01,Paper Cups (12oz),46.9,WPU0911,BLS Producer Price Index by Commodity: Wood Pulp (via FRED),https://fred.stlouisfed.org/series/WPU0911,True,"Indirect input proxy (wood pulp feeds into paper cup manufacturing), US producer price, not a global spot price."
1974-04-01,Paper Cups (12oz),51.9,WPU0911,BLS Producer Price Index by Commodity: Wood Pulp (via FRED),https://fred.stlouisfed.org/series/WPU0911,True,"Indirect input proxy (wood pulp feeds into paper cup manufacturing), US producer price, not a global spot price."
1974-05-01,Paper Cups (12oz),52.9,WPU0911,BLS Producer Price Index by Commodity: Wood Pulp (via FRED),https://fred.stlouisfed.org/series/WPU0911,True,"Indirect input proxy (wood pulp feeds into paper cup manufacturing), US producer price, not a global spot price."
1974-06-01,Paper Cups (12oz),54.3,WPU0911,BLS Producer Price Index by Commodity: Wood Pulp (via FRED),https://fred.stlouisfed.org/series/WPU0911,True,"Indirect input proxy (wood pulp feeds into paper cup manufacturing), US producer price, not a global spot price."
1974-07-01,Paper Cups (12oz),65.2,WPU0911,BLS Producer Price Index by Commodity: Wood Pulp (via FRED),https://fred.stlouisfed.org/series/WPU0911,True,"Indirect input proxy (wood pulp feeds into paper cup manufacturing), US producer price, not a global spot price."
1974-08-01,Paper Cups (12oz),66.5,WPU0911,BLS Producer Price Index by Commodity: Wood Pulp (via FRED),https://fred.stlouisfed.org/series/WPU0911,True,"Indirect input proxy (wood pulp feeds into paper cup manufacturing), US producer price, not a global spot price."
1974-09-01,Paper Cups (12oz),67.1,WPU0911,BLS Producer Price Index by Commodity: Wood Pulp (via FRED),https://fred.stlouisfed.org/series/WPU0911,True,"Indirect input proxy (wood pulp feeds into paper cup manufacturing), US producer price, not a global spot price."
1974-10-01,Paper Cups (12oz),67.9,WPU0911,BLS Producer Price Index by Commodity: Wood Pulp (via FRED),https://fred.stlouisfed.org/series/WPU0911,True,"Indirect input proxy (wood pulp feeds into paper cup manufacturing), US producer price, not a global spot price."
1974-11-01,Paper Cups (12oz),68.5,WPU0911,BLS Producer Price Index by Commodity: Wood Pulp (via FRED),https://fred.stlouisfed.org/series/WPU0911,True,"Indirect input proxy (wood pulp feeds into paper cup manufacturing), US producer price, not a global spot price."
1974-12-01,Paper Cups (12oz),69.3,WPU0911,BLS Producer Price Index by Commodity: Wood Pulp (via FRED),https://fred.stlouisfed.org/series/WPU0911,True,"Indirect input proxy (wood pulp feeds into paper cup manufacturing), US producer price, not a global spot price."
1975-01-01,Paper Cups (12oz),74.5,WPU0911,BLS Producer Price Index by Commodity: Wood Pulp (via FRED),https://fred.stlouisfed.org/series/WPU0911,True,"Indirect input proxy (wood pulp feeds into paper cup manufacturing), US producer price, not a global spot price."
1975-02-01,Paper Cups (12oz),74.5,WPU0911,BLS Producer Price Index by Commodity: Wood Pulp (via FRED),https://fred.stlouisfed.org/series/WPU0911,True,"Indirect input proxy (wood pulp feeds into paper cup manufacturing), US producer price, not a global spot price."
1975-03-01,Paper Cups (12oz),75.1,WPU0911,BLS Producer Price Index by Commodity: Wood Pulp (via FRED),https://fred.stlouisfed.org/series/WPU0911,True,"Indirect input proxy (wood pulp feeds into paper cup manufacturing), US producer price, not a global spot price."
1975-04-01,Paper Cups (12oz),75.0,WPU0911,BLS Producer Price Index by Commodity: Wood Pulp (via FRED),https://fred.stlouisfed.org/series/WPU0911,True,"Indirect input proxy (wood pulp feeds into paper cup manufacturing), US producer price, not a global spot price."
1975-05-01,Paper Cups (12oz),75.0,WPU0911,BLS Producer Price Index by Commodity: Wood Pulp (via FRED),https://fred.stlouisfed.org/series/WPU0911,True,"Indirect input proxy (wood pulp feeds into paper cup manufacturing), US producer price, not a global spot price."
1975-06-01,Paper Cups (12oz),74.5,WPU0911,BLS Producer Price Index by Commodity: Wood Pulp (via FRED),https://fred.stlouisfed.org/series/WPU0911,True,"Indirect input proxy (wood pulp feeds into paper cup manufacturing), US producer price, not a global spot price."
1975-07-01,Paper Cups (12oz),74.8,WPU0911,BLS Producer Price Index by Commodity: Wood Pulp (via FRED),https://fred.stlouisfed.org/series/WPU0911,True,"Indirect input proxy (wood pulp feeds into paper cup manufacturing), US producer price, not a global spot price."
1975-08-01,Paper Cups (12oz),74.8,WPU0911,BLS Producer Price Index by Commodity: Wood Pulp (via FRED),https://fred.stlouisfed.org/series/WPU0911,True,"Indirect input proxy (wood pulp feeds into paper cup manufacturing), US producer price, not a global spot price."
1975-09-01,Paper Cups (12oz),74.7,WPU0911,BLS Producer Price Index by Commodity: Wood Pulp (via FRED),https://fred.stlouisfed.org/series/WPU0911,True,"Indirect input proxy (wood pulp feeds into paper cup manufacturing), US producer price, not a global spot price."
1975-10-01,Paper Cups (12oz),74.7,WPU0911,BLS Producer Price Index by Commodity: Wood Pulp (via FRED),https://fred.stlouisfed.org/series/WPU0911,True,"Indirect input proxy (wood pulp feeds into paper cup manufacturing), US producer price, not a global spot price."
1975-11-01,Paper Cups (12oz),74.7,WPU0911,BLS Producer Price Index by Commodity: Wood Pulp (via FRED),https://fred.stlouisfed.org/series/WPU0911,True,"Indirect input proxy (wood pulp feeds into paper cup manufacturing), US producer price, not a global spot price."
1975-12-01,Paper Cups (12oz),74.8,WPU0911,BLS Producer Price Index by Commodity: Wood Pulp (via FRED),https://fred.stlouisfed.org/series/WPU0911,True,"Indirect input proxy (wood pulp feeds into paper cup manufacturing), US producer price, not a global spot price."
1976-01-01,Paper Cups (12oz),75.5,WPU0911,BLS Producer Price Index by Commodity: Wood Pulp (via FRED),https://fred.stlouisfed.org/series/WPU0911,True,"Indirect input proxy (wood pulp feeds into paper cup manufacturing), US producer price, not a global spot price."
1976-02-01,Paper Cups (12oz),75.8,WPU0911,BLS Producer Price Index by Commodity: Wood Pulp (via FRED),https://fred.stlouisfed.org/series/WPU0911,True,"Indirect input proxy (wood pulp feeds into paper cup manufacturing), US producer price, not a global spot price."
1976-03-01,Paper Cups (12oz),75.8,WPU0911,BLS Producer Price Index by Commodity: Wood Pulp (via FRED),https://fred.stlouisfed.org/series/WPU0911,True,"Indirect input proxy (wood pulp feeds into paper cup manufacturing), US producer price, not a global spot price."
1976-04-01,Paper Cups (12oz),75.8,WPU0911,BLS Producer Price Index by Commodity: Wood Pulp (via FRED),https://fred.stlouisfed.org/series/WPU0911,True,"Indirect input proxy (wood pulp feeds into paper cup manufacturing), US producer price, not a global spot price."
1976-05-01,Paper Cups (12oz),75.4,WPU0911,BLS Producer Price Index by Commodity: Wood Pulp (via FRED),https://fred.stlouisfed.org/series/WPU0911,True,"Indirect input proxy (wood pulp feeds into paper cup manufacturing), US producer price, not a global spot price."
1976-06-01,Paper Cups (12oz),75.4,WPU0911,BLS Producer Price Index by Commodity: Wood Pulp (via FRED),https://fred.stlouisfed.org/series/WPU0911,True,"Indirect input proxy (wood pulp feeds into paper cup manufacturing), US producer price, not a global spot price."
1976-07-01,Paper Cups (12oz),75.4,WPU0911,BLS Producer Price Index by Commodity: Wood Pulp (via FRED),https://fred.stlouisfed.org/series/WPU0911,True,"Indirect input proxy (wood pulp feeds into paper cup manufacturing), US producer price, not a global spot price."
1976-08-01,Paper Cups (12oz),75.3,WPU0911,BLS Producer Price Index by Commodity: Wood Pulp (via FRED),https://fred.stlouisfed.org/series/WPU0911,True,"Indirect input proxy (wood pulp feeds into paper cup manufacturing), US producer price, not a global spot price."
1976-09-01,Paper Cups (12oz),75.2,WPU0911,BLS Producer Price Index by Commodity: Wood Pulp (via FRED),https://fred.stlouisfed.org/series/WPU0911,True,"Indirect input proxy (wood pulp feeds into paper cup manufacturing), US producer price, not a global spot price."
1976-10-01,Paper Cups (12oz),75.2,WPU0911,BLS Producer Price Index by Commodity: Wood Pulp (via FRED),https://fred.stlouisfed.org/series/WPU0911,True,"Indirect input proxy (wood pulp feeds into paper cup manufacturing), US producer price, not a global spot price."
1976-11-01,Paper Cups (12oz),75.2,WPU0911,BLS Producer Price Index by Commodity: Wood Pulp (via FRED),https://fred.stlouisfed.org/series/WPU0911,True,"Indirect input proxy (wood pulp feeds into paper cup manufacturing), US producer price, not a global spot price."
1976-12-01,Paper Cups (12oz),75.2,WPU0911,BLS Producer Price Index by Commodity: Wood Pulp (via FRED),https://fred.stlouisfed.org/series/WPU0911,True,"Indirect input proxy (wood pulp feeds into paper cup manufacturing), US producer price, not a global spot price."
1977-01-01,Paper Cups (12oz),75.0,WPU0911,BLS Producer Price Index by Commodity: Wood Pulp (via FRED),https://fred.stlouisfed.org/series/WPU0911,True,"Indirect input proxy (wood pulp feeds into paper cup manufacturing), US producer price, not a global spot price."
1977-02-01,Paper Cups (12oz),74.9,WPU0911,BLS Producer Price Index by Commodity: Wood Pulp (via FRED),https://fred.stlouisfed.org/series/WPU0911,True,"Indirect input proxy (wood pulp feeds into paper cup manufacturing), US producer price, not a global spot price."
1977-03-01,Paper Cups (12oz),74.9,WPU0911,BLS Producer Price Index by Commodity: Wood Pulp (via FRED),https://fred.stlouisfed.org/series/WPU0911,True,"Indirect input proxy (wood pulp feeds into paper cup manufacturing), US producer price, not a global spot price."
1977-04-01,Paper Cups (12oz),75.5,WPU0911,BLS Producer Price Index by Commodity: Wood Pulp (via FRED),https://fred.stlouisfed.org/series/WPU0911,True,"Indirect input proxy (wood pulp feeds into paper cup manufacturing), US producer price, not a global spot price."
1977-05-01,Paper Cups (12oz),75.5,WPU0911,BLS Producer Price Index by Commodity: Wood Pulp (via FRED),https://fred.stlouisfed.org/series/WPU0911,True,"Indirect input proxy (wood pulp feeds into paper cup manufacturing), US producer price, not a global spot price."
1977-06-01,Paper Cups (12oz),75.4,WPU0911,BLS Producer Price Index by Commodity: Wood Pulp (via FRED),https://fred.stlouisfed.org/series/WPU0911,True,"Indirect input proxy (wood pulp feeds into paper cup manufacturing), US producer price, not a global spot price."
1977-07-01,Paper Cups (12oz),75.4,WPU0911,BLS Producer Price Index by Commodity: Wood Pulp (via FRED),https://fred.stlouisfed.org/series/WPU0911,True,"Indirect input proxy (wood pulp feeds into paper cup manufacturing), US producer price, not a global spot price."
1977-08-01,Paper Cups (12oz),74.4,WPU0911,BLS Producer Price Index by Commodity: Wood Pulp (via FRED),https://fred.stlouisfed.org/series/WPU0911,True,"Indirect input proxy (wood pulp feeds into paper cup manufacturing), US producer price, not a global spot price."
1977-09-01,Paper Cups (12oz),73.2,WPU0911,BLS Producer Price Index by Commodity: Wood Pulp (via FRED),https://fred.stlouisfed.org/series/WPU0911,True,"Indirect input proxy (wood pulp feeds into paper cup manufacturing), US producer price, not a global spot price."
1977-10-01,Paper Cups (12oz),72.8,WPU0911,BLS Producer Price Index by Commodity: Wood Pulp (via FRED),https://fred.stlouisfed.org/series/WPU0911,True,"Indirect input proxy (wood pulp feeds into paper cup manufacturing), US producer price, not a global spot price."
1977-11-01,Paper Cups (12oz),72.7,WPU0911,BLS Producer Price Index by Commodity: Wood Pulp (via FRED),https://fred.stlouisfed.org/series/WPU0911,True,"Indirect input proxy (wood pulp feeds into paper cup manufacturing), US producer price, not a global spot price."
1977-12-01,Paper Cups (12oz),70.3,WPU0911,BLS Producer Price Index by Commodity: Wood Pulp (via FRED),https://fred.stlouisfed.org/series/WPU0911,True,"Indirect input proxy (wood pulp feeds into paper cup manufacturing), US producer price, not a global spot price."
1978-01-01,Paper Cups (12oz),69.3,WPU0911,BLS Producer Price Index by Commodity: Wood Pulp (via FRED),https://fred.stlouisfed.org/series/WPU0911,True,"Indirect input proxy (wood pulp feeds into paper cup manufacturing), US producer price, not a global spot price."
1978-02-01,Paper Cups (12oz),69.2,WPU0911,BLS Producer Price Index by Commodity: Wood Pulp (via FRED),https://fred.stlouisfed.org/series/WPU0911,True,"Indirect input proxy (wood pulp feeds into paper cup manufacturing), US producer price, not a global spot price."
1978-03-01,Paper Cups (12oz),68.8,WPU0911,BLS Producer Price Index by Commodity: Wood Pulp (via FRED),https://fred.stlouisfed.org/series/WPU0911,True,"Indirect input proxy (wood pulp feeds into paper cup manufacturing), US producer price, not a global spot price."
1978-04-01,Paper Cups (12oz),68.9,WPU0911,BLS Producer Price Index by Commodity: Wood Pulp (via FRED),https://fred.stlouisfed.org/series/WPU0911,True,"Indirect input proxy (wood pulp feeds into paper cup manufacturing), US producer price, not a global spot price."
1978-05-01,Paper Cups (12oz),68.9,WPU0911,BLS Producer Price Index by Commodity: Wood Pulp (via FRED),https://fred.stlouisfed.org/series/WPU0911,True,"Indirect input proxy (wood pulp feeds into paper cup manufacturing), US producer price, not a global spot price."
1978-06-01,Paper Cups (12oz),68.8,WPU0911,BLS Producer Price Index by Commodity: Wood Pulp (via FRED),https://fred.stlouisfed.org/series/WPU0911,True,"Indirect input proxy (wood pulp feeds into paper cup manufacturing), US producer price, not a global spot price."
1978-07-01,Paper Cups (12oz),68.9,WPU0911,BLS Producer Price Index by Commodity: Wood Pulp (via FRED),https://fred.stlouisfed.org/series/WPU0911,True,"Indirect input proxy (wood pulp feeds into paper cup manufacturing), US producer price, not a global spot price."
1978-08-01,Paper Cups (12oz),68.9,WPU0911,BLS Producer Price Index by Commodity: Wood Pulp (via FRED),https://fred.stlouisfed.org/series/WPU0911,True,"Indirect input proxy (wood pulp feeds into paper cup manufacturing), US producer price, not a global spot price."
1978-09-01,Paper Cups (12oz),68.9,WPU0911,BLS Producer Price Index by Commodity: Wood Pulp (via FRED),https://fred.stlouisfed.org/series/WPU0911,True,"Indirect input proxy (wood pulp feeds into paper cup manufacturing), US producer price, not a global spot price."
1978-10-01,Paper Cups (12oz),74.4,WPU0911,BLS Producer Price Index by Commodity: Wood Pulp (via FRED),https://fred.stlouisfed.org/series/WPU0911,True,"Indirect input proxy (wood pulp feeds into paper cup manufacturing), US producer price, not a global spot price."
1978-11-01,Paper Cups (12oz),74.3,WPU0911,BLS Producer Price Index by Commodity: Wood Pulp (via FRED),https://fred.stlouisfed.org/series/WPU0911,True,"Indirect input proxy (wood pulp feeds into paper cup manufacturing), US producer price, not a global spot price."
1978-12-01,Paper Cups (12oz),74.3,WPU0911,BLS Producer Price Index by Commodity: Wood Pulp (via FRED),https://fred.stlouisfed.org/series/WPU0911,True,"Indirect input proxy (wood pulp feeds into paper cup manufacturing), US producer price, not a global spot price."
1979-01-01,Paper Cups (12oz),76.8,WPU0911,BLS Producer Price Index by Commodity: Wood Pulp (via FRED),https://fred.stlouisfed.org/series/WPU0911,True,"Indirect input proxy (wood pulp feeds into paper cup manufacturing), US producer price, not a global spot price."
1979-02-01,Paper Cups (12oz),76.9,WPU0911,BLS Producer Price Index by Commodity: Wood Pulp (via FRED),https://fred.stlouisfed.org/series/WPU0911,True,"Indirect input proxy (wood pulp feeds into paper cup manufacturing), US producer price, not a global spot price."
1979-03-01,Paper Cups (12oz),77.6,WPU0911,BLS Producer Price Index by Commodity: Wood Pulp (via FRED),https://fred.stlouisfed.org/series/WPU0911,True,"Indirect input proxy (wood pulp feeds into paper cup manufacturing), US producer price, not a global spot price."
1979-04-01,Paper Cups (12oz),80.2,WPU0911,BLS Producer Price Index by Commodity: Wood Pulp (via FRED),https://fred.stlouisfed.org/series/WPU0911,True,"Indirect input proxy (wood pulp feeds into paper cup manufacturing), US producer price, not a global spot price."
1979-05-01,Paper Cups (12oz),81.0,WPU0911,BLS Producer Price Index by Commodity: Wood Pulp (via FRED),https://fred.stlouisfed.org/series/WPU0911,True,"Indirect input proxy (wood pulp feeds into paper cup manufacturing), US producer price, not a global spot price."
1979-06-01,Paper Cups (12oz),81.3,WPU0911,BLS Producer Price Index by Commodity: Wood Pulp (via FRED),https://fred.stlouisfed.org/series/WPU0911,True,"Indirect input proxy (wood pulp feeds into paper cup manufacturing), US producer price, not a global spot price."
1979-07-01,Paper Cups (12oz),84.5,WPU0911,BLS Producer Price Index by Commodity: Wood Pulp (via FRED),https://fred.stlouisfed.org/series/WPU0911,True,"Indirect input proxy (wood pulp feeds into paper cup manufacturing), US producer price, not a global spot price."
1979-08-01,Paper Cups (12oz),84.6,WPU0911,BLS Producer Price Index by Commodity: Wood Pulp (via FRED),https://fred.stlouisfed.org/series/WPU0911,True,"Indirect input proxy (wood pulp feeds into paper cup manufacturing), US producer price, not a global spot price."
1979-09-01,Paper Cups (12oz),84.6,WPU0911,BLS Producer Price Index by Commodity: Wood Pulp (via FRED),https://fred.stlouisfed.org/series/WPU0911,True,"Indirect input proxy (wood pulp feeds into paper cup manufacturing), US producer price, not a global spot price."
1979-10-01,Paper Cups (12oz),89.0,WPU0911,BLS Producer Price Index by Commodity: Wood Pulp (via FRED),https://fred.stlouisfed.org/series/WPU0911,True,"Indirect input proxy (wood pulp feeds into paper cup manufacturing), US producer price, not a global spot price."
1979-11-01,Paper Cups (12oz),89.2,WPU0911,BLS Producer Price Index by Commodity: Wood Pulp (via FRED),https://fred.stlouisfed.org/series/WPU0911,True,"Indirect input proxy (wood pulp feeds into paper cup manufacturing), US producer price, not a global spot price."
1979-12-01,Paper Cups (12oz),89.2,WPU0911,BLS Producer Price Index by Commodity: Wood Pulp (via FRED),https://fred.stlouisfed.org/series/WPU0911,True,"Indirect input proxy (wood pulp feeds into paper cup manufacturing), US producer price, not a global spot price."
1980-01-01,Paper Cups (12oz),94.1,WPU0911,BLS Producer Price Index by Commodity: Wood Pulp (via FRED),https://fred.stlouisfed.org/series/WPU0911,True,"Indirect input proxy (wood pulp feeds into paper cup manufacturing), US producer price, not a global spot price."
1980-02-01,Paper Cups (12oz),94.0,WPU0911,BLS Producer Price Index by Commodity: Wood Pulp (via FRED),https://fred.stlouisfed.org/series/WPU0911,True,"Indirect input proxy (wood pulp feeds into paper cup manufacturing), US producer price, not a global spot price."
1980-03-01,Paper Cups (12oz),94.1,WPU0911,BLS Producer Price Index by Commodity: Wood Pulp (via FRED),https://fred.stlouisfed.org/series/WPU0911,True,"Indirect input proxy (wood pulp feeds into paper cup manufacturing), US producer price, not a global spot price."
1980-04-01,Paper Cups (12oz),101.7,WPU0911,BLS Producer Price Index by Commodity: Wood Pulp (via FRED),https://fred.stlouisfed.org/series/WPU0911,True,"Indirect input proxy (wood pulp feeds into paper cup manufacturing), US producer price, not a global spot price."
1980-05-01,Paper Cups (12oz),101.7,WPU0911,BLS Producer Price Index by Commodity: Wood Pulp (via FRED),https://fred.stlouisfed.org/series/WPU0911,True,"Indirect input proxy (wood pulp feeds into paper cup manufacturing), US producer price, not a global spot price."
1980-06-01,Paper Cups (12oz),102.3,WPU0911,BLS Producer Price Index by Commodity: Wood Pulp (via FRED),https://fred.stlouisfed.org/series/WPU0911,True,"Indirect input proxy (wood pulp feeds into paper cup manufacturing), US producer price, not a global spot price."
1980-07-01,Paper Cups (12oz),102.4,WPU0911,BLS Producer Price Index by Commodity: Wood Pulp (via FRED),https://fred.stlouisfed.org/series/WPU0911,True,"Indirect input proxy (wood pulp feeds into paper cup manufacturing), US producer price, not a global spot price."
1980-08-01,Paper Cups (12oz),102.4,WPU0911,BLS Producer Price Index by Commodity: Wood Pulp (via FRED),https://fred.stlouisfed.org/series/WPU0911,True,"Indirect input proxy (wood pulp feeds into paper cup manufacturing), US producer price, not a global spot price."
1980-09-01,Paper Cups (12oz),102.4,WPU0911,BLS Producer Price Index by Commodity: Wood Pulp (via FRED),https://fred.stlouisfed.org/series/WPU0911,True,"Indirect input proxy (wood pulp feeds into paper cup manufacturing), US producer price, not a global spot price."
1980-10-01,Paper Cups (12oz),102.8,WPU0911,BLS Producer Price Index by Commodity: Wood Pulp (via FRED),https://fred.stlouisfed.org/series/WPU0911,True,"Indirect input proxy (wood pulp feeds into paper cup manufacturing), US producer price, not a global spot price."
1980-11-01,Paper Cups (12oz),102.9,WPU0911,BLS Producer Price Index by Commodity: Wood Pulp (via FRED),https://fred.stlouisfed.org/series/WPU0911,True,"Indirect input proxy (wood pulp feeds into paper cup manufacturing), US producer price, not a global spot price."
1980-12-01,Paper Cups (12oz),102.9,WPU0911,BLS Producer Price Index by Commodity: Wood Pulp (via FRED),https://fred.stlouisfed.org/series/WPU0911,True,"Indirect input proxy (wood pulp feeds into paper cup manufacturing), US producer price, not a global spot price."
1981-01-01,Paper Cups (12oz),102.9,WPU0911,BLS Producer Price Index by Commodity: Wood Pulp (via FRED),https://fred.stlouisfed.org/series/WPU0911,True,"Indirect input proxy (wood pulp feeds into paper cup manufacturing), US producer price, not a global spot price."
1981-02-01,Paper Cups (12oz),102.9,WPU0911,BLS Producer Price Index by Commodity: Wood Pulp (via FRED),https://fred.stlouisfed.org/series/WPU0911,True,"Indirect input proxy (wood pulp feeds into paper cup manufacturing), US producer price, not a global spot price."
1981-03-01,Paper Cups (12oz),102.9,WPU0911,BLS Producer Price Index by Commodity: Wood Pulp (via FRED),https://fred.stlouisfed.org/series/WPU0911,True,"Indirect input proxy (wood pulp feeds into paper cup manufacturing), US producer price, not a global spot price."
1981-04-01,Paper Cups (12oz),104.0,WPU0911,BLS Producer Price Index by Commodity: Wood Pulp (via FRED),https://fred.stlouisfed.org/series/WPU0911,True,"Indirect input proxy (wood pulp feeds into paper cup manufacturing), US producer price, not a global spot price."
1981-05-01,Paper Cups (12oz),104.0,WPU0911,BLS Producer Price Index by Commodity: Wood Pulp (via FRED),https://fred.stlouisfed.org/series/WPU0911,True,"Indirect input proxy (wood pulp feeds into paper cup manufacturing), US producer price, not a global spot price."
1981-06-01,Paper Cups (12oz),104.0,WPU0911,BLS Producer Price Index by Commodity: Wood Pulp (via FRED),https://fred.stlouisfed.org/series/WPU0911,True,"Indirect input proxy (wood pulp feeds into paper cup manufacturing), US producer price, not a global spot price."
1981-07-01,Paper Cups (12oz),104.0,WPU0911,BLS Producer Price Index by Commodity: Wood Pulp (via FRED),https://fred.stlouisfed.org/series/WPU0911,True,"Indirect input proxy (wood pulp feeds into paper cup manufacturing), US producer price, not a global spot price."
1981-08-01,Paper Cups (12oz),104.0,WPU0911,BLS Producer Price Index by Commodity: Wood Pulp (via FRED),https://fred.stlouisfed.org/series/WPU0911,True,"Indirect input proxy (wood pulp feeds into paper cup manufacturing), US producer price, not a global spot price."
1981-09-01,Paper Cups (12oz),104.0,WPU0911,BLS Producer Price Index by Commodity: Wood Pulp (via FRED),https://fred.stlouisfed.org/series/WPU0911,True,"Indirect input proxy (wood pulp feeds into paper cup manufacturing), US producer price, not a global spot price."
1981-10-01,Paper Cups (12oz),106.1,WPU0911,BLS Producer Price Index by Commodity: Wood Pulp (via FRED),https://fred.stlouisfed.org/series/WPU0911,True,"Indirect input proxy (wood pulp feeds into paper cup manufacturing), US producer price, not a global spot price."
1981-11-01,Paper Cups (12oz),109.1,WPU0911,BLS Producer Price Index by Commodity: Wood Pulp (via FRED),https://fred.stlouisfed.org/series/WPU0911,True,"Indirect input proxy (wood pulp feeds into paper cup manufacturing), US producer price, not a global spot price."
1981-12-01,Paper Cups (12oz),109.1,WPU0911,BLS Producer Price Index by Commodity: Wood Pulp (via FRED),https://fred.stlouisfed.org/series/WPU0911,True,"Indirect input proxy (wood pulp feeds into paper cup manufacturing), US producer price, not a global spot price."
1982-01-01,Paper Cups (12oz),108.2,WPU0911,BLS Producer Price Index by Commodity: Wood Pulp (via FRED),https://fred.stlouisfed.org/series/WPU0911,True,"Indirect input proxy (wood pulp feeds into paper cup manufacturing), US producer price, not a global spot price."
1982-02-01,Paper Cups (12oz),108.2,WPU0911,BLS Producer Price Index by Commodity: Wood Pulp (via FRED),https://fred.stlouisfed.org/series/WPU0911,True,"Indirect input proxy (wood pulp feeds into paper cup manufacturing), US producer price, not a global spot price."
1982-03-01,Paper Cups (12oz),108.6,WPU0911,BLS Producer Price Index by Commodity: Wood Pulp (via FRED),https://fred.stlouisfed.org/series/WPU0911,True,"Indirect input proxy (wood pulp feeds into paper cup manufacturing), US producer price, not a global spot price."
1982-04-01,Paper Cups (12oz),102.9,WPU0911,BLS Producer Price Index by Commodity: Wood Pulp (via FRED),https://fred.stlouisfed.org/series/WPU0911,True,"Indirect input proxy (wood pulp feeds into paper cup manufacturing), US producer price, not a global spot price."
1982-05-01,Paper Cups (12oz),103.8,WPU0911,BLS Producer Price Index by Commodity: Wood Pulp (via FRED),https://fred.stlouisfed.org/series/WPU0911,True,"Indirect input proxy (wood pulp feeds into paper cup manufacturing), US producer price, not a global spot price."
1982-06-01,Paper Cups (12oz),102.4,WPU0911,BLS Producer Price Index by Commodity: Wood Pulp (via FRED),https://fred.stlouisfed.org/series/WPU0911,True,"Indirect input proxy (wood pulp feeds into paper cup manufacturing), US producer price, not a global spot price."
1982-07-01,Paper Cups (12oz),97.2,WPU0911,BLS Producer Price Index by Commodity: Wood Pulp (via FRED),https://fred.stlouisfed.org/series/WPU0911,True,"Indirect input proxy (wood pulp feeds into paper cup manufacturing), US producer price, not a global spot price."
1982-08-01,Paper Cups (12oz),96.8,WPU0911,BLS Producer Price Index by Commodity: Wood Pulp (via FRED),https://fred.stlouisfed.org/series/WPU0911,True,"Indirect input proxy (wood pulp feeds into paper cup manufacturing), US producer price, not a global spot price."
1982-09-01,Paper Cups (12oz),96.3,WPU0911,BLS Producer Price Index by Commodity: Wood Pulp (via FRED),https://fred.stlouisfed.org/series/WPU0911,True,"Indirect input proxy (wood pulp feeds into paper cup manufacturing), US producer price, not a global spot price."
1982-10-01,Paper Cups (12oz),92.4,WPU0911,BLS Producer Price Index by Commodity: Wood Pulp (via FRED),https://fred.stlouisfed.org/series/WPU0911,True,"Indirect input proxy (wood pulp feeds into paper cup manufacturing), US producer price, not a global spot price."
1982-11-01,Paper Cups (12oz),91.6,WPU0911,BLS Producer Price Index by Commodity: Wood Pulp (via FRED),https://fred.stlouisfed.org/series/WPU0911,True,"Indirect input proxy (wood pulp feeds into paper cup manufacturing), US producer price, not a global spot price."
1982-12-01,Paper Cups (12oz),91.6,WPU0911,BLS Producer Price Index by Commodity: Wood Pulp (via FRED),https://fred.stlouisfed.org/series/WPU0911,True,"Indirect input proxy (wood pulp feeds into paper cup manufacturing), US producer price, not a global spot price."
1983-01-01,Paper Cups (12oz),91.4,WPU0911,BLS Producer Price Index by Commodity: Wood Pulp (via FRED),https://fred.stlouisfed.org/series/WPU0911,True,"Indirect input proxy (wood pulp feeds into paper cup manufacturing), US producer price, not a global spot price."
1983-02-01,Paper Cups (12oz),91.2,WPU0911,BLS Producer Price Index by Commodity: Wood Pulp (via FRED),https://fred.stlouisfed.org/series/WPU0911,True,"Indirect input proxy (wood pulp feeds into paper cup manufacturing), US producer price, not a global spot price."
1983-03-01,Paper Cups (12oz),90.5,WPU0911,BLS Producer Price Index by Commodity: Wood Pulp (via FRED),https://fred.stlouisfed.org/series/WPU0911,True,"Indirect input proxy (wood pulp feeds into paper cup manufacturing), US producer price, not a global spot price."
1983-04-01,Paper Cups (12oz),90.4,WPU0911,BLS Producer Price Index by Commodity: Wood Pulp (via FRED),https://fred.stlouisfed.org/series/WPU0911,True,"Indirect input proxy (wood pulp feeds into paper cup manufacturing), US producer price, not a global spot price."
1983-05-01,Paper Cups (12oz),90.5,WPU0911,BLS Producer Price Index by Commodity: Wood Pulp (via FRED),https://fred.stlouisfed.org/series/WPU0911,True,"Indirect input proxy (wood pulp feeds into paper cup manufacturing), US producer price, not a global spot price."
1983-06-01,Paper Cups (12oz),91.0,WPU0911,BLS Producer Price Index by Commodity: Wood Pulp (via FRED),https://fred.stlouisfed.org/series/WPU0911,True,"Indirect input proxy (wood pulp feeds into paper cup manufacturing), US producer price, not a global spot price."
1983-07-01,Paper Cups (12oz),91.2,WPU0911,BLS Producer Price Index by Commodity: Wood Pulp (via FRED),https://fred.stlouisfed.org/series/WPU0911,True,"Indirect input proxy (wood pulp feeds into paper cup manufacturing), US producer price, not a global spot price."
1983-08-01,Paper Cups (12oz),91.4,WPU0911,BLS Producer Price Index by Commodity: Wood Pulp (via FRED),https://fred.stlouisfed.org/series/WPU0911,True,"Indirect input proxy (wood pulp feeds into paper cup manufacturing), US producer price, not a global spot price."
1983-09-01,Paper Cups (12oz),91.1,WPU0911,BLS Producer Price Index by Commodity: Wood Pulp (via FRED),https://fred.stlouisfed.org/series/WPU0911,True,"Indirect input proxy (wood pulp feeds into paper cup manufacturing), US producer price, not a global spot price."
1983-10-01,Paper Cups (12oz),91.6,WPU0911,BLS Producer Price Index by Commodity: Wood Pulp (via FRED),https://fred.stlouisfed.org/series/WPU0911,True,"Indirect input proxy (wood pulp feeds into paper cup manufacturing), US producer price, not a global spot price."
1983-11-01,Paper Cups (12oz),94.1,WPU0911,BLS Producer Price Index by Commodity: Wood Pulp (via FRED),https://fred.stlouisfed.org/series/WPU0911,True,"Indirect input proxy (wood pulp feeds into paper cup manufacturing), US producer price, not a global spot price."
1983-12-01,Paper Cups (12oz),93.8,WPU0911,BLS Producer Price Index by Commodity: Wood Pulp (via FRED),https://fred.stlouisfed.org/series/WPU0911,True,"Indirect input proxy (wood pulp feeds into paper cup manufacturing), US producer price, not a global spot price."
1984-01-01,Paper Cups (12oz),96.6,WPU0911,BLS Producer Price Index by Commodity: Wood Pulp (via FRED),https://fred.stlouisfed.org/series/WPU0911,True,"Indirect input proxy (wood pulp feeds into paper cup manufacturing), US producer price, not a global spot price."
1984-02-01,Paper Cups (12oz),98.7,WPU0911,BLS Producer Price Index by Commodity: Wood Pulp (via FRED),https://fred.stlouisfed.org/series/WPU0911,True,"Indirect input proxy (wood pulp feeds into paper cup manufacturing), US producer price, not a global spot price."
1984-03-01,Paper Cups (12oz),99.9,WPU0911,BLS Producer Price Index by Commodity: Wood Pulp (via FRED),https://fred.stlouisfed.org/series/WPU0911,True,"Indirect input proxy (wood pulp feeds into paper cup manufacturing), US producer price, not a global spot price."
1984-04-01,Paper Cups (12oz),105.8,WPU0911,BLS Producer Price Index by Commodity: Wood Pulp (via FRED),https://fred.stlouisfed.org/series/WPU0911,True,"Indirect input proxy (wood pulp feeds into paper cup manufacturing), US producer price, not a global spot price."
1984-05-01,Paper Cups (12oz),107.6,WPU0911,BLS Producer Price Index by Commodity: Wood Pulp (via FRED),https://fred.stlouisfed.org/series/WPU0911,True,"Indirect input proxy (wood pulp feeds into paper cup manufacturing), US producer price, not a global spot price."
1984-06-01,Paper Cups (12oz),108.2,WPU0911,BLS Producer Price Index by Commodity: Wood Pulp (via FRED),https://fred.stlouisfed.org/series/WPU0911,True,"Indirect input proxy (wood pulp feeds into paper cup manufacturing), US producer price, not a global spot price."
1984-07-01,Paper Cups (12oz),108.3,WPU0911,BLS Producer Price Index by Commodity: Wood Pulp (via FRED),https://fred.stlouisfed.org/series/WPU0911,True,"Indirect input proxy (wood pulp feeds into paper cup manufacturing), US producer price, not a global spot price."
1984-08-01,Paper Cups (12oz),108.2,WPU0911,BLS Producer Price Index by Commodity: Wood Pulp (via FRED),https://fred.stlouisfed.org/series/WPU0911,True,"Indirect input proxy (wood pulp feeds into paper cup manufacturing), US producer price, not a global spot price."
1984-09-01,Paper Cups (12oz),107.9,WPU0911,BLS Producer Price Index by Commodity: Wood Pulp (via FRED),https://fred.stlouisfed.org/series/WPU0911,True,"Indirect input proxy (wood pulp feeds into paper cup manufacturing), US producer price, not a global spot price."
1984-10-01,Paper Cups (12oz),107.7,WPU0911,BLS Producer Price Index by Commodity: Wood Pulp (via FRED),https://fred.stlouisfed.org/series/WPU0911,True,"Indirect input proxy (wood pulp feeds into paper cup manufacturing), US producer price, not a global spot price."
1984-11-01,Paper Cups (12oz),104.8,WPU0911,BLS Producer Price Index by Commodity: Wood Pulp (via FRED),https://fred.stlouisfed.org/series/WPU0911,True,"Indirect input proxy (wood pulp feeds into paper cup manufacturing), US producer price, not a global spot price."
1984-12-01,Paper Cups (12oz),103.4,WPU0911,BLS Producer Price Index by Commodity: Wood Pulp (via FRED),https://fred.stlouisfed.org/series/WPU0911,True,"Indirect input proxy (wood pulp feeds into paper cup manufacturing), US producer price, not a global spot price."
1985-01-01,Paper Cups (12oz),100.6,WPU0911,BLS Producer Price Index by Commodity: Wood Pulp (via FRED),https://fred.stlouisfed.org/series/WPU0911,True,"Indirect input proxy (wood pulp feeds into paper cup manufacturing), US producer price, not a global spot price."
1985-02-01,Paper Cups (12oz),96.2,WPU0911,BLS Producer Price Index by Commodity: Wood Pulp (via FRED),https://fred.stlouisfed.org/series/WPU0911,True,"Indirect input proxy (wood pulp feeds into paper cup manufacturing), US producer price, not a global spot price."
1985-03-01,Paper Cups (12oz),93.3,WPU0911,BLS Producer Price Index by Commodity: Wood Pulp (via FRED),https://fred.stlouisfed.org/series/WPU0911,True,"Indirect input proxy (wood pulp feeds into paper cup manufacturing), US producer price, not a global spot price."
1985-04-01,Paper Cups (12oz),91.9,WPU0911,BLS Producer Price Index by Commodity: Wood Pulp (via FRED),https://fred.stlouisfed.org/series/WPU0911,True,"Indirect input proxy (wood pulp feeds into paper cup manufacturing), US producer price, not a global spot price."
1985-05-01,Paper Cups (12oz),91.2,WPU0911,BLS Producer Price Index by Commodity: Wood Pulp (via FRED),https://fred.stlouisfed.org/series/WPU0911,True,"Indirect input proxy (wood pulp feeds into paper cup manufacturing), US producer price, not a global spot price."
1985-06-01,Paper Cups (12oz),91.8,WPU0911,BLS Producer Price Index by Commodity: Wood Pulp (via FRED),https://fred.stlouisfed.org/series/WPU0911,True,"Indirect input proxy (wood pulp feeds into paper cup manufacturing), US producer price, not a global spot price."
1985-07-01,Paper Cups (12oz),91.0,WPU0911,BLS Producer Price Index by Commodity: Wood Pulp (via FRED),https://fred.stlouisfed.org/series/WPU0911,True,"Indirect input proxy (wood pulp feeds into paper cup manufacturing), US producer price, not a global spot price."
1985-08-01,Paper Cups (12oz),89.0,WPU0911,BLS Producer Price Index by Commodity: Wood Pulp (via FRED),https://fred.stlouisfed.org/series/WPU0911,True,"Indirect input proxy (wood pulp feeds into paper cup manufacturing), US producer price, not a global spot price."
1985-09-01,Paper Cups (12oz),88.3,WPU0911,BLS Producer Price Index by Commodity: Wood Pulp (via FRED),https://fred.stlouisfed.org/series/WPU0911,True,"Indirect input proxy (wood pulp feeds into paper cup manufacturing), US producer price, not a global spot price."
1985-10-01,Paper Cups (12oz),88.3,WPU0911,BLS Producer Price Index by Commodity: Wood Pulp (via FRED),https://fred.stlouisfed.org/series/WPU0911,True,"Indirect input proxy (wood pulp feeds into paper cup manufacturing), US producer price, not a global spot price."
1985-11-01,Paper Cups (12oz),88.0,WPU0911,BLS Producer Price Index by Commodity: Wood Pulp (via FRED),https://fred.stlouisfed.org/series/WPU0911,True,"Indirect input proxy (wood pulp feeds into paper cup manufacturing), US producer price, not a global spot price."
1985-12-01,Paper Cups (12oz),87.4,WPU0911,BLS Producer Price Index by Commodity: Wood Pulp (via FRED),https://fred.stlouisfed.org/series/WPU0911,True,"Indirect input proxy (wood pulp feeds into paper cup manufacturing), US producer price, not a global spot price."
1986-01-01,Paper Cups (12oz),88.0,WPU0911,BLS Producer Price Index by Commodity: Wood Pulp (via FRED),https://fred.stlouisfed.org/series/WPU0911,True,"Indirect input proxy (wood pulp feeds into paper cup manufacturing), US producer price, not a global spot price."
1986-02-01,Paper Cups (12oz),87.4,WPU0911,BLS Producer Price Index by Commodity: Wood Pulp (via FRED),https://fred.stlouisfed.org/series/WPU0911,True,"Indirect input proxy (wood pulp feeds into paper cup manufacturing), US producer price, not a global spot price."
1986-03-01,Paper Cups (12oz),89.0,WPU0911,BLS Producer Price Index by Commodity: Wood Pulp (via FRED),https://fred.stlouisfed.org/series/WPU0911,True,"Indirect input proxy (wood pulp feeds into paper cup manufacturing), US producer price, not a global spot price."
1986-04-01,Paper Cups (12oz),90.4,WPU0911,BLS Producer Price Index by Commodity: Wood Pulp (via FRED),https://fred.stlouisfed.org/series/WPU0911,True,"Indirect input proxy (wood pulp feeds into paper cup manufacturing), US producer price, not a global spot price."
1986-05-01,Paper Cups (12oz),92.6,WPU0911,BLS Producer Price Index by Commodity: Wood Pulp (via FRED),https://fred.stlouisfed.org/series/WPU0911,True,"Indirect input proxy (wood pulp feeds into paper cup manufacturing), US producer price, not a global spot price."
1986-06-01,Paper Cups (12oz),94.4,WPU0911,BLS Producer Price Index by Commodity: Wood Pulp (via FRED),https://fred.stlouisfed.org/series/WPU0911,True,"Indirect input proxy (wood pulp feeds into paper cup manufacturing), US producer price, not a global spot price."
1986-07-01,Paper Cups (12oz),97.1,WPU0911,BLS Producer Price Index by Commodity: Wood Pulp (via FRED),https://fred.stlouisfed.org/series/WPU0911,True,"Indirect input proxy (wood pulp feeds into paper cup manufacturing), US producer price, not a global spot price."
1986-08-01,Paper Cups (12oz),96.8,WPU0911,BLS Producer Price Index by Commodity: Wood Pulp (via FRED),https://fred.stlouisfed.org/series/WPU0911,True,"Indirect input proxy (wood pulp feeds into paper cup manufacturing), US producer price, not a global spot price."
1986-09-01,Paper Cups (12oz),97.8,WPU0911,BLS Producer Price Index by Commodity: Wood Pulp (via FRED),https://fred.stlouisfed.org/series/WPU0911,True,"Indirect input proxy (wood pulp feeds into paper cup manufacturing), US producer price, not a global spot price."
1986-10-01,Paper Cups (12oz),99.5,WPU0911,BLS Producer Price Index by Commodity: Wood Pulp (via FRED),https://fred.stlouisfed.org/series/WPU0911,True,"Indirect input proxy (wood pulp feeds into paper cup manufacturing), US producer price, not a global spot price."
1986-11-01,Paper Cups (12oz),101.1,WPU0911,BLS Producer Price Index by Commodity: Wood Pulp (via FRED),https://fred.stlouisfed.org/series/WPU0911,True,"Indirect input proxy (wood pulp feeds into paper cup manufacturing), US producer price, not a global spot price."
1986-12-01,Paper Cups (12oz),102.0,WPU0911,BLS Producer Price Index by Commodity: Wood Pulp (via FRED),https://fred.stlouisfed.org/series/WPU0911,True,"Indirect input proxy (wood pulp feeds into paper cup manufacturing), US producer price, not a global spot price."
1987-01-01,Paper Cups (12oz),105.5,WPU0911,BLS Producer Price Index by Commodity: Wood Pulp (via FRED),https://fred.stlouisfed.org/series/WPU0911,True,"Indirect input proxy (wood pulp feeds into paper cup manufacturing), US producer price, not a global spot price."
1987-02-01,Paper Cups (12oz),105.4,WPU0911,BLS Producer Price Index by Commodity: Wood Pulp (via FRED),https://fred.stlouisfed.org/series/WPU0911,True,"Indirect input proxy (wood pulp feeds into paper cup manufacturing), US producer price, not a global spot price."
1987-03-01,Paper Cups (12oz),107.6,WPU0911,BLS Producer Price Index by Commodity: Wood Pulp (via FRED),https://fred.stlouisfed.org/series/WPU0911,True,"Indirect input proxy (wood pulp feeds into paper cup manufacturing), US producer price, not a global spot price."
1987-04-01,Paper Cups (12oz),110.2,WPU0911,BLS Producer Price Index by Commodity: Wood Pulp (via FRED),https://fred.stlouisfed.org/series/WPU0911,True,"Indirect input proxy (wood pulp feeds into paper cup manufacturing), US producer price, not a global spot price."
1987-05-01,Paper Cups (12oz),111.1,WPU0911,BLS Producer Price Index by Commodity: Wood Pulp (via FRED),https://fred.stlouisfed.org/series/WPU0911,True,"Indirect input proxy (wood pulp feeds into paper cup manufacturing), US producer price, not a global spot price."
1987-06-01,Paper Cups (12oz),111.2,WPU0911,BLS Producer Price Index by Commodity: Wood Pulp (via FRED),https://fred.stlouisfed.org/series/WPU0911,True,"Indirect input proxy (wood pulp feeds into paper cup manufacturing), US producer price, not a global spot price."
1987-07-01,Paper Cups (12oz),111.4,WPU0911,BLS Producer Price Index by Commodity: Wood Pulp (via FRED),https://fred.stlouisfed.org/series/WPU0911,True,"Indirect input proxy (wood pulp feeds into paper cup manufacturing), US producer price, not a global spot price."
1987-08-01,Paper Cups (12oz),112.3,WPU0911,BLS Producer Price Index by Commodity: Wood Pulp (via FRED),https://fred.stlouisfed.org/series/WPU0911,True,"Indirect input proxy (wood pulp feeds into paper cup manufacturing), US producer price, not a global spot price."
1987-09-01,Paper Cups (12oz),112.4,WPU0911,BLS Producer Price Index by Commodity: Wood Pulp (via FRED),https://fred.stlouisfed.org/series/WPU0911,True,"Indirect input proxy (wood pulp feeds into paper cup manufacturing), US producer price, not a global spot price."
1987-10-01,Paper Cups (12oz),115.7,WPU0911,BLS Producer Price Index by Commodity: Wood Pulp (via FRED),https://fred.stlouisfed.org/series/WPU0911,True,"Indirect input proxy (wood pulp feeds into paper cup manufacturing), US producer price, not a global spot price."
1987-11-01,Paper Cups (12oz),117.1,WPU0911,BLS Producer Price Index by Commodity: Wood Pulp (via FRED),https://fred.stlouisfed.org/series/WPU0911,True,"Indirect input proxy (wood pulp feeds into paper cup manufacturing), US producer price, not a global spot price."
1987-12-01,Paper Cups (12oz),117.7,WPU0911,BLS Producer Price Index by Commodity: Wood Pulp (via FRED),https://fred.stlouisfed.org/series/WPU0911,True,"Indirect input proxy (wood pulp feeds into paper cup manufacturing), US producer price, not a global spot price."
1988-01-01,Paper Cups (12oz),122.9,WPU0911,BLS Producer Price Index by Commodity: Wood Pulp (via FRED),https://fred.stlouisfed.org/series/WPU0911,True,"Indirect input proxy (wood pulp feeds into paper cup manufacturing), US producer price, not a global spot price."
1988-02-01,Paper Cups (12oz),126.8,WPU0911,BLS Producer Price Index by Commodity: Wood Pulp (via FRED),https://fred.stlouisfed.org/series/WPU0911,True,"Indirect input proxy (wood pulp feeds into paper cup manufacturing), US producer price, not a global spot price."
1988-03-01,Paper Cups (12oz),127.0,WPU0911,BLS Producer Price Index by Commodity: Wood Pulp (via FRED),https://fred.stlouisfed.org/series/WPU0911,True,"Indirect input proxy (wood pulp feeds into paper cup manufacturing), US producer price, not a global spot price."
1988-04-01,Paper Cups (12oz),134.6,WPU0911,BLS Producer Price Index by Commodity: Wood Pulp (via FRED),https://fred.stlouisfed.org/series/WPU0911,True,"Indirect input proxy (wood pulp feeds into paper cup manufacturing), US producer price, not a global spot price."
1988-05-01,Paper Cups (12oz),136.1,WPU0911,BLS Producer Price Index by Commodity: Wood Pulp (via FRED),https://fred.stlouisfed.org/series/WPU0911,True,"Indirect input proxy (wood pulp feeds into paper cup manufacturing), US producer price, not a global spot price."
1988-06-01,Paper Cups (12oz),135.6,WPU0911,BLS Producer Price Index by Commodity: Wood Pulp (via FRED),https://fred.stlouisfed.org/series/WPU0911,True,"Indirect input proxy (wood pulp feeds into paper cup manufacturing), US producer price, not a global spot price."
1988-07-01,Paper Cups (12oz),139.2,WPU0911,BLS Producer Price Index by Commodity: Wood Pulp (via FRED),https://fred.stlouisfed.org/series/WPU0911,True,"Indirect input proxy (wood pulp feeds into paper cup manufacturing), US producer price, not a global spot price."
1988-08-01,Paper Cups (12oz),141.6,WPU0911,BLS Producer Price Index by Commodity: Wood Pulp (via FRED),https://fred.stlouisfed.org/series/WPU0911,True,"Indirect input proxy (wood pulp feeds into paper cup manufacturing), US producer price, not a global spot price."
1988-09-01,Paper Cups (12oz),142.2,WPU0911,BLS Producer Price Index by Commodity: Wood Pulp (via FRED),https://fred.stlouisfed.org/series/WPU0911,True,"Indirect input proxy (wood pulp feeds into paper cup manufacturing), US producer price, not a global spot price."
1988-10-01,Paper Cups (12oz),143.5,WPU0911,BLS Producer Price Index by Commodity: Wood Pulp (via FRED),https://fred.stlouisfed.org/series/WPU0911,True,"Indirect input proxy (wood pulp feeds into paper cup manufacturing), US producer price, not a global spot price."
1988-11-01,Paper Cups (12oz),144.7,WPU0911,BLS Producer Price Index by Commodity: Wood Pulp (via FRED),https://fred.stlouisfed.org/series/WPU0911,True,"Indirect input proxy (wood pulp feeds into paper cup manufacturing), US producer price, not a global spot price."
1988-12-01,Paper Cups (12oz),145.7,WPU0911,BLS Producer Price Index by Commodity: Wood Pulp (via FRED),https://fred.stlouisfed.org/series/WPU0911,True,"Indirect input proxy (wood pulp feeds into paper cup manufacturing), US producer price, not a global spot price."
1989-01-01,Paper Cups (12oz),151.4,WPU0911,BLS Producer Price Index by Commodity: Wood Pulp (via FRED),https://fred.stlouisfed.org/series/WPU0911,True,"Indirect input proxy (wood pulp feeds into paper cup manufacturing), US producer price, not a global spot price."
1989-02-01,Paper Cups (12oz),152.1,WPU0911,BLS Producer Price Index by Commodity: Wood Pulp (via FRED),https://fred.stlouisfed.org/series/WPU0911,True,"Indirect input proxy (wood pulp feeds into paper cup manufacturing), US producer price, not a global spot price."
1989-03-01,Paper Cups (12oz),153.7,WPU0911,BLS Producer Price Index by Commodity: Wood Pulp (via FRED),https://fred.stlouisfed.org/series/WPU0911,True,"Indirect input proxy (wood pulp feeds into paper cup manufacturing), US producer price, not a global spot price."
1989-04-01,Paper Cups (12oz),155.7,WPU0911,BLS Producer Price Index by Commodity: Wood Pulp (via FRED),https://fred.stlouisfed.org/series/WPU0911,True,"Indirect input proxy (wood pulp feeds into paper cup manufacturing), US producer price, not a global spot price."
1989-05-01,Paper Cups (12oz),158.3,WPU0911,BLS Producer Price Index by Commodity: Wood Pulp (via FRED),https://fred.stlouisfed.org/series/WPU0911,True,"Indirect input proxy (wood pulp feeds into paper cup manufacturing), US producer price, not a global spot price."
1989-06-01,Paper Cups (12oz),158.4,WPU0911,BLS Producer Price Index by Commodity: Wood Pulp (via FRED),https://fred.stlouisfed.org/series/WPU0911,True,"Indirect input proxy (wood pulp feeds into paper cup manufacturing), US producer price, not a global spot price."
1989-07-01,Paper Cups (12oz),159.5,WPU0911,BLS Producer Price Index by Commodity: Wood Pulp (via FRED),https://fred.stlouisfed.org/series/WPU0911,True,"Indirect input proxy (wood pulp feeds into paper cup manufacturing), US producer price, not a global spot price."
1989-08-01,Paper Cups (12oz),159.5,WPU0911,BLS Producer Price Index by Commodity: Wood Pulp (via FRED),https://fred.stlouisfed.org/series/WPU0911,True,"Indirect input proxy (wood pulp feeds into paper cup manufacturing), US producer price, not a global spot price."
1989-09-01,Paper Cups (12oz),159.5,WPU0911,BLS Producer Price Index by Commodity: Wood Pulp (via FRED),https://fred.stlouisfed.org/series/WPU0911,True,"Indirect input proxy (wood pulp feeds into paper cup manufacturing), US producer price, not a global spot price."
1989-10-01,Paper Cups (12oz),160.7,WPU0911,BLS Producer Price Index by Commodity: Wood Pulp (via FRED),https://fred.stlouisfed.org/series/WPU0911,True,"Indirect input proxy (wood pulp feeds into paper cup manufacturing), US producer price, not a global spot price."
1989-11-01,Paper Cups (12oz),160.6,WPU0911,BLS Producer Price Index by Commodity: Wood Pulp (via FRED),https://fred.stlouisfed.org/series/WPU0911,True,"Indirect input proxy (wood pulp feeds into paper cup manufacturing), US producer price, not a global spot price."
1989-12-01,Paper Cups (12oz),159.6,WPU0911,BLS Producer Price Index by Commodity: Wood Pulp (via FRED),https://fred.stlouisfed.org/series/WPU0911,True,"Indirect input proxy (wood pulp feeds into paper cup manufacturing), US producer price, not a global spot price."
1990-01-01,Paper Cups (12oz),159.9,WPU0911,BLS Producer Price Index by Commodity: Wood Pulp (via FRED),https://fred.stlouisfed.org/series/WPU0911,True,"Indirect input proxy (wood pulp feeds into paper cup manufacturing), US producer price, not a global spot price."
1990-02-01,Paper Cups (12oz),159.5,WPU0911,BLS Producer Price Index by Commodity: Wood Pulp (via FRED),https://fred.stlouisfed.org/series/WPU0911,True,"Indirect input proxy (wood pulp feeds into paper cup manufacturing), US producer price, not a global spot price."
1990-03-01,Paper Cups (12oz),158.7,WPU0911,BLS Producer Price Index by Commodity: Wood Pulp (via FRED),https://fred.stlouisfed.org/series/WPU0911,True,"Indirect input proxy (wood pulp feeds into paper cup manufacturing), US producer price, not a global spot price."
1990-04-01,Paper Cups (12oz),155.4,WPU0911,BLS Producer Price Index by Commodity: Wood Pulp (via FRED),https://fred.stlouisfed.org/series/WPU0911,True,"Indirect input proxy (wood pulp feeds into paper cup manufacturing), US producer price, not a global spot price."
1990-05-01,Paper Cups (12oz),154.2,WPU0911,BLS Producer Price Index by Commodity: Wood Pulp (via FRED),https://fred.stlouisfed.org/series/WPU0911,True,"Indirect input proxy (wood pulp feeds into paper cup manufacturing), US producer price, not a global spot price."
1990-06-01,Paper Cups (12oz),152.7,WPU0911,BLS Producer Price Index by Commodity: Wood Pulp (via FRED),https://fred.stlouisfed.org/series/WPU0911,True,"Indirect input proxy (wood pulp feeds into paper cup manufacturing), US producer price, not a global spot price."
1990-07-01,Paper Cups (12oz),151.1,WPU0911,BLS Producer Price Index by Commodity: Wood Pulp (via FRED),https://fred.stlouisfed.org/series/WPU0911,True,"Indirect input proxy (wood pulp feeds into paper cup manufacturing), US producer price, not a global spot price."
1990-08-01,Paper Cups (12oz),150.2,WPU0911,BLS Producer Price Index by Commodity: Wood Pulp (via FRED),https://fred.stlouisfed.org/series/WPU0911,True,"Indirect input proxy (wood pulp feeds into paper cup manufacturing), US producer price, not a global spot price."
1990-09-01,Paper Cups (12oz),147.2,WPU0911,BLS Producer Price Index by Commodity: Wood Pulp (via FRED),https://fred.stlouisfed.org/series/WPU0911,True,"Indirect input proxy (wood pulp feeds into paper cup manufacturing), US producer price, not a global spot price."
1990-10-01,Paper Cups (12oz),143.4,WPU0911,BLS Producer Price Index by Commodity: Wood Pulp (via FRED),https://fred.stlouisfed.org/series/WPU0911,True,"Indirect input proxy (wood pulp feeds into paper cup manufacturing), US producer price, not a global spot price."
1990-11-01,Paper Cups (12oz),141.6,WPU0911,BLS Producer Price Index by Commodity: Wood Pulp (via FRED),https://fred.stlouisfed.org/series/WPU0911,True,"Indirect input proxy (wood pulp feeds into paper cup manufacturing), US producer price, not a global spot price."
1990-12-01,Paper Cups (12oz),141.2,WPU0911,BLS Producer Price Index by Commodity: Wood Pulp (via FRED),https://fred.stlouisfed.org/series/WPU0911,True,"Indirect input proxy (wood pulp feeds into paper cup manufacturing), US producer price, not a global spot price."
1991-01-01,Paper Cups (12oz),132.9,WPU0911,BLS Producer Price Index by Commodity: Wood Pulp (via FRED),https://fred.stlouisfed.org/series/WPU0911,True,"Indirect input proxy (wood pulp feeds into paper cup manufacturing), US producer price, not a global spot price."
1991-02-01,Paper Cups (12oz),130.4,WPU0911,BLS Producer Price Index by Commodity: Wood Pulp (via FRED),https://fred.stlouisfed.org/series/WPU0911,True,"Indirect input proxy (wood pulp feeds into paper cup manufacturing), US producer price, not a global spot price."
1991-03-01,Paper Cups (12oz),129.1,WPU0911,BLS Producer Price Index by Commodity: Wood Pulp (via FRED),https://fred.stlouisfed.org/series/WPU0911,True,"Indirect input proxy (wood pulp feeds into paper cup manufacturing), US producer price, not a global spot price."
1991-04-01,Paper Cups (12oz),125.4,WPU0911,BLS Producer Price Index by Commodity: Wood Pulp (via FRED),https://fred.stlouisfed.org/series/WPU0911,True,"Indirect input proxy (wood pulp feeds into paper cup manufacturing), US producer price, not a global spot price."
1991-05-01,Paper Cups (12oz),122.5,WPU0911,BLS Producer Price Index by Commodity: Wood Pulp (via FRED),https://fred.stlouisfed.org/series/WPU0911,True,"Indirect input proxy (wood pulp feeds into paper cup manufacturing), US producer price, not a global spot price."
1991-06-01,Paper Cups (12oz),120.6,WPU0911,BLS Producer Price Index by Commodity: Wood Pulp (via FRED),https://fred.stlouisfed.org/series/WPU0911,True,"Indirect input proxy (wood pulp feeds into paper cup manufacturing), US producer price, not a global spot price."
1991-07-01,Paper Cups (12oz),116.7,WPU0911,BLS Producer Price Index by Commodity: Wood Pulp (via FRED),https://fred.stlouisfed.org/series/WPU0911,True,"Indirect input proxy (wood pulp feeds into paper cup manufacturing), US producer price, not a global spot price."
1991-08-01,Paper Cups (12oz),114.2,WPU0911,BLS Producer Price Index by Commodity: Wood Pulp (via FRED),https://fred.stlouisfed.org/series/WPU0911,True,"Indirect input proxy (wood pulp feeds into paper cup manufacturing), US producer price, not a global spot price."
1991-09-01,Paper Cups (12oz),112.4,WPU0911,BLS Producer Price Index by Commodity: Wood Pulp (via FRED),https://fred.stlouisfed.org/series/WPU0911,True,"Indirect input proxy (wood pulp feeds into paper cup manufacturing), US producer price, not a global spot price."
1991-10-01,Paper Cups (12oz),108.6,WPU0911,BLS Producer Price Index by Commodity: Wood Pulp (via FRED),https://fred.stlouisfed.org/series/WPU0911,True,"Indirect input proxy (wood pulp feeds into paper cup manufacturing), US producer price, not a global spot price."
1991-11-01,Paper Cups (12oz),109.3,WPU0911,BLS Producer Price Index by Commodity: Wood Pulp (via FRED),https://fred.stlouisfed.org/series/WPU0911,True,"Indirect input proxy (wood pulp feeds into paper cup manufacturing), US producer price, not a global spot price."
1991-12-01,Paper Cups (12oz),108.3,WPU0911,BLS Producer Price Index by Commodity: Wood Pulp (via FRED),https://fred.stlouisfed.org/series/WPU0911,True,"Indirect input proxy (wood pulp feeds into paper cup manufacturing), US producer price, not a global spot price."
1992-01-01,Paper Cups (12oz),111.3,WPU0911,BLS Producer Price Index by Commodity: Wood Pulp (via FRED),https://fred.stlouisfed.org/series/WPU0911,True,"Indirect input proxy (wood pulp feeds into paper cup manufacturing), US producer price, not a global spot price."
1992-02-01,Paper Cups (12oz),113.7,WPU0911,BLS Producer Price Index by Commodity: Wood Pulp (via FRED),https://fred.stlouisfed.org/series/WPU0911,True,"Indirect input proxy (wood pulp feeds into paper cup manufacturing), US producer price, not a global spot price."
1992-03-01,Paper Cups (12oz),114.6,WPU0911,BLS Producer Price Index by Commodity: Wood Pulp (via FRED),https://fred.stlouisfed.org/series/WPU0911,True,"Indirect input proxy (wood pulp feeds into paper cup manufacturing), US producer price, not a global spot price."
1992-04-01,Paper Cups (12oz),118.8,WPU0911,BLS Producer Price Index by Commodity: Wood Pulp (via FRED),https://fred.stlouisfed.org/series/WPU0911,True,"Indirect input proxy (wood pulp feeds into paper cup manufacturing), US producer price, not a global spot price."
1992-05-01,Paper Cups (12oz),120.7,WPU0911,BLS Producer Price Index by Commodity: Wood Pulp (via FRED),https://fred.stlouisfed.org/series/WPU0911,True,"Indirect input proxy (wood pulp feeds into paper cup manufacturing), US producer price, not a global spot price."
1992-06-01,Paper Cups (12oz),121.1,WPU0911,BLS Producer Price Index by Commodity: Wood Pulp (via FRED),https://fred.stlouisfed.org/series/WPU0911,True,"Indirect input proxy (wood pulp feeds into paper cup manufacturing), US producer price, not a global spot price."
1992-07-01,Paper Cups (12oz),123.9,WPU0911,BLS Producer Price Index by Commodity: Wood Pulp (via FRED),https://fred.stlouisfed.org/series/WPU0911,True,"Indirect input proxy (wood pulp feeds into paper cup manufacturing), US producer price, not a global spot price."
1992-08-01,Paper Cups (12oz),124.0,WPU0911,BLS Producer Price Index by Commodity: Wood Pulp (via FRED),https://fred.stlouisfed.org/series/WPU0911,True,"Indirect input proxy (wood pulp feeds into paper cup manufacturing), US producer price, not a global spot price."
1992-09-01,Paper Cups (12oz),123.7,WPU0911,BLS Producer Price Index by Commodity: Wood Pulp (via FRED),https://fred.stlouisfed.org/series/WPU0911,True,"Indirect input proxy (wood pulp feeds into paper cup manufacturing), US producer price, not a global spot price."
1992-10-01,Paper Cups (12oz),122.1,WPU0911,BLS Producer Price Index by Commodity: Wood Pulp (via FRED),https://fred.stlouisfed.org/series/WPU0911,True,"Indirect input proxy (wood pulp feeds into paper cup manufacturing), US producer price, not a global spot price."
1992-11-01,Paper Cups (12oz),117.9,WPU0911,BLS Producer Price Index by Commodity: Wood Pulp (via FRED),https://fred.stlouisfed.org/series/WPU0911,True,"Indirect input proxy (wood pulp feeds into paper cup manufacturing), US producer price, not a global spot price."
1992-12-01,Paper Cups (12oz),114.5,WPU0911,BLS Producer Price Index by Commodity: Wood Pulp (via FRED),https://fred.stlouisfed.org/series/WPU0911,True,"Indirect input proxy (wood pulp feeds into paper cup manufacturing), US producer price, not a global spot price."
1993-01-01,Paper Cups (12oz),111.7,WPU0911,BLS Producer Price Index by Commodity: Wood Pulp (via FRED),https://fred.stlouisfed.org/series/WPU0911,True,"Indirect input proxy (wood pulp feeds into paper cup manufacturing), US producer price, not a global spot price."
1993-02-01,Paper Cups (12oz),108.3,WPU0911,BLS Producer Price Index by Commodity: Wood Pulp (via FRED),https://fred.stlouisfed.org/series/WPU0911,True,"Indirect input proxy (wood pulp feeds into paper cup manufacturing), US producer price, not a global spot price."
1993-03-01,Paper Cups (12oz),105.3,WPU0911,BLS Producer Price Index by Commodity: Wood Pulp (via FRED),https://fred.stlouisfed.org/series/WPU0911,True,"Indirect input proxy (wood pulp feeds into paper cup manufacturing), US producer price, not a global spot price."
1993-04-01,Paper Cups (12oz),106.4,WPU0911,BLS Producer Price Index by Commodity: Wood Pulp (via FRED),https://fred.stlouisfed.org/series/WPU0911,True,"Indirect input proxy (wood pulp feeds into paper cup manufacturing), US producer price, not a global spot price."
1993-05-01,Paper Cups (12oz),107.0,WPU0911,BLS Producer Price Index by Commodity: Wood Pulp (via FRED),https://fred.stlouisfed.org/series/WPU0911,True,"Indirect input proxy (wood pulp feeds into paper cup manufacturing), US producer price, not a global spot price."
1993-06-01,Paper Cups (12oz),106.7,WPU0911,BLS Producer Price Index by Commodity: Wood Pulp (via FRED),https://fred.stlouisfed.org/series/WPU0911,True,"Indirect input proxy (wood pulp feeds into paper cup manufacturing), US producer price, not a global spot price."
1993-07-01,Paper Cups (12oz),104.5,WPU0911,BLS Producer Price Index by Commodity: Wood Pulp (via FRED),https://fred.stlouisfed.org/series/WPU0911,True,"Indirect input proxy (wood pulp feeds into paper cup manufacturing), US producer price, not a global spot price."
1993-08-01,Paper Cups (12oz),102.5,WPU0911,BLS Producer Price Index by Commodity: Wood Pulp (via FRED),https://fred.stlouisfed.org/series/WPU0911,True,"Indirect input proxy (wood pulp feeds into paper cup manufacturing), US producer price, not a global spot price."
1993-09-01,Paper Cups (12oz),101.8,WPU0911,BLS Producer Price Index by Commodity: Wood Pulp (via FRED),https://fred.stlouisfed.org/series/WPU0911,True,"Indirect input proxy (wood pulp feeds into paper cup manufacturing), US producer price, not a global spot price."
1993-10-01,Paper Cups (12oz),99.6,WPU0911,BLS Producer Price Index by Commodity: Wood Pulp (via FRED),https://fred.stlouisfed.org/series/WPU0911,True,"Indirect input proxy (wood pulp feeds into paper cup manufacturing), US producer price, not a global spot price."
1993-11-01,Paper Cups (12oz),98.8,WPU0911,BLS Producer Price Index by Commodity: Wood Pulp (via FRED),https://fred.stlouisfed.org/series/WPU0911,True,"Indirect input proxy (wood pulp feeds into paper cup manufacturing), US producer price, not a global spot price."
1993-12-01,Paper Cups (12oz),98.5,WPU0911,BLS Producer Price Index by Commodity: Wood Pulp (via FRED),https://fred.stlouisfed.org/series/WPU0911,True,"Indirect input proxy (wood pulp feeds into paper cup manufacturing), US producer price, not a global spot price."
1994-01-01,Paper Cups (12oz),100.9,WPU0911,BLS Producer Price Index by Commodity: Wood Pulp (via FRED),https://fred.stlouisfed.org/series/WPU0911,True,"Indirect input proxy (wood pulp feeds into paper cup manufacturing), US producer price, not a global spot price."
1994-02-01,Paper Cups (12oz),101.1,WPU0911,BLS Producer Price Index by Commodity: Wood Pulp (via FRED),https://fred.stlouisfed.org/series/WPU0911,True,"Indirect input proxy (wood pulp feeds into paper cup manufacturing), US producer price, not a global spot price."
1994-03-01,Paper Cups (12oz),103.3,WPU0911,BLS Producer Price Index by Commodity: Wood Pulp (via FRED),https://fred.stlouisfed.org/series/WPU0911,True,"Indirect input proxy (wood pulp feeds into paper cup manufacturing), US producer price, not a global spot price."
1994-04-01,Paper Cups (12oz),106.7,WPU0911,BLS Producer Price Index by Commodity: Wood Pulp (via FRED),https://fred.stlouisfed.org/series/WPU0911,True,"Indirect input proxy (wood pulp feeds into paper cup manufacturing), US producer price, not a global spot price."
1994-05-01,Paper Cups (12oz),108.3,WPU0911,BLS Producer Price Index by Commodity: Wood Pulp (via FRED),https://fred.stlouisfed.org/series/WPU0911,True,"Indirect input proxy (wood pulp feeds into paper cup manufacturing), US producer price, not a global spot price."
1994-06-01,Paper Cups (12oz),112.6,WPU0911,BLS Producer Price Index by Commodity: Wood Pulp (via FRED),https://fred.stlouisfed.org/series/WPU0911,True,"Indirect input proxy (wood pulp feeds into paper cup manufacturing), US producer price, not a global spot price."
1994-07-01,Paper Cups (12oz),113.5,WPU0911,BLS Producer Price Index by Commodity: Wood Pulp (via FRED),https://fred.stlouisfed.org/series/WPU0911,True,"Indirect input proxy (wood pulp feeds into paper cup manufacturing), US producer price, not a global spot price."
1994-08-01,Paper Cups (12oz),118.9,WPU0911,BLS Producer Price Index by Commodity: Wood Pulp (via FRED),https://fred.stlouisfed.org/series/WPU0911,True,"Indirect input proxy (wood pulp feeds into paper cup manufacturing), US producer price, not a global spot price."
1994-09-01,Paper Cups (12oz),123.4,WPU0911,BLS Producer Price Index by Commodity: Wood Pulp (via FRED),https://fred.stlouisfed.org/series/WPU0911,True,"Indirect input proxy (wood pulp feeds into paper cup manufacturing), US producer price, not a global spot price."
1994-10-01,Paper Cups (12oz),131.6,WPU0911,BLS Producer Price Index by Commodity: Wood Pulp (via FRED),https://fred.stlouisfed.org/series/WPU0911,True,"Indirect input proxy (wood pulp feeds into paper cup manufacturing), US producer price, not a global spot price."
1994-11-01,Paper Cups (12oz),134.3,WPU0911,BLS Producer Price Index by Commodity: Wood Pulp (via FRED),https://fred.stlouisfed.org/series/WPU0911,True,"Indirect input proxy (wood pulp feeds into paper cup manufacturing), US producer price, not a global spot price."
1994-12-01,Paper Cups (12oz),136.0,WPU0911,BLS Producer Price Index by Commodity: Wood Pulp (via FRED),https://fred.stlouisfed.org/series/WPU0911,True,"Indirect input proxy (wood pulp feeds into paper cup manufacturing), US producer price, not a global spot price."
1995-01-01,Paper Cups (12oz),144.6,WPU0911,BLS Producer Price Index by Commodity: Wood Pulp (via FRED),https://fred.stlouisfed.org/series/WPU0911,True,"Indirect input proxy (wood pulp feeds into paper cup manufacturing), US producer price, not a global spot price."
1995-02-01,Paper Cups (12oz),158.8,WPU0911,BLS Producer Price Index by Commodity: Wood Pulp (via FRED),https://fred.stlouisfed.org/series/WPU0911,True,"Indirect input proxy (wood pulp feeds into paper cup manufacturing), US producer price, not a global spot price."
1995-03-01,Paper Cups (12oz),168.4,WPU0911,BLS Producer Price Index by Commodity: Wood Pulp (via FRED),https://fred.stlouisfed.org/series/WPU0911,True,"Indirect input proxy (wood pulp feeds into paper cup manufacturing), US producer price, not a global spot price."
1995-04-01,Paper Cups (12oz),173.7,WPU0911,BLS Producer Price Index by Commodity: Wood Pulp (via FRED),https://fred.stlouisfed.org/series/WPU0911,True,"Indirect input proxy (wood pulp feeds into paper cup manufacturing), US producer price, not a global spot price."
1995-05-01,Paper Cups (12oz),181.1,WPU0911,BLS Producer Price Index by Commodity: Wood Pulp (via FRED),https://fred.stlouisfed.org/series/WPU0911,True,"Indirect input proxy (wood pulp feeds into paper cup manufacturing), US producer price, not a global spot price."
1995-06-01,Paper Cups (12oz),191.7,WPU0911,BLS Producer Price Index by Commodity: Wood Pulp (via FRED),https://fred.stlouisfed.org/series/WPU0911,True,"Indirect input proxy (wood pulp feeds into paper cup manufacturing), US producer price, not a global spot price."
1995-07-01,Paper Cups (12oz),196.3,WPU0911,BLS Producer Price Index by Commodity: Wood Pulp (via FRED),https://fred.stlouisfed.org/series/WPU0911,True,"Indirect input proxy (wood pulp feeds into paper cup manufacturing), US producer price, not a global spot price."
1995-08-01,Paper Cups (12oz),200.5,WPU0911,BLS Producer Price Index by Commodity: Wood Pulp (via FRED),https://fred.stlouisfed.org/series/WPU0911,True,"Indirect input proxy (wood pulp feeds into paper cup manufacturing), US producer price, not a global spot price."
1995-09-01,Paper Cups (12oz),198.2,WPU0911,BLS Producer Price Index by Commodity: Wood Pulp (via FRED),https://fred.stlouisfed.org/series/WPU0911,True,"Indirect input proxy (wood pulp feeds into paper cup manufacturing), US producer price, not a global spot price."
1995-10-01,Paper Cups (12oz),198.7,WPU0911,BLS Producer Price Index by Commodity: Wood Pulp (via FRED),https://fred.stlouisfed.org/series/WPU0911,True,"Indirect input proxy (wood pulp feeds into paper cup manufacturing), US producer price, not a global spot price."
1995-11-01,Paper Cups (12oz),195.4,WPU0911,BLS Producer Price Index by Commodity: Wood Pulp (via FRED),https://fred.stlouisfed.org/series/WPU0911,True,"Indirect input proxy (wood pulp feeds into paper cup manufacturing), US producer price, not a global spot price."
1995-12-01,Paper Cups (12oz),191.3,WPU0911,BLS Producer Price Index by Commodity: Wood Pulp (via FRED),https://fred.stlouisfed.org/series/WPU0911,True,"Indirect input proxy (wood pulp feeds into paper cup manufacturing), US producer price, not a global spot price."
1996-01-01,Paper Cups (12oz),176.6,WPU0911,BLS Producer Price Index by Commodity: Wood Pulp (via FRED),https://fred.stlouisfed.org/series/WPU0911,True,"Indirect input proxy (wood pulp feeds into paper cup manufacturing), US producer price, not a global spot price."
1996-02-01,Paper Cups (12oz),160.4,WPU0911,BLS Producer Price Index by Commodity: Wood Pulp (via FRED),https://fred.stlouisfed.org/series/WPU0911,True,"Indirect input proxy (wood pulp feeds into paper cup manufacturing), US producer price, not a global spot price."
1996-03-01,Paper Cups (12oz),141.4,WPU0911,BLS Producer Price Index by Commodity: Wood Pulp (via FRED),https://fred.stlouisfed.org/series/WPU0911,True,"Indirect input proxy (wood pulp feeds into paper cup manufacturing), US producer price, not a global spot price."
1996-04-01,Paper Cups (12oz),120.3,WPU0911,BLS Producer Price Index by Commodity: Wood Pulp (via FRED),https://fred.stlouisfed.org/series/WPU0911,True,"Indirect input proxy (wood pulp feeds into paper cup manufacturing), US producer price, not a global spot price."
1996-05-01,Paper Cups (12oz),114.1,WPU0911,BLS Producer Price Index by Commodity: Wood Pulp (via FRED),https://fred.stlouisfed.org/series/WPU0911,True,"Indirect input proxy (wood pulp feeds into paper cup manufacturing), US producer price, not a global spot price."
1996-06-01,Paper Cups (12oz),120.0,WPU0911,BLS Producer Price Index by Commodity: Wood Pulp (via FRED),https://fred.stlouisfed.org/series/WPU0911,True,"Indirect input proxy (wood pulp feeds into paper cup manufacturing), US producer price, not a global spot price."
1996-07-01,Paper Cups (12oz),125.5,WPU0911,BLS Producer Price Index by Commodity: Wood Pulp (via FRED),https://fred.stlouisfed.org/series/WPU0911,True,"Indirect input proxy (wood pulp feeds into paper cup manufacturing), US producer price, not a global spot price."
1996-08-01,Paper Cups (12oz),127.3,WPU0911,BLS Producer Price Index by Commodity: Wood Pulp (via FRED),https://fred.stlouisfed.org/series/WPU0911,True,"Indirect input proxy (wood pulp feeds into paper cup manufacturing), US producer price, not a global spot price."
1996-09-01,Paper Cups (12oz),127.8,WPU0911,BLS Producer Price Index by Commodity: Wood Pulp (via FRED),https://fred.stlouisfed.org/series/WPU0911,True,"Indirect input proxy (wood pulp feeds into paper cup manufacturing), US producer price, not a global spot price."
1996-10-01,Paper Cups (12oz),128.2,WPU0911,BLS Producer Price Index by Commodity: Wood Pulp (via FRED),https://fred.stlouisfed.org/series/WPU0911,True,"Indirect input proxy (wood pulp feeds into paper cup manufacturing), US producer price, not a global spot price."
1996-11-01,Paper Cups (12oz),127.6,WPU0911,BLS Producer Price Index by Commodity: Wood Pulp (via FRED),https://fred.stlouisfed.org/series/WPU0911,True,"Indirect input proxy (wood pulp feeds into paper cup manufacturing), US producer price, not a global spot price."
1996-12-01,Paper Cups (12oz),128.2,WPU0911,BLS Producer Price Index by Commodity: Wood Pulp (via FRED),https://fred.stlouisfed.org/series/WPU0911,True,"Indirect input proxy (wood pulp feeds into paper cup manufacturing), US producer price, not a global spot price."
1997-01-01,Paper Cups (12oz),127.4,WPU0911,BLS Producer Price Index by Commodity: Wood Pulp (via FRED),https://fred.stlouisfed.org/series/WPU0911,True,"Indirect input proxy (wood pulp feeds into paper cup manufacturing), US producer price, not a global spot price."
1997-02-01,Paper Cups (12oz),125.2,WPU0911,BLS Producer Price Index by Commodity: Wood Pulp (via FRED),https://fred.stlouisfed.org/series/WPU0911,True,"Indirect input proxy (wood pulp feeds into paper cup manufacturing), US producer price, not a global spot price."
1997-03-01,Paper Cups (12oz),124.5,WPU0911,BLS Producer Price Index by Commodity: Wood Pulp (via FRED),https://fred.stlouisfed.org/series/WPU0911,True,"Indirect input proxy (wood pulp feeds into paper cup manufacturing), US producer price, not a global spot price."
1997-04-01,Paper Cups (12oz),121.9,WPU0911,BLS Producer Price Index by Commodity: Wood Pulp (via FRED),https://fred.stlouisfed.org/series/WPU0911,True,"Indirect input proxy (wood pulp feeds into paper cup manufacturing), US producer price, not a global spot price."
1997-05-01,Paper Cups (12oz),123.5,WPU0911,BLS Producer Price Index by Commodity: Wood Pulp (via FRED),https://fred.stlouisfed.org/series/WPU0911,True,"Indirect input proxy (wood pulp feeds into paper cup manufacturing), US producer price, not a global spot price."
1997-06-01,Paper Cups (12oz),125.5,WPU0911,BLS Producer Price Index by Commodity: Wood Pulp (via FRED),https://fred.stlouisfed.org/series/WPU0911,True,"Indirect input proxy (wood pulp feeds into paper cup manufacturing), US producer price, not a global spot price."
1997-07-01,Paper Cups (12oz),130.0,WPU0911,BLS Producer Price Index by Commodity: Wood Pulp (via FRED),https://fred.stlouisfed.org/series/WPU0911,True,"Indirect input proxy (wood pulp feeds into paper cup manufacturing), US producer price, not a global spot price."
1997-08-01,Paper Cups (12oz),132.7,WPU0911,BLS Producer Price Index by Commodity: Wood Pulp (via FRED),https://fred.stlouisfed.org/series/WPU0911,True,"Indirect input proxy (wood pulp feeds into paper cup manufacturing), US producer price, not a global spot price."
1997-09-01,Paper Cups (12oz),133.3,WPU0911,BLS Producer Price Index by Commodity: Wood Pulp (via FRED),https://fred.stlouisfed.org/series/WPU0911,True,"Indirect input proxy (wood pulp feeds into paper cup manufacturing), US producer price, not a global spot price."
1997-10-01,Paper Cups (12oz),133.2,WPU0911,BLS Producer Price Index by Commodity: Wood Pulp (via FRED),https://fred.stlouisfed.org/series/WPU0911,True,"Indirect input proxy (wood pulp feeds into paper cup manufacturing), US producer price, not a global spot price."
1997-11-01,Paper Cups (12oz),132.8,WPU0911,BLS Producer Price Index by Commodity: Wood Pulp (via FRED),https://fred.stlouisfed.org/series/WPU0911,True,"Indirect input proxy (wood pulp feeds into paper cup manufacturing), US producer price, not a global spot price."
1997-12-01,Paper Cups (12oz),133.4,WPU0911,BLS Producer Price Index by Commodity: Wood Pulp (via FRED),https://fred.stlouisfed.org/series/WPU0911,True,"Indirect input proxy (wood pulp feeds into paper cup manufacturing), US producer price, not a global spot price."
1998-01-01,Paper Cups (12oz),130.7,WPU0911,BLS Producer Price Index by Commodity: Wood Pulp (via FRED),https://fred.stlouisfed.org/series/WPU0911,True,"Indirect input proxy (wood pulp feeds into paper cup manufacturing), US producer price, not a global spot price."
1998-02-01,Paper Cups (12oz),127.8,WPU0911,BLS Producer Price Index by Commodity: Wood Pulp (via FRED),https://fred.stlouisfed.org/series/WPU0911,True,"Indirect input proxy (wood pulp feeds into paper cup manufacturing), US producer price, not a global spot price."
1998-03-01,Paper Cups (12oz),126.4,WPU0911,BLS Producer Price Index by Commodity: Wood Pulp (via FRED),https://fred.stlouisfed.org/series/WPU0911,True,"Indirect input proxy (wood pulp feeds into paper cup manufacturing), US producer price, not a global spot price."
1998-04-01,Paper Cups (12oz),121.5,WPU0911,BLS Producer Price Index by Commodity: Wood Pulp (via FRED),https://fred.stlouisfed.org/series/WPU0911,True,"Indirect input proxy (wood pulp feeds into paper cup manufacturing), US producer price, not a global spot price."
1998-05-01,Paper Cups (12oz),120.8,WPU0911,BLS Producer Price Index by Commodity: Wood Pulp (via FRED),https://fred.stlouisfed.org/series/WPU0911,True,"Indirect input proxy (wood pulp feeds into paper cup manufacturing), US producer price, not a global spot price."
1998-06-01,Paper Cups (12oz),123.9,WPU0911,BLS Producer Price Index by Commodity: Wood Pulp (via FRED),https://fred.stlouisfed.org/series/WPU0911,True,"Indirect input proxy (wood pulp feeds into paper cup manufacturing), US producer price, not a global spot price."
1998-07-01,Paper Cups (12oz),126.1,WPU0911,BLS Producer Price Index by Commodity: Wood Pulp (via FRED),https://fred.stlouisfed.org/series/WPU0911,True,"Indirect input proxy (wood pulp feeds into paper cup manufacturing), US producer price, not a global spot price."
1998-08-01,Paper Cups (12oz),123.3,WPU0911,BLS Producer Price Index by Commodity: Wood Pulp (via FRED),https://fred.stlouisfed.org/series/WPU0911,True,"Indirect input proxy (wood pulp feeds into paper cup manufacturing), US producer price, not a global spot price."
1998-09-01,Paper Cups (12oz),121.1,WPU0911,BLS Producer Price Index by Commodity: Wood Pulp (via FRED),https://fred.stlouisfed.org/series/WPU0911,True,"Indirect input proxy (wood pulp feeds into paper cup manufacturing), US producer price, not a global spot price."
1998-10-01,Paper Cups (12oz),116.9,WPU0911,BLS Producer Price Index by Commodity: Wood Pulp (via FRED),https://fred.stlouisfed.org/series/WPU0911,True,"Indirect input proxy (wood pulp feeds into paper cup manufacturing), US producer price, not a global spot price."
1998-11-01,Paper Cups (12oz),116.1,WPU0911,BLS Producer Price Index by Commodity: Wood Pulp (via FRED),https://fred.stlouisfed.org/series/WPU0911,True,"Indirect input proxy (wood pulp feeds into paper cup manufacturing), US producer price, not a global spot price."
1998-12-01,Paper Cups (12oz),116.7,WPU0911,BLS Producer Price Index by Commodity: Wood Pulp (via FRED),https://fred.stlouisfed.org/series/WPU0911,True,"Indirect input proxy (wood pulp feeds into paper cup manufacturing), US producer price, not a global spot price."
1999-01-01,Paper Cups (12oz),112.7,WPU0911,BLS Producer Price Index by Commodity: Wood Pulp (via FRED),https://fred.stlouisfed.org/series/WPU0911,True,"Indirect input proxy (wood pulp feeds into paper cup manufacturing), US producer price, not a global spot price."
1999-02-01,Paper Cups (12oz),112.3,WPU0911,BLS Producer Price Index by Commodity: Wood Pulp (via FRED),https://fred.stlouisfed.org/series/WPU0911,True,"Indirect input proxy (wood pulp feeds into paper cup manufacturing), US producer price, not a global spot price."
1999-03-01,Paper Cups (12oz),113.8,WPU0911,BLS Producer Price Index by Commodity: Wood Pulp (via FRED),https://fred.stlouisfed.org/series/WPU0911,True,"Indirect input proxy (wood pulp feeds into paper cup manufacturing), US producer price, not a global spot price."
1999-04-01,Paper Cups (12oz),113.0,WPU0911,BLS Producer Price Index by Commodity: Wood Pulp (via FRED),https://fred.stlouisfed.org/series/WPU0911,True,"Indirect input proxy (wood pulp feeds into paper cup manufacturing), US producer price, not a global spot price."
1999-05-01,Paper Cups (12oz),114.1,WPU0911,BLS Producer Price Index by Commodity: Wood Pulp (via FRED),https://fred.stlouisfed.org/series/WPU0911,True,"Indirect input proxy (wood pulp feeds into paper cup manufacturing), US producer price, not a global spot price."
1999-06-01,Paper Cups (12oz),116.0,WPU0911,BLS Producer Price Index by Commodity: Wood Pulp (via FRED),https://fred.stlouisfed.org/series/WPU0911,True,"Indirect input proxy (wood pulp feeds into paper cup manufacturing), US producer price, not a global spot price."
1999-07-01,Paper Cups (12oz),121.6,WPU0911,BLS Producer Price Index by Commodity: Wood Pulp (via FRED),https://fred.stlouisfed.org/series/WPU0911,True,"Indirect input proxy (wood pulp feeds into paper cup manufacturing), US producer price, not a global spot price."
1999-08-01,Paper Cups (12oz),123.7,WPU0911,BLS Producer Price Index by Commodity: Wood Pulp (via FRED),https://fred.stlouisfed.org/series/WPU0911,True,"Indirect input proxy (wood pulp feeds into paper cup manufacturing), US producer price, not a global spot price."
1999-09-01,Paper Cups (12oz),125.1,WPU0911,BLS Producer Price Index by Commodity: Wood Pulp (via FRED),https://fred.stlouisfed.org/series/WPU0911,True,"Indirect input proxy (wood pulp feeds into paper cup manufacturing), US producer price, not a global spot price."
1999-10-01,Paper Cups (12oz),125.8,WPU0911,BLS Producer Price Index by Commodity: Wood Pulp (via FRED),https://fred.stlouisfed.org/series/WPU0911,True,"Indirect input proxy (wood pulp feeds into paper cup manufacturing), US producer price, not a global spot price."
1999-11-01,Paper Cups (12oz),128.1,WPU0911,BLS Producer Price Index by Commodity: Wood Pulp (via FRED),https://fred.stlouisfed.org/series/WPU0911,True,"Indirect input proxy (wood pulp feeds into paper cup manufacturing), US producer price, not a global spot price."
1999-12-01,Paper Cups (12oz),130.8,WPU0911,BLS Producer Price Index by Commodity: Wood Pulp (via FRED),https://fred.stlouisfed.org/series/WPU0911,True,"Indirect input proxy (wood pulp feeds into paper cup manufacturing), US producer price, not a global spot price."
2000-01-01,Paper Cups (12oz),137.3,WPU0911,BLS Producer Price Index by Commodity: Wood Pulp (via FRED),https://fred.stlouisfed.org/series/WPU0911,True,"Indirect input proxy (wood pulp feeds into paper cup manufacturing), US producer price, not a global spot price."
2000-02-01,Paper Cups (12oz),136.7,WPU0911,BLS Producer Price Index by Commodity: Wood Pulp (via FRED),https://fred.stlouisfed.org/series/WPU0911,True,"Indirect input proxy (wood pulp feeds into paper cup manufacturing), US producer price, not a global spot price."
2000-03-01,Paper Cups (12oz),139.2,WPU0911,BLS Producer Price Index by Commodity: Wood Pulp (via FRED),https://fred.stlouisfed.org/series/WPU0911,True,"Indirect input proxy (wood pulp feeds into paper cup manufacturing), US producer price, not a global spot price."
2000-04-01,Paper Cups (12oz),141.4,WPU0911,BLS Producer Price Index by Commodity: Wood Pulp (via FRED),https://fred.stlouisfed.org/series/WPU0911,True,"Indirect input proxy (wood pulp feeds into paper cup manufacturing), US producer price, not a global spot price."
2000-05-01,Paper Cups (12oz),143.4,WPU0911,BLS Producer Price Index by Commodity: Wood Pulp (via FRED),https://fred.stlouisfed.org/series/WPU0911,True,"Indirect input proxy (wood pulp feeds into paper cup manufacturing), US producer price, not a global spot price."
2000-06-01,Paper Cups (12oz),145.6,WPU0911,BLS Producer Price Index by Commodity: Wood Pulp (via FRED),https://fred.stlouisfed.org/series/WPU0911,True,"Indirect input proxy (wood pulp feeds into paper cup manufacturing), US producer price, not a global spot price."
2000-07-01,Paper Cups (12oz),148.5,WPU0911,BLS Producer Price Index by Commodity: Wood Pulp (via FRED),https://fred.stlouisfed.org/series/WPU0911,True,"Indirect input proxy (wood pulp feeds into paper cup manufacturing), US producer price, not a global spot price."
2000-08-01,Paper Cups (12oz),149.1,WPU0911,BLS Producer Price Index by Commodity: Wood Pulp (via FRED),https://fred.stlouisfed.org/series/WPU0911,True,"Indirect input proxy (wood pulp feeds into paper cup manufacturing), US producer price, not a global spot price."
2000-09-01,Paper Cups (12oz),150.2,WPU0911,BLS Producer Price Index by Commodity: Wood Pulp (via FRED),https://fred.stlouisfed.org/series/WPU0911,True,"Indirect input proxy (wood pulp feeds into paper cup manufacturing), US producer price, not a global spot price."
2000-10-01,Paper Cups (12oz),151.0,WPU0911,BLS Producer Price Index by Commodity: Wood Pulp (via FRED),https://fred.stlouisfed.org/series/WPU0911,True,"Indirect input proxy (wood pulp feeds into paper cup manufacturing), US producer price, not a global spot price."
2000-11-01,Paper Cups (12oz),151.3,WPU0911,BLS Producer Price Index by Commodity: Wood Pulp (via FRED),https://fred.stlouisfed.org/series/WPU0911,True,"Indirect input proxy (wood pulp feeds into paper cup manufacturing), US producer price, not a global spot price."
2000-12-01,Paper Cups (12oz),150.2,WPU0911,BLS Producer Price Index by Commodity: Wood Pulp (via FRED),https://fred.stlouisfed.org/series/WPU0911,True,"Indirect input proxy (wood pulp feeds into paper cup manufacturing), US producer price, not a global spot price."
2001-01-01,Paper Cups (12oz),146.3,WPU0911,BLS Producer Price Index by Commodity: Wood Pulp (via FRED),https://fred.stlouisfed.org/series/WPU0911,True,"Indirect input proxy (wood pulp feeds into paper cup manufacturing), US producer price, not a global spot price."
2001-02-01,Paper Cups (12oz),143.0,WPU0911,BLS Producer Price Index by Commodity: Wood Pulp (via FRED),https://fred.stlouisfed.org/series/WPU0911,True,"Indirect input proxy (wood pulp feeds into paper cup manufacturing), US producer price, not a global spot price."
2001-03-01,Paper Cups (12oz),138.4,WPU0911,BLS Producer Price Index by Commodity: Wood Pulp (via FRED),https://fred.stlouisfed.org/series/WPU0911,True,"Indirect input proxy (wood pulp feeds into paper cup manufacturing), US producer price, not a global spot price."
2001-04-01,Paper Cups (12oz),134.2,WPU0911,BLS Producer Price Index by Commodity: Wood Pulp (via FRED),https://fred.stlouisfed.org/series/WPU0911,True,"Indirect input proxy (wood pulp feeds into paper cup manufacturing), US producer price, not a global spot price."
2001-05-01,Paper Cups (12oz),128.6,WPU0911,BLS Producer Price Index by Commodity: Wood Pulp (via FRED),https://fred.stlouisfed.org/series/WPU0911,True,"Indirect input proxy (wood pulp feeds into paper cup manufacturing), US producer price, not a global spot price."
2001-06-01,Paper Cups (12oz),124.7,WPU0911,BLS Producer Price Index by Commodity: Wood Pulp (via FRED),https://fred.stlouisfed.org/series/WPU0911,True,"Indirect input proxy (wood pulp feeds into paper cup manufacturing), US producer price, not a global spot price."
2001-07-01,Paper Cups (12oz),120.7,WPU0911,BLS Producer Price Index by Commodity: Wood Pulp (via FRED),https://fred.stlouisfed.org/series/WPU0911,True,"Indirect input proxy (wood pulp feeds into paper cup manufacturing), US producer price, not a global spot price."
2001-08-01,Paper Cups (12oz),117.8,WPU0911,BLS Producer Price Index by Commodity: Wood Pulp (via FRED),https://fred.stlouisfed.org/series/WPU0911,True,"Indirect input proxy (wood pulp feeds into paper cup manufacturing), US producer price, not a global spot price."
2001-09-01,Paper Cups (12oz),115.4,WPU0911,BLS Producer Price Index by Commodity: Wood Pulp (via FRED),https://fred.stlouisfed.org/series/WPU0911,True,"Indirect input proxy (wood pulp feeds into paper cup manufacturing), US producer price, not a global spot price."
2001-10-01,Paper Cups (12oz),112.8,WPU0911,BLS Producer Price Index by Commodity: Wood Pulp (via FRED),https://fred.stlouisfed.org/series/WPU0911,True,"Indirect input proxy (wood pulp feeds into paper cup manufacturing), US producer price, not a global spot price."
2001-11-01,Paper Cups (12oz),113.5,WPU0911,BLS Producer Price Index by Commodity: Wood Pulp (via FRED),https://fred.stlouisfed.org/series/WPU0911,True,"Indirect input proxy (wood pulp feeds into paper cup manufacturing), US producer price, not a global spot price."
2001-12-01,Paper Cups (12oz),113.7,WPU0911,BLS Producer Price Index by Commodity: Wood Pulp (via FRED),https://fred.stlouisfed.org/series/WPU0911,True,"Indirect input proxy (wood pulp feeds into paper cup manufacturing), US producer price, not a global spot price."
2002-01-01,Paper Cups (12oz),114.5,WPU0911,BLS Producer Price Index by Commodity: Wood Pulp (via FRED),https://fred.stlouisfed.org/series/WPU0911,True,"Indirect input proxy (wood pulp feeds into paper cup manufacturing), US producer price, not a global spot price."
2002-02-01,Paper Cups (12oz),113.8,WPU0911,BLS Producer Price Index by Commodity: Wood Pulp (via FRED),https://fred.stlouisfed.org/series/WPU0911,True,"Indirect input proxy (wood pulp feeds into paper cup manufacturing), US producer price, not a global spot price."
2002-03-01,Paper Cups (12oz),113.2,WPU0911,BLS Producer Price Index by Commodity: Wood Pulp (via FRED),https://fred.stlouisfed.org/series/WPU0911,True,"Indirect input proxy (wood pulp feeds into paper cup manufacturing), US producer price, not a global spot price."
2002-04-01,Paper Cups (12oz),113.1,WPU0911,BLS Producer Price Index by Commodity: Wood Pulp (via FRED),https://fred.stlouisfed.org/series/WPU0911,True,"Indirect input proxy (wood pulp feeds into paper cup manufacturing), US producer price, not a global spot price."
2002-05-01,Paper Cups (12oz),113.5,WPU0911,BLS Producer Price Index by Commodity: Wood Pulp (via FRED),https://fred.stlouisfed.org/series/WPU0911,True,"Indirect input proxy (wood pulp feeds into paper cup manufacturing), US producer price, not a global spot price."
2002-06-01,Paper Cups (12oz),115.3,WPU0911,BLS Producer Price Index by Commodity: Wood Pulp (via FRED),https://fred.stlouisfed.org/series/WPU0911,True,"Indirect input proxy (wood pulp feeds into paper cup manufacturing), US producer price, not a global spot price."
2002-07-01,Paper Cups (12oz),116.7,WPU0911,BLS Producer Price Index by Commodity: Wood Pulp (via FRED),https://fred.stlouisfed.org/series/WPU0911,True,"Indirect input proxy (wood pulp feeds into paper cup manufacturing), US producer price, not a global spot price."
2002-08-01,Paper Cups (12oz),118.4,WPU0911,BLS Producer Price Index by Commodity: Wood Pulp (via FRED),https://fred.stlouisfed.org/series/WPU0911,True,"Indirect input proxy (wood pulp feeds into paper cup manufacturing), US producer price, not a global spot price."
2002-09-01,Paper Cups (12oz),119.1,WPU0911,BLS Producer Price Index by Commodity: Wood Pulp (via FRED),https://fred.stlouisfed.org/series/WPU0911,True,"Indirect input proxy (wood pulp feeds into paper cup manufacturing), US producer price, not a global spot price."
2002-10-01,Paper Cups (12oz),119.6,WPU0911,BLS Producer Price Index by Commodity: Wood Pulp (via FRED),https://fred.stlouisfed.org/series/WPU0911,True,"Indirect input proxy (wood pulp feeds into paper cup manufacturing), US producer price, not a global spot price."
2002-11-01,Paper Cups (12oz),119.4,WPU0911,BLS Producer Price Index by Commodity: Wood Pulp (via FRED),https://fred.stlouisfed.org/series/WPU0911,True,"Indirect input proxy (wood pulp feeds into paper cup manufacturing), US producer price, not a global spot price."
2002-12-01,Paper Cups (12oz),117.9,WPU0911,BLS Producer Price Index by Commodity: Wood Pulp (via FRED),https://fred.stlouisfed.org/series/WPU0911,True,"Indirect input proxy (wood pulp feeds into paper cup manufacturing), US producer price, not a global spot price."
2003-01-01,Paper Cups (12oz),115.4,WPU0911,BLS Producer Price Index by Commodity: Wood Pulp (via FRED),https://fred.stlouisfed.org/series/WPU0911,True,"Indirect input proxy (wood pulp feeds into paper cup manufacturing), US producer price, not a global spot price."
2003-02-01,Paper Cups (12oz),115.5,WPU0911,BLS Producer Price Index by Commodity: Wood Pulp (via FRED),https://fred.stlouisfed.org/series/WPU0911,True,"Indirect input proxy (wood pulp feeds into paper cup manufacturing), US producer price, not a global spot price."
2003-03-01,Paper Cups (12oz),115.9,WPU0911,BLS Producer Price Index by Commodity: Wood Pulp (via FRED),https://fred.stlouisfed.org/series/WPU0911,True,"Indirect input proxy (wood pulp feeds into paper cup manufacturing), US producer price, not a global spot price."
2003-04-01,Paper Cups (12oz),119.8,WPU0911,BLS Producer Price Index by Commodity: Wood Pulp (via FRED),https://fred.stlouisfed.org/series/WPU0911,True,"Indirect input proxy (wood pulp feeds into paper cup manufacturing), US producer price, not a global spot price."
2003-05-01,Paper Cups (12oz),123.3,WPU0911,BLS Producer Price Index by Commodity: Wood Pulp (via FRED),https://fred.stlouisfed.org/series/WPU0911,True,"Indirect input proxy (wood pulp feeds into paper cup manufacturing), US producer price, not a global spot price."
2003-06-01,Paper Cups (12oz),125.2,WPU0911,BLS Producer Price Index by Commodity: Wood Pulp (via FRED),https://fred.stlouisfed.org/series/WPU0911,True,"Indirect input proxy (wood pulp feeds into paper cup manufacturing), US producer price, not a global spot price."
2003-07-01,Paper Cups (12oz),124.5,WPU0911,BLS Producer Price Index by Commodity: Wood Pulp (via FRED),https://fred.stlouisfed.org/series/WPU0911,True,"Indirect input proxy (wood pulp feeds into paper cup manufacturing), US producer price, not a global spot price."
2003-08-01,Paper Cups (12oz),122.6,WPU0911,BLS Producer Price Index by Commodity: Wood Pulp (via FRED),https://fred.stlouisfed.org/series/WPU0911,True,"Indirect input proxy (wood pulp feeds into paper cup manufacturing), US producer price, not a global spot price."
2003-09-01,Paper Cups (12oz),122.2,WPU0911,BLS Producer Price Index by Commodity: Wood Pulp (via FRED),https://fred.stlouisfed.org/series/WPU0911,True,"Indirect input proxy (wood pulp feeds into paper cup manufacturing), US producer price, not a global spot price."
2003-10-01,Paper Cups (12oz),122.0,WPU0911,BLS Producer Price Index by Commodity: Wood Pulp (via FRED),https://fred.stlouisfed.org/series/WPU0911,True,"Indirect input proxy (wood pulp feeds into paper cup manufacturing), US producer price, not a global spot price."
2003-11-01,Paper Cups (12oz),124.8,WPU0911,BLS Producer Price Index by Commodity: Wood Pulp (via FRED),https://fred.stlouisfed.org/series/WPU0911,True,"Indirect input proxy (wood pulp feeds into paper cup manufacturing), US producer price, not a global spot price."
2003-12-01,Paper Cups (12oz),125.1,WPU0911,BLS Producer Price Index by Commodity: Wood Pulp (via FRED),https://fred.stlouisfed.org/series/WPU0911,True,"Indirect input proxy (wood pulp feeds into paper cup manufacturing), US producer price, not a global spot price."
2004-01-01,Paper Cups (12oz),126.3,WPU0911,BLS Producer Price Index by Commodity: Wood Pulp (via FRED),https://fred.stlouisfed.org/series/WPU0911,True,"Indirect input proxy (wood pulp feeds into paper cup manufacturing), US producer price, not a global spot price."
2004-02-01,Paper Cups (12oz),125.5,WPU0911,BLS Producer Price Index by Commodity: Wood Pulp (via FRED),https://fred.stlouisfed.org/series/WPU0911,True,"Indirect input proxy (wood pulp feeds into paper cup manufacturing), US producer price, not a global spot price."
2004-03-01,Paper Cups (12oz),125.8,WPU0911,BLS Producer Price Index by Commodity: Wood Pulp (via FRED),https://fred.stlouisfed.org/series/WPU0911,True,"Indirect input proxy (wood pulp feeds into paper cup manufacturing), US producer price, not a global spot price."
2004-04-01,Paper Cups (12oz),128.2,WPU0911,BLS Producer Price Index by Commodity: Wood Pulp (via FRED),https://fred.stlouisfed.org/series/WPU0911,True,"Indirect input proxy (wood pulp feeds into paper cup manufacturing), US producer price, not a global spot price."
2004-05-01,Paper Cups (12oz),130.5,WPU0911,BLS Producer Price Index by Commodity: Wood Pulp (via FRED),https://fred.stlouisfed.org/series/WPU0911,True,"Indirect input proxy (wood pulp feeds into paper cup manufacturing), US producer price, not a global spot price."
2004-06-01,Paper Cups (12oz),132.3,WPU0911,BLS Producer Price Index by Commodity: Wood Pulp (via FRED),https://fred.stlouisfed.org/series/WPU0911,True,"Indirect input proxy (wood pulp feeds into paper cup manufacturing), US producer price, not a global spot price."
2004-07-01,Paper Cups (12oz),136.2,WPU0911,BLS Producer Price Index by Commodity: Wood Pulp (via FRED),https://fred.stlouisfed.org/series/WPU0911,True,"Indirect input proxy (wood pulp feeds into paper cup manufacturing), US producer price, not a global spot price."
2004-08-01,Paper Cups (12oz),137.3,WPU0911,BLS Producer Price Index by Commodity: Wood Pulp (via FRED),https://fred.stlouisfed.org/series/WPU0911,True,"Indirect input proxy (wood pulp feeds into paper cup manufacturing), US producer price, not a global spot price."
2004-09-01,Paper Cups (12oz),137.9,WPU0911,BLS Producer Price Index by Commodity: Wood Pulp (via FRED),https://fred.stlouisfed.org/series/WPU0911,True,"Indirect input proxy (wood pulp feeds into paper cup manufacturing), US producer price, not a global spot price."
2004-10-01,Paper Cups (12oz),136.6,WPU0911,BLS Producer Price Index by Commodity: Wood Pulp (via FRED),https://fred.stlouisfed.org/series/WPU0911,True,"Indirect input proxy (wood pulp feeds into paper cup manufacturing), US producer price, not a global spot price."
2004-11-01,Paper Cups (12oz),135.4,WPU0911,BLS Producer Price Index by Commodity: Wood Pulp (via FRED),https://fred.stlouisfed.org/series/WPU0911,True,"Indirect input proxy (wood pulp feeds into paper cup manufacturing), US producer price, not a global spot price."
2004-12-01,Paper Cups (12oz),134.2,WPU0911,BLS Producer Price Index by Commodity: Wood Pulp (via FRED),https://fred.stlouisfed.org/series/WPU0911,True,"Indirect input proxy (wood pulp feeds into paper cup manufacturing), US producer price, not a global spot price."
2005-01-01,Paper Cups (12oz),134.9,WPU0911,BLS Producer Price Index by Commodity: Wood Pulp (via FRED),https://fred.stlouisfed.org/series/WPU0911,True,"Indirect input proxy (wood pulp feeds into paper cup manufacturing), US producer price, not a global spot price."
2005-02-01,Paper Cups (12oz),136.4,WPU0911,BLS Producer Price Index by Commodity: Wood Pulp (via FRED),https://fred.stlouisfed.org/series/WPU0911,True,"Indirect input proxy (wood pulp feeds into paper cup manufacturing), US producer price, not a global spot price."
2005-03-01,Paper Cups (12oz),138.3,WPU0911,BLS Producer Price Index by Commodity: Wood Pulp (via FRED),https://fred.stlouisfed.org/series/WPU0911,True,"Indirect input proxy (wood pulp feeds into paper cup manufacturing), US producer price, not a global spot price."
2005-04-01,Paper Cups (12oz),140.0,WPU0911,BLS Producer Price Index by Commodity: Wood Pulp (via FRED),https://fred.stlouisfed.org/series/WPU0911,True,"Indirect input proxy (wood pulp feeds into paper cup manufacturing), US producer price, not a global spot price."
2005-05-01,Paper Cups (12oz),138.6,WPU0911,BLS Producer Price Index by Commodity: Wood Pulp (via FRED),https://fred.stlouisfed.org/series/WPU0911,True,"Indirect input proxy (wood pulp feeds into paper cup manufacturing), US producer price, not a global spot price."
2005-06-01,Paper Cups (12oz),138.8,WPU0911,BLS Producer Price Index by Commodity: Wood Pulp (via FRED),https://fred.stlouisfed.org/series/WPU0911,True,"Indirect input proxy (wood pulp feeds into paper cup manufacturing), US producer price, not a global spot price."
2005-07-01,Paper Cups (12oz),139.1,WPU0911,BLS Producer Price Index by Commodity: Wood Pulp (via FRED),https://fred.stlouisfed.org/series/WPU0911,True,"Indirect input proxy (wood pulp feeds into paper cup manufacturing), US producer price, not a global spot price."
2005-08-01,Paper Cups (12oz),139.4,WPU0911,BLS Producer Price Index by Commodity: Wood Pulp (via FRED),https://fred.stlouisfed.org/series/WPU0911,True,"Indirect input proxy (wood pulp feeds into paper cup manufacturing), US producer price, not a global spot price."
2005-09-01,Paper Cups (12oz),137.8,WPU0911,BLS Producer Price Index by Commodity: Wood Pulp (via FRED),https://fred.stlouisfed.org/series/WPU0911,True,"Indirect input proxy (wood pulp feeds into paper cup manufacturing), US producer price, not a global spot price."
2005-10-01,Paper Cups (12oz),137.1,WPU0911,BLS Producer Price Index by Commodity: Wood Pulp (via FRED),https://fred.stlouisfed.org/series/WPU0911,True,"Indirect input proxy (wood pulp feeds into paper cup manufacturing), US producer price, not a global spot price."
2005-11-01,Paper Cups (12oz),137.2,WPU0911,BLS Producer Price Index by Commodity: Wood Pulp (via FRED),https://fred.stlouisfed.org/series/WPU0911,True,"Indirect input proxy (wood pulp feeds into paper cup manufacturing), US producer price, not a global spot price."
2005-12-01,Paper Cups (12oz),138.1,WPU0911,BLS Producer Price Index by Commodity: Wood Pulp (via FRED),https://fred.stlouisfed.org/series/WPU0911,True,"Indirect input proxy (wood pulp feeds into paper cup manufacturing), US producer price, not a global spot price."
2006-01-01,Paper Cups (12oz),137.8,WPU0911,BLS Producer Price Index by Commodity: Wood Pulp (via FRED),https://fred.stlouisfed.org/series/WPU0911,True,"Indirect input proxy (wood pulp feeds into paper cup manufacturing), US producer price, not a global spot price."
2006-02-01,Paper Cups (12oz),141.1,WPU0911,BLS Producer Price Index by Commodity: Wood Pulp (via FRED),https://fred.stlouisfed.org/series/WPU0911,True,"Indirect input proxy (wood pulp feeds into paper cup manufacturing), US producer price, not a global spot price."
2006-03-01,Paper Cups (12oz),141.2,WPU0911,BLS Producer Price Index by Commodity: Wood Pulp (via FRED),https://fred.stlouisfed.org/series/WPU0911,True,"Indirect input proxy (wood pulp feeds into paper cup manufacturing), US producer price, not a global spot price."
2006-04-01,Paper Cups (12oz),142.2,WPU0911,BLS Producer Price Index by Commodity: Wood Pulp (via FRED),https://fred.stlouisfed.org/series/WPU0911,True,"Indirect input proxy (wood pulp feeds into paper cup manufacturing), US producer price, not a global spot price."
2006-05-01,Paper Cups (12oz),142.6,WPU0911,BLS Producer Price Index by Commodity: Wood Pulp (via FRED),https://fred.stlouisfed.org/series/WPU0911,True,"Indirect input proxy (wood pulp feeds into paper cup manufacturing), US producer price, not a global spot price."
2006-06-01,Paper Cups (12oz),144.0,WPU0911,BLS Producer Price Index by Commodity: Wood Pulp (via FRED),https://fred.stlouisfed.org/series/WPU0911,True,"Indirect input proxy (wood pulp feeds into paper cup manufacturing), US producer price, not a global spot price."
2006-07-01,Paper Cups (12oz),144.4,WPU0911,BLS Producer Price Index by Commodity: Wood Pulp (via FRED),https://fred.stlouisfed.org/series/WPU0911,True,"Indirect input proxy (wood pulp feeds into paper cup manufacturing), US producer price, not a global spot price."
2006-08-01,Paper Cups (12oz),145.1,WPU0911,BLS Producer Price Index by Commodity: Wood Pulp (via FRED),https://fred.stlouisfed.org/series/WPU0911,True,"Indirect input proxy (wood pulp feeds into paper cup manufacturing), US producer price, not a global spot price."
2006-09-01,Paper Cups (12oz),145.9,WPU0911,BLS Producer Price Index by Commodity: Wood Pulp (via FRED),https://fred.stlouisfed.org/series/WPU0911,True,"Indirect input proxy (wood pulp feeds into paper cup manufacturing), US producer price, not a global spot price."
2006-10-01,Paper Cups (12oz),146.4,WPU0911,BLS Producer Price Index by Commodity: Wood Pulp (via FRED),https://fred.stlouisfed.org/series/WPU0911,True,"Indirect input proxy (wood pulp feeds into paper cup manufacturing), US producer price, not a global spot price."
2006-11-01,Paper Cups (12oz),148.8,WPU0911,BLS Producer Price Index by Commodity: Wood Pulp (via FRED),https://fred.stlouisfed.org/series/WPU0911,True,"Indirect input proxy (wood pulp feeds into paper cup manufacturing), US producer price, not a global spot price."
2006-12-01,Paper Cups (12oz),149.4,WPU0911,BLS Producer Price Index by Commodity: Wood Pulp (via FRED),https://fred.stlouisfed.org/series/WPU0911,True,"Indirect input proxy (wood pulp feeds into paper cup manufacturing), US producer price, not a global spot price."
2007-01-01,Paper Cups (12oz),153.4,WPU0911,BLS Producer Price Index by Commodity: Wood Pulp (via FRED),https://fred.stlouisfed.org/series/WPU0911,True,"Indirect input proxy (wood pulp feeds into paper cup manufacturing), US producer price, not a global spot price."
2007-02-01,Paper Cups (12oz),156.7,WPU0911,BLS Producer Price Index by Commodity: Wood Pulp (via FRED),https://fred.stlouisfed.org/series/WPU0911,True,"Indirect input proxy (wood pulp feeds into paper cup manufacturing), US producer price, not a global spot price."
2007-03-01,Paper Cups (12oz),157.3,WPU0911,BLS Producer Price Index by Commodity: Wood Pulp (via FRED),https://fred.stlouisfed.org/series/WPU0911,True,"Indirect input proxy (wood pulp feeds into paper cup manufacturing), US producer price, not a global spot price."
2007-04-01,Paper Cups (12oz),158.8,WPU0911,BLS Producer Price Index by Commodity: Wood Pulp (via FRED),https://fred.stlouisfed.org/series/WPU0911,True,"Indirect input proxy (wood pulp feeds into paper cup manufacturing), US producer price, not a global spot price."
2007-05-01,Paper Cups (12oz),160.9,WPU0911,BLS Producer Price Index by Commodity: Wood Pulp (via FRED),https://fred.stlouisfed.org/series/WPU0911,True,"Indirect input proxy (wood pulp feeds into paper cup manufacturing), US producer price, not a global spot price."
2007-06-01,Paper Cups (12oz),161.1,WPU0911,BLS Producer Price Index by Commodity: Wood Pulp (via FRED),https://fred.stlouisfed.org/series/WPU0911,True,"Indirect input proxy (wood pulp feeds into paper cup manufacturing), US producer price, not a global spot price."
2007-07-01,Paper Cups (12oz),163.2,WPU0911,BLS Producer Price Index by Commodity: Wood Pulp (via FRED),https://fred.stlouisfed.org/series/WPU0911,True,"Indirect input proxy (wood pulp feeds into paper cup manufacturing), US producer price, not a global spot price."
2007-08-01,Paper Cups (12oz),163.7,WPU0911,BLS Producer Price Index by Commodity: Wood Pulp (via FRED),https://fred.stlouisfed.org/series/WPU0911,True,"Indirect input proxy (wood pulp feeds into paper cup manufacturing), US producer price, not a global spot price."
2007-09-01,Paper Cups (12oz),163.8,WPU0911,BLS Producer Price Index by Commodity: Wood Pulp (via FRED),https://fred.stlouisfed.org/series/WPU0911,True,"Indirect input proxy (wood pulp feeds into paper cup manufacturing), US producer price, not a global spot price."
2007-10-01,Paper Cups (12oz),165.4,WPU0911,BLS Producer Price Index by Commodity: Wood Pulp (via FRED),https://fred.stlouisfed.org/series/WPU0911,True,"Indirect input proxy (wood pulp feeds into paper cup manufacturing), US producer price, not a global spot price."
2007-11-01,Paper Cups (12oz),166.0,WPU0911,BLS Producer Price Index by Commodity: Wood Pulp (via FRED),https://fred.stlouisfed.org/series/WPU0911,True,"Indirect input proxy (wood pulp feeds into paper cup manufacturing), US producer price, not a global spot price."
2007-12-01,Paper Cups (12oz),167.3,WPU0911,BLS Producer Price Index by Commodity: Wood Pulp (via FRED),https://fred.stlouisfed.org/series/WPU0911,True,"Indirect input proxy (wood pulp feeds into paper cup manufacturing), US producer price, not a global spot price."
2008-01-01,Paper Cups (12oz),172.1,WPU0911,BLS Producer Price Index by Commodity: Wood Pulp (via FRED),https://fred.stlouisfed.org/series/WPU0911,True,"Indirect input proxy (wood pulp feeds into paper cup manufacturing), US producer price, not a global spot price."
2008-02-01,Paper Cups (12oz),171.6,WPU0911,BLS Producer Price Index by Commodity: Wood Pulp (via FRED),https://fred.stlouisfed.org/series/WPU0911,True,"Indirect input proxy (wood pulp feeds into paper cup manufacturing), US producer price, not a global spot price."
2008-03-01,Paper Cups (12oz),170.6,WPU0911,BLS Producer Price Index by Commodity: Wood Pulp (via FRED),https://fred.stlouisfed.org/series/WPU0911,True,"Indirect input proxy (wood pulp feeds into paper cup manufacturing), US producer price, not a global spot price."
2008-04-01,Paper Cups (12oz),171.2,WPU0911,BLS Producer Price Index by Commodity: Wood Pulp (via FRED),https://fred.stlouisfed.org/series/WPU0911,True,"Indirect input proxy (wood pulp feeds into paper cup manufacturing), US producer price, not a global spot price."
2008-05-01,Paper Cups (12oz),171.2,WPU0911,BLS Producer Price Index by Commodity: Wood Pulp (via FRED),https://fred.stlouisfed.org/series/WPU0911,True,"Indirect input proxy (wood pulp feeds into paper cup manufacturing), US producer price, not a global spot price."
2008-06-01,Paper Cups (12oz),171.8,WPU0911,BLS Producer Price Index by Commodity: Wood Pulp (via FRED),https://fred.stlouisfed.org/series/WPU0911,True,"Indirect input proxy (wood pulp feeds into paper cup manufacturing), US producer price, not a global spot price."
2008-07-01,Paper Cups (12oz),174.0,WPU0911,BLS Producer Price Index by Commodity: Wood Pulp (via FRED),https://fred.stlouisfed.org/series/WPU0911,True,"Indirect input proxy (wood pulp feeds into paper cup manufacturing), US producer price, not a global spot price."
2008-08-01,Paper Cups (12oz),174.8,WPU0911,BLS Producer Price Index by Commodity: Wood Pulp (via FRED),https://fred.stlouisfed.org/series/WPU0911,True,"Indirect input proxy (wood pulp feeds into paper cup manufacturing), US producer price, not a global spot price."
2008-09-01,Paper Cups (12oz),174.8,WPU0911,BLS Producer Price Index by Commodity: Wood Pulp (via FRED),https://fred.stlouisfed.org/series/WPU0911,True,"Indirect input proxy (wood pulp feeds into paper cup manufacturing), US producer price, not a global spot price."
2008-10-01,Paper Cups (12oz),173.3,WPU0911,BLS Producer Price Index by Commodity: Wood Pulp (via FRED),https://fred.stlouisfed.org/series/WPU0911,True,"Indirect input proxy (wood pulp feeds into paper cup manufacturing), US producer price, not a global spot price."
2008-11-01,Paper Cups (12oz),166.7,WPU0911,BLS Producer Price Index by Commodity: Wood Pulp (via FRED),https://fred.stlouisfed.org/series/WPU0911,True,"Indirect input proxy (wood pulp feeds into paper cup manufacturing), US producer price, not a global spot price."
2008-12-01,Paper Cups (12oz),164.4,WPU0911,BLS Producer Price Index by Commodity: Wood Pulp (via FRED),https://fred.stlouisfed.org/series/WPU0911,True,"Indirect input proxy (wood pulp feeds into paper cup manufacturing), US producer price, not a global spot price."
2009-01-01,Paper Cups (12oz),157.9,WPU0911,BLS Producer Price Index by Commodity: Wood Pulp (via FRED),https://fred.stlouisfed.org/series/WPU0911,True,"Indirect input proxy (wood pulp feeds into paper cup manufacturing), US producer price, not a global spot price."
2009-02-01,Paper Cups (12oz),154.4,WPU0911,BLS Producer Price Index by Commodity: Wood Pulp (via FRED),https://fred.stlouisfed.org/series/WPU0911,True,"Indirect input proxy (wood pulp feeds into paper cup manufacturing), US producer price, not a global spot price."
2009-03-01,Paper Cups (12oz),152.7,WPU0911,BLS Producer Price Index by Commodity: Wood Pulp (via FRED),https://fred.stlouisfed.org/series/WPU0911,True,"Indirect input proxy (wood pulp feeds into paper cup manufacturing), US producer price, not a global spot price."
2009-04-01,Paper Cups (12oz),148.6,WPU0911,BLS Producer Price Index by Commodity: Wood Pulp (via FRED),https://fred.stlouisfed.org/series/WPU0911,True,"Indirect input proxy (wood pulp feeds into paper cup manufacturing), US producer price, not a global spot price."
2009-05-01,Paper Cups (12oz),144.2,WPU0911,BLS Producer Price Index by Commodity: Wood Pulp (via FRED),https://fred.stlouisfed.org/series/WPU0911,True,"Indirect input proxy (wood pulp feeds into paper cup manufacturing), US producer price, not a global spot price."
2009-06-01,Paper Cups (12oz),142.0,WPU0911,BLS Producer Price Index by Commodity: Wood Pulp (via FRED),https://fred.stlouisfed.org/series/WPU0911,True,"Indirect input proxy (wood pulp feeds into paper cup manufacturing), US producer price, not a global spot price."
2009-07-01,Paper Cups (12oz),142.5,WPU0911,BLS Producer Price Index by Commodity: Wood Pulp (via FRED),https://fred.stlouisfed.org/series/WPU0911,True,"Indirect input proxy (wood pulp feeds into paper cup manufacturing), US producer price, not a global spot price."
2009-08-01,Paper Cups (12oz),144.9,WPU0911,BLS Producer Price Index by Commodity: Wood Pulp (via FRED),https://fred.stlouisfed.org/series/WPU0911,True,"Indirect input proxy (wood pulp feeds into paper cup manufacturing), US producer price, not a global spot price."
2009-09-01,Paper Cups (12oz),148.9,WPU0911,BLS Producer Price Index by Commodity: Wood Pulp (via FRED),https://fred.stlouisfed.org/series/WPU0911,True,"Indirect input proxy (wood pulp feeds into paper cup manufacturing), US producer price, not a global spot price."
2009-10-01,Paper Cups (12oz),151.5,WPU0911,BLS Producer Price Index by Commodity: Wood Pulp (via FRED),https://fred.stlouisfed.org/series/WPU0911,True,"Indirect input proxy (wood pulp feeds into paper cup manufacturing), US producer price, not a global spot price."
2009-11-01,Paper Cups (12oz),156.6,WPU0911,BLS Producer Price Index by Commodity: Wood Pulp (via FRED),https://fred.stlouisfed.org/series/WPU0911,True,"Indirect input proxy (wood pulp feeds into paper cup manufacturing), US producer price, not a global spot price."
2009-12-01,Paper Cups (12oz),158.6,WPU0911,BLS Producer Price Index by Commodity: Wood Pulp (via FRED),https://fred.stlouisfed.org/series/WPU0911,True,"Indirect input proxy (wood pulp feeds into paper cup manufacturing), US producer price, not a global spot price."
2010-01-01,Paper Cups (12oz),161.7,WPU0911,BLS Producer Price Index by Commodity: Wood Pulp (via FRED),https://fred.stlouisfed.org/series/WPU0911,True,"Indirect input proxy (wood pulp feeds into paper cup manufacturing), US producer price, not a global spot price."
2010-02-01,Paper Cups (12oz),166.9,WPU0911,BLS Producer Price Index by Commodity: Wood Pulp (via FRED),https://fred.stlouisfed.org/series/WPU0911,True,"Indirect input proxy (wood pulp feeds into paper cup manufacturing), US producer price, not a global spot price."
2010-03-01,Paper Cups (12oz),170.0,WPU0911,BLS Producer Price Index by Commodity: Wood Pulp (via FRED),https://fred.stlouisfed.org/series/WPU0911,True,"Indirect input proxy (wood pulp feeds into paper cup manufacturing), US producer price, not a global spot price."
2010-04-01,Paper Cups (12oz),175.4,WPU0911,BLS Producer Price Index by Commodity: Wood Pulp (via FRED),https://fred.stlouisfed.org/series/WPU0911,True,"Indirect input proxy (wood pulp feeds into paper cup manufacturing), US producer price, not a global spot price."
2010-05-01,Paper Cups (12oz),186.2,WPU0911,BLS Producer Price Index by Commodity: Wood Pulp (via FRED),https://fred.stlouisfed.org/series/WPU0911,True,"Indirect input proxy (wood pulp feeds into paper cup manufacturing), US producer price, not a global spot price."
2010-06-01,Paper Cups (12oz),194.9,WPU0911,BLS Producer Price Index by Commodity: Wood Pulp (via FRED),https://fred.stlouisfed.org/series/WPU0911,True,"Indirect input proxy (wood pulp feeds into paper cup manufacturing), US producer price, not a global spot price."
2010-07-01,Paper Cups (12oz),196.1,WPU0911,BLS Producer Price Index by Commodity: Wood Pulp (via FRED),https://fred.stlouisfed.org/series/WPU0911,True,"Indirect input proxy (wood pulp feeds into paper cup manufacturing), US producer price, not a global spot price."
2010-08-01,Paper Cups (12oz),197.0,WPU0911,BLS Producer Price Index by Commodity: Wood Pulp (via FRED),https://fred.stlouisfed.org/series/WPU0911,True,"Indirect input proxy (wood pulp feeds into paper cup manufacturing), US producer price, not a global spot price."
2010-09-01,Paper Cups (12oz),199.7,WPU0911,BLS Producer Price Index by Commodity: Wood Pulp (via FRED),https://fred.stlouisfed.org/series/WPU0911,True,"Indirect input proxy (wood pulp feeds into paper cup manufacturing), US producer price, not a global spot price."
2010-10-01,Paper Cups (12oz),196.0,WPU0911,BLS Producer Price Index by Commodity: Wood Pulp (via FRED),https://fred.stlouisfed.org/series/WPU0911,True,"Indirect input proxy (wood pulp feeds into paper cup manufacturing), US producer price, not a global spot price."
2010-11-01,Paper Cups (12oz),194.0,WPU0911,BLS Producer Price Index by Commodity: Wood Pulp (via FRED),https://fred.stlouisfed.org/series/WPU0911,True,"Indirect input proxy (wood pulp feeds into paper cup manufacturing), US producer price, not a global spot price."
2010-12-01,Paper Cups (12oz),194.6,WPU0911,BLS Producer Price Index by Commodity: Wood Pulp (via FRED),https://fred.stlouisfed.org/series/WPU0911,True,"Indirect input proxy (wood pulp feeds into paper cup manufacturing), US producer price, not a global spot price."
2011-01-01,Paper Cups (12oz),194.4,WPU0911,BLS Producer Price Index by Commodity: Wood Pulp (via FRED),https://fred.stlouisfed.org/series/WPU0911,True,"Indirect input proxy (wood pulp feeds into paper cup manufacturing), US producer price, not a global spot price."
2011-02-01,Paper Cups (12oz),195.0,WPU0911,BLS Producer Price Index by Commodity: Wood Pulp (via FRED),https://fred.stlouisfed.org/series/WPU0911,True,"Indirect input proxy (wood pulp feeds into paper cup manufacturing), US producer price, not a global spot price."
2011-03-01,Paper Cups (12oz),197.0,WPU0911,BLS Producer Price Index by Commodity: Wood Pulp (via FRED),https://fred.stlouisfed.org/series/WPU0911,True,"Indirect input proxy (wood pulp feeds into paper cup manufacturing), US producer price, not a global spot price."
2011-04-01,Paper Cups (12oz),197.6,WPU0911,BLS Producer Price Index by Commodity: Wood Pulp (via FRED),https://fred.stlouisfed.org/series/WPU0911,True,"Indirect input proxy (wood pulp feeds into paper cup manufacturing), US producer price, not a global spot price."
2011-05-01,Paper Cups (12oz),198.6,WPU0911,BLS Producer Price Index by Commodity: Wood Pulp (via FRED),https://fred.stlouisfed.org/series/WPU0911,True,"Indirect input proxy (wood pulp feeds into paper cup manufacturing), US producer price, not a global spot price."
2011-06-01,Paper Cups (12oz),198.7,WPU0911,BLS Producer Price Index by Commodity: Wood Pulp (via FRED),https://fred.stlouisfed.org/series/WPU0911,True,"Indirect input proxy (wood pulp feeds into paper cup manufacturing), US producer price, not a global spot price."
2011-07-01,Paper Cups (12oz),200.3,WPU0911,BLS Producer Price Index by Commodity: Wood Pulp (via FRED),https://fred.stlouisfed.org/series/WPU0911,True,"Indirect input proxy (wood pulp feeds into paper cup manufacturing), US producer price, not a global spot price."
2011-08-01,Paper Cups (12oz),199.0,WPU0911,BLS Producer Price Index by Commodity: Wood Pulp (via FRED),https://fred.stlouisfed.org/series/WPU0911,True,"Indirect input proxy (wood pulp feeds into paper cup manufacturing), US producer price, not a global spot price."
2011-09-01,Paper Cups (12oz),195.2,WPU0911,BLS Producer Price Index by Commodity: Wood Pulp (via FRED),https://fred.stlouisfed.org/series/WPU0911,True,"Indirect input proxy (wood pulp feeds into paper cup manufacturing), US producer price, not a global spot price."
2011-10-01,Paper Cups (12oz),192.1,WPU0911,BLS Producer Price Index by Commodity: Wood Pulp (via FRED),https://fred.stlouisfed.org/series/WPU0911,True,"Indirect input proxy (wood pulp feeds into paper cup manufacturing), US producer price, not a global spot price."
2011-11-01,Paper Cups (12oz),187.9,WPU0911,BLS Producer Price Index by Commodity: Wood Pulp (via FRED),https://fred.stlouisfed.org/series/WPU0911,True,"Indirect input proxy (wood pulp feeds into paper cup manufacturing), US producer price, not a global spot price."
2011-12-01,Paper Cups (12oz),182.1,WPU0911,BLS Producer Price Index by Commodity: Wood Pulp (via FRED),https://fred.stlouisfed.org/series/WPU0911,True,"Indirect input proxy (wood pulp feeds into paper cup manufacturing), US producer price, not a global spot price."
2012-01-01,Paper Cups (12oz),185.5,WPU0911,BLS Producer Price Index by Commodity: Wood Pulp (via FRED),https://fred.stlouisfed.org/series/WPU0911,True,"Indirect input proxy (wood pulp feeds into paper cup manufacturing), US producer price, not a global spot price."
2012-02-01,Paper Cups (12oz),187.3,WPU0911,BLS Producer Price Index by Commodity: Wood Pulp (via FRED),https://fred.stlouisfed.org/series/WPU0911,True,"Indirect input proxy (wood pulp feeds into paper cup manufacturing), US producer price, not a global spot price."
2012-03-01,Paper Cups (12oz),186.4,WPU0911,BLS Producer Price Index by Commodity: Wood Pulp (via FRED),https://fred.stlouisfed.org/series/WPU0911,True,"Indirect input proxy (wood pulp feeds into paper cup manufacturing), US producer price, not a global spot price."
2012-04-01,Paper Cups (12oz),186.6,WPU0911,BLS Producer Price Index by Commodity: Wood Pulp (via FRED),https://fred.stlouisfed.org/series/WPU0911,True,"Indirect input proxy (wood pulp feeds into paper cup manufacturing), US producer price, not a global spot price."
2012-05-01,Paper Cups (12oz),186.1,WPU0911,BLS Producer Price Index by Commodity: Wood Pulp (via FRED),https://fred.stlouisfed.org/series/WPU0911,True,"Indirect input proxy (wood pulp feeds into paper cup manufacturing), US producer price, not a global spot price."
2012-06-01,Paper Cups (12oz),185.9,WPU0911,BLS Producer Price Index by Commodity: Wood Pulp (via FRED),https://fred.stlouisfed.org/series/WPU0911,True,"Indirect input proxy (wood pulp feeds into paper cup manufacturing), US producer price, not a global spot price."
2012-07-01,Paper Cups (12oz),189.1,WPU0911,BLS Producer Price Index by Commodity: Wood Pulp (via FRED),https://fred.stlouisfed.org/series/WPU0911,True,"Indirect input proxy (wood pulp feeds into paper cup manufacturing), US producer price, not a global spot price."
2012-08-01,Paper Cups (12oz),186.8,WPU0911,BLS Producer Price Index by Commodity: Wood Pulp (via FRED),https://fred.stlouisfed.org/series/WPU0911,True,"Indirect input proxy (wood pulp feeds into paper cup manufacturing), US producer price, not a global spot price."
2012-09-01,Paper Cups (12oz),186.2,WPU0911,BLS Producer Price Index by Commodity: Wood Pulp (via FRED),https://fred.stlouisfed.org/series/WPU0911,True,"Indirect input proxy (wood pulp feeds into paper cup manufacturing), US producer price, not a global spot price."
2012-10-01,Paper Cups (12oz),185.3,WPU0911,BLS Producer Price Index by Commodity: Wood Pulp (via FRED),https://fred.stlouisfed.org/series/WPU0911,True,"Indirect input proxy (wood pulp feeds into paper cup manufacturing), US producer price, not a global spot price."
2012-11-01,Paper Cups (12oz),181.6,WPU0911,BLS Producer Price Index by Commodity: Wood Pulp (via FRED),https://fred.stlouisfed.org/series/WPU0911,True,"Indirect input proxy (wood pulp feeds into paper cup manufacturing), US producer price, not a global spot price."
2012-12-01,Paper Cups (12oz),183.5,WPU0911,BLS Producer Price Index by Commodity: Wood Pulp (via FRED),https://fred.stlouisfed.org/series/WPU0911,True,"Indirect input proxy (wood pulp feeds into paper cup manufacturing), US producer price, not a global spot price."
2013-01-01,Paper Cups (12oz),180.0,WPU0911,BLS Producer Price Index by Commodity: Wood Pulp (via FRED),https://fred.stlouisfed.org/series/WPU0911,True,"Indirect input proxy (wood pulp feeds into paper cup manufacturing), US producer price, not a global spot price."
2013-02-01,Paper Cups (12oz),178.7,WPU0911,BLS Producer Price Index by Commodity: Wood Pulp (via FRED),https://fred.stlouisfed.org/series/WPU0911,True,"Indirect input proxy (wood pulp feeds into paper cup manufacturing), US producer price, not a global spot price."
2013-03-01,Paper Cups (12oz),179.8,WPU0911,BLS Producer Price Index by Commodity: Wood Pulp (via FRED),https://fred.stlouisfed.org/series/WPU0911,True,"Indirect input proxy (wood pulp feeds into paper cup manufacturing), US producer price, not a global spot price."
2013-04-01,Paper Cups (12oz),179.9,WPU0911,BLS Producer Price Index by Commodity: Wood Pulp (via FRED),https://fred.stlouisfed.org/series/WPU0911,True,"Indirect input proxy (wood pulp feeds into paper cup manufacturing), US producer price, not a global spot price."
2013-05-01,Paper Cups (12oz),179.2,WPU0911,BLS Producer Price Index by Commodity: Wood Pulp (via FRED),https://fred.stlouisfed.org/series/WPU0911,True,"Indirect input proxy (wood pulp feeds into paper cup manufacturing), US producer price, not a global spot price."
2013-06-01,Paper Cups (12oz),181.7,WPU0911,BLS Producer Price Index by Commodity: Wood Pulp (via FRED),https://fred.stlouisfed.org/series/WPU0911,True,"Indirect input proxy (wood pulp feeds into paper cup manufacturing), US producer price, not a global spot price."
2013-07-01,Paper Cups (12oz),180.7,WPU0911,BLS Producer Price Index by Commodity: Wood Pulp (via FRED),https://fred.stlouisfed.org/series/WPU0911,True,"Indirect input proxy (wood pulp feeds into paper cup manufacturing), US producer price, not a global spot price."
2013-08-01,Paper Cups (12oz),181.4,WPU0911,BLS Producer Price Index by Commodity: Wood Pulp (via FRED),https://fred.stlouisfed.org/series/WPU0911,True,"Indirect input proxy (wood pulp feeds into paper cup manufacturing), US producer price, not a global spot price."
2013-09-01,Paper Cups (12oz),181.6,WPU0911,BLS Producer Price Index by Commodity: Wood Pulp (via FRED),https://fred.stlouisfed.org/series/WPU0911,True,"Indirect input proxy (wood pulp feeds into paper cup manufacturing), US producer price, not a global spot price."
2013-10-01,Paper Cups (12oz),181.6,WPU0911,BLS Producer Price Index by Commodity: Wood Pulp (via FRED),https://fred.stlouisfed.org/series/WPU0911,True,"Indirect input proxy (wood pulp feeds into paper cup manufacturing), US producer price, not a global spot price."
2013-11-01,Paper Cups (12oz),181.1,WPU0911,BLS Producer Price Index by Commodity: Wood Pulp (via FRED),https://fred.stlouisfed.org/series/WPU0911,True,"Indirect input proxy (wood pulp feeds into paper cup manufacturing), US producer price, not a global spot price."
2013-12-01,Paper Cups (12oz),183.2,WPU0911,BLS Producer Price Index by Commodity: Wood Pulp (via FRED),https://fred.stlouisfed.org/series/WPU0911,True,"Indirect input proxy (wood pulp feeds into paper cup manufacturing), US producer price, not a global spot price."
2014-01-01,Paper Cups (12oz),180.9,WPU0911,BLS Producer Price Index by Commodity: Wood Pulp (via FRED),https://fred.stlouisfed.org/series/WPU0911,True,"Indirect input proxy (wood pulp feeds into paper cup manufacturing), US producer price, not a global spot price."
2014-02-01,Paper Cups (12oz),181.7,WPU0911,BLS Producer Price Index by Commodity: Wood Pulp (via FRED),https://fred.stlouisfed.org/series/WPU0911,True,"Indirect input proxy (wood pulp feeds into paper cup manufacturing), US producer price, not a global spot price."
2014-03-01,Paper Cups (12oz),181.7,WPU0911,BLS Producer Price Index by Commodity: Wood Pulp (via FRED),https://fred.stlouisfed.org/series/WPU0911,True,"Indirect input proxy (wood pulp feeds into paper cup manufacturing), US producer price, not a global spot price."
2014-04-01,Paper Cups (12oz),183.3,WPU0911,BLS Producer Price Index by Commodity: Wood Pulp (via FRED),https://fred.stlouisfed.org/series/WPU0911,True,"Indirect input proxy (wood pulp feeds into paper cup manufacturing), US producer price, not a global spot price."
2014-05-01,Paper Cups (12oz),186.8,WPU0911,BLS Producer Price Index by Commodity: Wood Pulp (via FRED),https://fred.stlouisfed.org/series/WPU0911,True,"Indirect input proxy (wood pulp feeds into paper cup manufacturing), US producer price, not a global spot price."
2014-06-01,Paper Cups (12oz),189.5,WPU0911,BLS Producer Price Index by Commodity: Wood Pulp (via FRED),https://fred.stlouisfed.org/series/WPU0911,True,"Indirect input proxy (wood pulp feeds into paper cup manufacturing), US producer price, not a global spot price."
2014-07-01,Paper Cups (12oz),188.6,WPU0911,BLS Producer Price Index by Commodity: Wood Pulp (via FRED),https://fred.stlouisfed.org/series/WPU0911,True,"Indirect input proxy (wood pulp feeds into paper cup manufacturing), US producer price, not a global spot price."
2014-08-01,Paper Cups (12oz),185.7,WPU0911,BLS Producer Price Index by Commodity: Wood Pulp (via FRED),https://fred.stlouisfed.org/series/WPU0911,True,"Indirect input proxy (wood pulp feeds into paper cup manufacturing), US producer price, not a global spot price."
2014-09-01,Paper Cups (12oz),184.4,WPU0911,BLS Producer Price Index by Commodity: Wood Pulp (via FRED),https://fred.stlouisfed.org/series/WPU0911,True,"Indirect input proxy (wood pulp feeds into paper cup manufacturing), US producer price, not a global spot price."
2014-10-01,Paper Cups (12oz),178.5,WPU0911,BLS Producer Price Index by Commodity: Wood Pulp (via FRED),https://fred.stlouisfed.org/series/WPU0911,True,"Indirect input proxy (wood pulp feeds into paper cup manufacturing), US producer price, not a global spot price."
2014-11-01,Paper Cups (12oz),183.9,WPU0911,BLS Producer Price Index by Commodity: Wood Pulp (via FRED),https://fred.stlouisfed.org/series/WPU0911,True,"Indirect input proxy (wood pulp feeds into paper cup manufacturing), US producer price, not a global spot price."
2014-12-01,Paper Cups (12oz),179.6,WPU0911,BLS Producer Price Index by Commodity: Wood Pulp (via FRED),https://fred.stlouisfed.org/series/WPU0911,True,"Indirect input proxy (wood pulp feeds into paper cup manufacturing), US producer price, not a global spot price."
2015-01-01,Paper Cups (12oz),178.9,WPU0911,BLS Producer Price Index by Commodity: Wood Pulp (via FRED),https://fred.stlouisfed.org/series/WPU0911,True,"Indirect input proxy (wood pulp feeds into paper cup manufacturing), US producer price, not a global spot price."
2015-02-01,Paper Cups (12oz),184.3,WPU0911,BLS Producer Price Index by Commodity: Wood Pulp (via FRED),https://fred.stlouisfed.org/series/WPU0911,True,"Indirect input proxy (wood pulp feeds into paper cup manufacturing), US producer price, not a global spot price."
2015-03-01,Paper Cups (12oz),184.2,WPU0911,BLS Producer Price Index by Commodity: Wood Pulp (via FRED),https://fred.stlouisfed.org/series/WPU0911,True,"Indirect input proxy (wood pulp feeds into paper cup manufacturing), US producer price, not a global spot price."
2015-04-01,Paper Cups (12oz),183.4,WPU0911,BLS Producer Price Index by Commodity: Wood Pulp (via FRED),https://fred.stlouisfed.org/series/WPU0911,True,"Indirect input proxy (wood pulp feeds into paper cup manufacturing), US producer price, not a global spot price."
2015-05-01,Paper Cups (12oz),182.8,WPU0911,BLS Producer Price Index by Commodity: Wood Pulp (via FRED),https://fred.stlouisfed.org/series/WPU0911,True,"Indirect input proxy (wood pulp feeds into paper cup manufacturing), US producer price, not a global spot price."
2015-06-01,Paper Cups (12oz),182.1,WPU0911,BLS Producer Price Index by Commodity: Wood Pulp (via FRED),https://fred.stlouisfed.org/series/WPU0911,True,"Indirect input proxy (wood pulp feeds into paper cup manufacturing), US producer price, not a global spot price."
2015-07-01,Paper Cups (12oz),183.3,WPU0911,BLS Producer Price Index by Commodity: Wood Pulp (via FRED),https://fred.stlouisfed.org/series/WPU0911,True,"Indirect input proxy (wood pulp feeds into paper cup manufacturing), US producer price, not a global spot price."
2015-08-01,Paper Cups (12oz),182.7,WPU0911,BLS Producer Price Index by Commodity: Wood Pulp (via FRED),https://fred.stlouisfed.org/series/WPU0911,True,"Indirect input proxy (wood pulp feeds into paper cup manufacturing), US producer price, not a global spot price."
2015-09-01,Paper Cups (12oz),181.5,WPU0911,BLS Producer Price Index by Commodity: Wood Pulp (via FRED),https://fred.stlouisfed.org/series/WPU0911,True,"Indirect input proxy (wood pulp feeds into paper cup manufacturing), US producer price, not a global spot price."
2015-10-01,Paper Cups (12oz),179.9,WPU0911,BLS Producer Price Index by Commodity: Wood Pulp (via FRED),https://fred.stlouisfed.org/series/WPU0911,True,"Indirect input proxy (wood pulp feeds into paper cup manufacturing), US producer price, not a global spot price."
2015-11-01,Paper Cups (12oz),178.4,WPU0911,BLS Producer Price Index by Commodity: Wood Pulp (via FRED),https://fred.stlouisfed.org/series/WPU0911,True,"Indirect input proxy (wood pulp feeds into paper cup manufacturing), US producer price, not a global spot price."
2015-12-01,Paper Cups (12oz),177.4,WPU0911,BLS Producer Price Index by Commodity: Wood Pulp (via FRED),https://fred.stlouisfed.org/series/WPU0911,True,"Indirect input proxy (wood pulp feeds into paper cup manufacturing), US producer price, not a global spot price."
2016-01-01,Paper Cups (12oz),175.3,WPU0911,BLS Producer Price Index by Commodity: Wood Pulp (via FRED),https://fred.stlouisfed.org/series/WPU0911,True,"Indirect input proxy (wood pulp feeds into paper cup manufacturing), US producer price, not a global spot price."
2016-02-01,Paper Cups (12oz),174.7,WPU0911,BLS Producer Price Index by Commodity: Wood Pulp (via FRED),https://fred.stlouisfed.org/series/WPU0911,True,"Indirect input proxy (wood pulp feeds into paper cup manufacturing), US producer price, not a global spot price."
2016-03-01,Paper Cups (12oz),174.3,WPU0911,BLS Producer Price Index by Commodity: Wood Pulp (via FRED),https://fred.stlouisfed.org/series/WPU0911,True,"Indirect input proxy (wood pulp feeds into paper cup manufacturing), US producer price, not a global spot price."
2016-04-01,Paper Cups (12oz),174.9,WPU0911,BLS Producer Price Index by Commodity: Wood Pulp (via FRED),https://fred.stlouisfed.org/series/WPU0911,True,"Indirect input proxy (wood pulp feeds into paper cup manufacturing), US producer price, not a global spot price."
2016-05-01,Paper Cups (12oz),170.6,WPU0911,BLS Producer Price Index by Commodity: Wood Pulp (via FRED),https://fred.stlouisfed.org/series/WPU0911,True,"Indirect input proxy (wood pulp feeds into paper cup manufacturing), US producer price, not a global spot price."
2016-06-01,Paper Cups (12oz),168.4,WPU0911,BLS Producer Price Index by Commodity: Wood Pulp (via FRED),https://fred.stlouisfed.org/series/WPU0911,True,"Indirect input proxy (wood pulp feeds into paper cup manufacturing), US producer price, not a global spot price."
2016-07-01,Paper Cups (12oz),169.8,WPU0911,BLS Producer Price Index by Commodity: Wood Pulp (via FRED),https://fred.stlouisfed.org/series/WPU0911,True,"Indirect input proxy (wood pulp feeds into paper cup manufacturing), US producer price, not a global spot price."
2016-08-01,Paper Cups (12oz),171.7,WPU0911,BLS Producer Price Index by Commodity: Wood Pulp (via FRED),https://fred.stlouisfed.org/series/WPU0911,True,"Indirect input proxy (wood pulp feeds into paper cup manufacturing), US producer price, not a global spot price."
2016-09-01,Paper Cups (12oz),170.5,WPU0911,BLS Producer Price Index by Commodity: Wood Pulp (via FRED),https://fred.stlouisfed.org/series/WPU0911,True,"Indirect input proxy (wood pulp feeds into paper cup manufacturing), US producer price, not a global spot price."
2016-10-01,Paper Cups (12oz),170.5,WPU0911,BLS Producer Price Index by Commodity: Wood Pulp (via FRED),https://fred.stlouisfed.org/series/WPU0911,True,"Indirect input proxy (wood pulp feeds into paper cup manufacturing), US producer price, not a global spot price."
2016-11-01,Paper Cups (12oz),168.1,WPU0911,BLS Producer Price Index by Commodity: Wood Pulp (via FRED),https://fred.stlouisfed.org/series/WPU0911,True,"Indirect input proxy (wood pulp feeds into paper cup manufacturing), US producer price, not a global spot price."
2016-12-01,Paper Cups (12oz),169.9,WPU0911,BLS Producer Price Index by Commodity: Wood Pulp (via FRED),https://fred.stlouisfed.org/series/WPU0911,True,"Indirect input proxy (wood pulp feeds into paper cup manufacturing), US producer price, not a global spot price."
2017-01-01,Paper Cups (12oz),169.7,WPU0911,BLS Producer Price Index by Commodity: Wood Pulp (via FRED),https://fred.stlouisfed.org/series/WPU0911,True,"Indirect input proxy (wood pulp feeds into paper cup manufacturing), US producer price, not a global spot price."
2017-02-01,Paper Cups (12oz),167.4,WPU0911,BLS Producer Price Index by Commodity: Wood Pulp (via FRED),https://fred.stlouisfed.org/series/WPU0911,True,"Indirect input proxy (wood pulp feeds into paper cup manufacturing), US producer price, not a global spot price."
2017-03-01,Paper Cups (12oz),169.7,WPU0911,BLS Producer Price Index by Commodity: Wood Pulp (via FRED),https://fred.stlouisfed.org/series/WPU0911,True,"Indirect input proxy (wood pulp feeds into paper cup manufacturing), US producer price, not a global spot price."
2017-04-01,Paper Cups (12oz),171.9,WPU0911,BLS Producer Price Index by Commodity: Wood Pulp (via FRED),https://fred.stlouisfed.org/series/WPU0911,True,"Indirect input proxy (wood pulp feeds into paper cup manufacturing), US producer price, not a global spot price."
2017-05-01,Paper Cups (12oz),172.9,WPU0911,BLS Producer Price Index by Commodity: Wood Pulp (via FRED),https://fred.stlouisfed.org/series/WPU0911,True,"Indirect input proxy (wood pulp feeds into paper cup manufacturing), US producer price, not a global spot price."
2017-06-01,Paper Cups (12oz),177.2,WPU0911,BLS Producer Price Index by Commodity: Wood Pulp (via FRED),https://fred.stlouisfed.org/series/WPU0911,True,"Indirect input proxy (wood pulp feeds into paper cup manufacturing), US producer price, not a global spot price."
2017-07-01,Paper Cups (12oz),179.1,WPU0911,BLS Producer Price Index by Commodity: Wood Pulp (via FRED),https://fred.stlouisfed.org/series/WPU0911,True,"Indirect input proxy (wood pulp feeds into paper cup manufacturing), US producer price, not a global spot price."
2017-08-01,Paper Cups (12oz),184.3,WPU0911,BLS Producer Price Index by Commodity: Wood Pulp (via FRED),https://fred.stlouisfed.org/series/WPU0911,True,"Indirect input proxy (wood pulp feeds into paper cup manufacturing), US producer price, not a global spot price."
2017-09-01,Paper Cups (12oz),187.4,WPU0911,BLS Producer Price Index by Commodity: Wood Pulp (via FRED),https://fred.stlouisfed.org/series/WPU0911,True,"Indirect input proxy (wood pulp feeds into paper cup manufacturing), US producer price, not a global spot price."
2017-10-01,Paper Cups (12oz),188.0,WPU0911,BLS Producer Price Index by Commodity: Wood Pulp (via FRED),https://fred.stlouisfed.org/series/WPU0911,True,"Indirect input proxy (wood pulp feeds into paper cup manufacturing), US producer price, not a global spot price."
2017-11-01,Paper Cups (12oz),188.9,WPU0911,BLS Producer Price Index by Commodity: Wood Pulp (via FRED),https://fred.stlouisfed.org/series/WPU0911,True,"Indirect input proxy (wood pulp feeds into paper cup manufacturing), US producer price, not a global spot price."
2017-12-01,Paper Cups (12oz),195.6,WPU0911,BLS Producer Price Index by Commodity: Wood Pulp (via FRED),https://fred.stlouisfed.org/series/WPU0911,True,"Indirect input proxy (wood pulp feeds into paper cup manufacturing), US producer price, not a global spot price."
2018-01-01,Paper Cups (12oz),201.4,WPU0911,BLS Producer Price Index by Commodity: Wood Pulp (via FRED),https://fred.stlouisfed.org/series/WPU0911,True,"Indirect input proxy (wood pulp feeds into paper cup manufacturing), US producer price, not a global spot price."
2018-02-01,Paper Cups (12oz),206.6,WPU0911,BLS Producer Price Index by Commodity: Wood Pulp (via FRED),https://fred.stlouisfed.org/series/WPU0911,True,"Indirect input proxy (wood pulp feeds into paper cup manufacturing), US producer price, not a global spot price."
2018-03-01,Paper Cups (12oz),212.1,WPU0911,BLS Producer Price Index by Commodity: Wood Pulp (via FRED),https://fred.stlouisfed.org/series/WPU0911,True,"Indirect input proxy (wood pulp feeds into paper cup manufacturing), US producer price, not a global spot price."
2018-04-01,Paper Cups (12oz),215.9,WPU0911,BLS Producer Price Index by Commodity: Wood Pulp (via FRED),https://fred.stlouisfed.org/series/WPU0911,True,"Indirect input proxy (wood pulp feeds into paper cup manufacturing), US producer price, not a global spot price."
2018-05-01,Paper Cups (12oz),216.6,WPU0911,BLS Producer Price Index by Commodity: Wood Pulp (via FRED),https://fred.stlouisfed.org/series/WPU0911,True,"Indirect input proxy (wood pulp feeds into paper cup manufacturing), US producer price, not a global spot price."
2018-06-01,Paper Cups (12oz),217.1,WPU0911,BLS Producer Price Index by Commodity: Wood Pulp (via FRED),https://fred.stlouisfed.org/series/WPU0911,True,"Indirect input proxy (wood pulp feeds into paper cup manufacturing), US producer price, not a global spot price."
2018-07-01,Paper Cups (12oz),219.0,WPU0911,BLS Producer Price Index by Commodity: Wood Pulp (via FRED),https://fred.stlouisfed.org/series/WPU0911,True,"Indirect input proxy (wood pulp feeds into paper cup manufacturing), US producer price, not a global spot price."
2018-08-01,Paper Cups (12oz),220.0,WPU0911,BLS Producer Price Index by Commodity: Wood Pulp (via FRED),https://fred.stlouisfed.org/series/WPU0911,True,"Indirect input proxy (wood pulp feeds into paper cup manufacturing), US producer price, not a global spot price."
2018-09-01,Paper Cups (12oz),221.3,WPU0911,BLS Producer Price Index by Commodity: Wood Pulp (via FRED),https://fred.stlouisfed.org/series/WPU0911,True,"Indirect input proxy (wood pulp feeds into paper cup manufacturing), US producer price, not a global spot price."
2018-10-01,Paper Cups (12oz),218.2,WPU0911,BLS Producer Price Index by Commodity: Wood Pulp (via FRED),https://fred.stlouisfed.org/series/WPU0911,True,"Indirect input proxy (wood pulp feeds into paper cup manufacturing), US producer price, not a global spot price."
2018-11-01,Paper Cups (12oz),221.0,WPU0911,BLS Producer Price Index by Commodity: Wood Pulp (via FRED),https://fred.stlouisfed.org/series/WPU0911,True,"Indirect input proxy (wood pulp feeds into paper cup manufacturing), US producer price, not a global spot price."
2018-12-01,Paper Cups (12oz),222.3,WPU0911,BLS Producer Price Index by Commodity: Wood Pulp (via FRED),https://fred.stlouisfed.org/series/WPU0911,True,"Indirect input proxy (wood pulp feeds into paper cup manufacturing), US producer price, not a global spot price."
2019-01-01,Paper Cups (12oz),211.7,WPU0911,BLS Producer Price Index by Commodity: Wood Pulp (via FRED),https://fred.stlouisfed.org/series/WPU0911,True,"Indirect input proxy (wood pulp feeds into paper cup manufacturing), US producer price, not a global spot price."
2019-02-01,Paper Cups (12oz),209.7,WPU0911,BLS Producer Price Index by Commodity: Wood Pulp (via FRED),https://fred.stlouisfed.org/series/WPU0911,True,"Indirect input proxy (wood pulp feeds into paper cup manufacturing), US producer price, not a global spot price."
2019-03-01,Paper Cups (12oz),192.4,WPU0911,BLS Producer Price Index by Commodity: Wood Pulp (via FRED),https://fred.stlouisfed.org/series/WPU0911,True,"Indirect input proxy (wood pulp feeds into paper cup manufacturing), US producer price, not a global spot price."
2019-04-01,Paper Cups (12oz),189.7,WPU0911,BLS Producer Price Index by Commodity: Wood Pulp (via FRED),https://fred.stlouisfed.org/series/WPU0911,True,"Indirect input proxy (wood pulp feeds into paper cup manufacturing), US producer price, not a global spot price."
2019-05-01,Paper Cups (12oz),195.4,WPU0911,BLS Producer Price Index by Commodity: Wood Pulp (via FRED),https://fred.stlouisfed.org/series/WPU0911,True,"Indirect input proxy (wood pulp feeds into paper cup manufacturing), US producer price, not a global spot price."
2019-06-01,Paper Cups (12oz),185.7,WPU0911,BLS Producer Price Index by Commodity: Wood Pulp (via FRED),https://fred.stlouisfed.org/series/WPU0911,True,"Indirect input proxy (wood pulp feeds into paper cup manufacturing), US producer price, not a global spot price."
2019-07-01,Paper Cups (12oz),176.6,WPU0911,BLS Producer Price Index by Commodity: Wood Pulp (via FRED),https://fred.stlouisfed.org/series/WPU0911,True,"Indirect input proxy (wood pulp feeds into paper cup manufacturing), US producer price, not a global spot price."
2019-08-01,Paper Cups (12oz),162.3,WPU0911,BLS Producer Price Index by Commodity: Wood Pulp (via FRED),https://fred.stlouisfed.org/series/WPU0911,True,"Indirect input proxy (wood pulp feeds into paper cup manufacturing), US producer price, not a global spot price."
2019-09-01,Paper Cups (12oz),146.6,WPU0911,BLS Producer Price Index by Commodity: Wood Pulp (via FRED),https://fred.stlouisfed.org/series/WPU0911,True,"Indirect input proxy (wood pulp feeds into paper cup manufacturing), US producer price, not a global spot price."
2019-10-01,Paper Cups (12oz),140.1,WPU0911,BLS Producer Price Index by Commodity: Wood Pulp (via FRED),https://fred.stlouisfed.org/series/WPU0911,True,"Indirect input proxy (wood pulp feeds into paper cup manufacturing), US producer price, not a global spot price."
2019-11-01,Paper Cups (12oz),137.4,WPU0911,BLS Producer Price Index by Commodity: Wood Pulp (via FRED),https://fred.stlouisfed.org/series/WPU0911,True,"Indirect input proxy (wood pulp feeds into paper cup manufacturing), US producer price, not a global spot price."
2019-12-01,Paper Cups (12oz),140.3,WPU0911,BLS Producer Price Index by Commodity: Wood Pulp (via FRED),https://fred.stlouisfed.org/series/WPU0911,True,"Indirect input proxy (wood pulp feeds into paper cup manufacturing), US producer price, not a global spot price."
2020-01-01,Paper Cups (12oz),139.2,WPU0911,BLS Producer Price Index by Commodity: Wood Pulp (via FRED),https://fred.stlouisfed.org/series/WPU0911,True,"Indirect input proxy (wood pulp feeds into paper cup manufacturing), US producer price, not a global spot price."
2020-02-01,Paper Cups (12oz),142.7,WPU0911,BLS Producer Price Index by Commodity: Wood Pulp (via FRED),https://fred.stlouisfed.org/series/WPU0911,True,"Indirect input proxy (wood pulp feeds into paper cup manufacturing), US producer price, not a global spot price."
2020-03-01,Paper Cups (12oz),137.4,WPU0911,BLS Producer Price Index by Commodity: Wood Pulp (via FRED),https://fred.stlouisfed.org/series/WPU0911,True,"Indirect input proxy (wood pulp feeds into paper cup manufacturing), US producer price, not a global spot price."
2020-04-01,Paper Cups (12oz),141.1,WPU0911,BLS Producer Price Index by Commodity: Wood Pulp (via FRED),https://fred.stlouisfed.org/series/WPU0911,True,"Indirect input proxy (wood pulp feeds into paper cup manufacturing), US producer price, not a global spot price."
2020-05-01,Paper Cups (12oz),144.6,WPU0911,BLS Producer Price Index by Commodity: Wood Pulp (via FRED),https://fred.stlouisfed.org/series/WPU0911,True,"Indirect input proxy (wood pulp feeds into paper cup manufacturing), US producer price, not a global spot price."
2020-06-01,Paper Cups (12oz),145.9,WPU0911,BLS Producer Price Index by Commodity: Wood Pulp (via FRED),https://fred.stlouisfed.org/series/WPU0911,True,"Indirect input proxy (wood pulp feeds into paper cup manufacturing), US producer price, not a global spot price."
2020-07-01,Paper Cups (12oz),145.5,WPU0911,BLS Producer Price Index by Commodity: Wood Pulp (via FRED),https://fred.stlouisfed.org/series/WPU0911,True,"Indirect input proxy (wood pulp feeds into paper cup manufacturing), US producer price, not a global spot price."
2020-08-01,Paper Cups (12oz),139.9,WPU0911,BLS Producer Price Index by Commodity: Wood Pulp (via FRED),https://fred.stlouisfed.org/series/WPU0911,True,"Indirect input proxy (wood pulp feeds into paper cup manufacturing), US producer price, not a global spot price."
2020-09-01,Paper Cups (12oz),139.1,WPU0911,BLS Producer Price Index by Commodity: Wood Pulp (via FRED),https://fred.stlouisfed.org/series/WPU0911,True,"Indirect input proxy (wood pulp feeds into paper cup manufacturing), US producer price, not a global spot price."
2020-10-01,Paper Cups (12oz),139.8,WPU0911,BLS Producer Price Index by Commodity: Wood Pulp (via FRED),https://fred.stlouisfed.org/series/WPU0911,True,"Indirect input proxy (wood pulp feeds into paper cup manufacturing), US producer price, not a global spot price."
2020-11-01,Paper Cups (12oz),142.0,WPU0911,BLS Producer Price Index by Commodity: Wood Pulp (via FRED),https://fred.stlouisfed.org/series/WPU0911,True,"Indirect input proxy (wood pulp feeds into paper cup manufacturing), US producer price, not a global spot price."
2020-12-01,Paper Cups (12oz),142.5,WPU0911,BLS Producer Price Index by Commodity: Wood Pulp (via FRED),https://fred.stlouisfed.org/series/WPU0911,True,"Indirect input proxy (wood pulp feeds into paper cup manufacturing), US producer price, not a global spot price."
2021-01-01,Paper Cups (12oz),143.8,WPU0911,BLS Producer Price Index by Commodity: Wood Pulp (via FRED),https://fred.stlouisfed.org/series/WPU0911,True,"Indirect input proxy (wood pulp feeds into paper cup manufacturing), US producer price, not a global spot price."
2021-02-01,Paper Cups (12oz),156.0,WPU0911,BLS Producer Price Index by Commodity: Wood Pulp (via FRED),https://fred.stlouisfed.org/series/WPU0911,True,"Indirect input proxy (wood pulp feeds into paper cup manufacturing), US producer price, not a global spot price."
2021-03-01,Paper Cups (12oz),167.2,WPU0911,BLS Producer Price Index by Commodity: Wood Pulp (via FRED),https://fred.stlouisfed.org/series/WPU0911,True,"Indirect input proxy (wood pulp feeds into paper cup manufacturing), US producer price, not a global spot price."
2021-04-01,Paper Cups (12oz),189.2,WPU0911,BLS Producer Price Index by Commodity: Wood Pulp (via FRED),https://fred.stlouisfed.org/series/WPU0911,True,"Indirect input proxy (wood pulp feeds into paper cup manufacturing), US producer price, not a global spot price."
2021-05-01,Paper Cups (12oz),196.8,WPU0911,BLS Producer Price Index by Commodity: Wood Pulp (via FRED),https://fred.stlouisfed.org/series/WPU0911,True,"Indirect input proxy (wood pulp feeds into paper cup manufacturing), US producer price, not a global spot price."
2021-06-01,Paper Cups (12oz),203.6,WPU0911,BLS Producer Price Index by Commodity: Wood Pulp (via FRED),https://fred.stlouisfed.org/series/WPU0911,True,"Indirect input proxy (wood pulp feeds into paper cup manufacturing), US producer price, not a global spot price."
2021-07-01,Paper Cups (12oz),207.506,WPU0911,BLS Producer Price Index by Commodity: Wood Pulp (via FRED),https://fred.stlouisfed.org/series/WPU0911,True,"Indirect input proxy (wood pulp feeds into paper cup manufacturing), US producer price, not a global spot price."
2021-08-01,Paper Cups (12oz),211.209,WPU0911,BLS Producer Price Index by Commodity: Wood Pulp (via FRED),https://fred.stlouisfed.org/series/WPU0911,True,"Indirect input proxy (wood pulp feeds into paper cup manufacturing), US producer price, not a global spot price."
2021-09-01,Paper Cups (12oz),210.931,WPU0911,BLS Producer Price Index by Commodity: Wood Pulp (via FRED),https://fred.stlouisfed.org/series/WPU0911,True,"Indirect input proxy (wood pulp feeds into paper cup manufacturing), US producer price, not a global spot price."
2021-10-01,Paper Cups (12oz),210.811,WPU0911,BLS Producer Price Index by Commodity: Wood Pulp (via FRED),https://fred.stlouisfed.org/series/WPU0911,True,"Indirect input proxy (wood pulp feeds into paper cup manufacturing), US producer price, not a global spot price."
2021-11-01,Paper Cups (12oz),207.439,WPU0911,BLS Producer Price Index by Commodity: Wood Pulp (via FRED),https://fred.stlouisfed.org/series/WPU0911,True,"Indirect input proxy (wood pulp feeds into paper cup manufacturing), US producer price, not a global spot price."
2021-12-01,Paper Cups (12oz),212.777,WPU0911,BLS Producer Price Index by Commodity: Wood Pulp (via FRED),https://fred.stlouisfed.org/series/WPU0911,True,"Indirect input proxy (wood pulp feeds into paper cup manufacturing), US producer price, not a global spot price."
2022-01-01,Paper Cups (12oz),212.003,WPU0911,BLS Producer Price Index by Commodity: Wood Pulp (via FRED),https://fred.stlouisfed.org/series/WPU0911,True,"Indirect input proxy (wood pulp feeds into paper cup manufacturing), US producer price, not a global spot price."
2022-02-01,Paper Cups (12oz),213.299,WPU0911,BLS Producer Price Index by Commodity: Wood Pulp (via FRED),https://fred.stlouisfed.org/series/WPU0911,True,"Indirect input proxy (wood pulp feeds into paper cup manufacturing), US producer price, not a global spot price."
2022-03-01,Paper Cups (12oz),214.692,WPU0911,BLS Producer Price Index by Commodity: Wood Pulp (via FRED),https://fred.stlouisfed.org/series/WPU0911,True,"Indirect input proxy (wood pulp feeds into paper cup manufacturing), US producer price, not a global spot price."
2022-04-01,Paper Cups (12oz),217.229,WPU0911,BLS Producer Price Index by Commodity: Wood Pulp (via FRED),https://fred.stlouisfed.org/series/WPU0911,True,"Indirect input proxy (wood pulp feeds into paper cup manufacturing), US producer price, not a global spot price."
2022-05-01,Paper Cups (12oz),221.341,WPU0911,BLS Producer Price Index by Commodity: Wood Pulp (via FRED),https://fred.stlouisfed.org/series/WPU0911,True,"Indirect input proxy (wood pulp feeds into paper cup manufacturing), US producer price, not a global spot price."
2022-06-01,Paper Cups (12oz),243.575,WPU0911,BLS Producer Price Index by Commodity: Wood Pulp (via FRED),https://fred.stlouisfed.org/series/WPU0911,True,"Indirect input proxy (wood pulp feeds into paper cup manufacturing), US producer price, not a global spot price."
2022-07-01,Paper Cups (12oz),236.704,WPU0911,BLS Producer Price Index by Commodity: Wood Pulp (via FRED),https://fred.stlouisfed.org/series/WPU0911,True,"Indirect input proxy (wood pulp feeds into paper cup manufacturing), US producer price, not a global spot price."
2022-08-01,Paper Cups (12oz),254.138,WPU0911,BLS Producer Price Index by Commodity: Wood Pulp (via FRED),https://fred.stlouisfed.org/series/WPU0911,True,"Indirect input proxy (wood pulp feeds into paper cup manufacturing), US producer price, not a global spot price."
2022-09-01,Paper Cups (12oz),254.218,WPU0911,BLS Producer Price Index by Commodity: Wood Pulp (via FRED),https://fred.stlouisfed.org/series/WPU0911,True,"Indirect input proxy (wood pulp feeds into paper cup manufacturing), US producer price, not a global spot price."
2022-10-01,Paper Cups (12oz),252.599,WPU0911,BLS Producer Price Index by Commodity: Wood Pulp (via FRED),https://fred.stlouisfed.org/series/WPU0911,True,"Indirect input proxy (wood pulp feeds into paper cup manufacturing), US producer price, not a global spot price."
2022-11-01,Paper Cups (12oz),264.353,WPU0911,BLS Producer Price Index by Commodity: Wood Pulp (via FRED),https://fred.stlouisfed.org/series/WPU0911,True,"Indirect input proxy (wood pulp feeds into paper cup manufacturing), US producer price, not a global spot price."
2022-12-01,Paper Cups (12oz),258.453,WPU0911,BLS Producer Price Index by Commodity: Wood Pulp (via FRED),https://fred.stlouisfed.org/series/WPU0911,True,"Indirect input proxy (wood pulp feeds into paper cup manufacturing), US producer price, not a global spot price."
2023-01-01,Paper Cups (12oz),268.947,WPU0911,BLS Producer Price Index by Commodity: Wood Pulp (via FRED),https://fred.stlouisfed.org/series/WPU0911,True,"Indirect input proxy (wood pulp feeds into paper cup manufacturing), US producer price, not a global spot price."
2023-02-01,Paper Cups (12oz),255.659,WPU0911,BLS Producer Price Index by Commodity: Wood Pulp (via FRED),https://fred.stlouisfed.org/series/WPU0911,True,"Indirect input proxy (wood pulp feeds into paper cup manufacturing), US producer price, not a global spot price."
2023-03-01,Paper Cups (12oz),254.684,WPU0911,BLS Producer Price Index by Commodity: Wood Pulp (via FRED),https://fred.stlouisfed.org/series/WPU0911,True,"Indirect input proxy (wood pulp feeds into paper cup manufacturing), US producer price, not a global spot price."
2023-04-01,Paper Cups (12oz),237.568,WPU0911,BLS Producer Price Index by Commodity: Wood Pulp (via FRED),https://fred.stlouisfed.org/series/WPU0911,True,"Indirect input proxy (wood pulp feeds into paper cup manufacturing), US producer price, not a global spot price."
2023-05-01,Paper Cups (12oz),224.401,WPU0911,BLS Producer Price Index by Commodity: Wood Pulp (via FRED),https://fred.stlouisfed.org/series/WPU0911,True,"Indirect input proxy (wood pulp feeds into paper cup manufacturing), US producer price, not a global spot price."
2023-06-01,Paper Cups (12oz),203.2,WPU0911,BLS Producer Price Index by Commodity: Wood Pulp (via FRED),https://fred.stlouisfed.org/series/WPU0911,True,"Indirect input proxy (wood pulp feeds into paper cup manufacturing), US producer price, not a global spot price."
2023-07-01,Paper Cups (12oz),204.108,WPU0911,BLS Producer Price Index by Commodity: Wood Pulp (via FRED),https://fred.stlouisfed.org/series/WPU0911,True,"Indirect input proxy (wood pulp feeds into paper cup manufacturing), US producer price, not a global spot price."
2023-08-01,Paper Cups (12oz),199.121,WPU0911,BLS Producer Price Index by Commodity: Wood Pulp (via FRED),https://fred.stlouisfed.org/series/WPU0911,True,"Indirect input proxy (wood pulp feeds into paper cup manufacturing), US producer price, not a global spot price."
2023-09-01,Paper Cups (12oz),190.761,WPU0911,BLS Producer Price Index by Commodity: Wood Pulp (via FRED),https://fred.stlouisfed.org/series/WPU0911,True,"Indirect input proxy (wood pulp feeds into paper cup manufacturing), US producer price, not a global spot price."
2023-10-01,Paper Cups (12oz),196.091,WPU0911,BLS Producer Price Index by Commodity: Wood Pulp (via FRED),https://fred.stlouisfed.org/series/WPU0911,True,"Indirect input proxy (wood pulp feeds into paper cup manufacturing), US producer price, not a global spot price."
2023-11-01,Paper Cups (12oz),199.526,WPU0911,BLS Producer Price Index by Commodity: Wood Pulp (via FRED),https://fred.stlouisfed.org/series/WPU0911,True,"Indirect input proxy (wood pulp feeds into paper cup manufacturing), US producer price, not a global spot price."
2023-12-01,Paper Cups (12oz),205.776,WPU0911,BLS Producer Price Index by Commodity: Wood Pulp (via FRED),https://fred.stlouisfed.org/series/WPU0911,True,"Indirect input proxy (wood pulp feeds into paper cup manufacturing), US producer price, not a global spot price."
2024-01-01,Paper Cups (12oz),209.264,WPU0911,BLS Producer Price Index by Commodity: Wood Pulp (via FRED),https://fred.stlouisfed.org/series/WPU0911,True,"Indirect input proxy (wood pulp feeds into paper cup manufacturing), US producer price, not a global spot price."
2024-02-01,Paper Cups (12oz),210.58,WPU0911,BLS Producer Price Index by Commodity: Wood Pulp (via FRED),https://fred.stlouisfed.org/series/WPU0911,True,"Indirect input proxy (wood pulp feeds into paper cup manufacturing), US producer price, not a global spot price."
2024-03-01,Paper Cups (12oz),215.883,WPU0911,BLS Producer Price Index by Commodity: Wood Pulp (via FRED),https://fred.stlouisfed.org/series/WPU0911,True,"Indirect input proxy (wood pulp feeds into paper cup manufacturing), US producer price, not a global spot price."
2024-04-01,Paper Cups (12oz),227.333,WPU0911,BLS Producer Price Index by Commodity: Wood Pulp (via FRED),https://fred.stlouisfed.org/series/WPU0911,True,"Indirect input proxy (wood pulp feeds into paper cup manufacturing), US producer price, not a global spot price."
2024-05-01,Paper Cups (12oz),232.147,WPU0911,BLS Producer Price Index by Commodity: Wood Pulp (via FRED),https://fred.stlouisfed.org/series/WPU0911,True,"Indirect input proxy (wood pulp feeds into paper cup manufacturing), US producer price, not a global spot price."
2024-06-01,Paper Cups (12oz),233.312,WPU0911,BLS Producer Price Index by Commodity: Wood Pulp (via FRED),https://fred.stlouisfed.org/series/WPU0911,True,"Indirect input proxy (wood pulp feeds into paper cup manufacturing), US producer price, not a global spot price."
2024-07-01,Paper Cups (12oz),236.466,WPU0911,BLS Producer Price Index by Commodity: Wood Pulp (via FRED),https://fred.stlouisfed.org/series/WPU0911,True,"Indirect input proxy (wood pulp feeds into paper cup manufacturing), US producer price, not a global spot price."
2024-08-01,Paper Cups (12oz),239.277,WPU0911,BLS Producer Price Index by Commodity: Wood Pulp (via FRED),https://fred.stlouisfed.org/series/WPU0911,True,"Indirect input proxy (wood pulp feeds into paper cup manufacturing), US producer price, not a global spot price."
2024-09-01,Paper Cups (12oz),235.703,WPU0911,BLS Producer Price Index by Commodity: Wood Pulp (via FRED),https://fred.stlouisfed.org/series/WPU0911,True,"Indirect input proxy (wood pulp feeds into paper cup manufacturing), US producer price, not a global spot price."
2024-10-01,Paper Cups (12oz),234.942,WPU0911,BLS Producer Price Index by Commodity: Wood Pulp (via FRED),https://fred.stlouisfed.org/series/WPU0911,True,"Indirect input proxy (wood pulp feeds into paper cup manufacturing), US producer price, not a global spot price."
2024-11-01,Paper Cups (12oz),233.858,WPU0911,BLS Producer Price Index by Commodity: Wood Pulp (via FRED),https://fred.stlouisfed.org/series/WPU0911,True,"Indirect input proxy (wood pulp feeds into paper cup manufacturing), US producer price, not a global spot price."
2024-12-01,Paper Cups (12oz),229.038,WPU0911,BLS Producer Price Index by Commodity: Wood Pulp (via FRED),https://fred.stlouisfed.org/series/WPU0911,True,"Indirect input proxy (wood pulp feeds into paper cup manufacturing), US producer price, not a global spot price."
2025-01-01,Paper Cups (12oz),221.905,WPU0911,BLS Producer Price Index by Commodity: Wood Pulp (via FRED),https://fred.stlouisfed.org/series/WPU0911,True,"Indirect input proxy (wood pulp feeds into paper cup manufacturing), US producer price, not a global spot price."
2025-02-01,Paper Cups (12oz),219.741,WPU0911,BLS Producer Price Index by Commodity: Wood Pulp (via FRED),https://fred.stlouisfed.org/series/WPU0911,True,"Indirect input proxy (wood pulp feeds into paper cup manufacturing), US producer price, not a global spot price."
2025-03-01,Paper Cups (12oz),216.731,WPU0911,BLS Producer Price Index by Commodity: Wood Pulp (via FRED),https://fred.stlouisfed.org/series/WPU0911,True,"Indirect input proxy (wood pulp feeds into paper cup manufacturing), US producer price, not a global spot price."
2025-04-01,Paper Cups (12oz),220.088,WPU0911,BLS Producer Price Index by Commodity: Wood Pulp (via FRED),https://fred.stlouisfed.org/series/WPU0911,True,"Indirect input proxy (wood pulp feeds into paper cup manufacturing), US producer price, not a global spot price."
2025-05-01,Paper Cups (12oz),222.199,WPU0911,BLS Producer Price Index by Commodity: Wood Pulp (via FRED),https://fred.stlouisfed.org/series/WPU0911,True,"Indirect input proxy (wood pulp feeds into paper cup manufacturing), US producer price, not a global spot price."
2025-06-01,Paper Cups (12oz),223.495,WPU0911,BLS Producer Price Index by Commodity: Wood Pulp (via FRED),https://fred.stlouisfed.org/series/WPU0911,True,"Indirect input proxy (wood pulp feeds into paper cup manufacturing), US producer price, not a global spot price."
2025-07-01,Paper Cups (12oz),224.831,WPU0911,BLS Producer Price Index by Commodity: Wood Pulp (via FRED),https://fred.stlouisfed.org/series/WPU0911,True,"Indirect input proxy (wood pulp feeds into paper cup manufacturing), US producer price, not a global spot price."
2025-08-01,Paper Cups (12oz),226.231,WPU0911,BLS Producer Price Index by Commodity: Wood Pulp (via FRED),https://fred.stlouisfed.org/series/WPU0911,True,"Indirect input proxy (wood pulp feeds into paper cup manufacturing), US producer price, not a global spot price."
2025-09-01,Paper Cups (12oz),222.355,WPU0911,BLS Producer Price Index by Commodity: Wood Pulp (via FRED),https://fred.stlouisfed.org/series/WPU0911,True,"Indirect input proxy (wood pulp feeds into paper cup manufacturing), US producer price, not a global spot price."
2025-10-01,Paper Cups (12oz),215.803,WPU0911,BLS Producer Price Index by Commodity: Wood Pulp (via FRED),https://fred.stlouisfed.org/series/WPU0911,True,"Indirect input proxy (wood pulp feeds into paper cup manufacturing), US producer price, not a global spot price."
2025-11-01,Paper Cups (12oz),209.19,WPU0911,BLS Producer Price Index by Commodity: Wood Pulp (via FRED),https://fred.stlouisfed.org/series/WPU0911,True,"Indirect input proxy (wood pulp feeds into paper cup manufacturing), US producer price, not a global spot price."
2025-12-01,Paper Cups (12oz),205.046,WPU0911,BLS Producer Price Index by Commodity: Wood Pulp (via FRED),https://fred.stlouisfed.org/series/WPU0911,True,"Indirect input proxy (wood pulp feeds into paper cup manufacturing), US producer price, not a global spot price."
2026-01-01,Paper Cups (12oz),202.159,WPU0911,BLS Producer Price Index by Commodity: Wood Pulp (via FRED),https://fred.stlouisfed.org/series/WPU0911,True,"Indirect input proxy (wood pulp feeds into paper cup manufacturing), US producer price, not a global spot price."
2026-02-01,Paper Cups (12oz),199.507,WPU0911,BLS Producer Price Index by Commodity: Wood Pulp (via FRED),https://fred.stlouisfed.org/series/WPU0911,True,"Indirect input proxy (wood pulp feeds into paper cup manufacturing), US producer price, not a global spot price."
2026-03-01,Paper Cups (12oz),200.495,WPU0911,BLS Producer Price Index by Commodity: Wood Pulp (via FRED),https://fred.stlouisfed.org/series/WPU0911,True,"Indirect input proxy (wood pulp feeds into paper cup manufacturing), US producer price, not a global spot price."
2026-04-01,Paper Cups (12oz),202.147,WPU0911,BLS Producer Price Index by Commodity: Wood Pulp (via FRED),https://fred.stlouisfed.org/series/WPU0911,True,"Indirect input proxy (wood pulp feeds into paper cup manufacturing), US producer price, not a global spot price."
2026-05-01,Paper Cups (12oz),204.693,WPU0911,BLS Producer Price Index by Commodity: Wood Pulp (via FRED),https://fred.stlouisfed.org/series/WPU0911,True,"Indirect input proxy (wood pulp feeds into paper cup manufacturing), US producer price, not a global spot price."
2026-06-01,Paper Cups (12oz),208.059,WPU0911,BLS Producer Price Index by Commodity: Wood Pulp (via FRED),https://fred.stlouisfed.org/series/WPU0911,True,"Indirect input proxy (wood pulp feeds into paper cup manufacturing), US producer price, not a global spot price."
2026-07-01,Paper Cups (12oz),213.323,WPU0911,BLS Producer Price Index by Commodity: Wood Pulp (via FRED),https://fred.stlouisfed.org/series/WPU0911,True,"Indirect input proxy (wood pulp feeds into paper cup manufacturing), US producer price, not a global spot price."
2026-08-01,Paper Cups (12oz),218.37,WPU0911,BLS Producer Price Index by Commodity: Wood Pulp (via FRED),https://fred.stlouisfed.org/series/WPU0911,True,"Indirect input proxy (wood pulp feeds into paper cup manufacturing), US producer price, not a global spot price."
