date,sku,units_sold,on_hand,stockout_flag
2021-01-01,Espresso Beans (Arabica),1.0,3.7,False
2021-01-02,Espresso Beans (Arabica),0.0,3.7,False
2021-01-03,Espresso Beans (Arabica),1.0,2.7,False
2021-01-04,Espresso Beans (Arabica),1.0,7.6,False
2021-01-05,Espresso Beans (Arabica),0.0,7.6,False
2021-01-06,Espresso Beans (Arabica),0.0,7.6,False
2021-01-07,Espresso Beans (Arabica),1.0,6.6,False
2021-01-08,Espresso Beans (Arabica),0.0,6.6,False
2021-01-09,Espresso Beans (Arabica),1.0,5.6,False
2021-01-10,Espresso Beans (Arabica),0.0,5.6,False
2021-01-11,Espresso Beans (Arabica),1.0,4.6,False
2021-01-12,Espresso Beans (Arabica),1.0,3.6,False
2021-01-13,Espresso Beans (Arabica),1.0,2.6,False
2021-01-14,Espresso Beans (Arabica),1.0,1.6,False
2021-01-15,Espresso Beans (Arabica),1.0,0.6,False
2021-01-16,Espresso Beans (Arabica),0.0,6.5,False
2021-01-17,Espresso Beans (Arabica),1.0,5.5,False
2021-01-18,Espresso Beans (Arabica),0.0,5.5,False
2021-01-19,Espresso Beans (Arabica),1.0,4.5,False
2021-01-20,Espresso Beans (Arabica),1.0,3.5,False
2021-01-21,Espresso Beans (Arabica),0.0,3.5,False
2021-01-22,Espresso Beans (Arabica),0.0,3.5,False
2021-01-23,Espresso Beans (Arabica),1.0,2.5,False
2021-01-24,Espresso Beans (Arabica),1.0,1.5,False
2021-01-25,Espresso Beans (Arabica),0.0,7.4,False
2021-01-26,Espresso Beans (Arabica),0.0,7.4,False
2021-01-27,Espresso Beans (Arabica),1.0,6.4,False
2021-01-28,Espresso Beans (Arabica),1.0,5.4,False
2021-01-29,Espresso Beans (Arabica),1.0,4.4,False
2021-01-30,Espresso Beans (Arabica),1.0,3.4,False
2021-01-31,Espresso Beans (Arabica),1.0,2.4,False
2021-02-01,Espresso Beans (Arabica),0.0,2.4,False
2021-02-02,Espresso Beans (Arabica),0.0,2.4,False
2021-02-03,Espresso Beans (Arabica),0.0,2.4,False
2021-02-04,Espresso Beans (Arabica),1.0,1.4,False
2021-02-05,Espresso Beans (Arabica),1.0,0.4,False
2021-02-06,Espresso Beans (Arabica),1.0,5.9,True
2021-02-07,Espresso Beans (Arabica),0.0,5.9,False
2021-02-08,Espresso Beans (Arabica),0.0,5.9,False
2021-02-09,Espresso Beans (Arabica),1.0,4.9,False
2021-02-10,Espresso Beans (Arabica),1.0,3.9,False
2021-02-11,Espresso Beans (Arabica),1.0,2.9,False
2021-02-12,Espresso Beans (Arabica),0.0,2.9,False
2021-02-13,Espresso Beans (Arabica),1.0,1.9,False
2021-02-14,Espresso Beans (Arabica),1.0,0.9,False
2021-02-15,Espresso Beans (Arabica),1.0,5.9,True
2021-02-16,Espresso Beans (Arabica),1.0,4.9,False
2021-02-17,Espresso Beans (Arabica),1.0,3.9,False
2021-02-18,Espresso Beans (Arabica),1.0,2.9,False
2021-02-19,Espresso Beans (Arabica),1.0,1.9,False
2021-02-20,Espresso Beans (Arabica),1.0,0.9,False
2021-02-21,Espresso Beans (Arabica),1.0,5.9,True
2021-02-22,Espresso Beans (Arabica),0.0,5.9,False
2021-02-23,Espresso Beans (Arabica),0.0,5.9,False
2021-02-24,Espresso Beans (Arabica),0.0,5.9,False
2021-02-25,Espresso Beans (Arabica),0.0,5.9,False
2021-02-26,Espresso Beans (Arabica),0.0,5.9,False
2021-02-27,Espresso Beans (Arabica),1.0,4.9,False
2021-02-28,Espresso Beans (Arabica),0.0,4.9,False
2021-03-01,Espresso Beans (Arabica),1.0,3.9,False
2021-03-02,Espresso Beans (Arabica),0.0,3.9,False
2021-03-03,Espresso Beans (Arabica),0.0,3.9,False
2021-03-04,Espresso Beans (Arabica),1.0,2.9,False
2021-03-05,Espresso Beans (Arabica),1.0,7.8,False
2021-03-06,Espresso Beans (Arabica),1.0,6.8,False
2021-03-07,Espresso Beans (Arabica),1.0,5.8,False
2021-03-08,Espresso Beans (Arabica),0.0,5.8,False
2021-03-09,Espresso Beans (Arabica),0.0,5.8,False
2021-03-10,Espresso Beans (Arabica),1.0,4.8,False
2021-03-11,Espresso Beans (Arabica),0.0,4.8,False
2021-03-12,Espresso Beans (Arabica),0.0,4.8,False
2021-03-13,Espresso Beans (Arabica),0.0,4.8,False
2021-03-14,Espresso Beans (Arabica),0.0,4.8,False
2021-03-15,Espresso Beans (Arabica),1.0,3.8,False
2021-03-16,Espresso Beans (Arabica),1.0,2.8,False
2021-03-17,Espresso Beans (Arabica),1.0,7.7,False
2021-03-18,Espresso Beans (Arabica),0.0,7.7,False
2021-03-19,Espresso Beans (Arabica),1.0,6.7,False
2021-03-20,Espresso Beans (Arabica),1.0,5.7,False
2021-03-21,Espresso Beans (Arabica),0.0,5.7,False
2021-03-22,Espresso Beans (Arabica),1.0,4.7,False
2021-03-23,Espresso Beans (Arabica),0.0,4.7,False
2021-03-24,Espresso Beans (Arabica),0.0,4.7,False
2021-03-25,Espresso Beans (Arabica),0.0,4.7,False
2021-03-26,Espresso Beans (Arabica),0.0,4.7,False
2021-03-27,Espresso Beans (Arabica),1.0,3.7,False
2021-03-28,Espresso Beans (Arabica),0.0,3.7,False
2021-03-29,Espresso Beans (Arabica),0.0,3.7,False
2021-03-30,Espresso Beans (Arabica),1.0,2.7,False
2021-03-31,Espresso Beans (Arabica),1.0,1.7,False
2021-04-01,Espresso Beans (Arabica),1.0,6.6,False
2021-04-02,Espresso Beans (Arabica),0.0,6.6,False
2021-04-03,Espresso Beans (Arabica),0.0,6.6,False
2021-04-04,Espresso Beans (Arabica),0.0,6.6,False
2021-04-05,Espresso Beans (Arabica),0.0,6.6,False
2021-04-06,Espresso Beans (Arabica),0.0,6.6,False
2021-04-07,Espresso Beans (Arabica),0.0,6.6,False
2021-04-08,Espresso Beans (Arabica),0.0,6.6,False
2021-04-09,Espresso Beans (Arabica),1.0,5.6,False
2021-04-10,Espresso Beans (Arabica),0.0,5.6,False
2021-04-11,Espresso Beans (Arabica),0.0,5.6,False
2021-04-12,Espresso Beans (Arabica),1.0,4.6,False
2021-04-13,Espresso Beans (Arabica),0.0,4.6,False
2021-04-14,Espresso Beans (Arabica),1.0,3.6,False
2021-04-15,Espresso Beans (Arabica),0.0,3.6,False
2021-04-16,Espresso Beans (Arabica),0.0,3.6,False
2021-04-17,Espresso Beans (Arabica),0.0,3.6,False
2021-04-18,Espresso Beans (Arabica),0.0,3.6,False
2021-04-19,Espresso Beans (Arabica),1.0,2.6,False
2021-04-20,Espresso Beans (Arabica),0.0,2.6,False
2021-04-21,Espresso Beans (Arabica),1.0,1.6,False
2021-04-22,Espresso Beans (Arabica),0.0,7.5,False
2021-04-23,Espresso Beans (Arabica),0.0,7.5,False
2021-04-24,Espresso Beans (Arabica),0.0,7.5,False
2021-04-25,Espresso Beans (Arabica),0.0,7.5,False
2021-04-26,Espresso Beans (Arabica),0.0,7.5,False
2021-04-27,Espresso Beans (Arabica),0.0,7.5,False
2021-04-28,Espresso Beans (Arabica),0.0,7.5,False
2021-04-29,Espresso Beans (Arabica),1.0,6.5,False
2021-04-30,Espresso Beans (Arabica),0.0,6.5,False
2021-05-01,Espresso Beans (Arabica),0.0,6.5,False
2021-05-02,Espresso Beans (Arabica),0.0,6.5,False
2021-05-03,Espresso Beans (Arabica),0.0,6.5,False
2021-05-04,Espresso Beans (Arabica),1.0,5.5,False
2021-05-05,Espresso Beans (Arabica),1.0,4.5,False
2021-05-06,Espresso Beans (Arabica),0.0,4.5,False
2021-05-07,Espresso Beans (Arabica),1.0,3.5,False
2021-05-08,Espresso Beans (Arabica),0.0,3.5,False
2021-05-09,Espresso Beans (Arabica),0.0,3.5,False
2021-05-10,Espresso Beans (Arabica),0.0,3.5,False
2021-05-11,Espresso Beans (Arabica),0.0,3.5,False
2021-05-12,Espresso Beans (Arabica),0.0,3.5,False
2021-05-13,Espresso Beans (Arabica),1.0,2.5,False
2021-05-14,Espresso Beans (Arabica),0.0,2.5,False
2021-05-15,Espresso Beans (Arabica),0.0,2.5,False
2021-05-16,Espresso Beans (Arabica),0.0,2.5,False
2021-05-17,Espresso Beans (Arabica),0.0,2.5,False
2021-05-18,Espresso Beans (Arabica),1.0,1.5,False
2021-05-19,Espresso Beans (Arabica),1.0,6.4,False
2021-05-20,Espresso Beans (Arabica),1.0,5.4,False
2021-05-21,Espresso Beans (Arabica),1.0,4.4,False
2021-05-22,Espresso Beans (Arabica),0.0,4.4,False
2021-05-23,Espresso Beans (Arabica),0.0,4.4,False
2021-05-24,Espresso Beans (Arabica),0.0,4.4,False
2021-05-25,Espresso Beans (Arabica),0.0,4.4,False
2021-05-26,Espresso Beans (Arabica),0.0,4.4,False
2021-05-27,Espresso Beans (Arabica),0.0,4.4,False
2021-05-28,Espresso Beans (Arabica),0.0,4.4,False
2021-05-29,Espresso Beans (Arabica),1.0,3.4,False
2021-05-30,Espresso Beans (Arabica),0.0,3.4,False
2021-05-31,Espresso Beans (Arabica),0.0,3.4,False
2021-06-01,Espresso Beans (Arabica),0.0,3.4,False
2021-06-02,Espresso Beans (Arabica),0.0,3.4,False
2021-06-03,Espresso Beans (Arabica),0.0,3.4,False
2021-06-04,Espresso Beans (Arabica),0.0,3.4,False
2021-06-05,Espresso Beans (Arabica),1.0,2.4,False
2021-06-06,Espresso Beans (Arabica),0.0,2.4,False
2021-06-07,Espresso Beans (Arabica),1.0,1.4,False
2021-06-08,Espresso Beans (Arabica),0.0,1.4,False
2021-06-09,Espresso Beans (Arabica),0.0,7.3,False
2021-06-10,Espresso Beans (Arabica),0.0,7.3,False
2021-06-11,Espresso Beans (Arabica),0.0,7.3,False
2021-06-12,Espresso Beans (Arabica),1.0,6.3,False
2021-06-13,Espresso Beans (Arabica),0.0,6.3,False
2021-06-14,Espresso Beans (Arabica),1.0,5.3,False
2021-06-15,Espresso Beans (Arabica),0.0,5.3,False
2021-06-16,Espresso Beans (Arabica),1.0,4.3,False
2021-06-17,Espresso Beans (Arabica),0.0,4.3,False
2021-06-18,Espresso Beans (Arabica),0.0,4.3,False
2021-06-19,Espresso Beans (Arabica),0.0,4.3,False
2021-06-20,Espresso Beans (Arabica),0.0,4.3,False
2021-06-21,Espresso Beans (Arabica),0.0,4.3,False
2021-06-22,Espresso Beans (Arabica),0.0,4.3,False
2021-06-23,Espresso Beans (Arabica),0.0,4.3,False
2021-06-24,Espresso Beans (Arabica),0.0,4.3,False
2021-06-25,Espresso Beans (Arabica),0.0,4.3,False
2021-06-26,Espresso Beans (Arabica),1.0,3.3,False
2021-06-27,Espresso Beans (Arabica),0.0,3.3,False
2021-06-28,Espresso Beans (Arabica),0.0,3.3,False
2021-06-29,Espresso Beans (Arabica),0.0,3.3,False
2021-06-30,Espresso Beans (Arabica),1.0,8.2,False
2021-07-01,Espresso Beans (Arabica),0.0,8.2,False
2021-07-02,Espresso Beans (Arabica),0.0,8.2,False
2021-07-03,Espresso Beans (Arabica),1.0,7.2,False
2021-07-04,Espresso Beans (Arabica),0.0,7.2,False
2021-07-05,Espresso Beans (Arabica),1.0,6.2,False
2021-07-06,Espresso Beans (Arabica),0.0,6.2,False
2021-07-07,Espresso Beans (Arabica),0.0,6.2,False
2021-07-08,Espresso Beans (Arabica),0.0,6.2,False
2021-07-09,Espresso Beans (Arabica),1.0,5.2,False
2021-07-10,Espresso Beans (Arabica),1.0,4.2,False
2021-07-11,Espresso Beans (Arabica),0.0,4.2,False
2021-07-12,Espresso Beans (Arabica),0.0,4.2,False
2021-07-13,Espresso Beans (Arabica),1.0,3.2,False
2021-07-14,Espresso Beans (Arabica),0.0,3.2,False
2021-07-15,Espresso Beans (Arabica),0.0,3.2,False
2021-07-16,Espresso Beans (Arabica),1.0,2.2,False
2021-07-17,Espresso Beans (Arabica),0.0,2.2,False
2021-07-18,Espresso Beans (Arabica),0.0,8.1,False
2021-07-19,Espresso Beans (Arabica),0.0,8.1,False
2021-07-20,Espresso Beans (Arabica),0.0,8.1,False
2021-07-21,Espresso Beans (Arabica),1.0,7.1,False
2021-07-22,Espresso Beans (Arabica),0.0,7.1,False
2021-07-23,Espresso Beans (Arabica),1.0,6.1,False
2021-07-24,Espresso Beans (Arabica),0.0,6.1,False
2021-07-25,Espresso Beans (Arabica),0.0,6.1,False
2021-07-26,Espresso Beans (Arabica),0.0,6.1,False
2021-07-27,Espresso Beans (Arabica),0.0,6.1,False
2021-07-28,Espresso Beans (Arabica),0.0,6.1,False
2021-07-29,Espresso Beans (Arabica),0.0,6.1,False
2021-07-30,Espresso Beans (Arabica),1.0,5.1,False
2021-07-31,Espresso Beans (Arabica),0.0,5.1,False
2021-08-01,Espresso Beans (Arabica),0.0,5.1,False
2021-08-02,Espresso Beans (Arabica),0.0,5.1,False
2021-08-03,Espresso Beans (Arabica),0.0,5.1,False
2021-08-04,Espresso Beans (Arabica),1.0,4.1,False
2021-08-05,Espresso Beans (Arabica),0.0,4.1,False
2021-08-06,Espresso Beans (Arabica),1.0,3.1,False
2021-08-07,Espresso Beans (Arabica),0.0,3.1,False
2021-08-08,Espresso Beans (Arabica),0.0,3.1,False
2021-08-09,Espresso Beans (Arabica),0.0,3.1,False
2021-08-10,Espresso Beans (Arabica),0.0,3.1,False
2021-08-11,Espresso Beans (Arabica),0.0,3.1,False
2021-08-12,Espresso Beans (Arabica),0.0,3.1,False
2021-08-13,Espresso Beans (Arabica),0.0,3.1,False
2021-08-14,Espresso Beans (Arabica),0.0,3.1,False
2021-08-15,Espresso Beans (Arabica),1.0,2.1,False
2021-08-16,Espresso Beans (Arabica),1.0,1.1,False
2021-08-17,Espresso Beans (Arabica),0.0,7.0,False
2021-08-18,Espresso Beans (Arabica),0.0,7.0,False
2021-08-19,Espresso Beans (Arabica),0.0,7.0,False
2021-08-20,Espresso Beans (Arabica),0.0,7.0,False
2021-08-21,Espresso Beans (Arabica),0.0,7.0,False
2021-08-22,Espresso Beans (Arabica),1.0,6.0,False
2021-08-23,Espresso Beans (Arabica),0.0,6.0,False
2021-08-24,Espresso Beans (Arabica),0.0,6.0,False
2021-08-25,Espresso Beans (Arabica),0.0,6.0,False
2021-08-26,Espresso Beans (Arabica),0.0,6.0,False
2021-08-27,Espresso Beans (Arabica),0.0,6.0,False
2021-08-28,Espresso Beans (Arabica),0.0,6.0,False
2021-08-29,Espresso Beans (Arabica),0.0,6.0,False
2021-08-30,Espresso Beans (Arabica),0.0,6.0,False
2021-08-31,Espresso Beans (Arabica),0.0,6.0,False
2021-09-01,Espresso Beans (Arabica),0.0,6.0,False
2021-09-02,Espresso Beans (Arabica),1.0,5.0,False
2021-09-03,Espresso Beans (Arabica),0.0,5.0,False
2021-09-04,Espresso Beans (Arabica),0.0,5.0,False
2021-09-05,Espresso Beans (Arabica),1.0,4.0,False
2021-09-06,Espresso Beans (Arabica),1.0,3.0,False
2021-09-07,Espresso Beans (Arabica),0.0,3.0,False
2021-09-08,Espresso Beans (Arabica),0.0,3.0,False
2021-09-09,Espresso Beans (Arabica),0.0,3.0,False
2021-09-10,Espresso Beans (Arabica),1.0,7.9,False
2021-09-11,Espresso Beans (Arabica),0.0,7.9,False
2021-09-12,Espresso Beans (Arabica),0.0,7.9,False
2021-09-13,Espresso Beans (Arabica),1.0,6.9,False
2021-09-14,Espresso Beans (Arabica),0.0,6.9,False
2021-09-15,Espresso Beans (Arabica),0.0,6.9,False
2021-09-16,Espresso Beans (Arabica),0.0,6.9,False
2021-09-17,Espresso Beans (Arabica),0.0,6.9,False
2021-09-18,Espresso Beans (Arabica),0.0,6.9,False
2021-09-19,Espresso Beans (Arabica),0.0,6.9,False
2021-09-20,Espresso Beans (Arabica),0.0,6.9,False
2021-09-21,Espresso Beans (Arabica),0.0,6.9,False
2021-09-22,Espresso Beans (Arabica),1.0,5.9,False
2021-09-23,Espresso Beans (Arabica),1.0,4.9,False
2021-09-24,Espresso Beans (Arabica),0.0,4.9,False
2021-09-25,Espresso Beans (Arabica),1.0,3.9,False
2021-09-26,Espresso Beans (Arabica),0.0,3.9,False
2021-09-27,Espresso Beans (Arabica),0.0,3.9,False
2021-09-28,Espresso Beans (Arabica),0.0,3.9,False
2021-09-29,Espresso Beans (Arabica),0.0,3.9,False
2021-09-30,Espresso Beans (Arabica),0.0,3.9,False
2021-10-01,Espresso Beans (Arabica),1.0,2.9,False
2021-10-02,Espresso Beans (Arabica),1.0,1.9,False
2021-10-03,Espresso Beans (Arabica),1.0,0.9,False
2021-10-04,Espresso Beans (Arabica),0.0,6.9,False
2021-10-05,Espresso Beans (Arabica),0.0,6.9,False
2021-10-06,Espresso Beans (Arabica),1.0,5.9,False
2021-10-07,Espresso Beans (Arabica),0.0,5.9,False
2021-10-08,Espresso Beans (Arabica),1.0,4.9,False
2021-10-09,Espresso Beans (Arabica),0.0,4.9,False
2021-10-10,Espresso Beans (Arabica),1.0,3.9,False
2021-10-11,Espresso Beans (Arabica),1.0,2.9,False
2021-10-12,Espresso Beans (Arabica),0.0,2.9,False
2021-10-13,Espresso Beans (Arabica),0.0,2.9,False
2021-10-14,Espresso Beans (Arabica),1.0,1.9,False
2021-10-15,Espresso Beans (Arabica),0.0,1.9,False
2021-10-16,Espresso Beans (Arabica),0.0,7.8,False
2021-10-17,Espresso Beans (Arabica),0.0,7.8,False
2021-10-18,Espresso Beans (Arabica),0.0,7.8,False
2021-10-19,Espresso Beans (Arabica),0.0,7.8,False
2021-10-20,Espresso Beans (Arabica),1.0,6.8,False
2021-10-21,Espresso Beans (Arabica),0.0,6.8,False
2021-10-22,Espresso Beans (Arabica),0.0,6.8,False
2021-10-23,Espresso Beans (Arabica),1.0,5.8,False
2021-10-24,Espresso Beans (Arabica),1.0,4.8,False
2021-10-25,Espresso Beans (Arabica),0.0,4.8,False
2021-10-26,Espresso Beans (Arabica),0.0,4.8,False
2021-10-27,Espresso Beans (Arabica),1.0,3.8,False
2021-10-28,Espresso Beans (Arabica),1.0,2.8,False
2021-10-29,Espresso Beans (Arabica),0.0,2.8,False
2021-10-30,Espresso Beans (Arabica),1.0,1.8,False
2021-10-31,Espresso Beans (Arabica),0.0,7.7,False
2021-11-01,Espresso Beans (Arabica),0.0,7.7,False
2021-11-02,Espresso Beans (Arabica),0.0,7.7,False
2021-11-03,Espresso Beans (Arabica),0.0,7.7,False
2021-11-04,Espresso Beans (Arabica),1.0,6.7,False
2021-11-05,Espresso Beans (Arabica),1.0,5.7,False
2021-11-06,Espresso Beans (Arabica),1.0,4.7,False
2021-11-07,Espresso Beans (Arabica),1.0,3.7,False
2021-11-08,Espresso Beans (Arabica),1.0,2.7,False
2021-11-09,Espresso Beans (Arabica),1.0,7.6,False
2021-11-10,Espresso Beans (Arabica),1.0,6.6,False
2021-11-11,Espresso Beans (Arabica),1.0,5.6,False
2021-11-12,Espresso Beans (Arabica),0.0,5.6,False
2021-11-13,Espresso Beans (Arabica),1.0,4.6,False
2021-11-14,Espresso Beans (Arabica),0.0,4.6,False
2021-11-15,Espresso Beans (Arabica),1.0,3.6,False
2021-11-16,Espresso Beans (Arabica),0.0,3.6,False
2021-11-17,Espresso Beans (Arabica),1.0,2.6,False
2021-11-18,Espresso Beans (Arabica),0.0,2.6,False
2021-11-19,Espresso Beans (Arabica),1.0,1.6,False
2021-11-20,Espresso Beans (Arabica),1.0,0.6,False
2021-11-21,Espresso Beans (Arabica),1.0,5.9,True
2021-11-22,Espresso Beans (Arabica),1.0,4.9,False
2021-11-23,Espresso Beans (Arabica),0.0,4.9,False
2021-11-24,Espresso Beans (Arabica),0.0,4.9,False
2021-11-25,Espresso Beans (Arabica),0.0,4.9,False
2021-11-26,Espresso Beans (Arabica),0.0,4.9,False
2021-11-27,Espresso Beans (Arabica),1.0,3.9,False
2021-11-28,Espresso Beans (Arabica),1.0,2.9,False
2021-11-29,Espresso Beans (Arabica),0.0,2.9,False
2021-11-30,Espresso Beans (Arabica),0.0,2.9,False
2021-12-01,Espresso Beans (Arabica),1.0,1.9,False
2021-12-02,Espresso Beans (Arabica),0.0,1.9,False
2021-12-03,Espresso Beans (Arabica),0.0,7.8,False
2021-12-04,Espresso Beans (Arabica),1.0,6.8,False
2021-12-05,Espresso Beans (Arabica),1.0,5.8,False
2021-12-06,Espresso Beans (Arabica),1.0,4.8,False
2021-12-07,Espresso Beans (Arabica),0.0,4.8,False
2021-12-08,Espresso Beans (Arabica),1.0,3.8,False
2021-12-09,Espresso Beans (Arabica),1.0,2.8,False
2021-12-10,Espresso Beans (Arabica),1.0,1.8,False
2021-12-11,Espresso Beans (Arabica),1.0,0.8,False
2021-12-12,Espresso Beans (Arabica),0.0,6.7,False
2021-12-13,Espresso Beans (Arabica),0.0,6.7,False
2021-12-14,Espresso Beans (Arabica),1.0,5.7,False
2021-12-15,Espresso Beans (Arabica),0.0,5.7,False
2021-12-16,Espresso Beans (Arabica),1.0,4.7,False
2021-12-17,Espresso Beans (Arabica),1.0,3.7,False
2021-12-18,Espresso Beans (Arabica),1.0,2.7,False
2021-12-19,Espresso Beans (Arabica),0.0,2.7,False
2021-12-20,Espresso Beans (Arabica),1.0,1.7,False
2021-12-21,Espresso Beans (Arabica),1.0,6.6,False
2021-12-22,Espresso Beans (Arabica),1.0,5.6,False
2021-12-23,Espresso Beans (Arabica),1.0,4.6,False
2021-12-24,Espresso Beans (Arabica),1.0,3.6,False
2021-12-25,Espresso Beans (Arabica),0.0,3.6,False
2021-12-26,Espresso Beans (Arabica),1.0,2.6,False
2021-12-27,Espresso Beans (Arabica),1.0,7.5,False
2021-12-28,Espresso Beans (Arabica),1.0,6.5,False
2021-12-29,Espresso Beans (Arabica),1.0,5.5,False
2021-12-30,Espresso Beans (Arabica),0.0,5.5,False
2021-12-31,Espresso Beans (Arabica),1.0,4.5,False
2022-01-01,Espresso Beans (Arabica),1.0,3.5,False
2022-01-02,Espresso Beans (Arabica),0.0,3.5,False
2022-01-03,Espresso Beans (Arabica),0.0,3.5,False
2022-01-04,Espresso Beans (Arabica),1.0,2.5,False
2022-01-05,Espresso Beans (Arabica),1.0,7.4,False
2022-01-06,Espresso Beans (Arabica),1.0,6.4,False
2022-01-07,Espresso Beans (Arabica),1.0,5.4,False
2022-01-08,Espresso Beans (Arabica),1.0,4.4,False
2022-01-09,Espresso Beans (Arabica),1.0,3.4,False
2022-01-10,Espresso Beans (Arabica),1.0,2.4,False
2022-01-11,Espresso Beans (Arabica),1.0,7.3,False
2022-01-12,Espresso Beans (Arabica),0.0,7.3,False
2022-01-13,Espresso Beans (Arabica),0.0,7.3,False
2022-01-14,Espresso Beans (Arabica),1.0,6.3,False
2022-01-15,Espresso Beans (Arabica),0.0,6.3,False
2022-01-16,Espresso Beans (Arabica),1.0,5.3,False
2022-01-17,Espresso Beans (Arabica),1.0,4.3,False
2022-01-18,Espresso Beans (Arabica),0.0,4.3,False
2022-01-19,Espresso Beans (Arabica),0.0,4.3,False
2022-01-20,Espresso Beans (Arabica),0.0,4.3,False
2022-01-21,Espresso Beans (Arabica),0.0,4.3,False
2022-01-22,Espresso Beans (Arabica),1.0,3.3,False
2022-01-23,Espresso Beans (Arabica),1.0,8.2,False
2022-01-24,Espresso Beans (Arabica),1.0,7.2,False
2022-01-25,Espresso Beans (Arabica),0.0,7.2,False
2022-01-26,Espresso Beans (Arabica),0.0,7.2,False
2022-01-27,Espresso Beans (Arabica),1.0,6.2,False
2022-01-28,Espresso Beans (Arabica),0.0,6.2,False
2022-01-29,Espresso Beans (Arabica),1.0,5.2,False
2022-01-30,Espresso Beans (Arabica),1.0,4.2,False
2022-01-31,Espresso Beans (Arabica),1.0,3.2,False
2022-02-01,Espresso Beans (Arabica),1.0,8.1,False
2022-02-02,Espresso Beans (Arabica),1.0,7.1,False
2022-02-03,Espresso Beans (Arabica),1.0,6.1,False
2022-02-04,Espresso Beans (Arabica),0.0,6.1,False
2022-02-05,Espresso Beans (Arabica),1.0,5.1,False
2022-02-06,Espresso Beans (Arabica),1.0,4.1,False
2022-02-07,Espresso Beans (Arabica),1.0,3.1,False
2022-02-08,Espresso Beans (Arabica),0.0,3.1,False
2022-02-09,Espresso Beans (Arabica),1.0,2.1,False
2022-02-10,Espresso Beans (Arabica),0.0,8.0,False
2022-02-11,Espresso Beans (Arabica),1.0,7.0,False
2022-02-12,Espresso Beans (Arabica),1.0,6.0,False
2022-02-13,Espresso Beans (Arabica),0.0,6.0,False
2022-02-14,Espresso Beans (Arabica),0.0,6.0,False
2022-02-15,Espresso Beans (Arabica),0.0,6.0,False
2022-02-16,Espresso Beans (Arabica),0.0,6.0,False
2022-02-17,Espresso Beans (Arabica),0.0,6.0,False
2022-02-18,Espresso Beans (Arabica),1.0,5.0,False
2022-02-19,Espresso Beans (Arabica),1.0,4.0,False
2022-02-20,Espresso Beans (Arabica),1.0,3.0,False
2022-02-21,Espresso Beans (Arabica),1.0,2.0,False
2022-02-22,Espresso Beans (Arabica),1.0,6.9,False
2022-02-23,Espresso Beans (Arabica),1.0,5.9,False
2022-02-24,Espresso Beans (Arabica),1.0,4.9,False
2022-02-25,Espresso Beans (Arabica),1.0,3.9,False
2022-02-26,Espresso Beans (Arabica),0.0,3.9,False
2022-02-27,Espresso Beans (Arabica),0.0,3.9,False
2022-02-28,Espresso Beans (Arabica),0.0,3.9,False
2022-03-01,Espresso Beans (Arabica),0.0,3.9,False
2022-03-02,Espresso Beans (Arabica),0.0,3.9,False
2022-03-03,Espresso Beans (Arabica),1.0,2.9,False
2022-03-04,Espresso Beans (Arabica),1.0,1.9,False
2022-03-05,Espresso Beans (Arabica),0.0,1.9,False
2022-03-06,Espresso Beans (Arabica),1.0,6.9,False
2022-03-07,Espresso Beans (Arabica),0.0,6.9,False
2022-03-08,Espresso Beans (Arabica),1.0,5.9,False
2022-03-09,Espresso Beans (Arabica),0.0,5.9,False
2022-03-10,Espresso Beans (Arabica),0.0,5.9,False
2022-03-11,Espresso Beans (Arabica),1.0,4.9,False
2022-03-12,Espresso Beans (Arabica),0.0,4.9,False
2022-03-13,Espresso Beans (Arabica),0.0,4.9,False
2022-03-14,Espresso Beans (Arabica),0.0,4.9,False
2022-03-15,Espresso Beans (Arabica),0.0,4.9,False
2022-03-16,Espresso Beans (Arabica),1.0,3.9,False
2022-03-17,Espresso Beans (Arabica),0.0,3.9,False
2022-03-18,Espresso Beans (Arabica),1.0,2.9,False
2022-03-19,Espresso Beans (Arabica),1.0,1.9,False
2022-03-20,Espresso Beans (Arabica),1.0,0.9,False
2022-03-21,Espresso Beans (Arabica),0.0,6.8,False
2022-03-22,Espresso Beans (Arabica),0.0,6.8,False
2022-03-23,Espresso Beans (Arabica),1.0,5.8,False
2022-03-24,Espresso Beans (Arabica),0.0,5.8,False
2022-03-25,Espresso Beans (Arabica),1.0,4.8,False
2022-03-26,Espresso Beans (Arabica),1.0,3.8,False
2022-03-27,Espresso Beans (Arabica),0.0,3.8,False
2022-03-28,Espresso Beans (Arabica),1.0,2.8,False
2022-03-29,Espresso Beans (Arabica),1.0,1.8,False
2022-03-30,Espresso Beans (Arabica),1.0,6.7,False
2022-03-31,Espresso Beans (Arabica),0.0,6.7,False
2022-04-01,Espresso Beans (Arabica),1.0,5.7,False
2022-04-02,Espresso Beans (Arabica),1.0,4.7,False
2022-04-03,Espresso Beans (Arabica),0.0,4.7,False
2022-04-04,Espresso Beans (Arabica),1.0,3.7,False
2022-04-05,Espresso Beans (Arabica),0.0,3.7,False
2022-04-06,Espresso Beans (Arabica),1.0,2.7,False
2022-04-07,Espresso Beans (Arabica),0.0,2.7,False
2022-04-08,Espresso Beans (Arabica),0.0,2.7,False
2022-04-09,Espresso Beans (Arabica),0.0,2.7,False
2022-04-10,Espresso Beans (Arabica),0.0,2.7,False
2022-04-11,Espresso Beans (Arabica),0.0,2.7,False
2022-04-12,Espresso Beans (Arabica),0.0,2.7,False
2022-04-13,Espresso Beans (Arabica),1.0,1.7,False
2022-04-14,Espresso Beans (Arabica),1.0,6.6,False
2022-04-15,Espresso Beans (Arabica),0.0,6.6,False
2022-04-16,Espresso Beans (Arabica),1.0,5.6,False
2022-04-17,Espresso Beans (Arabica),0.0,5.6,False
2022-04-18,Espresso Beans (Arabica),0.0,5.6,False
2022-04-19,Espresso Beans (Arabica),0.0,5.6,False
2022-04-20,Espresso Beans (Arabica),1.0,4.6,False
2022-04-21,Espresso Beans (Arabica),0.0,4.6,False
2022-04-22,Espresso Beans (Arabica),1.0,3.6,False
2022-04-23,Espresso Beans (Arabica),0.0,3.6,False
2022-04-24,Espresso Beans (Arabica),0.0,3.6,False
2022-04-25,Espresso Beans (Arabica),1.0,2.6,False
2022-04-26,Espresso Beans (Arabica),0.0,2.6,False
2022-04-27,Espresso Beans (Arabica),1.0,1.6,False
2022-04-28,Espresso Beans (Arabica),0.0,1.6,False
2022-04-29,Espresso Beans (Arabica),1.0,6.5,False
2022-04-30,Espresso Beans (Arabica),0.0,6.5,False
2022-05-01,Espresso Beans (Arabica),0.0,6.5,False
2022-05-02,Espresso Beans (Arabica),0.0,6.5,False
2022-05-03,Espresso Beans (Arabica),1.0,5.5,False
2022-05-04,Espresso Beans (Arabica),0.0,5.5,False
2022-05-05,Espresso Beans (Arabica),1.0,4.5,False
2022-05-06,Espresso Beans (Arabica),1.0,3.5,False
2022-05-07,Espresso Beans (Arabica),1.0,2.5,False
2022-05-08,Espresso Beans (Arabica),0.0,2.5,False
2022-05-09,Espresso Beans (Arabica),1.0,1.5,False
2022-05-10,Espresso Beans (Arabica),0.0,1.5,False
2022-05-11,Espresso Beans (Arabica),1.0,6.4,False
2022-05-12,Espresso Beans (Arabica),0.0,6.4,False
2022-05-13,Espresso Beans (Arabica),0.0,6.4,False
2022-05-14,Espresso Beans (Arabica),0.0,6.4,False
2022-05-15,Espresso Beans (Arabica),0.0,6.4,False
2022-05-16,Espresso Beans (Arabica),1.0,5.4,False
2022-05-17,Espresso Beans (Arabica),1.0,4.4,False
2022-05-18,Espresso Beans (Arabica),0.0,4.4,False
2022-05-19,Espresso Beans (Arabica),0.0,4.4,False
2022-05-20,Espresso Beans (Arabica),0.0,4.4,False
2022-05-21,Espresso Beans (Arabica),0.0,4.4,False
2022-05-22,Espresso Beans (Arabica),1.0,3.4,False
2022-05-23,Espresso Beans (Arabica),0.0,3.4,False
2022-05-24,Espresso Beans (Arabica),0.0,3.4,False
2022-05-25,Espresso Beans (Arabica),0.0,3.4,False
2022-05-26,Espresso Beans (Arabica),0.0,3.4,False
2022-05-27,Espresso Beans (Arabica),0.0,3.4,False
2022-05-28,Espresso Beans (Arabica),0.0,3.4,False
2022-05-29,Espresso Beans (Arabica),0.0,3.4,False
2022-05-30,Espresso Beans (Arabica),1.0,2.4,False
2022-05-31,Espresso Beans (Arabica),0.0,2.4,False
2022-06-01,Espresso Beans (Arabica),1.0,7.3,False
2022-06-02,Espresso Beans (Arabica),0.0,7.3,False
2022-06-03,Espresso Beans (Arabica),1.0,6.3,False
2022-06-04,Espresso Beans (Arabica),1.0,5.3,False
2022-06-05,Espresso Beans (Arabica),0.0,5.3,False
2022-06-06,Espresso Beans (Arabica),0.0,5.3,False
2022-06-07,Espresso Beans (Arabica),1.0,4.3,False
2022-06-08,Espresso Beans (Arabica),0.0,4.3,False
2022-06-09,Espresso Beans (Arabica),1.0,3.3,False
2022-06-10,Espresso Beans (Arabica),0.0,3.3,False
2022-06-11,Espresso Beans (Arabica),1.0,2.3,False
2022-06-12,Espresso Beans (Arabica),0.0,2.3,False
2022-06-13,Espresso Beans (Arabica),0.0,8.2,False
2022-06-14,Espresso Beans (Arabica),1.0,7.2,False
2022-06-15,Espresso Beans (Arabica),0.0,7.2,False
2022-06-16,Espresso Beans (Arabica),0.0,7.2,False
2022-06-17,Espresso Beans (Arabica),0.0,7.2,False
2022-06-18,Espresso Beans (Arabica),0.0,7.2,False
2022-06-19,Espresso Beans (Arabica),0.0,7.2,False
2022-06-20,Espresso Beans (Arabica),0.0,7.2,False
2022-06-21,Espresso Beans (Arabica),0.0,7.2,False
2022-06-22,Espresso Beans (Arabica),1.0,6.2,False
2022-06-23,Espresso Beans (Arabica),0.0,6.2,False
2022-06-24,Espresso Beans (Arabica),0.0,6.2,False
2022-06-25,Espresso Beans (Arabica),0.0,6.2,False
2022-06-26,Espresso Beans (Arabica),0.0,6.2,False
2022-06-27,Espresso Beans (Arabica),0.0,6.2,False
2022-06-28,Espresso Beans (Arabica),0.0,6.2,False
2022-06-29,Espresso Beans (Arabica),0.0,6.2,False
2022-06-30,Espresso Beans (Arabica),0.0,6.2,False
2022-07-01,Espresso Beans (Arabica),0.0,6.2,False
2022-07-02,Espresso Beans (Arabica),0.0,6.2,False
2022-07-03,Espresso Beans (Arabica),1.0,5.2,False
2022-07-04,Espresso Beans (Arabica),0.0,5.2,False
2022-07-05,Espresso Beans (Arabica),0.0,5.2,False
2022-07-06,Espresso Beans (Arabica),0.0,5.2,False
2022-07-07,Espresso Beans (Arabica),0.0,5.2,False
2022-07-08,Espresso Beans (Arabica),1.0,4.2,False
2022-07-09,Espresso Beans (Arabica),0.0,4.2,False
2022-07-10,Espresso Beans (Arabica),0.0,4.2,False
2022-07-11,Espresso Beans (Arabica),0.0,4.2,False
2022-07-12,Espresso Beans (Arabica),0.0,4.2,False
2022-07-13,Espresso Beans (Arabica),0.0,4.2,False
2022-07-14,Espresso Beans (Arabica),0.0,4.2,False
2022-07-15,Espresso Beans (Arabica),0.0,4.2,False
2022-07-16,Espresso Beans (Arabica),0.0,4.2,False
2022-07-17,Espresso Beans (Arabica),0.0,4.2,False
2022-07-18,Espresso Beans (Arabica),0.0,4.2,False
2022-07-19,Espresso Beans (Arabica),1.0,3.2,False
2022-07-20,Espresso Beans (Arabica),0.0,3.2,False
2022-07-21,Espresso Beans (Arabica),0.0,3.2,False
2022-07-22,Espresso Beans (Arabica),0.0,3.2,False
2022-07-23,Espresso Beans (Arabica),1.0,2.2,False
2022-07-24,Espresso Beans (Arabica),0.0,2.2,False
2022-07-25,Espresso Beans (Arabica),0.0,8.1,False
2022-07-26,Espresso Beans (Arabica),0.0,8.1,False
2022-07-27,Espresso Beans (Arabica),0.0,8.1,False
2022-07-28,Espresso Beans (Arabica),0.0,8.1,False
2022-07-29,Espresso Beans (Arabica),0.0,8.1,False
2022-07-30,Espresso Beans (Arabica),0.0,8.1,False
2022-07-31,Espresso Beans (Arabica),1.0,7.1,False
2022-08-01,Espresso Beans (Arabica),1.0,6.1,False
2022-08-02,Espresso Beans (Arabica),0.0,6.1,False
2022-08-03,Espresso Beans (Arabica),0.0,6.1,False
2022-08-04,Espresso Beans (Arabica),0.0,6.1,False
2022-08-05,Espresso Beans (Arabica),0.0,6.1,False
2022-08-06,Espresso Beans (Arabica),0.0,6.1,False
2022-08-07,Espresso Beans (Arabica),0.0,6.1,False
2022-08-08,Espresso Beans (Arabica),1.0,5.1,False
2022-08-09,Espresso Beans (Arabica),1.0,4.1,False
2022-08-10,Espresso Beans (Arabica),0.0,4.1,False
2022-08-11,Espresso Beans (Arabica),0.0,4.1,False
2022-08-12,Espresso Beans (Arabica),0.0,4.1,False
2022-08-13,Espresso Beans (Arabica),1.0,3.1,False
2022-08-14,Espresso Beans (Arabica),0.0,3.1,False
2022-08-15,Espresso Beans (Arabica),0.0,3.1,False
2022-08-16,Espresso Beans (Arabica),1.0,2.1,False
2022-08-17,Espresso Beans (Arabica),0.0,2.1,False
2022-08-18,Espresso Beans (Arabica),0.0,8.0,False
2022-08-19,Espresso Beans (Arabica),0.0,8.0,False
2022-08-20,Espresso Beans (Arabica),0.0,8.0,False
2022-08-21,Espresso Beans (Arabica),1.0,7.0,False
2022-08-22,Espresso Beans (Arabica),0.0,7.0,False
2022-08-23,Espresso Beans (Arabica),0.0,7.0,False
2022-08-24,Espresso Beans (Arabica),0.0,7.0,False
2022-08-25,Espresso Beans (Arabica),0.0,7.0,False
2022-08-26,Espresso Beans (Arabica),1.0,6.0,False
2022-08-27,Espresso Beans (Arabica),0.0,6.0,False
2022-08-28,Espresso Beans (Arabica),0.0,6.0,False
2022-08-29,Espresso Beans (Arabica),0.0,6.0,False
2022-08-30,Espresso Beans (Arabica),1.0,5.0,False
2022-08-31,Espresso Beans (Arabica),0.0,5.0,False
2022-09-01,Espresso Beans (Arabica),0.0,5.0,False
2022-09-02,Espresso Beans (Arabica),1.0,4.0,False
2022-09-03,Espresso Beans (Arabica),0.0,4.0,False
2022-09-04,Espresso Beans (Arabica),0.0,4.0,False
2022-09-05,Espresso Beans (Arabica),0.0,4.0,False
2022-09-06,Espresso Beans (Arabica),0.0,4.0,False
2022-09-07,Espresso Beans (Arabica),0.0,4.0,False
2022-09-08,Espresso Beans (Arabica),0.0,4.0,False
2022-09-09,Espresso Beans (Arabica),1.0,3.0,False
2022-09-10,Espresso Beans (Arabica),0.0,3.0,False
2022-09-11,Espresso Beans (Arabica),0.0,3.0,False
2022-09-12,Espresso Beans (Arabica),1.0,2.0,False
2022-09-13,Espresso Beans (Arabica),0.0,2.0,False
2022-09-14,Espresso Beans (Arabica),0.0,7.9,False
2022-09-15,Espresso Beans (Arabica),0.0,7.9,False
2022-09-16,Espresso Beans (Arabica),0.0,7.9,False
2022-09-17,Espresso Beans (Arabica),1.0,6.9,False
2022-09-18,Espresso Beans (Arabica),0.0,6.9,False
2022-09-19,Espresso Beans (Arabica),0.0,6.9,False
2022-09-20,Espresso Beans (Arabica),1.0,5.9,False
2022-09-21,Espresso Beans (Arabica),0.0,5.9,False
2022-09-22,Espresso Beans (Arabica),0.0,5.9,False
2022-09-23,Espresso Beans (Arabica),1.0,4.9,False
2022-09-24,Espresso Beans (Arabica),1.0,3.9,False
2022-09-25,Espresso Beans (Arabica),0.0,3.9,False
2022-09-26,Espresso Beans (Arabica),0.0,3.9,False
2022-09-27,Espresso Beans (Arabica),0.0,3.9,False
2022-09-28,Espresso Beans (Arabica),0.0,3.9,False
2022-09-29,Espresso Beans (Arabica),0.0,3.9,False
2022-09-30,Espresso Beans (Arabica),0.0,3.9,False
2022-10-01,Espresso Beans (Arabica),1.0,2.9,False
2022-10-02,Espresso Beans (Arabica),1.0,7.8,False
2022-10-03,Espresso Beans (Arabica),0.0,7.8,False
2022-10-04,Espresso Beans (Arabica),1.0,6.8,False
2022-10-05,Espresso Beans (Arabica),1.0,5.8,False
2022-10-06,Espresso Beans (Arabica),0.0,5.8,False
2022-10-07,Espresso Beans (Arabica),0.0,5.8,False
2022-10-08,Espresso Beans (Arabica),0.0,5.8,False
2022-10-09,Espresso Beans (Arabica),1.0,4.8,False
2022-10-10,Espresso Beans (Arabica),0.0,4.8,False
2022-10-11,Espresso Beans (Arabica),0.0,4.8,False
2022-10-12,Espresso Beans (Arabica),0.0,4.8,False
2022-10-13,Espresso Beans (Arabica),1.0,3.8,False
2022-10-14,Espresso Beans (Arabica),0.0,3.8,False
2022-10-15,Espresso Beans (Arabica),1.0,2.8,False
2022-10-16,Espresso Beans (Arabica),0.0,2.8,False
2022-10-17,Espresso Beans (Arabica),1.0,7.7,False
2022-10-18,Espresso Beans (Arabica),1.0,6.7,False
2022-10-19,Espresso Beans (Arabica),0.0,6.7,False
2022-10-20,Espresso Beans (Arabica),0.0,6.7,False
2022-10-21,Espresso Beans (Arabica),1.0,5.7,False
2022-10-22,Espresso Beans (Arabica),0.0,5.7,False
2022-10-23,Espresso Beans (Arabica),0.0,5.7,False
2022-10-24,Espresso Beans (Arabica),0.0,5.7,False
2022-10-25,Espresso Beans (Arabica),0.0,5.7,False
2022-10-26,Espresso Beans (Arabica),0.0,5.7,False
2022-10-27,Espresso Beans (Arabica),0.0,5.7,False
2022-10-28,Espresso Beans (Arabica),0.0,5.7,False
2022-10-29,Espresso Beans (Arabica),0.0,5.7,False
2022-10-30,Espresso Beans (Arabica),1.0,4.7,False
2022-10-31,Espresso Beans (Arabica),0.0,4.7,False
2022-11-01,Espresso Beans (Arabica),0.0,4.7,False
2022-11-02,Espresso Beans (Arabica),1.0,3.7,False
2022-11-03,Espresso Beans (Arabica),1.0,2.7,False
2022-11-04,Espresso Beans (Arabica),0.0,2.7,False
2022-11-05,Espresso Beans (Arabica),0.0,2.7,False
2022-11-06,Espresso Beans (Arabica),1.0,1.7,False
2022-11-07,Espresso Beans (Arabica),1.0,6.6,False
2022-11-08,Espresso Beans (Arabica),1.0,5.6,False
2022-11-09,Espresso Beans (Arabica),1.0,4.6,False
2022-11-10,Espresso Beans (Arabica),1.0,3.6,False
2022-11-11,Espresso Beans (Arabica),0.0,3.6,False
2022-11-12,Espresso Beans (Arabica),1.0,2.6,False
2022-11-13,Espresso Beans (Arabica),1.0,7.5,False
2022-11-14,Espresso Beans (Arabica),1.0,6.5,False
2022-11-15,Espresso Beans (Arabica),0.0,6.5,False
2022-11-16,Espresso Beans (Arabica),0.0,6.5,False
2022-11-17,Espresso Beans (Arabica),0.0,6.5,False
2022-11-18,Espresso Beans (Arabica),1.0,5.5,False
2022-11-19,Espresso Beans (Arabica),1.0,4.5,False
2022-11-20,Espresso Beans (Arabica),0.0,4.5,False
2022-11-21,Espresso Beans (Arabica),0.0,4.5,False
2022-11-22,Espresso Beans (Arabica),1.0,3.5,False
2022-11-23,Espresso Beans (Arabica),0.0,3.5,False
2022-11-24,Espresso Beans (Arabica),1.0,2.5,False
2022-11-25,Espresso Beans (Arabica),0.0,2.5,False
2022-11-26,Espresso Beans (Arabica),0.0,2.5,False
2022-11-27,Espresso Beans (Arabica),0.0,2.5,False
2022-11-28,Espresso Beans (Arabica),0.0,2.5,False
2022-11-29,Espresso Beans (Arabica),0.0,2.5,False
2022-11-30,Espresso Beans (Arabica),0.0,2.5,False
2022-12-01,Espresso Beans (Arabica),0.0,2.5,False
2022-12-02,Espresso Beans (Arabica),1.0,1.5,False
2022-12-03,Espresso Beans (Arabica),1.0,0.5,False
2022-12-04,Espresso Beans (Arabica),0.0,6.4,False
2022-12-05,Espresso Beans (Arabica),1.0,5.4,False
2022-12-06,Espresso Beans (Arabica),1.0,4.4,False
2022-12-07,Espresso Beans (Arabica),0.0,4.4,False
2022-12-08,Espresso Beans (Arabica),0.0,4.4,False
2022-12-09,Espresso Beans (Arabica),1.0,3.4,False
2022-12-10,Espresso Beans (Arabica),1.0,2.4,False
2022-12-11,Espresso Beans (Arabica),1.0,1.4,False
2022-12-12,Espresso Beans (Arabica),1.0,0.4,False
2022-12-13,Espresso Beans (Arabica),1.0,5.9,True
2022-12-14,Espresso Beans (Arabica),0.0,5.9,False
2022-12-15,Espresso Beans (Arabica),1.0,4.9,False
2022-12-16,Espresso Beans (Arabica),1.0,3.9,False
2022-12-17,Espresso Beans (Arabica),0.0,3.9,False
2022-12-18,Espresso Beans (Arabica),0.0,3.9,False
2022-12-19,Espresso Beans (Arabica),1.0,2.9,False
2022-12-20,Espresso Beans (Arabica),0.0,2.9,False
2022-12-21,Espresso Beans (Arabica),0.0,2.9,False
2022-12-22,Espresso Beans (Arabica),1.0,7.8,False
2022-12-23,Espresso Beans (Arabica),1.0,6.8,False
2022-12-24,Espresso Beans (Arabica),0.0,6.8,False
2022-12-25,Espresso Beans (Arabica),0.0,6.8,False
2022-12-26,Espresso Beans (Arabica),0.0,6.8,False
2022-12-27,Espresso Beans (Arabica),1.0,5.8,False
2022-12-28,Espresso Beans (Arabica),1.0,4.8,False
2022-12-29,Espresso Beans (Arabica),1.0,3.8,False
2022-12-30,Espresso Beans (Arabica),0.0,3.8,False
2022-12-31,Espresso Beans (Arabica),0.0,3.8,False
2023-01-01,Espresso Beans (Arabica),1.0,2.8,False
2023-01-02,Espresso Beans (Arabica),1.0,1.8,False
2023-01-03,Espresso Beans (Arabica),1.0,6.7,False
2023-01-04,Espresso Beans (Arabica),0.0,6.7,False
2023-01-05,Espresso Beans (Arabica),1.0,5.7,False
2023-01-06,Espresso Beans (Arabica),1.0,4.7,False
2023-01-07,Espresso Beans (Arabica),1.0,3.7,False
2023-01-08,Espresso Beans (Arabica),1.0,2.7,False
2023-01-09,Espresso Beans (Arabica),0.0,2.7,False
2023-01-10,Espresso Beans (Arabica),0.0,2.7,False
2023-01-11,Espresso Beans (Arabica),1.0,1.7,False
2023-01-12,Espresso Beans (Arabica),1.0,6.6,False
2023-01-13,Espresso Beans (Arabica),0.0,6.6,False
2023-01-14,Espresso Beans (Arabica),0.0,6.6,False
2023-01-15,Espresso Beans (Arabica),1.0,5.6,False
2023-01-16,Espresso Beans (Arabica),1.0,4.6,False
2023-01-17,Espresso Beans (Arabica),1.0,3.6,False
2023-01-18,Espresso Beans (Arabica),1.0,2.6,False
2023-01-19,Espresso Beans (Arabica),0.0,2.6,False
2023-01-20,Espresso Beans (Arabica),0.0,2.6,False
2023-01-21,Espresso Beans (Arabica),1.0,7.5,False
2023-01-22,Espresso Beans (Arabica),0.0,7.5,False
2023-01-23,Espresso Beans (Arabica),0.0,7.5,False
2023-01-24,Espresso Beans (Arabica),1.0,6.5,False
2023-01-25,Espresso Beans (Arabica),1.0,5.5,False
2023-01-26,Espresso Beans (Arabica),1.0,4.5,False
2023-01-27,Espresso Beans (Arabica),0.0,4.5,False
2023-01-28,Espresso Beans (Arabica),1.0,3.5,False
2023-01-29,Espresso Beans (Arabica),1.0,2.5,False
2023-01-30,Espresso Beans (Arabica),1.0,7.4,False
2023-01-31,Espresso Beans (Arabica),1.0,6.4,False
2023-02-01,Espresso Beans (Arabica),1.0,5.4,False
2023-02-02,Espresso Beans (Arabica),1.0,4.4,False
2023-02-03,Espresso Beans (Arabica),1.0,3.4,False
2023-02-04,Espresso Beans (Arabica),1.0,2.4,False
2023-02-05,Espresso Beans (Arabica),0.0,2.4,False
2023-02-06,Espresso Beans (Arabica),1.0,1.4,False
2023-02-07,Espresso Beans (Arabica),0.0,1.4,False
2023-02-08,Espresso Beans (Arabica),0.0,7.3,False
2023-02-09,Espresso Beans (Arabica),1.0,6.3,False
2023-02-10,Espresso Beans (Arabica),1.0,5.3,False
2023-02-11,Espresso Beans (Arabica),1.0,4.3,False
2023-02-12,Espresso Beans (Arabica),1.0,3.3,False
2023-02-13,Espresso Beans (Arabica),1.0,2.3,False
2023-02-14,Espresso Beans (Arabica),1.0,7.2,False
2023-02-15,Espresso Beans (Arabica),1.0,6.2,False
2023-02-16,Espresso Beans (Arabica),0.0,6.2,False
2023-02-17,Espresso Beans (Arabica),1.0,5.2,False
2023-02-18,Espresso Beans (Arabica),1.0,4.2,False
2023-02-19,Espresso Beans (Arabica),0.0,4.2,False
2023-02-20,Espresso Beans (Arabica),1.0,3.2,False
2023-02-21,Espresso Beans (Arabica),1.0,2.2,False
2023-02-22,Espresso Beans (Arabica),1.0,1.2,False
2023-02-23,Espresso Beans (Arabica),1.0,6.1,False
2023-02-24,Espresso Beans (Arabica),1.0,5.1,False
2023-02-25,Espresso Beans (Arabica),1.0,4.1,False
2023-02-26,Espresso Beans (Arabica),1.0,3.1,False
2023-02-27,Espresso Beans (Arabica),0.0,3.1,False
2023-02-28,Espresso Beans (Arabica),0.0,3.1,False
2023-03-01,Espresso Beans (Arabica),0.0,3.1,False
2023-03-02,Espresso Beans (Arabica),0.0,3.1,False
2023-03-03,Espresso Beans (Arabica),0.0,3.1,False
2023-03-04,Espresso Beans (Arabica),1.0,8.0,False
2023-03-05,Espresso Beans (Arabica),1.0,7.0,False
2023-03-06,Espresso Beans (Arabica),0.0,7.0,False
2023-03-07,Espresso Beans (Arabica),0.0,7.0,False
2023-03-08,Espresso Beans (Arabica),1.0,6.0,False
2023-03-09,Espresso Beans (Arabica),1.0,5.0,False
2023-03-10,Espresso Beans (Arabica),1.0,4.0,False
2023-03-11,Espresso Beans (Arabica),1.0,3.0,False
2023-03-12,Espresso Beans (Arabica),0.0,3.0,False
2023-03-13,Espresso Beans (Arabica),0.0,3.0,False
2023-03-14,Espresso Beans (Arabica),1.0,2.0,False
2023-03-15,Espresso Beans (Arabica),1.0,1.0,False
2023-03-16,Espresso Beans (Arabica),1.0,5.9,False
2023-03-17,Espresso Beans (Arabica),1.0,4.9,False
2023-03-18,Espresso Beans (Arabica),1.0,3.9,False
2023-03-19,Espresso Beans (Arabica),0.0,3.9,False
2023-03-20,Espresso Beans (Arabica),0.0,3.9,False
2023-03-21,Espresso Beans (Arabica),1.0,2.9,False
2023-03-22,Espresso Beans (Arabica),0.0,2.9,False
2023-03-23,Espresso Beans (Arabica),0.0,2.9,False
2023-03-24,Espresso Beans (Arabica),1.0,1.9,False
2023-03-25,Espresso Beans (Arabica),0.0,7.9,False
2023-03-26,Espresso Beans (Arabica),0.0,7.9,False
2023-03-27,Espresso Beans (Arabica),1.0,6.9,False
2023-03-28,Espresso Beans (Arabica),0.0,6.9,False
2023-03-29,Espresso Beans (Arabica),1.0,5.9,False
2023-03-30,Espresso Beans (Arabica),1.0,4.9,False
2023-03-31,Espresso Beans (Arabica),0.0,4.9,False
2023-04-01,Espresso Beans (Arabica),0.0,4.9,False
2023-04-02,Espresso Beans (Arabica),1.0,3.9,False
2023-04-03,Espresso Beans (Arabica),0.0,3.9,False
2023-04-04,Espresso Beans (Arabica),0.0,3.9,False
2023-04-05,Espresso Beans (Arabica),0.0,3.9,False
2023-04-06,Espresso Beans (Arabica),0.0,3.9,False
2023-04-07,Espresso Beans (Arabica),0.0,3.9,False
2023-04-08,Espresso Beans (Arabica),0.0,3.9,False
2023-04-09,Espresso Beans (Arabica),1.0,2.9,False
2023-04-10,Espresso Beans (Arabica),0.0,2.9,False
2023-04-11,Espresso Beans (Arabica),1.0,1.9,False
2023-04-12,Espresso Beans (Arabica),1.0,6.8,False
2023-04-13,Espresso Beans (Arabica),0.0,6.8,False
2023-04-14,Espresso Beans (Arabica),0.0,6.8,False
2023-04-15,Espresso Beans (Arabica),0.0,6.8,False
2023-04-16,Espresso Beans (Arabica),0.0,6.8,False
2023-04-17,Espresso Beans (Arabica),0.0,6.8,False
2023-04-18,Espresso Beans (Arabica),1.0,5.8,False
2023-04-19,Espresso Beans (Arabica),1.0,4.8,False
2023-04-20,Espresso Beans (Arabica),0.0,4.8,False
2023-04-21,Espresso Beans (Arabica),1.0,3.8,False
2023-04-22,Espresso Beans (Arabica),0.0,3.8,False
2023-04-23,Espresso Beans (Arabica),1.0,2.8,False
2023-04-24,Espresso Beans (Arabica),0.0,2.8,False
2023-04-25,Espresso Beans (Arabica),0.0,2.8,False
2023-04-26,Espresso Beans (Arabica),1.0,1.8,False
2023-04-27,Espresso Beans (Arabica),1.0,6.7,False
2023-04-28,Espresso Beans (Arabica),1.0,5.7,False
2023-04-29,Espresso Beans (Arabica),0.0,5.7,False
2023-04-30,Espresso Beans (Arabica),1.0,4.7,False
2023-05-01,Espresso Beans (Arabica),0.0,4.7,False
2023-05-02,Espresso Beans (Arabica),0.0,4.7,False
2023-05-03,Espresso Beans (Arabica),1.0,3.7,False
2023-05-04,Espresso Beans (Arabica),0.0,3.7,False
2023-05-05,Espresso Beans (Arabica),1.0,2.7,False
2023-05-06,Espresso Beans (Arabica),0.0,2.7,False
2023-05-07,Espresso Beans (Arabica),0.0,2.7,False
2023-05-08,Espresso Beans (Arabica),1.0,1.7,False
2023-05-09,Espresso Beans (Arabica),0.0,7.6,False
2023-05-10,Espresso Beans (Arabica),1.0,6.6,False
2023-05-11,Espresso Beans (Arabica),0.0,6.6,False
2023-05-12,Espresso Beans (Arabica),0.0,6.6,False
2023-05-13,Espresso Beans (Arabica),0.0,6.6,False
2023-05-14,Espresso Beans (Arabica),0.0,6.6,False
2023-05-15,Espresso Beans (Arabica),0.0,6.6,False
2023-05-16,Espresso Beans (Arabica),1.0,5.6,False
2023-05-17,Espresso Beans (Arabica),0.0,5.6,False
2023-05-18,Espresso Beans (Arabica),0.0,5.6,False
2023-05-19,Espresso Beans (Arabica),0.0,5.6,False
2023-05-20,Espresso Beans (Arabica),0.0,5.6,False
2023-05-21,Espresso Beans (Arabica),0.0,5.6,False
2023-05-22,Espresso Beans (Arabica),0.0,5.6,False
2023-05-23,Espresso Beans (Arabica),1.0,4.6,False
2023-05-24,Espresso Beans (Arabica),0.0,4.6,False
2023-05-25,Espresso Beans (Arabica),0.0,4.6,False
2023-05-26,Espresso Beans (Arabica),0.0,4.6,False
2023-05-27,Espresso Beans (Arabica),0.0,4.6,False
2023-05-28,Espresso Beans (Arabica),0.0,4.6,False
2023-05-29,Espresso Beans (Arabica),0.0,4.6,False
2023-05-30,Espresso Beans (Arabica),0.0,4.6,False
2023-05-31,Espresso Beans (Arabica),0.0,4.6,False
2023-06-01,Espresso Beans (Arabica),1.0,3.6,False
2023-06-02,Espresso Beans (Arabica),0.0,3.6,False
2023-06-03,Espresso Beans (Arabica),0.0,3.6,False
2023-06-04,Espresso Beans (Arabica),0.0,3.6,False
2023-06-05,Espresso Beans (Arabica),0.0,3.6,False
2023-06-06,Espresso Beans (Arabica),1.0,2.6,False
2023-06-07,Espresso Beans (Arabica),0.0,2.6,False
2023-06-08,Espresso Beans (Arabica),0.0,2.6,False
2023-06-09,Espresso Beans (Arabica),0.0,2.6,False
2023-06-10,Espresso Beans (Arabica),0.0,2.6,False
2023-06-11,Espresso Beans (Arabica),0.0,2.6,False
2023-06-12,Espresso Beans (Arabica),0.0,2.6,False
2023-06-13,Espresso Beans (Arabica),0.0,2.6,False
2023-06-14,Espresso Beans (Arabica),0.0,2.6,False
2023-06-15,Espresso Beans (Arabica),1.0,1.6,False
2023-06-16,Espresso Beans (Arabica),0.0,1.6,False
2023-06-17,Espresso Beans (Arabica),0.0,7.5,False
2023-06-18,Espresso Beans (Arabica),0.0,7.5,False
2023-06-19,Espresso Beans (Arabica),0.0,7.5,False
2023-06-20,Espresso Beans (Arabica),0.0,7.5,False
2023-06-21,Espresso Beans (Arabica),0.0,7.5,False
2023-06-22,Espresso Beans (Arabica),0.0,7.5,False
2023-06-23,Espresso Beans (Arabica),1.0,6.5,False
2023-06-24,Espresso Beans (Arabica),0.0,6.5,False
2023-06-25,Espresso Beans (Arabica),1.0,5.5,False
2023-06-26,Espresso Beans (Arabica),0.0,5.5,False
2023-06-27,Espresso Beans (Arabica),0.0,5.5,False
2023-06-28,Espresso Beans (Arabica),0.0,5.5,False
2023-06-29,Espresso Beans (Arabica),0.0,5.5,False
2023-06-30,Espresso Beans (Arabica),0.0,5.5,False
2023-07-01,Espresso Beans (Arabica),0.0,5.5,False
2023-07-02,Espresso Beans (Arabica),0.0,5.5,False
2023-07-03,Espresso Beans (Arabica),0.0,5.5,False
2023-07-04,Espresso Beans (Arabica),1.0,4.5,False
2023-07-05,Espresso Beans (Arabica),1.0,3.5,False
2023-07-06,Espresso Beans (Arabica),1.0,2.5,False
2023-07-07,Espresso Beans (Arabica),0.0,2.5,False
2023-07-08,Espresso Beans (Arabica),1.0,7.4,False
2023-07-09,Espresso Beans (Arabica),0.0,7.4,False
2023-07-10,Espresso Beans (Arabica),0.0,7.4,False
2023-07-11,Espresso Beans (Arabica),0.0,7.4,False
2023-07-12,Espresso Beans (Arabica),0.0,7.4,False
2023-07-13,Espresso Beans (Arabica),0.0,7.4,False
2023-07-14,Espresso Beans (Arabica),0.0,7.4,False
2023-07-15,Espresso Beans (Arabica),1.0,6.4,False
2023-07-16,Espresso Beans (Arabica),0.0,6.4,False
2023-07-17,Espresso Beans (Arabica),0.0,6.4,False
2023-07-18,Espresso Beans (Arabica),0.0,6.4,False
2023-07-19,Espresso Beans (Arabica),0.0,6.4,False
2023-07-20,Espresso Beans (Arabica),0.0,6.4,False
2023-07-21,Espresso Beans (Arabica),0.0,6.4,False
2023-07-22,Espresso Beans (Arabica),1.0,5.4,False
2023-07-23,Espresso Beans (Arabica),1.0,4.4,False
2023-07-24,Espresso Beans (Arabica),0.0,4.4,False
2023-07-25,Espresso Beans (Arabica),0.0,4.4,False
2023-07-26,Espresso Beans (Arabica),0.0,4.4,False
2023-07-27,Espresso Beans (Arabica),0.0,4.4,False
2023-07-28,Espresso Beans (Arabica),1.0,3.4,False
2023-07-29,Espresso Beans (Arabica),1.0,2.4,False
2023-07-30,Espresso Beans (Arabica),0.0,2.4,False
2023-07-31,Espresso Beans (Arabica),1.0,1.4,False
2023-08-01,Espresso Beans (Arabica),0.0,7.3,False
2023-08-02,Espresso Beans (Arabica),1.0,6.3,False
2023-08-03,Espresso Beans (Arabica),0.0,6.3,False
2023-08-04,Espresso Beans (Arabica),0.0,6.3,False
2023-08-05,Espresso Beans (Arabica),0.0,6.3,False
2023-08-06,Espresso Beans (Arabica),0.0,6.3,False
2023-08-07,Espresso Beans (Arabica),0.0,6.3,False
2023-08-08,Espresso Beans (Arabica),0.0,6.3,False
2023-08-09,Espresso Beans (Arabica),0.0,6.3,False
2023-08-10,Espresso Beans (Arabica),0.0,6.3,False
2023-08-11,Espresso Beans (Arabica),0.0,6.3,False
2023-08-12,Espresso Beans (Arabica),0.0,6.3,False
2023-08-13,Espresso Beans (Arabica),0.0,6.3,False
2023-08-14,Espresso Beans (Arabica),1.0,5.3,False
2023-08-15,Espresso Beans (Arabica),0.0,5.3,False
2023-08-16,Espresso Beans (Arabica),1.0,4.3,False
2023-08-17,Espresso Beans (Arabica),0.0,4.3,False
2023-08-18,Espresso Beans (Arabica),0.0,4.3,False
2023-08-19,Espresso Beans (Arabica),1.0,3.3,False
2023-08-20,Espresso Beans (Arabica),0.0,3.3,False
2023-08-21,Espresso Beans (Arabica),0.0,3.3,False
2023-08-22,Espresso Beans (Arabica),0.0,3.3,False
2023-08-23,Espresso Beans (Arabica),0.0,3.3,False
2023-08-24,Espresso Beans (Arabica),0.0,3.3,False
2023-08-25,Espresso Beans (Arabica),0.0,3.3,False
2023-08-26,Espresso Beans (Arabica),0.0,3.3,False
2023-08-27,Espresso Beans (Arabica),1.0,2.3,False
2023-08-28,Espresso Beans (Arabica),0.0,8.2,False
2023-08-29,Espresso Beans (Arabica),0.0,8.2,False
2023-08-30,Espresso Beans (Arabica),0.0,8.2,False
2023-08-31,Espresso Beans (Arabica),0.0,8.2,False
2023-09-01,Espresso Beans (Arabica),1.0,7.2,False
2023-09-02,Espresso Beans (Arabica),0.0,7.2,False
2023-09-03,Espresso Beans (Arabica),0.0,7.2,False
2023-09-04,Espresso Beans (Arabica),1.0,6.2,False
2023-09-05,Espresso Beans (Arabica),0.0,6.2,False
2023-09-06,Espresso Beans (Arabica),0.0,6.2,False
2023-09-07,Espresso Beans (Arabica),0.0,6.2,False
2023-09-08,Espresso Beans (Arabica),1.0,5.2,False
2023-09-09,Espresso Beans (Arabica),0.0,5.2,False
2023-09-10,Espresso Beans (Arabica),0.0,5.2,False
2023-09-11,Espresso Beans (Arabica),1.0,4.2,False
2023-09-12,Espresso Beans (Arabica),0.0,4.2,False
2023-09-13,Espresso Beans (Arabica),1.0,3.2,False
2023-09-14,Espresso Beans (Arabica),0.0,3.2,False
2023-09-15,Espresso Beans (Arabica),0.0,3.2,False
2023-09-16,Espresso Beans (Arabica),0.0,3.2,False
2023-09-17,Espresso Beans (Arabica),0.0,3.2,False
2023-09-18,Espresso Beans (Arabica),1.0,8.1,False
2023-09-19,Espresso Beans (Arabica),1.0,7.1,False
2023-09-20,Espresso Beans (Arabica),1.0,6.1,False
2023-09-21,Espresso Beans (Arabica),1.0,5.1,False
2023-09-22,Espresso Beans (Arabica),0.0,5.1,False
2023-09-23,Espresso Beans (Arabica),1.0,4.1,False
2023-09-24,Espresso Beans (Arabica),1.0,3.1,False
2023-09-25,Espresso Beans (Arabica),0.0,3.1,False
2023-09-26,Espresso Beans (Arabica),0.0,3.1,False
2023-09-27,Espresso Beans (Arabica),1.0,8.0,False
2023-09-28,Espresso Beans (Arabica),0.0,8.0,False
2023-09-29,Espresso Beans (Arabica),0.0,8.0,False
2023-09-30,Espresso Beans (Arabica),0.0,8.0,False
2023-10-01,Espresso Beans (Arabica),1.0,7.0,False
2023-10-02,Espresso Beans (Arabica),0.0,7.0,False
2023-10-03,Espresso Beans (Arabica),0.0,7.0,False
2023-10-04,Espresso Beans (Arabica),1.0,6.0,False
2023-10-05,Espresso Beans (Arabica),0.0,6.0,False
2023-10-06,Espresso Beans (Arabica),1.0,5.0,False
2023-10-07,Espresso Beans (Arabica),1.0,4.0,False
2023-10-08,Espresso Beans (Arabica),0.0,4.0,False
2023-10-09,Espresso Beans (Arabica),1.0,3.0,False
2023-10-10,Espresso Beans (Arabica),0.0,3.0,False
2023-10-11,Espresso Beans (Arabica),0.0,3.0,False
2023-10-12,Espresso Beans (Arabica),0.0,3.0,False
2023-10-13,Espresso Beans (Arabica),0.0,3.0,False
2023-10-14,Espresso Beans (Arabica),1.0,2.0,False
2023-10-15,Espresso Beans (Arabica),0.0,7.9,False
2023-10-16,Espresso Beans (Arabica),0.0,7.9,False
2023-10-17,Espresso Beans (Arabica),1.0,6.9,False
2023-10-18,Espresso Beans (Arabica),1.0,5.9,False
2023-10-19,Espresso Beans (Arabica),1.0,4.9,False
2023-10-20,Espresso Beans (Arabica),1.0,3.9,False
2023-10-21,Espresso Beans (Arabica),1.0,2.9,False
2023-10-22,Espresso Beans (Arabica),0.0,2.9,False
2023-10-23,Espresso Beans (Arabica),0.0,2.9,False
2023-10-24,Espresso Beans (Arabica),0.0,2.9,False
2023-10-25,Espresso Beans (Arabica),0.0,2.9,False
2023-10-26,Espresso Beans (Arabica),0.0,2.9,False
2023-10-27,Espresso Beans (Arabica),1.0,7.8,False
2023-10-28,Espresso Beans (Arabica),1.0,6.8,False
2023-10-29,Espresso Beans (Arabica),1.0,5.8,False
2023-10-30,Espresso Beans (Arabica),0.0,5.8,False
2023-10-31,Espresso Beans (Arabica),1.0,4.8,False
2023-11-01,Espresso Beans (Arabica),0.0,4.8,False
2023-11-02,Espresso Beans (Arabica),0.0,4.8,False
2023-11-03,Espresso Beans (Arabica),1.0,3.8,False
2023-11-04,Espresso Beans (Arabica),0.0,3.8,False
2023-11-05,Espresso Beans (Arabica),1.0,2.8,False
2023-11-06,Espresso Beans (Arabica),1.0,1.8,False
2023-11-07,Espresso Beans (Arabica),0.0,1.8,False
2023-11-08,Espresso Beans (Arabica),1.0,6.7,False
2023-11-09,Espresso Beans (Arabica),1.0,5.7,False
2023-11-10,Espresso Beans (Arabica),1.0,4.7,False
2023-11-11,Espresso Beans (Arabica),0.0,4.7,False
2023-11-12,Espresso Beans (Arabica),0.0,4.7,False
2023-11-13,Espresso Beans (Arabica),0.0,4.7,False
2023-11-14,Espresso Beans (Arabica),1.0,3.7,False
2023-11-15,Espresso Beans (Arabica),0.0,3.7,False
2023-11-16,Espresso Beans (Arabica),1.0,2.7,False
2023-11-17,Espresso Beans (Arabica),0.0,2.7,False
2023-11-18,Espresso Beans (Arabica),0.0,2.7,False
2023-11-19,Espresso Beans (Arabica),1.0,1.7,False
2023-11-20,Espresso Beans (Arabica),1.0,6.6,False
2023-11-21,Espresso Beans (Arabica),0.0,6.6,False
2023-11-22,Espresso Beans (Arabica),1.0,5.6,False
2023-11-23,Espresso Beans (Arabica),1.0,4.6,False
2023-11-24,Espresso Beans (Arabica),1.0,3.6,False
2023-11-25,Espresso Beans (Arabica),1.0,2.6,False
2023-11-26,Espresso Beans (Arabica),1.0,7.5,False
2023-11-27,Espresso Beans (Arabica),0.0,7.5,False
2023-11-28,Espresso Beans (Arabica),1.0,6.5,False
2023-11-29,Espresso Beans (Arabica),0.0,6.5,False
2023-11-30,Espresso Beans (Arabica),1.0,5.5,False
2023-12-01,Espresso Beans (Arabica),0.0,5.5,False
2023-12-02,Espresso Beans (Arabica),1.0,4.5,False
2023-12-03,Espresso Beans (Arabica),0.0,4.5,False
2023-12-04,Espresso Beans (Arabica),1.0,3.5,False
2023-12-05,Espresso Beans (Arabica),1.0,2.5,False
2023-12-06,Espresso Beans (Arabica),0.0,2.5,False
2023-12-07,Espresso Beans (Arabica),0.0,2.5,False
2023-12-08,Espresso Beans (Arabica),0.0,2.5,False
2023-12-09,Espresso Beans (Arabica),1.0,1.5,False
2023-12-10,Espresso Beans (Arabica),0.0,1.5,False
2023-12-11,Espresso Beans (Arabica),0.0,7.4,False
2023-12-12,Espresso Beans (Arabica),1.0,6.4,False
2023-12-13,Espresso Beans (Arabica),1.0,5.4,False
2023-12-14,Espresso Beans (Arabica),1.0,4.4,False
2023-12-15,Espresso Beans (Arabica),0.0,4.4,False
2023-12-16,Espresso Beans (Arabica),1.0,3.4,False
2023-12-17,Espresso Beans (Arabica),1.0,2.4,False
2023-12-18,Espresso Beans (Arabica),1.0,1.4,False
2023-12-19,Espresso Beans (Arabica),1.0,0.4,False
2023-12-20,Espresso Beans (Arabica),1.0,5.9,True
2023-12-21,Espresso Beans (Arabica),1.0,4.9,False
2023-12-22,Espresso Beans (Arabica),0.0,4.9,False
2023-12-23,Espresso Beans (Arabica),0.0,4.9,False
2023-12-24,Espresso Beans (Arabica),0.0,4.9,False
2023-12-25,Espresso Beans (Arabica),1.0,3.9,False
2023-12-26,Espresso Beans (Arabica),0.0,3.9,False
2023-12-27,Espresso Beans (Arabica),0.0,3.9,False
2023-12-28,Espresso Beans (Arabica),1.0,2.9,False
2023-12-29,Espresso Beans (Arabica),1.0,7.8,False
2023-12-30,Espresso Beans (Arabica),1.0,6.8,False
2023-12-31,Espresso Beans (Arabica),0.0,6.8,False
2024-01-01,Espresso Beans (Arabica),1.0,5.8,False
2024-01-02,Espresso Beans (Arabica),1.0,4.8,False
2024-01-03,Espresso Beans (Arabica),1.0,3.8,False
2024-01-04,Espresso Beans (Arabica),1.0,2.8,False
2024-01-05,Espresso Beans (Arabica),1.0,1.8,False
2024-01-06,Espresso Beans (Arabica),1.0,0.8,False
2024-01-07,Espresso Beans (Arabica),1.0,5.9,True
2024-01-08,Espresso Beans (Arabica),1.0,4.9,False
2024-01-09,Espresso Beans (Arabica),1.0,3.9,False
2024-01-10,Espresso Beans (Arabica),0.0,3.9,False
2024-01-11,Espresso Beans (Arabica),1.0,2.9,False
2024-01-12,Espresso Beans (Arabica),0.0,2.9,False
2024-01-13,Espresso Beans (Arabica),0.0,2.9,False
2024-01-14,Espresso Beans (Arabica),1.0,1.9,False
2024-01-15,Espresso Beans (Arabica),1.0,0.9,False
2024-01-16,Espresso Beans (Arabica),1.0,5.9,True
2024-01-17,Espresso Beans (Arabica),0.0,5.9,False
2024-01-18,Espresso Beans (Arabica),0.0,5.9,False
2024-01-19,Espresso Beans (Arabica),1.0,4.9,False
2024-01-20,Espresso Beans (Arabica),1.0,3.9,False
2024-01-21,Espresso Beans (Arabica),1.0,2.9,False
2024-01-22,Espresso Beans (Arabica),1.0,7.8,False
2024-01-23,Espresso Beans (Arabica),0.0,7.8,False
2024-01-24,Espresso Beans (Arabica),1.0,6.8,False
2024-01-25,Espresso Beans (Arabica),0.0,6.8,False
2024-01-26,Espresso Beans (Arabica),1.0,5.8,False
2024-01-27,Espresso Beans (Arabica),1.0,4.8,False
2024-01-28,Espresso Beans (Arabica),0.0,4.8,False
2024-01-29,Espresso Beans (Arabica),0.0,4.8,False
2024-01-30,Espresso Beans (Arabica),0.0,4.8,False
2024-01-31,Espresso Beans (Arabica),0.0,4.8,False
2024-02-01,Espresso Beans (Arabica),1.0,3.8,False
2024-02-02,Espresso Beans (Arabica),1.0,2.8,False
2024-02-03,Espresso Beans (Arabica),1.0,7.7,False
2024-02-04,Espresso Beans (Arabica),0.0,7.7,False
2024-02-05,Espresso Beans (Arabica),0.0,7.7,False
2024-02-06,Espresso Beans (Arabica),0.0,7.7,False
2024-02-07,Espresso Beans (Arabica),0.0,7.7,False
2024-02-08,Espresso Beans (Arabica),1.0,6.7,False
2024-02-09,Espresso Beans (Arabica),1.0,5.7,False
2024-02-10,Espresso Beans (Arabica),1.0,4.7,False
2024-02-11,Espresso Beans (Arabica),1.0,3.7,False
2024-02-12,Espresso Beans (Arabica),1.0,2.7,False
2024-02-13,Espresso Beans (Arabica),1.0,1.7,False
2024-02-14,Espresso Beans (Arabica),1.0,0.7,False
2024-02-15,Espresso Beans (Arabica),1.0,5.9,True
2024-02-16,Espresso Beans (Arabica),0.0,5.9,False
2024-02-17,Espresso Beans (Arabica),0.0,5.9,False
2024-02-18,Espresso Beans (Arabica),0.0,5.9,False
2024-02-19,Espresso Beans (Arabica),1.0,4.9,False
2024-02-20,Espresso Beans (Arabica),1.0,3.9,False
2024-02-21,Espresso Beans (Arabica),1.0,2.9,False
2024-02-22,Espresso Beans (Arabica),0.0,2.9,False
2024-02-23,Espresso Beans (Arabica),1.0,1.9,False
2024-02-24,Espresso Beans (Arabica),1.0,6.8,False
2024-02-25,Espresso Beans (Arabica),1.0,5.8,False
2024-02-26,Espresso Beans (Arabica),1.0,4.8,False
2024-02-27,Espresso Beans (Arabica),1.0,3.8,False
2024-02-28,Espresso Beans (Arabica),0.0,3.8,False
2024-02-29,Espresso Beans (Arabica),1.0,2.8,False
2024-03-01,Espresso Beans (Arabica),1.0,7.7,False
2024-03-02,Espresso Beans (Arabica),1.0,6.7,False
2024-03-03,Espresso Beans (Arabica),1.0,5.7,False
2024-03-04,Espresso Beans (Arabica),0.0,5.7,False
2024-03-05,Espresso Beans (Arabica),0.0,5.7,False
2024-03-06,Espresso Beans (Arabica),0.0,5.7,False
2024-03-07,Espresso Beans (Arabica),0.0,5.7,False
2024-03-08,Espresso Beans (Arabica),0.0,5.7,False
2024-03-09,Espresso Beans (Arabica),0.0,5.7,False
2024-03-10,Espresso Beans (Arabica),0.0,5.7,False
2024-03-11,Espresso Beans (Arabica),0.0,5.7,False
2024-03-12,Espresso Beans (Arabica),1.0,4.7,False
2024-03-13,Espresso Beans (Arabica),1.0,3.7,False
2024-03-14,Espresso Beans (Arabica),0.0,3.7,False
2024-03-15,Espresso Beans (Arabica),0.0,3.7,False
2024-03-16,Espresso Beans (Arabica),0.0,3.7,False
2024-03-17,Espresso Beans (Arabica),0.0,3.7,False
2024-03-18,Espresso Beans (Arabica),0.0,3.7,False
2024-03-19,Espresso Beans (Arabica),0.0,3.7,False
2024-03-20,Espresso Beans (Arabica),0.0,3.7,False
2024-03-21,Espresso Beans (Arabica),0.0,3.7,False
2024-03-22,Espresso Beans (Arabica),0.0,3.7,False
2024-03-23,Espresso Beans (Arabica),1.0,2.7,False
2024-03-24,Espresso Beans (Arabica),1.0,1.7,False
2024-03-25,Espresso Beans (Arabica),1.0,6.6,False
2024-03-26,Espresso Beans (Arabica),0.0,6.6,False
2024-03-27,Espresso Beans (Arabica),1.0,5.6,False
2024-03-28,Espresso Beans (Arabica),0.0,5.6,False
2024-03-29,Espresso Beans (Arabica),1.0,4.6,False
2024-03-30,Espresso Beans (Arabica),1.0,3.6,False
2024-03-31,Espresso Beans (Arabica),0.0,3.6,False
2024-04-01,Espresso Beans (Arabica),0.0,3.6,False
2024-04-02,Espresso Beans (Arabica),1.0,2.6,False
2024-04-03,Espresso Beans (Arabica),1.0,7.5,False
2024-04-04,Espresso Beans (Arabica),0.0,7.5,False
2024-04-05,Espresso Beans (Arabica),1.0,6.5,False
2024-04-06,Espresso Beans (Arabica),1.0,5.5,False
2024-04-07,Espresso Beans (Arabica),0.0,5.5,False
2024-04-08,Espresso Beans (Arabica),1.0,4.5,False
2024-04-09,Espresso Beans (Arabica),1.0,3.5,False
2024-04-10,Espresso Beans (Arabica),1.0,2.5,False
2024-04-11,Espresso Beans (Arabica),0.0,2.5,False
2024-04-12,Espresso Beans (Arabica),0.0,2.5,False
2024-04-13,Espresso Beans (Arabica),1.0,1.5,False
2024-04-14,Espresso Beans (Arabica),0.0,1.5,False
2024-04-15,Espresso Beans (Arabica),0.0,7.4,False
2024-04-16,Espresso Beans (Arabica),0.0,7.4,False
2024-04-17,Espresso Beans (Arabica),1.0,6.4,False
2024-04-18,Espresso Beans (Arabica),0.0,6.4,False
2024-04-19,Espresso Beans (Arabica),0.0,6.4,False
2024-04-20,Espresso Beans (Arabica),0.0,6.4,False
2024-04-21,Espresso Beans (Arabica),0.0,6.4,False
2024-04-22,Espresso Beans (Arabica),0.0,6.4,False
2024-04-23,Espresso Beans (Arabica),1.0,5.4,False
2024-04-24,Espresso Beans (Arabica),0.0,5.4,False
2024-04-25,Espresso Beans (Arabica),1.0,4.4,False
2024-04-26,Espresso Beans (Arabica),0.0,4.4,False
2024-04-27,Espresso Beans (Arabica),0.0,4.4,False
2024-04-28,Espresso Beans (Arabica),0.0,4.4,False
2024-04-29,Espresso Beans (Arabica),0.0,4.4,False
2024-04-30,Espresso Beans (Arabica),0.0,4.4,False
2024-05-01,Espresso Beans (Arabica),0.0,4.4,False
2024-05-02,Espresso Beans (Arabica),0.0,4.4,False
2024-05-03,Espresso Beans (Arabica),0.0,4.4,False
2024-05-04,Espresso Beans (Arabica),1.0,3.4,False
2024-05-05,Espresso Beans (Arabica),0.0,3.4,False
2024-05-06,Espresso Beans (Arabica),1.0,2.4,False
2024-05-07,Espresso Beans (Arabica),0.0,2.4,False
2024-05-08,Espresso Beans (Arabica),1.0,1.4,False
2024-05-09,Espresso Beans (Arabica),0.0,7.3,False
2024-05-10,Espresso Beans (Arabica),1.0,6.3,False
2024-05-11,Espresso Beans (Arabica),1.0,5.3,False
2024-05-12,Espresso Beans (Arabica),0.0,5.3,False
2024-05-13,Espresso Beans (Arabica),1.0,4.3,False
2024-05-14,Espresso Beans (Arabica),1.0,3.3,False
2024-05-15,Espresso Beans (Arabica),0.0,3.3,False
2024-05-16,Espresso Beans (Arabica),0.0,3.3,False
2024-05-17,Espresso Beans (Arabica),0.0,3.3,False
2024-05-18,Espresso Beans (Arabica),0.0,3.3,False
2024-05-19,Espresso Beans (Arabica),0.0,3.3,False
2024-05-20,Espresso Beans (Arabica),0.0,3.3,False
2024-05-21,Espresso Beans (Arabica),0.0,3.3,False
2024-05-22,Espresso Beans (Arabica),1.0,2.3,False
2024-05-23,Espresso Beans (Arabica),1.0,1.3,False
2024-05-24,Espresso Beans (Arabica),1.0,6.2,False
2024-05-25,Espresso Beans (Arabica),1.0,5.2,False
2024-05-26,Espresso Beans (Arabica),0.0,5.2,False
2024-05-27,Espresso Beans (Arabica),1.0,4.2,False
2024-05-28,Espresso Beans (Arabica),0.0,4.2,False
2024-05-29,Espresso Beans (Arabica),1.0,3.2,False
2024-05-30,Espresso Beans (Arabica),0.0,3.2,False
2024-05-31,Espresso Beans (Arabica),0.0,3.2,False
2024-06-01,Espresso Beans (Arabica),0.0,3.2,False
2024-06-02,Espresso Beans (Arabica),0.0,3.2,False
2024-06-03,Espresso Beans (Arabica),0.0,3.2,False
2024-06-04,Espresso Beans (Arabica),1.0,2.2,False
2024-06-05,Espresso Beans (Arabica),1.0,7.1,False
2024-06-06,Espresso Beans (Arabica),0.0,7.1,False
2024-06-07,Espresso Beans (Arabica),0.0,7.1,False
2024-06-08,Espresso Beans (Arabica),0.0,7.1,False
2024-06-09,Espresso Beans (Arabica),0.0,7.1,False
2024-06-10,Espresso Beans (Arabica),1.0,6.1,False
2024-06-11,Espresso Beans (Arabica),0.0,6.1,False
2024-06-12,Espresso Beans (Arabica),1.0,5.1,False
2024-06-13,Espresso Beans (Arabica),0.0,5.1,False
2024-06-14,Espresso Beans (Arabica),1.0,4.1,False
2024-06-15,Espresso Beans (Arabica),0.0,4.1,False
2024-06-16,Espresso Beans (Arabica),1.0,3.1,False
2024-06-17,Espresso Beans (Arabica),0.0,3.1,False
2024-06-18,Espresso Beans (Arabica),0.0,3.1,False
2024-06-19,Espresso Beans (Arabica),0.0,3.1,False
2024-06-20,Espresso Beans (Arabica),0.0,3.1,False
2024-06-21,Espresso Beans (Arabica),1.0,2.1,False
2024-06-22,Espresso Beans (Arabica),1.0,1.1,False
2024-06-23,Espresso Beans (Arabica),0.0,7.0,False
2024-06-24,Espresso Beans (Arabica),1.0,6.0,False
2024-06-25,Espresso Beans (Arabica),1.0,5.0,False
2024-06-26,Espresso Beans (Arabica),0.0,5.0,False
2024-06-27,Espresso Beans (Arabica),0.0,5.0,False
2024-06-28,Espresso Beans (Arabica),0.0,5.0,False
2024-06-29,Espresso Beans (Arabica),0.0,5.0,False
2024-06-30,Espresso Beans (Arabica),0.0,5.0,False
2024-07-01,Espresso Beans (Arabica),1.0,4.0,False
2024-07-02,Espresso Beans (Arabica),0.0,4.0,False
2024-07-03,Espresso Beans (Arabica),0.0,4.0,False
2024-07-04,Espresso Beans (Arabica),1.0,3.0,False
2024-07-05,Espresso Beans (Arabica),0.0,3.0,False
2024-07-06,Espresso Beans (Arabica),0.0,3.0,False
2024-07-07,Espresso Beans (Arabica),1.0,2.0,False
2024-07-08,Espresso Beans (Arabica),0.0,7.9,False
2024-07-09,Espresso Beans (Arabica),0.0,7.9,False
2024-07-10,Espresso Beans (Arabica),0.0,7.9,False
2024-07-11,Espresso Beans (Arabica),0.0,7.9,False
2024-07-12,Espresso Beans (Arabica),1.0,6.9,False
2024-07-13,Espresso Beans (Arabica),1.0,5.9,False
2024-07-14,Espresso Beans (Arabica),0.0,5.9,False
2024-07-15,Espresso Beans (Arabica),0.0,5.9,False
2024-07-16,Espresso Beans (Arabica),0.0,5.9,False
2024-07-17,Espresso Beans (Arabica),0.0,5.9,False
2024-07-18,Espresso Beans (Arabica),0.0,5.9,False
2024-07-19,Espresso Beans (Arabica),1.0,4.9,False
2024-07-20,Espresso Beans (Arabica),0.0,4.9,False
2024-07-21,Espresso Beans (Arabica),0.0,4.9,False
2024-07-22,Espresso Beans (Arabica),0.0,4.9,False
2024-07-23,Espresso Beans (Arabica),0.0,4.9,False
2024-07-24,Espresso Beans (Arabica),0.0,4.9,False
2024-07-25,Espresso Beans (Arabica),0.0,4.9,False
2024-07-26,Espresso Beans (Arabica),0.0,4.9,False
2024-07-27,Espresso Beans (Arabica),1.0,3.9,False
2024-07-28,Espresso Beans (Arabica),0.0,3.9,False
2024-07-29,Espresso Beans (Arabica),0.0,3.9,False
2024-07-30,Espresso Beans (Arabica),0.0,3.9,False
2024-07-31,Espresso Beans (Arabica),1.0,2.9,False
2024-08-01,Espresso Beans (Arabica),0.0,2.9,False
2024-08-02,Espresso Beans (Arabica),0.0,2.9,False
2024-08-03,Espresso Beans (Arabica),0.0,2.9,False
2024-08-04,Espresso Beans (Arabica),1.0,7.9,False
2024-08-05,Espresso Beans (Arabica),0.0,7.9,False
2024-08-06,Espresso Beans (Arabica),0.0,7.9,False
2024-08-07,Espresso Beans (Arabica),0.0,7.9,False
2024-08-08,Espresso Beans (Arabica),1.0,6.9,False
2024-08-09,Espresso Beans (Arabica),0.0,6.9,False
2024-08-10,Espresso Beans (Arabica),0.0,6.9,False
2024-08-11,Espresso Beans (Arabica),0.0,6.9,False
2024-08-12,Espresso Beans (Arabica),1.0,5.9,False
2024-08-13,Espresso Beans (Arabica),0.0,5.9,False
2024-08-14,Espresso Beans (Arabica),0.0,5.9,False
2024-08-15,Espresso Beans (Arabica),0.0,5.9,False
2024-08-16,Espresso Beans (Arabica),0.0,5.9,False
2024-08-17,Espresso Beans (Arabica),0.0,5.9,False
2024-08-18,Espresso Beans (Arabica),1.0,4.9,False
2024-08-19,Espresso Beans (Arabica),0.0,4.9,False
2024-08-20,Espresso Beans (Arabica),0.0,4.9,False
2024-08-21,Espresso Beans (Arabica),0.0,4.9,False
2024-08-22,Espresso Beans (Arabica),1.0,3.9,False
2024-08-23,Espresso Beans (Arabica),0.0,3.9,False
2024-08-24,Espresso Beans (Arabica),0.0,3.9,False
2024-08-25,Espresso Beans (Arabica),1.0,2.9,False
2024-08-26,Espresso Beans (Arabica),0.0,2.9,False
2024-08-27,Espresso Beans (Arabica),0.0,2.9,False
2024-08-28,Espresso Beans (Arabica),1.0,7.8,False
2024-08-29,Espresso Beans (Arabica),0.0,7.8,False
2024-08-30,Espresso Beans (Arabica),1.0,6.8,False
2024-08-31,Espresso Beans (Arabica),1.0,5.8,False
2024-09-01,Espresso Beans (Arabica),0.0,5.8,False
2024-09-02,Espresso Beans (Arabica),0.0,5.8,False
2024-09-03,Espresso Beans (Arabica),0.0,5.8,False
2024-09-04,Espresso Beans (Arabica),0.0,5.8,False
2024-09-05,Espresso Beans (Arabica),0.0,5.8,False
2024-09-06,Espresso Beans (Arabica),0.0,5.8,False
2024-09-07,Espresso Beans (Arabica),1.0,4.8,False
2024-09-08,Espresso Beans (Arabica),0.0,4.8,False
2024-09-09,Espresso Beans (Arabica),0.0,4.8,False
2024-09-10,Espresso Beans (Arabica),1.0,3.8,False
2024-09-11,Espresso Beans (Arabica),0.0,3.8,False
2024-09-12,Espresso Beans (Arabica),0.0,3.8,False
2024-09-13,Espresso Beans (Arabica),1.0,2.8,False
2024-09-14,Espresso Beans (Arabica),0.0,2.8,False
2024-09-15,Espresso Beans (Arabica),0.0,2.8,False
2024-09-16,Espresso Beans (Arabica),1.0,1.8,False
2024-09-17,Espresso Beans (Arabica),0.0,1.8,False
2024-09-18,Espresso Beans (Arabica),0.0,7.7,False
2024-09-19,Espresso Beans (Arabica),0.0,7.7,False
2024-09-20,Espresso Beans (Arabica),0.0,7.7,False
2024-09-21,Espresso Beans (Arabica),0.0,7.7,False
2024-09-22,Espresso Beans (Arabica),0.0,7.7,False
2024-09-23,Espresso Beans (Arabica),1.0,6.7,False
2024-09-24,Espresso Beans (Arabica),0.0,6.7,False
2024-09-25,Espresso Beans (Arabica),1.0,5.7,False
2024-09-26,Espresso Beans (Arabica),0.0,5.7,False
2024-09-27,Espresso Beans (Arabica),1.0,4.7,False
2024-09-28,Espresso Beans (Arabica),0.0,4.7,False
2024-09-29,Espresso Beans (Arabica),1.0,3.7,False
2024-09-30,Espresso Beans (Arabica),1.0,2.7,False
2024-10-01,Espresso Beans (Arabica),1.0,1.7,False
2024-10-02,Espresso Beans (Arabica),0.0,1.7,False
2024-10-03,Espresso Beans (Arabica),1.0,6.6,False
2024-10-04,Espresso Beans (Arabica),1.0,5.6,False
2024-10-05,Espresso Beans (Arabica),0.0,5.6,False
2024-10-06,Espresso Beans (Arabica),0.0,5.6,False
2024-10-07,Espresso Beans (Arabica),1.0,4.6,False
2024-10-08,Espresso Beans (Arabica),1.0,3.6,False
2024-10-09,Espresso Beans (Arabica),0.0,3.6,False
2024-10-10,Espresso Beans (Arabica),1.0,2.6,False
2024-10-11,Espresso Beans (Arabica),1.0,1.6,False
2024-10-12,Espresso Beans (Arabica),1.0,6.5,False
2024-10-13,Espresso Beans (Arabica),0.0,6.5,False
2024-10-14,Espresso Beans (Arabica),0.0,6.5,False
2024-10-15,Espresso Beans (Arabica),0.0,6.5,False
2024-10-16,Espresso Beans (Arabica),0.0,6.5,False
2024-10-17,Espresso Beans (Arabica),0.0,6.5,False
2024-10-18,Espresso Beans (Arabica),1.0,5.5,False
2024-10-19,Espresso Beans (Arabica),0.0,5.5,False
2024-10-20,Espresso Beans (Arabica),1.0,4.5,False
2024-10-21,Espresso Beans (Arabica),0.0,4.5,False
2024-10-22,Espresso Beans (Arabica),0.0,4.5,False
2024-10-23,Espresso Beans (Arabica),1.0,3.5,False
2024-10-24,Espresso Beans (Arabica),0.0,3.5,False
2024-10-25,Espresso Beans (Arabica),1.0,2.5,False
2024-10-26,Espresso Beans (Arabica),0.0,2.5,False
2024-10-27,Espresso Beans (Arabica),1.0,7.4,False
2024-10-28,Espresso Beans (Arabica),1.0,6.4,False
2024-10-29,Espresso Beans (Arabica),0.0,6.4,False
2024-10-30,Espresso Beans (Arabica),1.0,5.4,False
2024-10-31,Espresso Beans (Arabica),0.0,5.4,False
2024-11-01,Espresso Beans (Arabica),1.0,4.4,False
2024-11-02,Espresso Beans (Arabica),0.0,4.4,False
2024-11-03,Espresso Beans (Arabica),0.0,4.4,False
2024-11-04,Espresso Beans (Arabica),0.0,4.4,False
2024-11-05,Espresso Beans (Arabica),0.0,4.4,False
2024-11-06,Espresso Beans (Arabica),1.0,3.4,False
2024-11-07,Espresso Beans (Arabica),1.0,2.4,False
2024-11-08,Espresso Beans (Arabica),1.0,7.3,False
2024-11-09,Espresso Beans (Arabica),1.0,6.3,False
2024-11-10,Espresso Beans (Arabica),1.0,5.3,False
2024-11-11,Espresso Beans (Arabica),0.0,5.3,False
2024-11-12,Espresso Beans (Arabica),1.0,4.3,False
2024-11-13,Espresso Beans (Arabica),0.0,4.3,False
2024-11-14,Espresso Beans (Arabica),1.0,3.3,False
2024-11-15,Espresso Beans (Arabica),1.0,2.3,False
2024-11-16,Espresso Beans (Arabica),0.0,2.3,False
2024-11-17,Espresso Beans (Arabica),1.0,7.2,False
2024-11-18,Espresso Beans (Arabica),1.0,6.2,False
2024-11-19,Espresso Beans (Arabica),1.0,5.2,False
2024-11-20,Espresso Beans (Arabica),1.0,4.2,False
2024-11-21,Espresso Beans (Arabica),0.0,4.2,False
2024-11-22,Espresso Beans (Arabica),0.0,4.2,False
2024-11-23,Espresso Beans (Arabica),1.0,3.2,False
2024-11-24,Espresso Beans (Arabica),1.0,2.2,False
2024-11-25,Espresso Beans (Arabica),1.0,1.2,False
2024-11-26,Espresso Beans (Arabica),0.0,7.1,False
2024-11-27,Espresso Beans (Arabica),1.0,6.1,False
2024-11-28,Espresso Beans (Arabica),1.0,5.1,False
2024-11-29,Espresso Beans (Arabica),1.0,4.1,False
2024-11-30,Espresso Beans (Arabica),1.0,3.1,False
2024-12-01,Espresso Beans (Arabica),0.0,3.1,False
2024-12-02,Espresso Beans (Arabica),0.0,3.1,False
2024-12-03,Espresso Beans (Arabica),0.0,3.1,False
2024-12-04,Espresso Beans (Arabica),0.0,3.1,False
2024-12-05,Espresso Beans (Arabica),1.0,8.0,False
2024-12-06,Espresso Beans (Arabica),1.0,7.0,False
2024-12-07,Espresso Beans (Arabica),0.0,7.0,False
2024-12-08,Espresso Beans (Arabica),0.0,7.0,False
2024-12-09,Espresso Beans (Arabica),0.0,7.0,False
2024-12-10,Espresso Beans (Arabica),1.0,6.0,False
2024-12-11,Espresso Beans (Arabica),0.0,6.0,False
2024-12-12,Espresso Beans (Arabica),1.0,5.0,False
2024-12-13,Espresso Beans (Arabica),0.0,5.0,False
2024-12-14,Espresso Beans (Arabica),1.0,4.0,False
2024-12-15,Espresso Beans (Arabica),1.0,3.0,False
2024-12-16,Espresso Beans (Arabica),1.0,2.0,False
2024-12-17,Espresso Beans (Arabica),1.0,6.9,False
2024-12-18,Espresso Beans (Arabica),1.0,5.9,False
2024-12-19,Espresso Beans (Arabica),0.0,5.9,False
2024-12-20,Espresso Beans (Arabica),0.0,5.9,False
2024-12-21,Espresso Beans (Arabica),1.0,4.9,False
2024-12-22,Espresso Beans (Arabica),1.0,3.9,False
2024-12-23,Espresso Beans (Arabica),1.0,2.9,False
2024-12-24,Espresso Beans (Arabica),0.0,2.9,False
2024-12-25,Espresso Beans (Arabica),1.0,1.9,False
2024-12-26,Espresso Beans (Arabica),1.0,6.8,False
2024-12-27,Espresso Beans (Arabica),1.0,5.8,False
2024-12-28,Espresso Beans (Arabica),1.0,4.8,False
2024-12-29,Espresso Beans (Arabica),1.0,3.8,False
2024-12-30,Espresso Beans (Arabica),1.0,2.8,False
2024-12-31,Espresso Beans (Arabica),1.0,1.8,False
2025-01-01,Espresso Beans (Arabica),0.0,7.7,False
2025-01-02,Espresso Beans (Arabica),0.0,7.7,False
2025-01-03,Espresso Beans (Arabica),1.0,6.7,False
2025-01-04,Espresso Beans (Arabica),1.0,5.7,False
2025-01-05,Espresso Beans (Arabica),1.0,4.7,False
2025-01-06,Espresso Beans (Arabica),0.0,4.7,False
2025-01-07,Espresso Beans (Arabica),0.0,4.7,False
2025-01-08,Espresso Beans (Arabica),0.0,4.7,False
2025-01-09,Espresso Beans (Arabica),0.0,4.7,False
2025-01-10,Espresso Beans (Arabica),1.0,3.7,False
2025-01-11,Espresso Beans (Arabica),1.0,2.7,False
2025-01-12,Espresso Beans (Arabica),1.0,1.7,False
2025-01-13,Espresso Beans (Arabica),0.0,7.6,False
2025-01-14,Espresso Beans (Arabica),0.0,7.6,False
2025-01-15,Espresso Beans (Arabica),1.0,6.6,False
2025-01-16,Espresso Beans (Arabica),1.0,5.6,False
2025-01-17,Espresso Beans (Arabica),0.0,5.6,False
2025-01-18,Espresso Beans (Arabica),0.0,5.6,False
2025-01-19,Espresso Beans (Arabica),1.0,4.6,False
2025-01-20,Espresso Beans (Arabica),1.0,3.6,False
2025-01-21,Espresso Beans (Arabica),1.0,2.6,False
2025-01-22,Espresso Beans (Arabica),1.0,7.5,False
2025-01-23,Espresso Beans (Arabica),1.0,6.5,False
2025-01-24,Espresso Beans (Arabica),1.0,5.5,False
2025-01-25,Espresso Beans (Arabica),0.0,5.5,False
2025-01-26,Espresso Beans (Arabica),1.0,4.5,False
2025-01-27,Espresso Beans (Arabica),0.0,4.5,False
2025-01-28,Espresso Beans (Arabica),1.0,3.5,False
2025-01-29,Espresso Beans (Arabica),1.0,2.5,False
2025-01-30,Espresso Beans (Arabica),0.0,2.5,False
2025-01-31,Espresso Beans (Arabica),1.0,7.4,False
2025-02-01,Espresso Beans (Arabica),0.0,7.4,False
2025-02-02,Espresso Beans (Arabica),0.0,7.4,False
2025-02-03,Espresso Beans (Arabica),0.0,7.4,False
2025-02-04,Espresso Beans (Arabica),0.0,7.4,False
2025-02-05,Espresso Beans (Arabica),1.0,6.4,False
2025-02-06,Espresso Beans (Arabica),0.0,6.4,False
2025-02-07,Espresso Beans (Arabica),1.0,5.4,False
2025-02-08,Espresso Beans (Arabica),0.0,5.4,False
2025-02-09,Espresso Beans (Arabica),0.0,5.4,False
2025-02-10,Espresso Beans (Arabica),0.0,5.4,False
2025-02-11,Espresso Beans (Arabica),1.0,4.4,False
2025-02-12,Espresso Beans (Arabica),1.0,3.4,False
2025-02-13,Espresso Beans (Arabica),0.0,3.4,False
2025-02-14,Espresso Beans (Arabica),1.0,2.4,False
2025-02-15,Espresso Beans (Arabica),0.0,2.4,False
2025-02-16,Espresso Beans (Arabica),1.0,1.4,False
2025-02-17,Espresso Beans (Arabica),1.0,0.4,False
2025-02-18,Espresso Beans (Arabica),1.0,5.9,True
2025-02-19,Espresso Beans (Arabica),1.0,4.9,False
2025-02-20,Espresso Beans (Arabica),1.0,3.9,False
2025-02-21,Espresso Beans (Arabica),1.0,2.9,False
2025-02-22,Espresso Beans (Arabica),0.0,2.9,False
2025-02-23,Espresso Beans (Arabica),0.0,2.9,False
2025-02-24,Espresso Beans (Arabica),1.0,7.8,False
2025-02-25,Espresso Beans (Arabica),0.0,7.8,False
2025-02-26,Espresso Beans (Arabica),1.0,6.8,False
2025-02-27,Espresso Beans (Arabica),0.0,6.8,False
2025-02-28,Espresso Beans (Arabica),0.0,6.8,False
2025-03-01,Espresso Beans (Arabica),0.0,6.8,False
2025-03-02,Espresso Beans (Arabica),0.0,6.8,False
2025-03-03,Espresso Beans (Arabica),0.0,6.8,False
2025-03-04,Espresso Beans (Arabica),0.0,6.8,False
2025-03-05,Espresso Beans (Arabica),0.0,6.8,False
2025-03-06,Espresso Beans (Arabica),1.0,5.8,False
2025-03-07,Espresso Beans (Arabica),1.0,4.8,False
2025-03-08,Espresso Beans (Arabica),1.0,3.8,False
2025-03-09,Espresso Beans (Arabica),0.0,3.8,False
2025-03-10,Espresso Beans (Arabica),1.0,2.8,False
2025-03-11,Espresso Beans (Arabica),1.0,7.7,False
2025-03-12,Espresso Beans (Arabica),1.0,6.7,False
2025-03-13,Espresso Beans (Arabica),1.0,5.7,False
2025-03-14,Espresso Beans (Arabica),0.0,5.7,False
2025-03-15,Espresso Beans (Arabica),1.0,4.7,False
2025-03-16,Espresso Beans (Arabica),0.0,4.7,False
2025-03-17,Espresso Beans (Arabica),1.0,3.7,False
2025-03-18,Espresso Beans (Arabica),0.0,3.7,False
2025-03-19,Espresso Beans (Arabica),0.0,3.7,False
2025-03-20,Espresso Beans (Arabica),1.0,2.7,False
2025-03-21,Espresso Beans (Arabica),0.0,2.7,False
2025-03-22,Espresso Beans (Arabica),1.0,1.7,False
2025-03-23,Espresso Beans (Arabica),1.0,6.6,False
2025-03-24,Espresso Beans (Arabica),0.0,6.6,False
2025-03-25,Espresso Beans (Arabica),1.0,5.6,False
2025-03-26,Espresso Beans (Arabica),0.0,5.6,False
2025-03-27,Espresso Beans (Arabica),0.0,5.6,False
2025-03-28,Espresso Beans (Arabica),0.0,5.6,False
2025-03-29,Espresso Beans (Arabica),1.0,4.6,False
2025-03-30,Espresso Beans (Arabica),1.0,3.6,False
2025-03-31,Espresso Beans (Arabica),0.0,3.6,False
2025-04-01,Espresso Beans (Arabica),0.0,3.6,False
2025-04-02,Espresso Beans (Arabica),0.0,3.6,False
2025-04-03,Espresso Beans (Arabica),0.0,3.6,False
2025-04-04,Espresso Beans (Arabica),0.0,3.6,False
2025-04-05,Espresso Beans (Arabica),0.0,3.6,False
2025-04-06,Espresso Beans (Arabica),0.0,3.6,False
2025-04-07,Espresso Beans (Arabica),1.0,2.6,False
2025-04-08,Espresso Beans (Arabica),1.0,1.6,False
2025-04-09,Espresso Beans (Arabica),0.0,1.6,False
2025-04-10,Espresso Beans (Arabica),0.0,7.5,False
2025-04-11,Espresso Beans (Arabica),1.0,6.5,False
2025-04-12,Espresso Beans (Arabica),0.0,6.5,False
2025-04-13,Espresso Beans (Arabica),0.0,6.5,False
2025-04-14,Espresso Beans (Arabica),0.0,6.5,False
2025-04-15,Espresso Beans (Arabica),0.0,6.5,False
2025-04-16,Espresso Beans (Arabica),0.0,6.5,False
2025-04-17,Espresso Beans (Arabica),0.0,6.5,False
2025-04-18,Espresso Beans (Arabica),1.0,5.5,False
2025-04-19,Espresso Beans (Arabica),0.0,5.5,False
2025-04-20,Espresso Beans (Arabica),0.0,5.5,False
2025-04-21,Espresso Beans (Arabica),0.0,5.5,False
2025-04-22,Espresso Beans (Arabica),1.0,4.5,False
2025-04-23,Espresso Beans (Arabica),0.0,4.5,False
2025-04-24,Espresso Beans (Arabica),0.0,4.5,False
2025-04-25,Espresso Beans (Arabica),0.0,4.5,False
2025-04-26,Espresso Beans (Arabica),0.0,4.5,False
2025-04-27,Espresso Beans (Arabica),1.0,3.5,False
2025-04-28,Espresso Beans (Arabica),0.0,3.5,False
2025-04-29,Espresso Beans (Arabica),0.0,3.5,False
2025-04-30,Espresso Beans (Arabica),1.0,2.5,False
2025-05-01,Espresso Beans (Arabica),0.0,2.5,False
2025-05-02,Espresso Beans (Arabica),1.0,1.5,False
2025-05-03,Espresso Beans (Arabica),0.0,1.5,False
2025-05-04,Espresso Beans (Arabica),0.0,7.4,False
2025-05-05,Espresso Beans (Arabica),0.0,7.4,False
2025-05-06,Espresso Beans (Arabica),0.0,7.4,False
2025-05-07,Espresso Beans (Arabica),1.0,6.4,False
2025-05-08,Espresso Beans (Arabica),0.0,6.4,False
2025-05-09,Espresso Beans (Arabica),0.0,6.4,False
2025-05-10,Espresso Beans (Arabica),0.0,6.4,False
2025-05-11,Espresso Beans (Arabica),0.0,6.4,False
2025-05-12,Espresso Beans (Arabica),0.0,6.4,False
2025-05-13,Espresso Beans (Arabica),0.0,6.4,False
2025-05-14,Espresso Beans (Arabica),0.0,6.4,False
2025-05-15,Espresso Beans (Arabica),0.0,6.4,False
2025-05-16,Espresso Beans (Arabica),0.0,6.4,False
2025-05-17,Espresso Beans (Arabica),0.0,6.4,False
2025-05-18,Espresso Beans (Arabica),1.0,5.4,False
2025-05-19,Espresso Beans (Arabica),0.0,5.4,False
2025-05-20,Espresso Beans (Arabica),0.0,5.4,False
2025-05-21,Espresso Beans (Arabica),1.0,4.4,False
2025-05-22,Espresso Beans (Arabica),1.0,3.4,False
2025-05-23,Espresso Beans (Arabica),0.0,3.4,False
2025-05-24,Espresso Beans (Arabica),0.0,3.4,False
2025-05-25,Espresso Beans (Arabica),1.0,2.4,False
2025-05-26,Espresso Beans (Arabica),0.0,2.4,False
2025-05-27,Espresso Beans (Arabica),0.0,2.4,False
2025-05-28,Espresso Beans (Arabica),0.0,2.4,False
2025-05-29,Espresso Beans (Arabica),0.0,2.4,False
2025-05-30,Espresso Beans (Arabica),0.0,2.4,False
2025-05-31,Espresso Beans (Arabica),0.0,2.4,False
2025-06-01,Espresso Beans (Arabica),0.0,2.4,False
2025-06-02,Espresso Beans (Arabica),0.0,2.4,False
2025-06-03,Espresso Beans (Arabica),0.0,2.4,False
2025-06-04,Espresso Beans (Arabica),0.0,2.4,False
2025-06-05,Espresso Beans (Arabica),1.0,1.4,False
2025-06-06,Espresso Beans (Arabica),0.0,7.3,False
2025-06-07,Espresso Beans (Arabica),0.0,7.3,False
2025-06-08,Espresso Beans (Arabica),0.0,7.3,False
2025-06-09,Espresso Beans (Arabica),0.0,7.3,False
2025-06-10,Espresso Beans (Arabica),0.0,7.3,False
2025-06-11,Espresso Beans (Arabica),1.0,6.3,False
2025-06-12,Espresso Beans (Arabica),1.0,5.3,False
2025-06-13,Espresso Beans (Arabica),0.0,5.3,False
2025-06-14,Espresso Beans (Arabica),1.0,4.3,False
2025-06-15,Espresso Beans (Arabica),0.0,4.3,False
2025-06-16,Espresso Beans (Arabica),1.0,3.3,False
2025-06-17,Espresso Beans (Arabica),0.0,3.3,False
2025-06-18,Espresso Beans (Arabica),1.0,8.2,False
2025-06-19,Espresso Beans (Arabica),0.0,8.2,False
2025-06-20,Espresso Beans (Arabica),0.0,8.2,False
2025-06-21,Espresso Beans (Arabica),0.0,8.2,False
2025-06-22,Espresso Beans (Arabica),0.0,8.2,False
2025-06-23,Espresso Beans (Arabica),0.0,8.2,False
2025-06-24,Espresso Beans (Arabica),1.0,7.2,False
2025-06-25,Espresso Beans (Arabica),0.0,7.2,False
2025-06-26,Espresso Beans (Arabica),1.0,6.2,False
2025-06-27,Espresso Beans (Arabica),0.0,6.2,False
2025-06-28,Espresso Beans (Arabica),0.0,6.2,False
2025-06-29,Espresso Beans (Arabica),0.0,6.2,False
2025-06-30,Espresso Beans (Arabica),0.0,6.2,False
2025-07-01,Espresso Beans (Arabica),0.0,6.2,False
2025-07-02,Espresso Beans (Arabica),0.0,6.2,False
2025-07-03,Espresso Beans (Arabica),0.0,6.2,False
2025-07-04,Espresso Beans (Arabica),0.0,6.2,False
2025-07-05,Espresso Beans (Arabica),0.0,6.2,False
2025-07-06,Espresso Beans (Arabica),1.0,5.2,False
2025-07-07,Espresso Beans (Arabica),0.0,5.2,False
2025-07-08,Espresso Beans (Arabica),0.0,5.2,False
2025-07-09,Espresso Beans (Arabica),0.0,5.2,False
2025-07-10,Espresso Beans (Arabica),1.0,4.2,False
2025-07-11,Espresso Beans (Arabica),0.0,4.2,False
2025-07-12,Espresso Beans (Arabica),0.0,4.2,False
2025-07-13,Espresso Beans (Arabica),0.0,4.2,False
2025-07-14,Espresso Beans (Arabica),0.0,4.2,False
2025-07-15,Espresso Beans (Arabica),0.0,4.2,False
2025-07-16,Espresso Beans (Arabica),0.0,4.2,False
2025-07-17,Espresso Beans (Arabica),0.0,4.2,False
2025-07-18,Espresso Beans (Arabica),0.0,4.2,False
2025-07-19,Espresso Beans (Arabica),1.0,3.2,False
2025-07-20,Espresso Beans (Arabica),0.0,3.2,False
2025-07-21,Espresso Beans (Arabica),0.0,3.2,False
2025-07-22,Espresso Beans (Arabica),1.0,2.2,False
2025-07-23,Espresso Beans (Arabica),1.0,1.2,False
2025-07-24,Espresso Beans (Arabica),0.0,7.1,False
2025-07-25,Espresso Beans (Arabica),0.0,7.1,False
2025-07-26,Espresso Beans (Arabica),0.0,7.1,False
2025-07-27,Espresso Beans (Arabica),0.0,7.1,False
2025-07-28,Espresso Beans (Arabica),0.0,7.1,False
2025-07-29,Espresso Beans (Arabica),0.0,7.1,False
2025-07-30,Espresso Beans (Arabica),0.0,7.1,False
2025-07-31,Espresso Beans (Arabica),0.0,7.1,False
2025-08-01,Espresso Beans (Arabica),0.0,7.1,False
2025-08-02,Espresso Beans (Arabica),0.0,7.1,False
2025-08-03,Espresso Beans (Arabica),0.0,7.1,False
2025-08-04,Espresso Beans (Arabica),1.0,6.1,False
2025-08-05,Espresso Beans (Arabica),0.0,6.1,False
2025-08-06,Espresso Beans (Arabica),0.0,6.1,False
2025-08-07,Espresso Beans (Arabica),0.0,6.1,False
2025-08-08,Espresso Beans (Arabica),0.0,6.1,False
2025-08-09,Espresso Beans (Arabica),0.0,6.1,False
2025-08-10,Espresso Beans (Arabica),0.0,6.1,False
2025-08-11,Espresso Beans (Arabica),1.0,5.1,False
2025-08-12,Espresso Beans (Arabica),0.0,5.1,False
2025-08-13,Espresso Beans (Arabica),0.0,5.1,False
2025-08-14,Espresso Beans (Arabica),0.0,5.1,False
2025-08-15,Espresso Beans (Arabica),0.0,5.1,False
2025-08-16,Espresso Beans (Arabica),0.0,5.1,False
2025-08-17,Espresso Beans (Arabica),1.0,4.1,False
2025-08-18,Espresso Beans (Arabica),0.0,4.1,False
2025-08-19,Espresso Beans (Arabica),0.0,4.1,False
2025-08-20,Espresso Beans (Arabica),0.0,4.1,False
2025-08-21,Espresso Beans (Arabica),0.0,4.1,False
2025-08-22,Espresso Beans (Arabica),0.0,4.1,False
2025-08-23,Espresso Beans (Arabica),0.0,4.1,False
2025-08-24,Espresso Beans (Arabica),0.0,4.1,False
2025-08-25,Espresso Beans (Arabica),1.0,3.1,False
2025-08-26,Espresso Beans (Arabica),0.0,3.1,False
2025-08-27,Espresso Beans (Arabica),0.0,3.1,False
2025-08-28,Espresso Beans (Arabica),0.0,3.1,False
2025-08-29,Espresso Beans (Arabica),0.0,3.1,False
2025-08-30,Espresso Beans (Arabica),0.0,3.1,False
2025-08-31,Espresso Beans (Arabica),0.0,3.1,False
2025-09-01,Espresso Beans (Arabica),0.0,3.1,False
2025-09-02,Espresso Beans (Arabica),1.0,2.1,False
2025-09-03,Espresso Beans (Arabica),0.0,2.1,False
2025-09-04,Espresso Beans (Arabica),0.0,8.0,False
2025-09-05,Espresso Beans (Arabica),1.0,7.0,False
2025-09-06,Espresso Beans (Arabica),0.0,7.0,False
2025-09-07,Espresso Beans (Arabica),0.0,7.0,False
2025-09-08,Espresso Beans (Arabica),0.0,7.0,False
2025-09-09,Espresso Beans (Arabica),1.0,6.0,False
2025-09-10,Espresso Beans (Arabica),0.0,6.0,False
2025-09-11,Espresso Beans (Arabica),0.0,6.0,False
2025-09-12,Espresso Beans (Arabica),0.0,6.0,False
2025-09-13,Espresso Beans (Arabica),0.0,6.0,False
2025-09-14,Espresso Beans (Arabica),0.0,6.0,False
2025-09-15,Espresso Beans (Arabica),1.0,5.0,False
2025-09-16,Espresso Beans (Arabica),0.0,5.0,False
2025-09-17,Espresso Beans (Arabica),1.0,4.0,False
2025-09-18,Espresso Beans (Arabica),0.0,4.0,False
2025-09-19,Espresso Beans (Arabica),0.0,4.0,False
2025-09-20,Espresso Beans (Arabica),1.0,3.0,False
2025-09-21,Espresso Beans (Arabica),1.0,2.0,False
2025-09-22,Espresso Beans (Arabica),0.0,7.9,False
2025-09-23,Espresso Beans (Arabica),0.0,7.9,False
2025-09-24,Espresso Beans (Arabica),0.0,7.9,False
2025-09-25,Espresso Beans (Arabica),0.0,7.9,False
2025-09-26,Espresso Beans (Arabica),0.0,7.9,False
2025-09-27,Espresso Beans (Arabica),0.0,7.9,False
2025-09-28,Espresso Beans (Arabica),0.0,7.9,False
2025-09-29,Espresso Beans (Arabica),0.0,7.9,False
2025-09-30,Espresso Beans (Arabica),0.0,7.9,False
2025-10-01,Espresso Beans (Arabica),0.0,7.9,False
2025-10-02,Espresso Beans (Arabica),1.0,6.9,False
2025-10-03,Espresso Beans (Arabica),0.0,6.9,False
2025-10-04,Espresso Beans (Arabica),0.0,6.9,False
2025-10-05,Espresso Beans (Arabica),0.0,6.9,False
2025-10-06,Espresso Beans (Arabica),0.0,6.9,False
2025-10-07,Espresso Beans (Arabica),0.0,6.9,False
2025-10-08,Espresso Beans (Arabica),1.0,5.9,False
2025-10-09,Espresso Beans (Arabica),1.0,4.9,False
2025-10-10,Espresso Beans (Arabica),0.0,4.9,False
2025-10-11,Espresso Beans (Arabica),1.0,3.9,False
2025-10-12,Espresso Beans (Arabica),0.0,3.9,False
2025-10-13,Espresso Beans (Arabica),0.0,3.9,False
2025-10-14,Espresso Beans (Arabica),1.0,2.9,False
2025-10-15,Espresso Beans (Arabica),0.0,2.9,False
2025-10-16,Espresso Beans (Arabica),1.0,7.9,False
2025-10-17,Espresso Beans (Arabica),0.0,7.9,False
2025-10-18,Espresso Beans (Arabica),0.0,7.9,False
2025-10-19,Espresso Beans (Arabica),0.0,7.9,False
2025-10-20,Espresso Beans (Arabica),0.0,7.9,False
2025-10-21,Espresso Beans (Arabica),1.0,6.9,False
2025-10-22,Espresso Beans (Arabica),1.0,5.9,False
2025-10-23,Espresso Beans (Arabica),1.0,4.9,False
2025-10-24,Espresso Beans (Arabica),1.0,3.9,False
2025-10-25,Espresso Beans (Arabica),0.0,3.9,False
2025-10-26,Espresso Beans (Arabica),0.0,3.9,False
2025-10-27,Espresso Beans (Arabica),0.0,3.9,False
2025-10-28,Espresso Beans (Arabica),0.0,3.9,False
2025-10-29,Espresso Beans (Arabica),0.0,3.9,False
2025-10-30,Espresso Beans (Arabica),0.0,3.9,False
2025-10-31,Espresso Beans (Arabica),0.0,3.9,False
2025-11-01,Espresso Beans (Arabica),0.0,3.9,False
2025-11-02,Espresso Beans (Arabica),0.0,3.9,False
2025-11-03,Espresso Beans (Arabica),1.0,2.9,False
2025-11-04,Espresso Beans (Arabica),0.0,2.9,False
2025-11-05,Espresso Beans (Arabica),1.0,1.9,False
2025-11-06,Espresso Beans (Arabica),0.0,7.8,False
2025-11-07,Espresso Beans (Arabica),1.0,6.8,False
2025-11-08,Espresso Beans (Arabica),0.0,6.8,False
2025-11-09,Espresso Beans (Arabica),1.0,5.8,False
2025-11-10,Espresso Beans (Arabica),1.0,4.8,False
2025-11-11,Espresso Beans (Arabica),1.0,3.8,False
2025-11-12,Espresso Beans (Arabica),0.0,3.8,False
2025-11-13,Espresso Beans (Arabica),1.0,2.8,False
2025-11-14,Espresso Beans (Arabica),0.0,2.8,False
2025-11-15,Espresso Beans (Arabica),1.0,7.7,False
2025-11-16,Espresso Beans (Arabica),1.0,6.7,False
2025-11-17,Espresso Beans (Arabica),1.0,5.7,False
2025-11-18,Espresso Beans (Arabica),0.0,5.7,False
2025-11-19,Espresso Beans (Arabica),0.0,5.7,False
2025-11-20,Espresso Beans (Arabica),1.0,4.7,False
2025-11-21,Espresso Beans (Arabica),1.0,3.7,False
2025-11-22,Espresso Beans (Arabica),1.0,2.7,False
2025-11-23,Espresso Beans (Arabica),0.0,2.7,False
2025-11-24,Espresso Beans (Arabica),1.0,7.6,False
2025-11-25,Espresso Beans (Arabica),1.0,6.6,False
2025-11-26,Espresso Beans (Arabica),0.0,6.6,False
2025-11-27,Espresso Beans (Arabica),1.0,5.6,False
2025-11-28,Espresso Beans (Arabica),1.0,4.6,False
2025-11-29,Espresso Beans (Arabica),0.0,4.6,False
2025-11-30,Espresso Beans (Arabica),0.0,4.6,False
2025-12-01,Espresso Beans (Arabica),0.0,4.6,False
2025-12-02,Espresso Beans (Arabica),0.0,4.6,False
2025-12-03,Espresso Beans (Arabica),0.0,4.6,False
2025-12-04,Espresso Beans (Arabica),0.0,4.6,False
2025-12-05,Espresso Beans (Arabica),0.0,4.6,False
2025-12-06,Espresso Beans (Arabica),1.0,3.6,False
2025-12-07,Espresso Beans (Arabica),1.0,2.6,False
2025-12-08,Espresso Beans (Arabica),0.0,2.6,False
2025-12-09,Espresso Beans (Arabica),0.0,2.6,False
2025-12-10,Espresso Beans (Arabica),1.0,1.6,False
2025-12-11,Espresso Beans (Arabica),0.0,1.6,False
2025-12-12,Espresso Beans (Arabica),1.0,6.5,False
2025-12-13,Espresso Beans (Arabica),1.0,5.5,False
2025-12-14,Espresso Beans (Arabica),1.0,4.5,False
2025-12-15,Espresso Beans (Arabica),1.0,3.5,False
2025-12-16,Espresso Beans (Arabica),0.0,3.5,False
2025-12-17,Espresso Beans (Arabica),0.0,3.5,False
2025-12-18,Espresso Beans (Arabica),1.0,2.5,False
2025-12-19,Espresso Beans (Arabica),1.0,1.5,False
2025-12-20,Espresso Beans (Arabica),1.0,0.5,False
2025-12-21,Espresso Beans (Arabica),0.0,6.4,False
2025-12-22,Espresso Beans (Arabica),1.0,5.4,False
2025-12-23,Espresso Beans (Arabica),1.0,4.4,False
2025-12-24,Espresso Beans (Arabica),1.0,3.4,False
2025-12-25,Espresso Beans (Arabica),0.0,3.4,False
2025-12-26,Espresso Beans (Arabica),0.0,3.4,False
2025-12-27,Espresso Beans (Arabica),1.0,2.4,False
2025-12-28,Espresso Beans (Arabica),1.0,1.4,False
2025-12-29,Espresso Beans (Arabica),1.0,0.4,False
2025-12-30,Espresso Beans (Arabica),0.0,6.3,False
2025-12-31,Espresso Beans (Arabica),1.0,5.3,False
2026-01-01,Espresso Beans (Arabica),1.0,4.3,False
2026-01-02,Espresso Beans (Arabica),1.0,3.3,False
2026-01-03,Espresso Beans (Arabica),0.0,3.3,False
2026-01-04,Espresso Beans (Arabica),1.0,2.3,False
2026-01-05,Espresso Beans (Arabica),1.0,7.2,False
2026-01-06,Espresso Beans (Arabica),1.0,6.2,False
2026-01-07,Espresso Beans (Arabica),0.0,6.2,False
2026-01-08,Espresso Beans (Arabica),1.0,5.2,False
2026-01-09,Espresso Beans (Arabica),1.0,4.2,False
2026-01-10,Espresso Beans (Arabica),1.0,3.2,False
2026-01-11,Espresso Beans (Arabica),1.0,8.1,False
2026-01-12,Espresso Beans (Arabica),0.0,8.1,False
2026-01-13,Espresso Beans (Arabica),1.0,7.1,False
2026-01-14,Espresso Beans (Arabica),0.0,7.1,False
2026-01-15,Espresso Beans (Arabica),0.0,7.1,False
2026-01-16,Espresso Beans (Arabica),1.0,6.1,False
2026-01-17,Espresso Beans (Arabica),1.0,5.1,False
2026-01-18,Espresso Beans (Arabica),0.0,5.1,False
2026-01-19,Espresso Beans (Arabica),0.0,5.1,False
2026-01-20,Espresso Beans (Arabica),0.0,5.1,False
2026-01-21,Espresso Beans (Arabica),1.0,4.1,False
2026-01-22,Espresso Beans (Arabica),0.0,4.1,False
2026-01-23,Espresso Beans (Arabica),0.0,4.1,False
2026-01-24,Espresso Beans (Arabica),1.0,3.1,False
2026-01-25,Espresso Beans (Arabica),0.0,3.1,False
2026-01-26,Espresso Beans (Arabica),1.0,8.0,False
2026-01-27,Espresso Beans (Arabica),0.0,8.0,False
2026-01-28,Espresso Beans (Arabica),1.0,7.0,False
2026-01-29,Espresso Beans (Arabica),1.0,6.0,False
2026-01-30,Espresso Beans (Arabica),0.0,6.0,False
2026-01-31,Espresso Beans (Arabica),1.0,5.0,False
2026-02-01,Espresso Beans (Arabica),1.0,4.0,False
2026-02-02,Espresso Beans (Arabica),1.0,3.0,False
2026-02-03,Espresso Beans (Arabica),0.0,3.0,False
2026-02-04,Espresso Beans (Arabica),1.0,7.9,False
2026-02-05,Espresso Beans (Arabica),0.0,7.9,False
2026-02-06,Espresso Beans (Arabica),1.0,6.9,False
2026-02-07,Espresso Beans (Arabica),1.0,5.9,False
2026-02-08,Espresso Beans (Arabica),1.0,4.9,False
2026-02-09,Espresso Beans (Arabica),1.0,3.9,False
2026-02-10,Espresso Beans (Arabica),0.0,3.9,False
2026-02-11,Espresso Beans (Arabica),1.0,2.9,False
2026-02-12,Espresso Beans (Arabica),0.0,2.9,False
2026-02-13,Espresso Beans (Arabica),1.0,7.8,False
2026-02-14,Espresso Beans (Arabica),1.0,6.8,False
2026-02-15,Espresso Beans (Arabica),0.0,6.8,False
2026-02-16,Espresso Beans (Arabica),0.0,6.8,False
2026-02-17,Espresso Beans (Arabica),0.0,6.8,False
2026-02-18,Espresso Beans (Arabica),0.0,6.8,False
2026-02-19,Espresso Beans (Arabica),0.0,6.8,False
2026-02-20,Espresso Beans (Arabica),1.0,5.8,False
2026-02-21,Espresso Beans (Arabica),1.0,4.8,False
2026-02-22,Espresso Beans (Arabica),1.0,3.8,False
2026-02-23,Espresso Beans (Arabica),0.0,3.8,False
2026-02-24,Espresso Beans (Arabica),1.0,2.8,False
2026-02-25,Espresso Beans (Arabica),1.0,7.7,False
2026-02-26,Espresso Beans (Arabica),0.0,7.7,False
2026-02-27,Espresso Beans (Arabica),1.0,6.7,False
2026-02-28,Espresso Beans (Arabica),0.0,6.7,False
2026-03-01,Espresso Beans (Arabica),1.0,5.7,False
2026-03-02,Espresso Beans (Arabica),0.0,5.7,False
2026-03-03,Espresso Beans (Arabica),1.0,4.7,False
2026-03-04,Espresso Beans (Arabica),0.0,4.7,False
2026-03-05,Espresso Beans (Arabica),1.0,3.7,False
2026-03-06,Espresso Beans (Arabica),1.0,2.7,False
2026-03-07,Espresso Beans (Arabica),0.0,2.7,False
2026-03-08,Espresso Beans (Arabica),0.0,2.7,False
2026-03-09,Espresso Beans (Arabica),0.0,2.7,False
2026-03-10,Espresso Beans (Arabica),0.0,2.7,False
2026-03-11,Espresso Beans (Arabica),0.0,2.7,False
2026-03-12,Espresso Beans (Arabica),0.0,2.7,False
2026-03-13,Espresso Beans (Arabica),1.0,1.7,False
2026-03-14,Espresso Beans (Arabica),0.0,1.7,False
2026-03-15,Espresso Beans (Arabica),0.0,7.6,False
2026-03-16,Espresso Beans (Arabica),0.0,7.6,False
2026-03-17,Espresso Beans (Arabica),1.0,6.6,False
2026-03-18,Espresso Beans (Arabica),1.0,5.6,False
2026-03-19,Espresso Beans (Arabica),0.0,5.6,False
2026-03-20,Espresso Beans (Arabica),1.0,4.6,False
2026-03-21,Espresso Beans (Arabica),0.0,4.6,False
2026-03-22,Espresso Beans (Arabica),1.0,3.6,False
2026-03-23,Espresso Beans (Arabica),1.0,2.6,False
2026-03-24,Espresso Beans (Arabica),0.0,2.6,False
2026-03-25,Espresso Beans (Arabica),1.0,1.6,False
2026-03-26,Espresso Beans (Arabica),0.0,1.6,False
2026-03-27,Espresso Beans (Arabica),1.0,6.5,False
2026-03-28,Espresso Beans (Arabica),1.0,5.5,False
2026-03-29,Espresso Beans (Arabica),0.0,5.5,False
2026-03-30,Espresso Beans (Arabica),1.0,4.5,False
2026-03-31,Espresso Beans (Arabica),0.0,4.5,False
2026-04-01,Espresso Beans (Arabica),0.0,4.5,False
2026-04-02,Espresso Beans (Arabica),1.0,3.5,False
2026-04-03,Espresso Beans (Arabica),0.0,3.5,False
2026-04-04,Espresso Beans (Arabica),0.0,3.5,False
2026-04-05,Espresso Beans (Arabica),0.0,3.5,False
2026-04-06,Espresso Beans (Arabica),1.0,2.5,False
2026-04-07,Espresso Beans (Arabica),0.0,2.5,False
2026-04-08,Espresso Beans (Arabica),1.0,7.4,False
2026-04-09,Espresso Beans (Arabica),0.0,7.4,False
2026-04-10,Espresso Beans (Arabica),0.0,7.4,False
2026-04-11,Espresso Beans (Arabica),0.0,7.4,False
2026-04-12,Espresso Beans (Arabica),0.0,7.4,False
2026-04-13,Espresso Beans (Arabica),1.0,6.4,False
2026-04-14,Espresso Beans (Arabica),1.0,5.4,False
2026-04-15,Espresso Beans (Arabica),0.0,5.4,False
2026-04-16,Espresso Beans (Arabica),0.0,5.4,False
2026-04-17,Espresso Beans (Arabica),0.0,5.4,False
2026-04-18,Espresso Beans (Arabica),1.0,4.4,False
2026-04-19,Espresso Beans (Arabica),0.0,4.4,False
2026-04-20,Espresso Beans (Arabica),1.0,3.4,False
2026-04-21,Espresso Beans (Arabica),0.0,3.4,False
2026-04-22,Espresso Beans (Arabica),0.0,3.4,False
2026-04-23,Espresso Beans (Arabica),0.0,3.4,False
2026-04-24,Espresso Beans (Arabica),0.0,3.4,False
2026-04-25,Espresso Beans (Arabica),0.0,3.4,False
2026-04-26,Espresso Beans (Arabica),0.0,3.4,False
2026-04-27,Espresso Beans (Arabica),0.0,3.4,False
2026-04-28,Espresso Beans (Arabica),0.0,3.4,False
2026-04-29,Espresso Beans (Arabica),0.0,3.4,False
2026-04-30,Espresso Beans (Arabica),0.0,3.4,False
2026-05-01,Espresso Beans (Arabica),0.0,3.4,False
2026-05-02,Espresso Beans (Arabica),0.0,3.4,False
2026-05-03,Espresso Beans (Arabica),0.0,3.4,False
2026-05-04,Espresso Beans (Arabica),1.0,2.4,False
2026-05-05,Espresso Beans (Arabica),0.0,2.4,False
2026-05-06,Espresso Beans (Arabica),0.0,2.4,False
2026-05-07,Espresso Beans (Arabica),0.0,2.4,False
2026-05-08,Espresso Beans (Arabica),0.0,2.4,False
2026-05-09,Espresso Beans (Arabica),0.0,2.4,False
2026-05-10,Espresso Beans (Arabica),0.0,2.4,False
2026-05-11,Espresso Beans (Arabica),1.0,7.3,False
2026-05-12,Espresso Beans (Arabica),0.0,7.3,False
2026-05-13,Espresso Beans (Arabica),0.0,7.3,False
2026-05-14,Espresso Beans (Arabica),0.0,7.3,False
2026-05-15,Espresso Beans (Arabica),0.0,7.3,False
2026-05-16,Espresso Beans (Arabica),0.0,7.3,False
2026-05-17,Espresso Beans (Arabica),0.0,7.3,False
2026-05-18,Espresso Beans (Arabica),0.0,7.3,False
2026-05-19,Espresso Beans (Arabica),0.0,7.3,False
2026-05-20,Espresso Beans (Arabica),0.0,7.3,False
2026-05-21,Espresso Beans (Arabica),0.0,7.3,False
2026-05-22,Espresso Beans (Arabica),0.0,7.3,False
2026-05-23,Espresso Beans (Arabica),0.0,7.3,False
2026-05-24,Espresso Beans (Arabica),1.0,6.3,False
2026-05-25,Espresso Beans (Arabica),0.0,6.3,False
2026-05-26,Espresso Beans (Arabica),0.0,6.3,False
2026-05-27,Espresso Beans (Arabica),0.0,6.3,False
2026-05-28,Espresso Beans (Arabica),1.0,5.3,False
2026-05-29,Espresso Beans (Arabica),0.0,5.3,False
2026-05-30,Espresso Beans (Arabica),1.0,4.3,False
2026-05-31,Espresso Beans (Arabica),0.0,4.3,False
2026-06-01,Espresso Beans (Arabica),0.0,4.3,False
2026-06-02,Espresso Beans (Arabica),1.0,3.3,False
2026-06-03,Espresso Beans (Arabica),0.0,3.3,False
2026-06-04,Espresso Beans (Arabica),0.0,3.3,False
2026-06-05,Espresso Beans (Arabica),0.0,3.3,False
2026-06-06,Espresso Beans (Arabica),0.0,3.3,False
2026-06-07,Espresso Beans (Arabica),0.0,3.3,False
2026-06-08,Espresso Beans (Arabica),0.0,3.3,False
2026-06-09,Espresso Beans (Arabica),0.0,3.3,False
2026-06-10,Espresso Beans (Arabica),0.0,3.3,False
2026-06-11,Espresso Beans (Arabica),0.0,3.3,False
2026-06-12,Espresso Beans (Arabica),0.0,3.3,False
2026-06-13,Espresso Beans (Arabica),0.0,3.3,False
2026-06-14,Espresso Beans (Arabica),0.0,3.3,False
2026-06-15,Espresso Beans (Arabica),0.0,3.3,False
2026-06-16,Espresso Beans (Arabica),0.0,3.3,False
2026-06-17,Espresso Beans (Arabica),1.0,2.3,False
2026-06-18,Espresso Beans (Arabica),0.0,2.3,False
2026-06-19,Espresso Beans (Arabica),0.0,8.2,False
2026-06-20,Espresso Beans (Arabica),0.0,8.2,False
2026-06-21,Espresso Beans (Arabica),0.0,8.2,False
2026-06-22,Espresso Beans (Arabica),0.0,8.2,False
2026-06-23,Espresso Beans (Arabica),1.0,7.2,False
2026-06-24,Espresso Beans (Arabica),0.0,7.2,False
2026-06-25,Espresso Beans (Arabica),0.0,7.2,False
2026-06-26,Espresso Beans (Arabica),0.0,7.2,False
2026-06-27,Espresso Beans (Arabica),0.0,7.2,False
2026-06-28,Espresso Beans (Arabica),0.0,7.2,False
2026-06-29,Espresso Beans (Arabica),1.0,6.2,False
2026-06-30,Espresso Beans (Arabica),0.0,6.2,False
2026-07-01,Espresso Beans (Arabica),0.0,6.2,False
2026-07-02,Espresso Beans (Arabica),1.0,5.2,False
2026-07-03,Espresso Beans (Arabica),1.0,4.2,False
2026-07-04,Espresso Beans (Arabica),0.0,4.2,False
2026-07-05,Espresso Beans (Arabica),1.0,3.2,False
2026-07-06,Espresso Beans (Arabica),0.0,3.2,False
2026-07-07,Espresso Beans (Arabica),0.0,3.2,False
2026-07-08,Espresso Beans (Arabica),1.0,2.2,False
2026-07-09,Espresso Beans (Arabica),0.0,2.2,False
2026-07-10,Espresso Beans (Arabica),0.0,8.1,False
2026-07-11,Espresso Beans (Arabica),0.0,8.1,False
2026-07-12,Espresso Beans (Arabica),0.0,8.1,False
2026-07-13,Espresso Beans (Arabica),0.0,8.1,False
2026-07-14,Espresso Beans (Arabica),0.0,8.1,False
2026-07-15,Espresso Beans (Arabica),0.0,8.1,False
2026-07-16,Espresso Beans (Arabica),0.0,8.1,False
2026-07-17,Espresso Beans (Arabica),0.0,8.1,False
2026-07-18,Espresso Beans (Arabica),0.0,8.1,False
2026-07-19,Espresso Beans (Arabica),0.0,8.1,False
2026-07-20,Espresso Beans (Arabica),0.0,8.1,False
2026-07-21,Espresso Beans (Arabica),0.0,8.1,False
2026-07-22,Espresso Beans (Arabica),0.0,8.1,False
2026-07-23,Espresso Beans (Arabica),0.0,8.1,False
2026-07-24,Espresso Beans (Arabica),1.0,7.1,False
2026-07-25,Espresso Beans (Arabica),0.0,7.1,False
2026-07-26,Espresso Beans (Arabica),0.0,7.1,False
2026-07-27,Espresso Beans (Arabica),0.0,7.1,False
2026-07-28,Espresso Beans (Arabica),0.0,7.1,False
2026-07-29,Espresso Beans (Arabica),0.0,7.1,False
2026-07-30,Espresso Beans (Arabica),0.0,7.1,False
2026-07-31,Espresso Beans (Arabica),1.0,6.1,False
2026-08-01,Espresso Beans (Arabica),0.0,6.1,False
2026-08-02,Espresso Beans (Arabica),0.0,6.1,False
2026-08-03,Espresso Beans (Arabica),1.0,5.1,False
2026-08-04,Espresso Beans (Arabica),0.0,5.1,False
2026-08-05,Espresso Beans (Arabica),1.0,4.1,False
2026-08-06,Espresso Beans (Arabica),0.0,4.1,False
2026-08-07,Espresso Beans (Arabica),0.0,4.1,False
2026-08-08,Espresso Beans (Arabica),0.0,4.1,False
2026-08-09,Espresso Beans (Arabica),1.0,3.1,False
2026-08-10,Espresso Beans (Arabica),0.0,3.1,False
2026-08-11,Espresso Beans (Arabica),0.0,3.1,False
2026-08-12,Espresso Beans (Arabica),0.0,3.1,False
2026-08-13,Espresso Beans (Arabica),1.0,2.1,False
2026-08-14,Espresso Beans (Arabica),0.0,2.1,False
2026-08-15,Espresso Beans (Arabica),1.0,7.0,False
2026-08-16,Espresso Beans (Arabica),1.0,6.0,False
2026-08-17,Espresso Beans (Arabica),0.0,6.0,False
2026-08-18,Espresso Beans (Arabica),0.0,6.0,False
2026-08-19,Espresso Beans (Arabica),0.0,6.0,False
2026-08-20,Espresso Beans (Arabica),0.0,6.0,False
2026-08-21,Espresso Beans (Arabica),0.0,6.0,False
2026-08-22,Espresso Beans (Arabica),0.0,6.0,False
2026-08-23,Espresso Beans (Arabica),0.0,6.0,False
2026-08-24,Espresso Beans (Arabica),1.0,5.0,False
2026-08-25,Espresso Beans (Arabica),0.0,5.0,False
2026-08-26,Espresso Beans (Arabica),0.0,5.0,False
2026-08-27,Espresso Beans (Arabica),0.0,5.0,False
2026-08-28,Espresso Beans (Arabica),0.0,5.0,False
2026-08-29,Espresso Beans (Arabica),1.0,4.0,False
2026-08-30,Espresso Beans (Arabica),0.0,4.0,False
2026-08-31,Espresso Beans (Arabica),0.0,4.0,False
2021-01-01,Whole Milk,9.0,74.2,False
2021-01-02,Whole Milk,9.0,65.2,False
2021-01-03,Whole Milk,6.0,59.2,False
2021-01-04,Whole Milk,5.0,54.2,False
2021-01-05,Whole Milk,9.0,45.2,False
2021-01-06,Whole Milk,9.0,36.2,False
2021-01-07,Whole Milk,6.0,134.3,False
2021-01-08,Whole Milk,9.0,125.3,False
2021-01-09,Whole Milk,10.0,115.3,False
2021-01-10,Whole Milk,5.0,110.3,False
2021-01-11,Whole Milk,7.0,103.3,False
2021-01-12,Whole Milk,10.0,93.3,False
2021-01-13,Whole Milk,10.0,83.3,False
2021-01-14,Whole Milk,7.0,76.3,False
2021-01-15,Whole Milk,10.0,66.3,False
2021-01-16,Whole Milk,12.0,54.3,False
2021-01-17,Whole Milk,11.0,43.3,False
2021-01-18,Whole Milk,9.0,34.3,False
2021-01-19,Whole Milk,8.0,130.3,False
2021-01-20,Whole Milk,8.0,122.3,False
2021-01-21,Whole Milk,10.0,112.3,False
2021-01-22,Whole Milk,10.0,102.3,False
2021-01-23,Whole Milk,11.0,91.3,False
2021-01-24,Whole Milk,10.0,81.3,False
2021-01-25,Whole Milk,11.0,70.3,False
2021-01-26,Whole Milk,9.0,61.3,False
2021-01-27,Whole Milk,11.0,50.3,False
2021-01-28,Whole Milk,11.0,143.4,False
2021-01-29,Whole Milk,8.0,135.4,False
2021-01-30,Whole Milk,5.0,130.4,False
2021-01-31,Whole Milk,13.0,117.4,False
2021-02-01,Whole Milk,10.0,107.4,False
2021-02-02,Whole Milk,5.0,102.4,False
2021-02-03,Whole Milk,8.0,94.4,False
2021-02-04,Whole Milk,11.0,83.4,False
2021-02-05,Whole Milk,9.0,74.4,False
2021-02-06,Whole Milk,8.0,66.4,False
2021-02-07,Whole Milk,12.0,54.4,False
2021-02-08,Whole Milk,7.0,47.4,False
2021-02-09,Whole Milk,7.0,144.4,False
2021-02-10,Whole Milk,10.0,134.4,False
2021-02-11,Whole Milk,10.0,124.4,False
2021-02-12,Whole Milk,10.0,114.4,False
2021-02-13,Whole Milk,12.0,102.4,False
2021-02-14,Whole Milk,10.0,92.4,False
2021-02-15,Whole Milk,10.0,82.4,False
2021-02-16,Whole Milk,8.0,74.4,False
2021-02-17,Whole Milk,9.0,65.4,False
2021-02-18,Whole Milk,9.0,56.4,False
2021-02-19,Whole Milk,10.0,46.4,False
2021-02-20,Whole Milk,11.0,35.4,False
2021-02-21,Whole Milk,10.0,129.4,False
2021-02-22,Whole Milk,9.0,120.4,False
2021-02-23,Whole Milk,7.0,113.4,False
2021-02-24,Whole Milk,9.0,104.4,False
2021-02-25,Whole Milk,9.0,95.4,False
2021-02-26,Whole Milk,10.0,85.4,False
2021-02-27,Whole Milk,14.0,71.4,False
2021-02-28,Whole Milk,8.0,63.4,False
2021-03-01,Whole Milk,10.0,53.4,False
2021-03-02,Whole Milk,11.0,42.4,False
2021-03-03,Whole Milk,9.0,33.4,False
2021-03-04,Whole Milk,14.0,19.4,False
2021-03-05,Whole Milk,8.0,115.5,False
2021-03-06,Whole Milk,10.0,105.5,False
2021-03-07,Whole Milk,7.0,98.5,False
2021-03-08,Whole Milk,8.0,90.5,False
2021-03-09,Whole Milk,9.0,81.5,False
2021-03-10,Whole Milk,11.0,70.5,False
2021-03-11,Whole Milk,10.0,60.5,False
2021-03-12,Whole Milk,12.0,48.5,False
2021-03-13,Whole Milk,9.0,39.5,False
2021-03-14,Whole Milk,8.0,135.5,False
2021-03-15,Whole Milk,15.0,120.5,False
2021-03-16,Whole Milk,10.0,110.5,False
2021-03-17,Whole Milk,7.0,103.5,False
2021-03-18,Whole Milk,7.0,96.5,False
2021-03-19,Whole Milk,7.0,89.5,False
2021-03-20,Whole Milk,11.0,78.5,False
2021-03-21,Whole Milk,8.0,70.5,False
2021-03-22,Whole Milk,9.0,61.5,False
2021-03-23,Whole Milk,9.0,52.5,False
2021-03-24,Whole Milk,10.0,42.5,False
2021-03-25,Whole Milk,7.0,35.5,False
2021-03-26,Whole Milk,7.0,132.6,False
2021-03-27,Whole Milk,10.0,122.6,False
2021-03-28,Whole Milk,10.0,112.6,False
2021-03-29,Whole Milk,9.0,103.6,False
2021-03-30,Whole Milk,7.0,96.6,False
2021-03-31,Whole Milk,10.0,86.6,False
2021-04-01,Whole Milk,7.0,79.6,False
2021-04-02,Whole Milk,8.0,71.6,False
2021-04-03,Whole Milk,7.0,64.6,False
2021-04-04,Whole Milk,11.0,53.6,False
2021-04-05,Whole Milk,10.0,43.6,False
2021-04-06,Whole Milk,10.0,33.6,False
2021-04-07,Whole Milk,11.0,126.6,False
2021-04-08,Whole Milk,14.0,112.6,False
2021-04-09,Whole Milk,5.0,107.6,False
2021-04-10,Whole Milk,7.0,100.6,False
2021-04-11,Whole Milk,7.0,93.6,False
2021-04-12,Whole Milk,7.0,86.6,False
2021-04-13,Whole Milk,6.0,80.6,False
2021-04-14,Whole Milk,8.0,72.6,False
2021-04-15,Whole Milk,6.0,66.6,False
2021-04-16,Whole Milk,9.0,57.6,False
2021-04-17,Whole Milk,9.0,48.6,False
2021-04-18,Whole Milk,9.0,39.6,False
2021-04-19,Whole Milk,9.0,134.6,False
2021-04-20,Whole Milk,9.0,125.6,False
2021-04-21,Whole Milk,8.0,117.6,False
2021-04-22,Whole Milk,12.0,105.6,False
2021-04-23,Whole Milk,9.0,96.6,False
2021-04-24,Whole Milk,5.0,91.6,False
2021-04-25,Whole Milk,6.0,85.6,False
2021-04-26,Whole Milk,5.0,80.6,False
2021-04-27,Whole Milk,8.0,72.6,False
2021-04-28,Whole Milk,8.0,64.6,False
2021-04-29,Whole Milk,7.0,57.6,False
2021-04-30,Whole Milk,12.0,45.6,False
2021-05-01,Whole Milk,10.0,139.7,False
2021-05-02,Whole Milk,10.0,129.7,False
2021-05-03,Whole Milk,6.0,123.7,False
2021-05-04,Whole Milk,6.0,117.7,False
2021-05-05,Whole Milk,8.0,109.7,False
2021-05-06,Whole Milk,8.0,101.7,False
2021-05-07,Whole Milk,5.0,96.7,False
2021-05-08,Whole Milk,8.0,88.7,False
2021-05-09,Whole Milk,8.0,80.7,False
2021-05-10,Whole Milk,8.0,72.7,False
2021-05-11,Whole Milk,6.0,66.7,False
2021-05-12,Whole Milk,7.0,59.7,False
2021-05-13,Whole Milk,8.0,51.7,False
2021-05-14,Whole Milk,8.0,43.7,False
2021-05-15,Whole Milk,10.0,33.7,False
2021-05-16,Whole Milk,10.0,127.7,False
2021-05-17,Whole Milk,7.0,120.7,False
2021-05-18,Whole Milk,7.0,113.7,False
2021-05-19,Whole Milk,9.0,104.7,False
2021-05-20,Whole Milk,9.0,95.7,False
2021-05-21,Whole Milk,7.0,88.7,False
2021-05-22,Whole Milk,10.0,78.7,False
2021-05-23,Whole Milk,10.0,68.7,False
2021-05-24,Whole Milk,10.0,58.7,False
2021-05-25,Whole Milk,11.0,47.7,False
2021-05-26,Whole Milk,6.0,41.7,False
2021-05-27,Whole Milk,8.0,33.7,False
2021-05-28,Whole Milk,8.0,129.8,False
2021-05-29,Whole Milk,8.0,121.8,False
2021-05-30,Whole Milk,7.0,114.8,False
2021-05-31,Whole Milk,5.0,109.8,False
2021-06-01,Whole Milk,8.0,101.8,False
2021-06-02,Whole Milk,6.0,95.8,False
2021-06-03,Whole Milk,8.0,87.8,False
2021-06-04,Whole Milk,6.0,81.8,False
2021-06-05,Whole Milk,6.0,75.8,False
2021-06-06,Whole Milk,8.0,67.8,False
2021-06-07,Whole Milk,8.0,59.8,False
2021-06-08,Whole Milk,9.0,50.8,False
2021-06-09,Whole Milk,12.0,142.8,False
2021-06-10,Whole Milk,8.0,134.8,False
2021-06-11,Whole Milk,9.0,125.8,False
2021-06-12,Whole Milk,6.0,119.8,False
2021-06-13,Whole Milk,5.0,114.8,False
2021-06-14,Whole Milk,11.0,103.8,False
2021-06-15,Whole Milk,6.0,97.8,False
2021-06-16,Whole Milk,6.0,91.8,False
2021-06-17,Whole Milk,8.0,83.8,False
2021-06-18,Whole Milk,8.0,75.8,False
2021-06-19,Whole Milk,6.0,69.8,False
2021-06-20,Whole Milk,7.0,62.8,False
2021-06-21,Whole Milk,10.0,52.8,False
2021-06-22,Whole Milk,6.0,46.8,False
2021-06-23,Whole Milk,5.0,41.8,False
2021-06-24,Whole Milk,9.0,136.9,False
2021-06-25,Whole Milk,9.0,127.9,False
2021-06-26,Whole Milk,7.0,120.9,False
2021-06-27,Whole Milk,5.0,115.9,False
2021-06-28,Whole Milk,6.0,109.9,False
2021-06-29,Whole Milk,7.0,102.9,False
2021-06-30,Whole Milk,10.0,92.9,False
2021-07-01,Whole Milk,6.0,86.9,False
2021-07-02,Whole Milk,8.0,78.9,False
2021-07-03,Whole Milk,9.0,69.9,False
2021-07-04,Whole Milk,3.0,66.9,False
2021-07-05,Whole Milk,9.0,57.9,False
2021-07-06,Whole Milk,5.0,52.9,False
2021-07-07,Whole Milk,8.0,44.9,False
2021-07-08,Whole Milk,8.0,36.9,False
2021-07-09,Whole Milk,10.0,130.9,False
2021-07-10,Whole Milk,9.0,121.9,False
2021-07-11,Whole Milk,3.0,118.9,False
2021-07-12,Whole Milk,6.0,112.9,False
2021-07-13,Whole Milk,8.0,104.9,False
2021-07-14,Whole Milk,7.0,97.9,False
2021-07-15,Whole Milk,8.0,89.9,False
2021-07-16,Whole Milk,9.0,80.9,False
2021-07-17,Whole Milk,9.0,71.9,False
2021-07-18,Whole Milk,7.0,64.9,False
2021-07-19,Whole Milk,4.0,60.9,False
2021-07-20,Whole Milk,7.0,53.9,False
2021-07-21,Whole Milk,8.0,45.9,False
2021-07-22,Whole Milk,6.0,39.9,False
2021-07-23,Whole Milk,9.0,30.9,False
2021-07-24,Whole Milk,10.0,124.9,False
2021-07-25,Whole Milk,8.0,116.9,False
2021-07-26,Whole Milk,2.0,114.9,False
2021-07-27,Whole Milk,5.0,109.9,False
2021-07-28,Whole Milk,11.0,98.9,False
2021-07-29,Whole Milk,7.0,91.9,False
2021-07-30,Whole Milk,4.0,87.9,False
2021-07-31,Whole Milk,10.0,77.9,False
2021-08-01,Whole Milk,8.0,69.9,False
2021-08-02,Whole Milk,10.0,59.9,False
2021-08-03,Whole Milk,8.0,51.9,False
2021-08-04,Whole Milk,8.0,43.9,False
2021-08-05,Whole Milk,8.0,140.0,False
2021-08-06,Whole Milk,9.0,131.0,False
2021-08-07,Whole Milk,12.0,119.0,False
2021-08-08,Whole Milk,9.0,110.0,False
2021-08-09,Whole Milk,5.0,105.0,False
2021-08-10,Whole Milk,8.0,97.0,False
2021-08-11,Whole Milk,10.0,87.0,False
2021-08-12,Whole Milk,10.0,77.0,False
2021-08-13,Whole Milk,7.0,70.0,False
2021-08-14,Whole Milk,10.0,60.0,False
2021-08-15,Whole Milk,9.0,51.0,False
2021-08-16,Whole Milk,12.0,39.0,False
2021-08-17,Whole Milk,6.0,137.0,False
2021-08-18,Whole Milk,7.0,130.0,False
2021-08-19,Whole Milk,7.0,123.0,False
2021-08-20,Whole Milk,7.0,116.0,False
2021-08-21,Whole Milk,6.0,110.0,False
2021-08-22,Whole Milk,3.0,107.0,False
2021-08-23,Whole Milk,7.0,100.0,False
2021-08-24,Whole Milk,8.0,92.0,False
2021-08-25,Whole Milk,7.0,85.0,False
2021-08-26,Whole Milk,11.0,74.0,False
2021-08-27,Whole Milk,8.0,66.0,False
2021-08-28,Whole Milk,11.0,55.0,False
2021-08-29,Whole Milk,8.0,47.0,False
2021-08-30,Whole Milk,9.0,38.0,False
2021-08-31,Whole Milk,8.0,30.0,False
2021-09-01,Whole Milk,10.0,124.1,False
2021-09-02,Whole Milk,8.0,116.1,False
2021-09-03,Whole Milk,9.0,107.1,False
2021-09-04,Whole Milk,9.0,98.1,False
2021-09-05,Whole Milk,7.0,91.1,False
2021-09-06,Whole Milk,9.0,82.1,False
2021-09-07,Whole Milk,12.0,70.1,False
2021-09-08,Whole Milk,7.0,63.1,False
2021-09-09,Whole Milk,9.0,54.1,False
2021-09-10,Whole Milk,10.0,44.1,False
2021-09-11,Whole Milk,10.0,34.1,False
2021-09-12,Whole Milk,8.0,26.1,False
2021-09-13,Whole Milk,3.0,127.1,False
2021-09-14,Whole Milk,9.0,118.1,False
2021-09-15,Whole Milk,4.0,114.1,False
2021-09-16,Whole Milk,11.0,103.1,False
2021-09-17,Whole Milk,8.0,95.1,False
2021-09-18,Whole Milk,10.0,85.1,False
2021-09-19,Whole Milk,6.0,79.1,False
2021-09-20,Whole Milk,5.0,74.1,False
2021-09-21,Whole Milk,8.0,66.1,False
2021-09-22,Whole Milk,8.0,58.1,False
2021-09-23,Whole Milk,7.0,51.1,False
2021-09-24,Whole Milk,8.0,43.1,False
2021-09-25,Whole Milk,14.0,133.1,False
2021-09-26,Whole Milk,10.0,123.1,False
2021-09-27,Whole Milk,10.0,113.1,False
2021-09-28,Whole Milk,10.0,103.1,False
2021-09-29,Whole Milk,11.0,92.1,False
2021-09-30,Whole Milk,8.0,84.1,False
2021-10-01,Whole Milk,4.0,80.1,False
2021-10-02,Whole Milk,8.0,72.1,False
2021-10-03,Whole Milk,10.0,62.1,False
2021-10-04,Whole Milk,6.0,56.1,False
2021-10-05,Whole Milk,8.0,48.1,False
2021-10-06,Whole Milk,7.0,41.1,False
2021-10-07,Whole Milk,11.0,134.2,False
2021-10-08,Whole Milk,10.0,124.2,False
2021-10-09,Whole Milk,10.0,114.2,False
2021-10-10,Whole Milk,10.0,104.2,False
2021-10-11,Whole Milk,8.0,96.2,False
2021-10-12,Whole Milk,9.0,87.2,False
2021-10-13,Whole Milk,6.0,81.2,False
2021-10-14,Whole Milk,4.0,77.2,False
2021-10-15,Whole Milk,9.0,68.2,False
2021-10-16,Whole Milk,9.0,59.2,False
2021-10-17,Whole Milk,11.0,48.2,False
2021-10-18,Whole Milk,12.0,36.2,False
2021-10-19,Whole Milk,11.0,129.2,False
2021-10-20,Whole Milk,6.0,123.2,False
2021-10-21,Whole Milk,8.0,115.2,False
2021-10-22,Whole Milk,10.0,105.2,False
2021-10-23,Whole Milk,14.0,91.2,False
2021-10-24,Whole Milk,12.0,79.2,False
2021-10-25,Whole Milk,11.0,68.2,False
2021-10-26,Whole Milk,8.0,60.2,False
2021-10-27,Whole Milk,7.0,53.2,False
2021-10-28,Whole Milk,10.0,43.2,False
2021-10-29,Whole Milk,6.0,37.2,False
2021-10-30,Whole Milk,8.0,29.2,False
2021-10-31,Whole Milk,8.0,125.3,False
2021-11-01,Whole Milk,12.0,113.3,False
2021-11-02,Whole Milk,8.0,105.3,False
2021-11-03,Whole Milk,4.0,101.3,False
2021-11-04,Whole Milk,10.0,91.3,False
2021-11-05,Whole Milk,7.0,84.3,False
2021-11-06,Whole Milk,9.0,75.3,False
2021-11-07,Whole Milk,9.0,66.3,False
2021-11-08,Whole Milk,8.0,58.3,False
2021-11-09,Whole Milk,10.0,48.3,False
2021-11-10,Whole Milk,6.0,42.3,False
2021-11-11,Whole Milk,8.0,34.3,False
2021-11-12,Whole Milk,10.0,128.3,False
2021-11-13,Whole Milk,8.0,120.3,False
2021-11-14,Whole Milk,5.0,115.3,False
2021-11-15,Whole Milk,10.0,105.3,False
2021-11-16,Whole Milk,11.0,94.3,False
2021-11-17,Whole Milk,9.0,85.3,False
2021-11-18,Whole Milk,5.0,80.3,False
2021-11-19,Whole Milk,11.0,69.3,False
2021-11-20,Whole Milk,6.0,63.3,False
2021-11-21,Whole Milk,10.0,53.3,False
2021-11-22,Whole Milk,7.0,46.3,False
2021-11-23,Whole Milk,6.0,40.3,False
2021-11-24,Whole Milk,8.0,136.4,False
2021-11-25,Whole Milk,9.0,127.4,False
2021-11-26,Whole Milk,8.0,119.4,False
2021-11-27,Whole Milk,11.0,108.4,False
2021-11-28,Whole Milk,8.0,100.4,False
2021-11-29,Whole Milk,11.0,89.4,False
2021-11-30,Whole Milk,10.0,79.4,False
2021-12-01,Whole Milk,7.0,72.4,False
2021-12-02,Whole Milk,7.0,65.4,False
2021-12-03,Whole Milk,6.0,59.4,False
2021-12-04,Whole Milk,10.0,49.4,False
2021-12-05,Whole Milk,8.0,41.4,False
2021-12-06,Whole Milk,4.0,141.4,False
2021-12-07,Whole Milk,8.0,133.4,False
2021-12-08,Whole Milk,7.0,126.4,False
2021-12-09,Whole Milk,12.0,114.4,False
2021-12-10,Whole Milk,6.0,108.4,False
2021-12-11,Whole Milk,6.0,102.4,False
2021-12-12,Whole Milk,12.0,90.4,False
2021-12-13,Whole Milk,12.0,78.4,False
2021-12-14,Whole Milk,7.0,71.4,False
2021-12-15,Whole Milk,8.0,63.4,False
2021-12-16,Whole Milk,10.0,53.4,False
2021-12-17,Whole Milk,4.0,49.4,False
2021-12-18,Whole Milk,5.0,44.4,False
2021-12-19,Whole Milk,9.0,35.4,False
2021-12-20,Whole Milk,13.0,22.4,False
2021-12-21,Whole Milk,8.0,118.4,False
2021-12-22,Whole Milk,9.0,109.4,False
2021-12-23,Whole Milk,12.0,97.4,False
2021-12-24,Whole Milk,14.0,83.4,False
2021-12-25,Whole Milk,8.0,75.4,False
2021-12-26,Whole Milk,9.0,66.4,False
2021-12-27,Whole Milk,13.0,53.4,False
2021-12-28,Whole Milk,6.0,47.4,False
2021-12-29,Whole Milk,11.0,36.4,False
2021-12-30,Whole Milk,7.0,133.5,False
2021-12-31,Whole Milk,10.0,123.5,False
2022-01-01,Whole Milk,9.0,114.5,False
2022-01-02,Whole Milk,7.0,107.5,False
2022-01-03,Whole Milk,7.0,100.5,False
2022-01-04,Whole Milk,10.0,90.5,False
2022-01-05,Whole Milk,11.0,79.5,False
2022-01-06,Whole Milk,9.0,70.5,False
2022-01-07,Whole Milk,10.0,60.5,False
2022-01-08,Whole Milk,11.0,49.5,False
2022-01-09,Whole Milk,7.0,42.5,False
2022-01-10,Whole Milk,11.0,31.5,False
2022-01-11,Whole Milk,11.0,124.5,False
2022-01-12,Whole Milk,15.0,109.5,False
2022-01-13,Whole Milk,8.0,101.5,False
2022-01-14,Whole Milk,8.0,93.5,False
2022-01-15,Whole Milk,11.0,82.5,False
2022-01-16,Whole Milk,11.0,71.5,False
2022-01-17,Whole Milk,8.0,63.5,False
2022-01-18,Whole Milk,8.0,55.5,False
2022-01-19,Whole Milk,10.0,45.5,False
2022-01-20,Whole Milk,7.0,142.6,False
2022-01-21,Whole Milk,9.0,133.6,False
2022-01-22,Whole Milk,10.0,123.6,False
2022-01-23,Whole Milk,12.0,111.6,False
2022-01-24,Whole Milk,8.0,103.6,False
2022-01-25,Whole Milk,5.0,98.6,False
2022-01-26,Whole Milk,5.0,93.6,False
2022-01-27,Whole Milk,6.0,87.6,False
2022-01-28,Whole Milk,6.0,81.6,False
2022-01-29,Whole Milk,9.0,72.6,False
2022-01-30,Whole Milk,7.0,65.6,False
2022-01-31,Whole Milk,8.0,57.6,False
2022-02-01,Whole Milk,7.0,50.6,False
2022-02-02,Whole Milk,8.0,42.6,False
2022-02-03,Whole Milk,12.0,30.6,False
2022-02-04,Whole Milk,11.0,123.6,False
2022-02-05,Whole Milk,10.0,113.6,False
2022-02-06,Whole Milk,8.0,105.6,False
2022-02-07,Whole Milk,8.0,97.6,False
2022-02-08,Whole Milk,10.0,87.6,False
2022-02-09,Whole Milk,10.0,77.6,False
2022-02-10,Whole Milk,7.0,70.6,False
2022-02-11,Whole Milk,9.0,61.6,False
2022-02-12,Whole Milk,5.0,56.6,False
2022-02-13,Whole Milk,10.0,46.6,False
2022-02-14,Whole Milk,11.0,35.6,False
2022-02-15,Whole Milk,8.0,27.6,False
2022-02-16,Whole Milk,13.0,118.6,False
2022-02-17,Whole Milk,7.0,111.6,False
2022-02-18,Whole Milk,10.0,101.6,False
2022-02-19,Whole Milk,9.0,92.6,False
2022-02-20,Whole Milk,9.0,83.6,False
2022-02-21,Whole Milk,9.0,74.6,False
2022-02-22,Whole Milk,9.0,65.6,False
2022-02-23,Whole Milk,11.0,54.6,False
2022-02-24,Whole Milk,12.0,42.6,False
2022-02-25,Whole Milk,9.0,137.7,False
2022-02-26,Whole Milk,11.0,126.7,False
2022-02-27,Whole Milk,8.0,118.7,False
2022-02-28,Whole Milk,11.0,107.7,False
2022-03-01,Whole Milk,7.0,100.7,False
2022-03-02,Whole Milk,11.0,89.7,False
2022-03-03,Whole Milk,14.0,75.7,False
2022-03-04,Whole Milk,9.0,66.7,False
2022-03-05,Whole Milk,4.0,62.7,False
2022-03-06,Whole Milk,8.0,54.7,False
2022-03-07,Whole Milk,12.0,42.7,False
2022-03-08,Whole Milk,10.0,32.7,False
2022-03-09,Whole Milk,9.0,127.7,False
2022-03-10,Whole Milk,11.0,116.7,False
2022-03-11,Whole Milk,10.0,106.7,False
2022-03-12,Whole Milk,12.0,94.7,False
2022-03-13,Whole Milk,11.0,83.7,False
2022-03-14,Whole Milk,12.0,71.7,False
2022-03-15,Whole Milk,10.0,61.7,False
2022-03-16,Whole Milk,11.0,50.7,False
2022-03-17,Whole Milk,8.0,42.7,False
2022-03-18,Whole Milk,8.0,138.8,False
2022-03-19,Whole Milk,13.0,125.8,False
2022-03-20,Whole Milk,9.0,116.8,False
2022-03-21,Whole Milk,10.0,106.8,False
2022-03-22,Whole Milk,9.0,97.8,False
2022-03-23,Whole Milk,7.0,90.8,False
2022-03-24,Whole Milk,9.0,81.8,False
2022-03-25,Whole Milk,12.0,69.8,False
2022-03-26,Whole Milk,10.0,59.8,False
2022-03-27,Whole Milk,5.0,54.8,False
2022-03-28,Whole Milk,8.0,46.8,False
2022-03-29,Whole Milk,12.0,34.8,False
2022-03-30,Whole Milk,8.0,130.8,False
2022-03-31,Whole Milk,5.0,125.8,False
2022-04-01,Whole Milk,13.0,112.8,False
2022-04-02,Whole Milk,10.0,102.8,False
2022-04-03,Whole Milk,9.0,93.8,False
2022-04-04,Whole Milk,8.0,85.8,False
2022-04-05,Whole Milk,11.0,74.8,False
2022-04-06,Whole Milk,7.0,67.8,False
2022-04-07,Whole Milk,11.0,56.8,False
2022-04-08,Whole Milk,10.0,46.8,False
2022-04-09,Whole Milk,9.0,37.8,False
2022-04-10,Whole Milk,9.0,28.8,False
2022-04-11,Whole Milk,8.0,124.9,False
2022-04-12,Whole Milk,10.0,114.9,False
2022-04-13,Whole Milk,7.0,107.9,False
2022-04-14,Whole Milk,5.0,102.9,False
2022-04-15,Whole Milk,10.0,92.9,False
2022-04-16,Whole Milk,10.0,82.9,False
2022-04-17,Whole Milk,9.0,73.9,False
2022-04-18,Whole Milk,9.0,64.9,False
2022-04-19,Whole Milk,8.0,56.9,False
2022-04-20,Whole Milk,10.0,46.9,False
2022-04-21,Whole Milk,8.0,38.9,False
2022-04-22,Whole Milk,8.0,30.9,False
2022-04-23,Whole Milk,8.0,126.9,False
2022-04-24,Whole Milk,12.0,114.9,False
2022-04-25,Whole Milk,5.0,109.9,False
2022-04-26,Whole Milk,9.0,100.9,False
2022-04-27,Whole Milk,5.0,95.9,False
2022-04-28,Whole Milk,8.0,87.9,False
2022-04-29,Whole Milk,8.0,79.9,False
2022-04-30,Whole Milk,4.0,75.9,False
2022-05-01,Whole Milk,9.0,66.9,False
2022-05-02,Whole Milk,7.0,59.9,False
2022-05-03,Whole Milk,4.0,55.9,False
2022-05-04,Whole Milk,10.0,45.9,False
2022-05-05,Whole Milk,11.0,138.9,False
2022-05-06,Whole Milk,11.0,127.9,False
2022-05-07,Whole Milk,9.0,118.9,False
2022-05-08,Whole Milk,8.0,110.9,False
2022-05-09,Whole Milk,11.0,99.9,False
2022-05-10,Whole Milk,11.0,88.9,False
2022-05-11,Whole Milk,10.0,78.9,False
2022-05-12,Whole Milk,6.0,72.9,False
2022-05-13,Whole Milk,9.0,63.9,False
2022-05-14,Whole Milk,9.0,54.9,False
2022-05-15,Whole Milk,5.0,49.9,False
2022-05-16,Whole Milk,9.0,40.9,False
2022-05-17,Whole Milk,12.0,133.0,False
2022-05-18,Whole Milk,9.0,124.0,False
2022-05-19,Whole Milk,11.0,113.0,False
2022-05-20,Whole Milk,8.0,105.0,False
2022-05-21,Whole Milk,8.0,97.0,False
2022-05-22,Whole Milk,9.0,88.0,False
2022-05-23,Whole Milk,6.0,82.0,False
2022-05-24,Whole Milk,6.0,76.0,False
2022-05-25,Whole Milk,10.0,66.0,False
2022-05-26,Whole Milk,10.0,56.0,False
2022-05-27,Whole Milk,6.0,50.0,False
2022-05-28,Whole Milk,10.0,40.0,False
2022-05-29,Whole Milk,8.0,136.0,False
2022-05-30,Whole Milk,8.0,128.0,False
2022-05-31,Whole Milk,9.0,119.0,False
2022-06-01,Whole Milk,10.0,109.0,False
2022-06-02,Whole Milk,8.0,101.0,False
2022-06-03,Whole Milk,11.0,90.0,False
2022-06-04,Whole Milk,9.0,81.0,False
2022-06-05,Whole Milk,9.0,72.0,False
2022-06-06,Whole Milk,6.0,66.0,False
2022-06-07,Whole Milk,12.0,54.0,False
2022-06-08,Whole Milk,9.0,45.0,False
2022-06-09,Whole Milk,9.0,36.0,False
2022-06-10,Whole Milk,5.0,135.1,False
2022-06-11,Whole Milk,6.0,129.1,False
2022-06-12,Whole Milk,10.0,119.1,False
2022-06-13,Whole Milk,8.0,111.1,False
2022-06-14,Whole Milk,4.0,107.1,False
2022-06-15,Whole Milk,9.0,98.1,False
2022-06-16,Whole Milk,7.0,91.1,False
2022-06-17,Whole Milk,10.0,81.1,False
2022-06-18,Whole Milk,8.0,73.1,False
2022-06-19,Whole Milk,8.0,65.1,False
2022-06-20,Whole Milk,10.0,55.1,False
2022-06-21,Whole Milk,6.0,49.1,False
2022-06-22,Whole Milk,6.0,43.1,False
2022-06-23,Whole Milk,7.0,36.1,False
2022-06-24,Whole Milk,9.0,27.1,False
2022-06-25,Whole Milk,5.0,126.1,False
2022-06-26,Whole Milk,5.0,121.1,False
2022-06-27,Whole Milk,9.0,112.1,False
2022-06-28,Whole Milk,6.0,106.1,False
2022-06-29,Whole Milk,7.0,99.1,False
2022-06-30,Whole Milk,4.0,95.1,False
2022-07-01,Whole Milk,6.0,89.1,False
2022-07-02,Whole Milk,8.0,81.1,False
2022-07-03,Whole Milk,9.0,72.1,False
2022-07-04,Whole Milk,6.0,66.1,False
2022-07-05,Whole Milk,10.0,56.1,False
2022-07-06,Whole Milk,6.0,50.1,False
2022-07-07,Whole Milk,6.0,44.1,False
2022-07-08,Whole Milk,11.0,33.1,False
2022-07-09,Whole Milk,8.0,25.1,False
2022-07-10,Whole Milk,7.0,122.1,False
2022-07-11,Whole Milk,7.0,115.1,False
2022-07-12,Whole Milk,10.0,105.1,False
2022-07-13,Whole Milk,10.0,95.1,False
2022-07-14,Whole Milk,6.0,89.1,False
2022-07-15,Whole Milk,8.0,81.1,False
2022-07-16,Whole Milk,8.0,73.1,False
2022-07-17,Whole Milk,6.0,67.1,False
2022-07-18,Whole Milk,7.0,60.1,False
2022-07-19,Whole Milk,8.0,52.1,False
2022-07-20,Whole Milk,10.0,42.1,False
2022-07-21,Whole Milk,10.0,32.1,False
2022-07-22,Whole Milk,7.0,129.2,False
2022-07-23,Whole Milk,7.0,122.2,False
2022-07-24,Whole Milk,9.0,113.2,False
2022-07-25,Whole Milk,7.0,106.2,False
2022-07-26,Whole Milk,9.0,97.2,False
2022-07-27,Whole Milk,7.0,90.2,False
2022-07-28,Whole Milk,6.0,84.2,False
2022-07-29,Whole Milk,6.0,78.2,False
2022-07-30,Whole Milk,11.0,67.2,False
2022-07-31,Whole Milk,7.0,60.2,False
2022-08-01,Whole Milk,11.0,49.2,False
2022-08-02,Whole Milk,7.0,42.2,False
2022-08-03,Whole Milk,8.0,138.2,False
2022-08-04,Whole Milk,12.0,126.2,False
2022-08-05,Whole Milk,6.0,120.2,False
2022-08-06,Whole Milk,4.0,116.2,False
2022-08-07,Whole Milk,10.0,106.2,False
2022-08-08,Whole Milk,6.0,100.2,False
2022-08-09,Whole Milk,8.0,92.2,False
2022-08-10,Whole Milk,7.0,85.2,False
2022-08-11,Whole Milk,8.0,77.2,False
2022-08-12,Whole Milk,6.0,71.2,False
2022-08-13,Whole Milk,8.0,63.2,False
2022-08-14,Whole Milk,9.0,54.2,False
2022-08-15,Whole Milk,6.0,48.2,False
2022-08-16,Whole Milk,6.0,42.2,False
2022-08-17,Whole Milk,7.0,35.2,False
2022-08-18,Whole Milk,5.0,134.3,False
2022-08-19,Whole Milk,7.0,127.3,False
2022-08-20,Whole Milk,8.0,119.3,False
2022-08-21,Whole Milk,7.0,112.3,False
2022-08-22,Whole Milk,7.0,105.3,False
2022-08-23,Whole Milk,8.0,97.3,False
2022-08-24,Whole Milk,6.0,91.3,False
2022-08-25,Whole Milk,9.0,82.3,False
2022-08-26,Whole Milk,11.0,71.3,False
2022-08-27,Whole Milk,7.0,64.3,False
2022-08-28,Whole Milk,9.0,55.3,False
2022-08-29,Whole Milk,7.0,48.3,False
2022-08-30,Whole Milk,8.0,144.3,False
2022-08-31,Whole Milk,11.0,133.3,False
2022-09-01,Whole Milk,9.0,124.3,False
2022-09-02,Whole Milk,5.0,119.3,False
2022-09-03,Whole Milk,9.0,110.3,False
2022-09-04,Whole Milk,10.0,100.3,False
2022-09-05,Whole Milk,7.0,93.3,False
2022-09-06,Whole Milk,10.0,83.3,False
2022-09-07,Whole Milk,7.0,76.3,False
2022-09-08,Whole Milk,5.0,71.3,False
2022-09-09,Whole Milk,8.0,63.3,False
2022-09-10,Whole Milk,5.0,58.3,False
2022-09-11,Whole Milk,8.0,50.3,False
2022-09-12,Whole Milk,10.0,40.3,False
2022-09-13,Whole Milk,4.0,36.3,False
2022-09-14,Whole Milk,5.0,135.4,False
2022-09-15,Whole Milk,6.0,129.4,False
2022-09-16,Whole Milk,8.0,121.4,False
2022-09-17,Whole Milk,8.0,113.4,False
2022-09-18,Whole Milk,11.0,102.4,False
2022-09-19,Whole Milk,10.0,92.4,False
2022-09-20,Whole Milk,9.0,83.4,False
2022-09-21,Whole Milk,8.0,75.4,False
2022-09-22,Whole Milk,9.0,66.4,False
2022-09-23,Whole Milk,7.0,59.4,False
2022-09-24,Whole Milk,10.0,49.4,False
2022-09-25,Whole Milk,6.0,43.4,False
2022-09-26,Whole Milk,10.0,137.4,False
2022-09-27,Whole Milk,10.0,127.4,False
2022-09-28,Whole Milk,8.0,119.4,False
2022-09-29,Whole Milk,8.0,111.4,False
2022-09-30,Whole Milk,9.0,102.4,False
2022-10-01,Whole Milk,3.0,99.4,False
2022-10-02,Whole Milk,9.0,90.4,False
2022-10-03,Whole Milk,8.0,82.4,False
2022-10-04,Whole Milk,8.0,74.4,False
2022-10-05,Whole Milk,10.0,64.4,False
2022-10-06,Whole Milk,8.0,56.4,False
2022-10-07,Whole Milk,6.0,50.4,False
2022-10-08,Whole Milk,8.0,42.4,False
2022-10-09,Whole Milk,9.0,33.4,False
2022-10-10,Whole Milk,9.0,24.4,False
2022-10-11,Whole Milk,9.0,119.4,False
2022-10-12,Whole Milk,10.0,109.4,False
2022-10-13,Whole Milk,6.0,103.4,False
2022-10-14,Whole Milk,9.0,94.4,False
2022-10-15,Whole Milk,11.0,83.4,False
2022-10-16,Whole Milk,5.0,78.4,False
2022-10-17,Whole Milk,9.0,69.4,False
2022-10-18,Whole Milk,7.0,62.4,False
2022-10-19,Whole Milk,8.0,54.4,False
2022-10-20,Whole Milk,7.0,47.4,False
2022-10-21,Whole Milk,8.0,39.4,False
2022-10-22,Whole Milk,13.0,26.4,False
2022-10-23,Whole Milk,6.0,124.5,False
2022-10-24,Whole Milk,6.0,118.5,False
2022-10-25,Whole Milk,6.0,112.5,False
2022-10-26,Whole Milk,12.0,100.5,False
2022-10-27,Whole Milk,8.0,92.5,False
2022-10-28,Whole Milk,9.0,83.5,False
2022-10-29,Whole Milk,8.0,75.5,False
2022-10-30,Whole Milk,7.0,68.5,False
2022-10-31,Whole Milk,8.0,60.5,False
2022-11-01,Whole Milk,14.0,46.5,False
2022-11-02,Whole Milk,11.0,35.5,False
2022-11-03,Whole Milk,7.0,28.5,False
2022-11-04,Whole Milk,10.0,122.5,False
2022-11-05,Whole Milk,7.0,115.5,False
2022-11-06,Whole Milk,5.0,110.5,False
2022-11-07,Whole Milk,11.0,99.5,False
2022-11-08,Whole Milk,11.0,88.5,False
2022-11-09,Whole Milk,11.0,77.5,False
2022-11-10,Whole Milk,8.0,69.5,False
2022-11-11,Whole Milk,9.0,60.5,False
2022-11-12,Whole Milk,11.0,49.5,False
2022-11-13,Whole Milk,10.0,143.6,False
2022-11-14,Whole Milk,8.0,135.6,False
2022-11-15,Whole Milk,5.0,130.6,False
2022-11-16,Whole Milk,9.0,121.6,False
2022-11-17,Whole Milk,11.0,110.6,False
2022-11-18,Whole Milk,6.0,104.6,False
2022-11-19,Whole Milk,11.0,93.6,False
2022-11-20,Whole Milk,10.0,83.6,False
2022-11-21,Whole Milk,10.0,73.6,False
2022-11-22,Whole Milk,11.0,62.6,False
2022-11-23,Whole Milk,7.0,55.6,False
2022-11-24,Whole Milk,5.0,50.6,False
2022-11-25,Whole Milk,8.0,42.6,False
2022-11-26,Whole Milk,11.0,31.6,False
2022-11-27,Whole Milk,8.0,23.6,False
2022-11-28,Whole Milk,7.0,120.6,False
2022-11-29,Whole Milk,5.0,115.6,False
2022-11-30,Whole Milk,13.0,102.6,False
2022-12-01,Whole Milk,11.0,91.6,False
2022-12-02,Whole Milk,11.0,80.6,False
2022-12-03,Whole Milk,12.0,68.6,False
2022-12-04,Whole Milk,10.0,58.6,False
2022-12-05,Whole Milk,9.0,49.6,False
2022-12-06,Whole Milk,9.0,40.6,False
2022-12-07,Whole Milk,8.0,136.6,False
2022-12-08,Whole Milk,15.0,121.6,False
2022-12-09,Whole Milk,10.0,111.6,False
2022-12-10,Whole Milk,8.0,103.6,False
2022-12-11,Whole Milk,10.0,93.6,False
2022-12-12,Whole Milk,7.0,86.6,False
2022-12-13,Whole Milk,12.0,74.6,False
2022-12-14,Whole Milk,8.0,66.6,False
2022-12-15,Whole Milk,10.0,56.6,False
2022-12-16,Whole Milk,12.0,44.6,False
2022-12-17,Whole Milk,10.0,34.6,False
2022-12-18,Whole Milk,9.0,25.6,False
2022-12-19,Whole Milk,9.0,120.7,False
2022-12-20,Whole Milk,9.0,111.7,False
2022-12-21,Whole Milk,8.0,103.7,False
2022-12-22,Whole Milk,8.0,95.7,False
2022-12-23,Whole Milk,13.0,82.7,False
2022-12-24,Whole Milk,9.0,73.7,False
2022-12-25,Whole Milk,8.0,65.7,False
2022-12-26,Whole Milk,8.0,57.7,False
2022-12-27,Whole Milk,11.0,46.7,False
2022-12-28,Whole Milk,11.0,139.7,False
2022-12-29,Whole Milk,10.0,129.7,False
2022-12-30,Whole Milk,9.0,120.7,False
2022-12-31,Whole Milk,11.0,109.7,False
2023-01-01,Whole Milk,8.0,101.7,False
2023-01-02,Whole Milk,9.0,92.7,False
2023-01-03,Whole Milk,11.0,81.7,False
2023-01-04,Whole Milk,11.0,70.7,False
2023-01-05,Whole Milk,7.0,63.7,False
2023-01-06,Whole Milk,8.0,55.7,False
2023-01-07,Whole Milk,10.0,45.7,False
2023-01-08,Whole Milk,13.0,32.7,False
2023-01-09,Whole Milk,5.0,131.8,False
2023-01-10,Whole Milk,10.0,121.8,False
2023-01-11,Whole Milk,6.0,115.8,False
2023-01-12,Whole Milk,8.0,107.8,False
2023-01-13,Whole Milk,9.0,98.8,False
2023-01-14,Whole Milk,9.0,89.8,False
2023-01-15,Whole Milk,8.0,81.8,False
2023-01-16,Whole Milk,9.0,72.8,False
2023-01-17,Whole Milk,8.0,64.8,False
2023-01-18,Whole Milk,6.0,58.8,False
2023-01-19,Whole Milk,11.0,47.8,False
2023-01-20,Whole Milk,11.0,36.8,False
2023-01-21,Whole Milk,12.0,128.8,False
2023-01-22,Whole Milk,6.0,122.8,False
2023-01-23,Whole Milk,10.0,112.8,False
2023-01-24,Whole Milk,11.0,101.8,False
2023-01-25,Whole Milk,7.0,94.8,False
2023-01-26,Whole Milk,9.0,85.8,False
2023-01-27,Whole Milk,9.0,76.8,False
2023-01-28,Whole Milk,14.0,62.8,False
2023-01-29,Whole Milk,14.0,48.8,False
2023-01-30,Whole Milk,6.0,42.8,False
2023-01-31,Whole Milk,15.0,27.8,False
2023-02-01,Whole Milk,7.0,20.8,False
2023-02-02,Whole Milk,11.0,113.9,False
2023-02-03,Whole Milk,12.0,101.9,False
2023-02-04,Whole Milk,7.0,94.9,False
2023-02-05,Whole Milk,10.0,84.9,False
2023-02-06,Whole Milk,9.0,75.9,False
2023-02-07,Whole Milk,10.0,65.9,False
2023-02-08,Whole Milk,10.0,55.9,False
2023-02-09,Whole Milk,12.0,43.9,False
2023-02-10,Whole Milk,10.0,33.9,False
2023-02-11,Whole Milk,9.0,128.9,False
2023-02-12,Whole Milk,12.0,116.9,False
2023-02-13,Whole Milk,10.0,106.9,False
2023-02-14,Whole Milk,11.0,95.9,False
2023-02-15,Whole Milk,8.0,87.9,False
2023-02-16,Whole Milk,7.0,80.9,False
2023-02-17,Whole Milk,8.0,72.9,False
2023-02-18,Whole Milk,8.0,64.9,False
2023-02-19,Whole Milk,11.0,53.9,False
2023-02-20,Whole Milk,11.0,42.9,False
2023-02-21,Whole Milk,9.0,33.9,False
2023-02-22,Whole Milk,12.0,21.9,False
2023-02-23,Whole Milk,12.0,113.9,False
2023-02-24,Whole Milk,10.0,103.9,False
2023-02-25,Whole Milk,8.0,95.9,False
2023-02-26,Whole Milk,13.0,82.9,False
2023-02-27,Whole Milk,9.0,73.9,False
2023-02-28,Whole Milk,9.0,64.9,False
2023-03-01,Whole Milk,8.0,56.9,False
2023-03-02,Whole Milk,7.0,49.9,False
2023-03-03,Whole Milk,6.0,43.9,False
2023-03-04,Whole Milk,11.0,137.0,False
2023-03-05,Whole Milk,7.0,130.0,False
2023-03-06,Whole Milk,15.0,115.0,False
2023-03-07,Whole Milk,7.0,108.0,False
2023-03-08,Whole Milk,6.0,102.0,False
2023-03-09,Whole Milk,10.0,92.0,False
2023-03-10,Whole Milk,12.0,80.0,False
2023-03-11,Whole Milk,9.0,71.0,False
2023-03-12,Whole Milk,10.0,61.0,False
2023-03-13,Whole Milk,5.0,56.0,False
2023-03-14,Whole Milk,7.0,49.0,False
2023-03-15,Whole Milk,7.0,42.0,False
2023-03-16,Whole Milk,5.0,141.0,False
2023-03-17,Whole Milk,9.0,132.0,False
2023-03-18,Whole Milk,4.0,128.0,False
2023-03-19,Whole Milk,6.0,122.0,False
2023-03-20,Whole Milk,8.0,114.0,False
2023-03-21,Whole Milk,7.0,107.0,False
2023-03-22,Whole Milk,9.0,98.0,False
2023-03-23,Whole Milk,9.0,89.0,False
2023-03-24,Whole Milk,11.0,78.0,False
2023-03-25,Whole Milk,11.0,67.0,False
2023-03-26,Whole Milk,11.0,56.0,False
2023-03-27,Whole Milk,9.0,47.0,False
2023-03-28,Whole Milk,9.0,142.1,False
2023-03-29,Whole Milk,10.0,132.1,False
2023-03-30,Whole Milk,9.0,123.1,False
2023-03-31,Whole Milk,8.0,115.1,False
2023-04-01,Whole Milk,8.0,107.1,False
2023-04-02,Whole Milk,7.0,100.1,False
2023-04-03,Whole Milk,9.0,91.1,False
2023-04-04,Whole Milk,8.0,83.1,False
2023-04-05,Whole Milk,7.0,76.1,False
2023-04-06,Whole Milk,7.0,69.1,False
2023-04-07,Whole Milk,6.0,63.1,False
2023-04-08,Whole Milk,11.0,52.1,False
2023-04-09,Whole Milk,9.0,43.1,False
2023-04-10,Whole Milk,7.0,36.1,False
2023-04-11,Whole Milk,10.0,26.1,False
2023-04-12,Whole Milk,7.0,123.1,False
2023-04-13,Whole Milk,6.0,117.1,False
2023-04-14,Whole Milk,11.0,106.1,False
2023-04-15,Whole Milk,8.0,98.1,False
2023-04-16,Whole Milk,8.0,90.1,False
2023-04-17,Whole Milk,8.0,82.1,False
2023-04-18,Whole Milk,11.0,71.1,False
2023-04-19,Whole Milk,8.0,63.1,False
2023-04-20,Whole Milk,6.0,57.1,False
2023-04-21,Whole Milk,10.0,47.1,False
2023-04-22,Whole Milk,8.0,39.1,False
2023-04-23,Whole Milk,12.0,27.1,False
2023-04-24,Whole Milk,8.0,123.1,False
2023-04-25,Whole Milk,4.0,119.1,False
2023-04-26,Whole Milk,9.0,110.1,False
2023-04-27,Whole Milk,12.0,98.1,False
2023-04-28,Whole Milk,12.0,86.1,False
2023-04-29,Whole Milk,12.0,74.1,False
2023-04-30,Whole Milk,6.0,68.1,False
2023-05-01,Whole Milk,10.0,58.1,False
2023-05-02,Whole Milk,7.0,51.1,False
2023-05-03,Whole Milk,9.0,42.1,False
2023-05-04,Whole Milk,6.0,36.1,False
2023-05-05,Whole Milk,7.0,29.1,False
2023-05-06,Whole Milk,7.0,126.2,False
2023-05-07,Whole Milk,10.0,116.2,False
2023-05-08,Whole Milk,10.0,106.2,False
2023-05-09,Whole Milk,9.0,97.2,False
2023-05-10,Whole Milk,5.0,92.2,False
2023-05-11,Whole Milk,7.0,85.2,False
2023-05-12,Whole Milk,7.0,78.2,False
2023-05-13,Whole Milk,10.0,68.2,False
2023-05-14,Whole Milk,10.0,58.2,False
2023-05-15,Whole Milk,10.0,48.2,False
2023-05-16,Whole Milk,6.0,42.2,False
2023-05-17,Whole Milk,3.0,39.2,False
2023-05-18,Whole Milk,5.0,138.2,False
2023-05-19,Whole Milk,11.0,127.2,False
2023-05-20,Whole Milk,7.0,120.2,False
2023-05-21,Whole Milk,7.0,113.2,False
2023-05-22,Whole Milk,11.0,102.2,False
2023-05-23,Whole Milk,10.0,92.2,False
2023-05-24,Whole Milk,8.0,84.2,False
2023-05-25,Whole Milk,7.0,77.2,False
2023-05-26,Whole Milk,8.0,69.2,False
2023-05-27,Whole Milk,9.0,60.2,False
2023-05-28,Whole Milk,11.0,49.2,False
2023-05-29,Whole Milk,9.0,40.2,False
2023-05-30,Whole Milk,9.0,135.3,False
2023-05-31,Whole Milk,10.0,125.3,False
2023-06-01,Whole Milk,6.0,119.3,False
2023-06-02,Whole Milk,9.0,110.3,False
2023-06-03,Whole Milk,8.0,102.3,False
2023-06-04,Whole Milk,3.0,99.3,False
2023-06-05,Whole Milk,4.0,95.3,False
2023-06-06,Whole Milk,6.0,89.3,False
2023-06-07,Whole Milk,9.0,80.3,False
2023-06-08,Whole Milk,8.0,72.3,False
2023-06-09,Whole Milk,8.0,64.3,False
2023-06-10,Whole Milk,12.0,52.3,False
2023-06-11,Whole Milk,5.0,47.3,False
2023-06-12,Whole Milk,8.0,39.3,False
2023-06-13,Whole Milk,8.0,31.3,False
2023-06-14,Whole Milk,6.0,129.3,False
2023-06-15,Whole Milk,8.0,121.3,False
2023-06-16,Whole Milk,5.0,116.3,False
2023-06-17,Whole Milk,11.0,105.3,False
2023-06-18,Whole Milk,6.0,99.3,False
2023-06-19,Whole Milk,11.0,88.3,False
2023-06-20,Whole Milk,8.0,80.3,False
2023-06-21,Whole Milk,9.0,71.3,False
2023-06-22,Whole Milk,7.0,64.3,False
2023-06-23,Whole Milk,8.0,56.3,False
2023-06-24,Whole Milk,7.0,49.3,False
2023-06-25,Whole Milk,8.0,41.3,False
2023-06-26,Whole Milk,8.0,137.4,False
2023-06-27,Whole Milk,6.0,131.4,False
2023-06-28,Whole Milk,7.0,124.4,False
2023-06-29,Whole Milk,6.0,118.4,False
2023-06-30,Whole Milk,12.0,106.4,False
2023-07-01,Whole Milk,8.0,98.4,False
2023-07-02,Whole Milk,10.0,88.4,False
2023-07-03,Whole Milk,7.0,81.4,False
2023-07-04,Whole Milk,8.0,73.4,False
2023-07-05,Whole Milk,5.0,68.4,False
2023-07-06,Whole Milk,7.0,61.4,False
2023-07-07,Whole Milk,8.0,53.4,False
2023-07-08,Whole Milk,11.0,42.4,False
2023-07-09,Whole Milk,8.0,34.4,False
2023-07-10,Whole Milk,10.0,24.4,False
2023-07-11,Whole Milk,9.0,119.4,False
2023-07-12,Whole Milk,10.0,109.4,False
2023-07-13,Whole Milk,7.0,102.4,False
2023-07-14,Whole Milk,12.0,90.4,False
2023-07-15,Whole Milk,7.0,83.4,False
2023-07-16,Whole Milk,6.0,77.4,False
2023-07-17,Whole Milk,5.0,72.4,False
2023-07-18,Whole Milk,12.0,60.4,False
2023-07-19,Whole Milk,9.0,51.4,False
2023-07-20,Whole Milk,7.0,44.4,False
2023-07-21,Whole Milk,10.0,34.4,False
2023-07-22,Whole Milk,9.0,25.4,False
2023-07-23,Whole Milk,11.0,118.4,False
2023-07-24,Whole Milk,5.0,113.4,False
2023-07-25,Whole Milk,7.0,106.4,False
2023-07-26,Whole Milk,7.0,99.4,False
2023-07-27,Whole Milk,4.0,95.4,False
2023-07-28,Whole Milk,10.0,85.4,False
2023-07-29,Whole Milk,7.0,78.4,False
2023-07-30,Whole Milk,9.0,69.4,False
2023-07-31,Whole Milk,12.0,57.4,False
2023-08-01,Whole Milk,7.0,50.4,False
2023-08-02,Whole Milk,7.0,43.4,False
2023-08-03,Whole Milk,8.0,35.4,False
2023-08-04,Whole Milk,10.0,129.5,False
2023-08-05,Whole Milk,7.0,122.5,False
2023-08-06,Whole Milk,7.0,115.5,False
2023-08-07,Whole Milk,10.0,105.5,False
2023-08-08,Whole Milk,8.0,97.5,False
2023-08-09,Whole Milk,4.0,93.5,False
2023-08-10,Whole Milk,5.0,88.5,False
2023-08-11,Whole Milk,11.0,77.5,False
2023-08-12,Whole Milk,9.0,68.5,False
2023-08-13,Whole Milk,6.0,62.5,False
2023-08-14,Whole Milk,7.0,55.5,False
2023-08-15,Whole Milk,8.0,47.5,False
2023-08-16,Whole Milk,9.0,142.5,False
2023-08-17,Whole Milk,5.0,137.5,False
2023-08-18,Whole Milk,6.0,131.5,False
2023-08-19,Whole Milk,9.0,122.5,False
2023-08-20,Whole Milk,8.0,114.5,False
2023-08-21,Whole Milk,9.0,105.5,False
2023-08-22,Whole Milk,5.0,100.5,False
2023-08-23,Whole Milk,8.0,92.5,False
2023-08-24,Whole Milk,10.0,82.5,False
2023-08-25,Whole Milk,9.0,73.5,False
2023-08-26,Whole Milk,8.0,65.5,False
2023-08-27,Whole Milk,8.0,57.5,False
2023-08-28,Whole Milk,6.0,51.5,False
2023-08-29,Whole Milk,8.0,43.5,False
2023-08-30,Whole Milk,10.0,33.5,False
2023-08-31,Whole Milk,8.0,129.6,False
2023-09-01,Whole Milk,6.0,123.6,False
2023-09-02,Whole Milk,7.0,116.6,False
2023-09-03,Whole Milk,8.0,108.6,False
2023-09-04,Whole Milk,7.0,101.6,False
2023-09-05,Whole Milk,9.0,92.6,False
2023-09-06,Whole Milk,9.0,83.6,False
2023-09-07,Whole Milk,9.0,74.6,False
2023-09-08,Whole Milk,11.0,63.6,False
2023-09-09,Whole Milk,10.0,53.6,False
2023-09-10,Whole Milk,6.0,47.6,False
2023-09-11,Whole Milk,6.0,41.6,False
2023-09-12,Whole Milk,8.0,137.6,False
2023-09-13,Whole Milk,7.0,130.6,False
2023-09-14,Whole Milk,6.0,124.6,False
2023-09-15,Whole Milk,7.0,117.6,False
2023-09-16,Whole Milk,7.0,110.6,False
2023-09-17,Whole Milk,7.0,103.6,False
2023-09-18,Whole Milk,7.0,96.6,False
2023-09-19,Whole Milk,10.0,86.6,False
2023-09-20,Whole Milk,8.0,78.6,False
2023-09-21,Whole Milk,13.0,65.6,False
2023-09-22,Whole Milk,9.0,56.6,False
2023-09-23,Whole Milk,8.0,48.6,False
2023-09-24,Whole Milk,8.0,144.6,False
2023-09-25,Whole Milk,9.0,135.6,False
2023-09-26,Whole Milk,9.0,126.6,False
2023-09-27,Whole Milk,12.0,114.6,False
2023-09-28,Whole Milk,6.0,108.6,False
2023-09-29,Whole Milk,10.0,98.6,False
2023-09-30,Whole Milk,9.0,89.6,False
2023-10-01,Whole Milk,5.0,84.6,False
2023-10-02,Whole Milk,10.0,74.6,False
2023-10-03,Whole Milk,11.0,63.6,False
2023-10-04,Whole Milk,6.0,57.6,False
2023-10-05,Whole Milk,8.0,49.6,False
2023-10-06,Whole Milk,5.0,44.6,False
2023-10-07,Whole Milk,6.0,38.6,False
2023-10-08,Whole Milk,10.0,28.6,False
2023-10-09,Whole Milk,7.0,125.7,False
2023-10-10,Whole Milk,6.0,119.7,False
2023-10-11,Whole Milk,9.0,110.7,False
2023-10-12,Whole Milk,7.0,103.7,False
2023-10-13,Whole Milk,8.0,95.7,False
2023-10-14,Whole Milk,10.0,85.7,False
2023-10-15,Whole Milk,6.0,79.7,False
2023-10-16,Whole Milk,7.0,72.7,False
2023-10-17,Whole Milk,9.0,63.7,False
2023-10-18,Whole Milk,10.0,53.7,False
2023-10-19,Whole Milk,11.0,42.7,False
2023-10-20,Whole Milk,7.0,35.7,False
2023-10-21,Whole Milk,11.0,128.7,False
2023-10-22,Whole Milk,7.0,121.7,False
2023-10-23,Whole Milk,12.0,109.7,False
2023-10-24,Whole Milk,6.0,103.7,False
2023-10-25,Whole Milk,11.0,92.7,False
2023-10-26,Whole Milk,7.0,85.7,False
2023-10-27,Whole Milk,13.0,72.7,False
2023-10-28,Whole Milk,10.0,62.7,False
2023-10-29,Whole Milk,7.0,55.7,False
2023-10-30,Whole Milk,8.0,47.7,False
2023-10-31,Whole Milk,10.0,37.7,False
2023-11-01,Whole Milk,11.0,26.7,False
2023-11-02,Whole Milk,8.0,122.8,False
2023-11-03,Whole Milk,9.0,113.8,False
2023-11-04,Whole Milk,11.0,102.8,False
2023-11-05,Whole Milk,9.0,93.8,False
2023-11-06,Whole Milk,6.0,87.8,False
2023-11-07,Whole Milk,7.0,80.8,False
2023-11-08,Whole Milk,9.0,71.8,False
2023-11-09,Whole Milk,11.0,60.8,False
2023-11-10,Whole Milk,12.0,48.8,False
2023-11-11,Whole Milk,11.0,141.8,False
2023-11-12,Whole Milk,9.0,132.8,False
2023-11-13,Whole Milk,10.0,122.8,False
2023-11-14,Whole Milk,7.0,115.8,False
2023-11-15,Whole Milk,8.0,107.8,False
2023-11-16,Whole Milk,7.0,100.8,False
2023-11-17,Whole Milk,6.0,94.8,False
2023-11-18,Whole Milk,10.0,84.8,False
2023-11-19,Whole Milk,9.0,75.8,False
2023-11-20,Whole Milk,10.0,65.8,False
2023-11-21,Whole Milk,10.0,55.8,False
2023-11-22,Whole Milk,9.0,46.8,False
2023-11-23,Whole Milk,10.0,140.9,False
2023-11-24,Whole Milk,9.0,131.9,False
2023-11-25,Whole Milk,10.0,121.9,False
2023-11-26,Whole Milk,7.0,114.9,False
2023-11-27,Whole Milk,10.0,104.9,False
2023-11-28,Whole Milk,10.0,94.9,False
2023-11-29,Whole Milk,7.0,87.9,False
2023-11-30,Whole Milk,9.0,78.9,False
2023-12-01,Whole Milk,8.0,70.9,False
2023-12-02,Whole Milk,8.0,62.9,False
2023-12-03,Whole Milk,7.0,55.9,False
2023-12-04,Whole Milk,12.0,43.9,False
2023-12-05,Whole Milk,11.0,136.9,False
2023-12-06,Whole Milk,10.0,126.9,False
2023-12-07,Whole Milk,13.0,113.9,False
2023-12-08,Whole Milk,9.0,104.9,False
2023-12-09,Whole Milk,16.0,88.9,False
2023-12-10,Whole Milk,9.0,79.9,False
2023-12-11,Whole Milk,10.0,69.9,False
2023-12-12,Whole Milk,8.0,61.9,False
2023-12-13,Whole Milk,10.0,51.9,False
2023-12-14,Whole Milk,11.0,144.9,False
2023-12-15,Whole Milk,9.0,135.9,False
2023-12-16,Whole Milk,14.0,121.9,False
2023-12-17,Whole Milk,10.0,111.9,False
2023-12-18,Whole Milk,10.0,101.9,False
2023-12-19,Whole Milk,7.0,94.9,False
2023-12-20,Whole Milk,10.0,84.9,False
2023-12-21,Whole Milk,9.0,75.9,False
2023-12-22,Whole Milk,8.0,67.9,False
2023-12-23,Whole Milk,8.0,59.9,False
2023-12-24,Whole Milk,15.0,44.9,False
2023-12-25,Whole Milk,9.0,35.9,False
2023-12-26,Whole Milk,6.0,134.0,False
2023-12-27,Whole Milk,8.0,126.0,False
2023-12-28,Whole Milk,9.0,117.0,False
2023-12-29,Whole Milk,11.0,106.0,False
2023-12-30,Whole Milk,11.0,95.0,False
2023-12-31,Whole Milk,11.0,84.0,False
2024-01-01,Whole Milk,8.0,76.0,False
2024-01-02,Whole Milk,10.0,66.0,False
2024-01-03,Whole Milk,7.0,59.0,False
2024-01-04,Whole Milk,8.0,51.0,False
2024-01-05,Whole Milk,7.0,44.0,False
2024-01-06,Whole Milk,7.0,37.0,False
2024-01-07,Whole Milk,12.0,129.0,False
2024-01-08,Whole Milk,11.0,118.0,False
2024-01-09,Whole Milk,11.0,107.0,False
2024-01-10,Whole Milk,9.0,98.0,False
2024-01-11,Whole Milk,11.0,87.0,False
2024-01-12,Whole Milk,5.0,82.0,False
2024-01-13,Whole Milk,12.0,70.0,False
2024-01-14,Whole Milk,10.0,60.0,False
2024-01-15,Whole Milk,11.0,49.0,False
2024-01-16,Whole Milk,10.0,143.1,False
2024-01-17,Whole Milk,7.0,136.1,False
2024-01-18,Whole Milk,6.0,130.1,False
2024-01-19,Whole Milk,8.0,122.1,False
2024-01-20,Whole Milk,11.0,111.1,False
2024-01-21,Whole Milk,11.0,100.1,False
2024-01-22,Whole Milk,6.0,94.1,False
2024-01-23,Whole Milk,7.0,87.1,False
2024-01-24,Whole Milk,8.0,79.1,False
2024-01-25,Whole Milk,8.0,71.1,False
2024-01-26,Whole Milk,6.0,65.1,False
2024-01-27,Whole Milk,6.0,59.1,False
2024-01-28,Whole Milk,7.0,52.1,False
2024-01-29,Whole Milk,9.0,43.1,False
2024-01-30,Whole Milk,7.0,36.1,False
2024-01-31,Whole Milk,9.0,131.1,False
2024-02-01,Whole Milk,11.0,120.1,False
2024-02-02,Whole Milk,6.0,114.1,False
2024-02-03,Whole Milk,9.0,105.1,False
2024-02-04,Whole Milk,12.0,93.1,False
2024-02-05,Whole Milk,8.0,85.1,False
2024-02-06,Whole Milk,8.0,77.1,False
2024-02-07,Whole Milk,12.0,65.1,False
2024-02-08,Whole Milk,8.0,57.1,False
2024-02-09,Whole Milk,12.0,45.1,False
2024-02-10,Whole Milk,10.0,35.1,False
2024-02-11,Whole Milk,8.0,27.1,False
2024-02-12,Whole Milk,10.0,121.1,False
2024-02-13,Whole Milk,10.0,111.1,False
2024-02-14,Whole Milk,11.0,100.1,False
2024-02-15,Whole Milk,8.0,92.1,False
2024-02-16,Whole Milk,9.0,83.1,False
2024-02-17,Whole Milk,9.0,74.1,False
2024-02-18,Whole Milk,11.0,63.1,False
2024-02-19,Whole Milk,7.0,56.1,False
2024-02-20,Whole Milk,11.0,45.1,False
2024-02-21,Whole Milk,10.0,139.2,False
2024-02-22,Whole Milk,6.0,133.2,False
2024-02-23,Whole Milk,12.0,121.2,False
2024-02-24,Whole Milk,14.0,107.2,False
2024-02-25,Whole Milk,11.0,96.2,False
2024-02-26,Whole Milk,12.0,84.2,False
2024-02-27,Whole Milk,9.0,75.2,False
2024-02-28,Whole Milk,5.0,70.2,False
2024-02-29,Whole Milk,5.0,65.2,False
2024-03-01,Whole Milk,10.0,55.2,False
2024-03-02,Whole Milk,8.0,47.2,False
2024-03-03,Whole Milk,7.0,40.2,False
2024-03-04,Whole Milk,9.0,135.2,False
2024-03-05,Whole Milk,10.0,125.2,False
2024-03-06,Whole Milk,6.0,119.2,False
2024-03-07,Whole Milk,8.0,111.2,False
2024-03-08,Whole Milk,12.0,99.2,False
2024-03-09,Whole Milk,7.0,92.2,False
2024-03-10,Whole Milk,11.0,81.2,False
2024-03-11,Whole Milk,8.0,73.2,False
2024-03-12,Whole Milk,10.0,63.2,False
2024-03-13,Whole Milk,11.0,52.2,False
2024-03-14,Whole Milk,10.0,42.2,False
2024-03-15,Whole Milk,11.0,31.2,False
2024-03-16,Whole Milk,7.0,128.3,False
2024-03-17,Whole Milk,11.0,117.3,False
2024-03-18,Whole Milk,7.0,110.3,False
2024-03-19,Whole Milk,9.0,101.3,False
2024-03-20,Whole Milk,9.0,92.3,False
2024-03-21,Whole Milk,10.0,82.3,False
2024-03-22,Whole Milk,10.0,72.3,False
2024-03-23,Whole Milk,7.0,65.3,False
2024-03-24,Whole Milk,6.0,59.3,False
2024-03-25,Whole Milk,11.0,48.3,False
2024-03-26,Whole Milk,9.0,39.3,False
2024-03-27,Whole Milk,11.0,28.3,False
2024-03-28,Whole Milk,9.0,123.3,False
2024-03-29,Whole Milk,6.0,117.3,False
2024-03-30,Whole Milk,11.0,106.3,False
2024-03-31,Whole Milk,8.0,98.3,False
2024-04-01,Whole Milk,9.0,89.3,False
2024-04-02,Whole Milk,7.0,82.3,False
2024-04-03,Whole Milk,12.0,70.3,False
2024-04-04,Whole Milk,7.0,63.3,False
2024-04-05,Whole Milk,8.0,55.3,False
2024-04-06,Whole Milk,9.0,46.3,False
2024-04-07,Whole Milk,6.0,40.3,False
2024-04-08,Whole Milk,9.0,31.3,False
2024-04-09,Whole Milk,12.0,123.4,False
2024-04-10,Whole Milk,7.0,116.4,False
2024-04-11,Whole Milk,9.0,107.4,False
2024-04-12,Whole Milk,3.0,104.4,False
2024-04-13,Whole Milk,9.0,95.4,False
2024-04-14,Whole Milk,8.0,87.4,False
2024-04-15,Whole Milk,7.0,80.4,False
2024-04-16,Whole Milk,10.0,70.4,False
2024-04-17,Whole Milk,8.0,62.4,False
2024-04-18,Whole Milk,8.0,54.4,False
2024-04-19,Whole Milk,8.0,46.4,False
2024-04-20,Whole Milk,5.0,41.4,False
2024-04-21,Whole Milk,6.0,139.4,False
2024-04-22,Whole Milk,10.0,129.4,False
2024-04-23,Whole Milk,4.0,125.4,False
2024-04-24,Whole Milk,7.0,118.4,False
2024-04-25,Whole Milk,7.0,111.4,False
2024-04-26,Whole Milk,12.0,99.4,False
2024-04-27,Whole Milk,10.0,89.4,False
2024-04-28,Whole Milk,7.0,82.4,False
2024-04-29,Whole Milk,11.0,71.4,False
2024-04-30,Whole Milk,7.0,64.4,False
2024-05-01,Whole Milk,10.0,54.4,False
2024-05-02,Whole Milk,5.0,49.4,False
2024-05-03,Whole Milk,10.0,143.4,False
2024-05-04,Whole Milk,8.0,135.4,False
2024-05-05,Whole Milk,6.0,129.4,False
2024-05-06,Whole Milk,8.0,121.4,False
2024-05-07,Whole Milk,9.0,112.4,False
2024-05-08,Whole Milk,7.0,105.4,False
2024-05-09,Whole Milk,9.0,96.4,False
2024-05-10,Whole Milk,7.0,89.4,False
2024-05-11,Whole Milk,10.0,79.4,False
2024-05-12,Whole Milk,9.0,70.4,False
2024-05-13,Whole Milk,8.0,62.4,False
2024-05-14,Whole Milk,7.0,55.4,False
2024-05-15,Whole Milk,8.0,47.4,False
2024-05-16,Whole Milk,9.0,38.4,False
2024-05-17,Whole Milk,12.0,26.4,False
2024-05-18,Whole Milk,10.0,120.5,False
2024-05-19,Whole Milk,10.0,110.5,False
2024-05-20,Whole Milk,14.0,96.5,False
2024-05-21,Whole Milk,9.0,87.5,False
2024-05-22,Whole Milk,9.0,78.5,False
2024-05-23,Whole Milk,9.0,69.5,False
2024-05-24,Whole Milk,6.0,63.5,False
2024-05-25,Whole Milk,7.0,56.5,False
2024-05-26,Whole Milk,7.0,49.5,False
2024-05-27,Whole Milk,9.0,144.5,False
2024-05-28,Whole Milk,7.0,137.5,False
2024-05-29,Whole Milk,8.0,129.5,False
2024-05-30,Whole Milk,10.0,119.5,False
2024-05-31,Whole Milk,10.0,109.5,False
2024-06-01,Whole Milk,8.0,101.5,False
2024-06-02,Whole Milk,7.0,94.5,False
2024-06-03,Whole Milk,10.0,84.5,False
2024-06-04,Whole Milk,9.0,75.5,False
2024-06-05,Whole Milk,5.0,70.5,False
2024-06-06,Whole Milk,7.0,63.5,False
2024-06-07,Whole Milk,8.0,55.5,False
2024-06-08,Whole Milk,10.0,45.5,False
2024-06-09,Whole Milk,9.0,36.5,False
2024-06-10,Whole Milk,8.0,28.5,False
2024-06-11,Whole Milk,9.0,123.6,False
2024-06-12,Whole Milk,8.0,115.6,False
2024-06-13,Whole Milk,6.0,109.6,False
2024-06-14,Whole Milk,7.0,102.6,False
2024-06-15,Whole Milk,8.0,94.6,False
2024-06-16,Whole Milk,8.0,86.6,False
2024-06-17,Whole Milk,4.0,82.6,False
2024-06-18,Whole Milk,7.0,75.6,False
2024-06-19,Whole Milk,8.0,67.6,False
2024-06-20,Whole Milk,7.0,60.6,False
2024-06-21,Whole Milk,7.0,53.6,False
2024-06-22,Whole Milk,9.0,44.6,False
2024-06-23,Whole Milk,6.0,142.6,False
2024-06-24,Whole Milk,5.0,137.6,False
2024-06-25,Whole Milk,7.0,130.6,False
2024-06-26,Whole Milk,9.0,121.6,False
2024-06-27,Whole Milk,11.0,110.6,False
2024-06-28,Whole Milk,9.0,101.6,False
2024-06-29,Whole Milk,5.0,96.6,False
2024-06-30,Whole Milk,7.0,89.6,False
2024-07-01,Whole Milk,8.0,81.6,False
2024-07-02,Whole Milk,8.0,73.6,False
2024-07-03,Whole Milk,8.0,65.6,False
2024-07-04,Whole Milk,6.0,59.6,False
2024-07-05,Whole Milk,8.0,51.6,False
2024-07-06,Whole Milk,9.0,42.6,False
2024-07-07,Whole Milk,9.0,33.6,False
2024-07-08,Whole Milk,6.0,131.6,False
2024-07-09,Whole Milk,7.0,124.6,False
2024-07-10,Whole Milk,3.0,121.6,False
2024-07-11,Whole Milk,6.0,115.6,False
2024-07-12,Whole Milk,7.0,108.6,False
2024-07-13,Whole Milk,6.0,102.6,False
2024-07-14,Whole Milk,8.0,94.6,False
2024-07-15,Whole Milk,7.0,87.6,False
2024-07-16,Whole Milk,3.0,84.6,False
2024-07-17,Whole Milk,8.0,76.6,False
2024-07-18,Whole Milk,6.0,70.6,False
2024-07-19,Whole Milk,9.0,61.6,False
2024-07-20,Whole Milk,5.0,56.6,False
2024-07-21,Whole Milk,8.0,48.6,False
2024-07-22,Whole Milk,7.0,41.6,False
2024-07-23,Whole Milk,8.0,137.7,False
2024-07-24,Whole Milk,8.0,129.7,False
2024-07-25,Whole Milk,7.0,122.7,False
2024-07-26,Whole Milk,5.0,117.7,False
2024-07-27,Whole Milk,5.0,112.7,False
2024-07-28,Whole Milk,7.0,105.7,False
2024-07-29,Whole Milk,8.0,97.7,False
2024-07-30,Whole Milk,6.0,91.7,False
2024-07-31,Whole Milk,9.0,82.7,False
2024-08-01,Whole Milk,7.0,75.7,False
2024-08-02,Whole Milk,6.0,69.7,False
2024-08-03,Whole Milk,7.0,62.7,False
2024-08-04,Whole Milk,8.0,54.7,False
2024-08-05,Whole Milk,8.0,46.7,False
2024-08-06,Whole Milk,11.0,35.7,False
2024-08-07,Whole Milk,6.0,133.7,False
2024-08-08,Whole Milk,7.0,126.7,False
2024-08-09,Whole Milk,9.0,117.7,False
2024-08-10,Whole Milk,8.0,109.7,False
2024-08-11,Whole Milk,7.0,102.7,False
2024-08-12,Whole Milk,5.0,97.7,False
2024-08-13,Whole Milk,7.0,90.7,False
2024-08-14,Whole Milk,6.0,84.7,False
2024-08-15,Whole Milk,4.0,80.7,False
2024-08-16,Whole Milk,6.0,74.7,False
2024-08-17,Whole Milk,6.0,68.7,False
2024-08-18,Whole Milk,9.0,59.7,False
2024-08-19,Whole Milk,9.0,50.7,False
2024-08-20,Whole Milk,6.0,44.7,False
2024-08-21,Whole Milk,7.0,37.7,False
2024-08-22,Whole Milk,4.0,137.8,False
2024-08-23,Whole Milk,7.0,130.8,False
2024-08-24,Whole Milk,9.0,121.8,False
2024-08-25,Whole Milk,9.0,112.8,False
2024-08-26,Whole Milk,6.0,106.8,False
2024-08-27,Whole Milk,10.0,96.8,False
2024-08-28,Whole Milk,5.0,91.8,False
2024-08-29,Whole Milk,5.0,86.8,False
2024-08-30,Whole Milk,9.0,77.8,False
2024-08-31,Whole Milk,11.0,66.8,False
2024-09-01,Whole Milk,9.0,57.8,False
2024-09-02,Whole Milk,8.0,49.8,False
2024-09-03,Whole Milk,4.0,45.8,False
2024-09-04,Whole Milk,4.0,41.8,False
2024-09-05,Whole Milk,8.0,33.8,False
2024-09-06,Whole Milk,7.0,130.8,False
2024-09-07,Whole Milk,6.0,124.8,False
2024-09-08,Whole Milk,8.0,116.8,False
2024-09-09,Whole Milk,8.0,108.8,False
2024-09-10,Whole Milk,10.0,98.8,False
2024-09-11,Whole Milk,8.0,90.8,False
2024-09-12,Whole Milk,10.0,80.8,False
2024-09-13,Whole Milk,8.0,72.8,False
2024-09-14,Whole Milk,8.0,64.8,False
2024-09-15,Whole Milk,10.0,54.8,False
2024-09-16,Whole Milk,6.0,48.8,False
2024-09-17,Whole Milk,13.0,35.8,False
2024-09-18,Whole Milk,9.0,130.9,False
2024-09-19,Whole Milk,9.0,121.9,False
2024-09-20,Whole Milk,9.0,112.9,False
2024-09-21,Whole Milk,12.0,100.9,False
2024-09-22,Whole Milk,10.0,90.9,False
2024-09-23,Whole Milk,5.0,85.9,False
2024-09-24,Whole Milk,11.0,74.9,False
2024-09-25,Whole Milk,7.0,67.9,False
2024-09-26,Whole Milk,8.0,59.9,False
2024-09-27,Whole Milk,6.0,53.9,False
2024-09-28,Whole Milk,10.0,43.9,False
2024-09-29,Whole Milk,7.0,36.9,False
2024-09-30,Whole Milk,8.0,132.9,False
2024-10-01,Whole Milk,8.0,124.9,False
2024-10-02,Whole Milk,12.0,112.9,False
2024-10-03,Whole Milk,12.0,100.9,False
2024-10-04,Whole Milk,9.0,91.9,False
2024-10-05,Whole Milk,9.0,82.9,False
2024-10-06,Whole Milk,8.0,74.9,False
2024-10-07,Whole Milk,10.0,64.9,False
2024-10-08,Whole Milk,8.0,56.9,False
2024-10-09,Whole Milk,7.0,49.9,False
2024-10-10,Whole Milk,10.0,39.9,False
2024-10-11,Whole Milk,7.0,32.9,False
2024-10-12,Whole Milk,9.0,127.9,False
2024-10-13,Whole Milk,5.0,122.9,False
2024-10-14,Whole Milk,10.0,112.9,False
2024-10-15,Whole Milk,12.0,100.9,False
2024-10-16,Whole Milk,10.0,90.9,False
2024-10-17,Whole Milk,11.0,79.9,False
2024-10-18,Whole Milk,7.0,72.9,False
2024-10-19,Whole Milk,9.0,63.9,False
2024-10-20,Whole Milk,7.0,56.9,False
2024-10-21,Whole Milk,8.0,48.9,False
2024-10-22,Whole Milk,10.0,38.9,False
2024-10-23,Whole Milk,9.0,29.9,False
2024-10-24,Whole Milk,6.0,128.0,False
2024-10-25,Whole Milk,6.0,122.0,False
2024-10-26,Whole Milk,6.0,116.0,False
2024-10-27,Whole Milk,10.0,106.0,False
2024-10-28,Whole Milk,13.0,93.0,False
2024-10-29,Whole Milk,11.0,82.0,False
2024-10-30,Whole Milk,5.0,77.0,False
2024-10-31,Whole Milk,11.0,66.0,False
2024-11-01,Whole Milk,11.0,55.0,False
2024-11-02,Whole Milk,6.0,49.0,False
2024-11-03,Whole Milk,8.0,41.0,False
2024-11-04,Whole Milk,11.0,30.0,False
2024-11-05,Whole Milk,10.0,124.0,False
2024-11-06,Whole Milk,6.0,118.0,False
2024-11-07,Whole Milk,10.0,108.0,False
2024-11-08,Whole Milk,4.0,104.0,False
2024-11-09,Whole Milk,9.0,95.0,False
2024-11-10,Whole Milk,11.0,84.0,False
2024-11-11,Whole Milk,9.0,75.0,False
2024-11-12,Whole Milk,8.0,67.0,False
2024-11-13,Whole Milk,11.0,56.0,False
2024-11-14,Whole Milk,11.0,45.0,False
2024-11-15,Whole Milk,12.0,33.0,False
2024-11-16,Whole Milk,11.0,22.0,False
2024-11-17,Whole Milk,11.0,115.1,False
2024-11-18,Whole Milk,10.0,105.1,False
2024-11-19,Whole Milk,9.0,96.1,False
2024-11-20,Whole Milk,9.0,87.1,False
2024-11-21,Whole Milk,8.0,79.1,False
2024-11-22,Whole Milk,6.0,73.1,False
2024-11-23,Whole Milk,7.0,66.1,False
2024-11-24,Whole Milk,8.0,58.1,False
2024-11-25,Whole Milk,9.0,49.1,False
2024-11-26,Whole Milk,12.0,141.1,False
2024-11-27,Whole Milk,9.0,132.1,False
2024-11-28,Whole Milk,11.0,121.1,False
2024-11-29,Whole Milk,12.0,109.1,False
2024-11-30,Whole Milk,9.0,100.1,False
2024-12-01,Whole Milk,10.0,90.1,False
2024-12-02,Whole Milk,9.0,81.1,False
2024-12-03,Whole Milk,12.0,69.1,False
2024-12-04,Whole Milk,10.0,59.1,False
2024-12-05,Whole Milk,6.0,53.1,False
2024-12-06,Whole Milk,10.0,43.1,False
2024-12-07,Whole Milk,13.0,30.1,False
2024-12-08,Whole Milk,9.0,125.1,False
2024-12-09,Whole Milk,10.0,115.1,False
2024-12-10,Whole Milk,10.0,105.1,False
2024-12-11,Whole Milk,7.0,98.1,False
2024-12-12,Whole Milk,10.0,88.1,False
2024-12-13,Whole Milk,6.0,82.1,False
2024-12-14,Whole Milk,8.0,74.1,False
2024-12-15,Whole Milk,12.0,62.1,False
2024-12-16,Whole Milk,10.0,52.1,False
2024-12-17,Whole Milk,8.0,44.1,False
2024-12-18,Whole Milk,10.0,34.1,False
2024-12-19,Whole Milk,9.0,25.1,False
2024-12-20,Whole Milk,9.0,120.2,False
2024-12-21,Whole Milk,11.0,109.2,False
2024-12-22,Whole Milk,8.0,101.2,False
2024-12-23,Whole Milk,9.0,92.2,False
2024-12-24,Whole Milk,8.0,84.2,False
2024-12-25,Whole Milk,6.0,78.2,False
2024-12-26,Whole Milk,7.0,71.2,False
2024-12-27,Whole Milk,13.0,58.2,False
2024-12-28,Whole Milk,10.0,48.2,False
2024-12-29,Whole Milk,6.0,42.2,False
2024-12-30,Whole Milk,6.0,36.2,False
2024-12-31,Whole Milk,9.0,27.2,False
2025-01-01,Whole Milk,13.0,118.2,False
2025-01-02,Whole Milk,9.0,109.2,False
2025-01-03,Whole Milk,12.0,97.2,False
2025-01-04,Whole Milk,10.0,87.2,False
2025-01-05,Whole Milk,10.0,77.2,False
2025-01-06,Whole Milk,6.0,71.2,False
2025-01-07,Whole Milk,11.0,60.2,False
2025-01-08,Whole Milk,8.0,52.2,False
2025-01-09,Whole Milk,11.0,41.2,False
2025-01-10,Whole Milk,8.0,137.3,False
2025-01-11,Whole Milk,10.0,127.3,False
2025-01-12,Whole Milk,10.0,117.3,False
2025-01-13,Whole Milk,9.0,108.3,False
2025-01-14,Whole Milk,10.0,98.3,False
2025-01-15,Whole Milk,9.0,89.3,False
2025-01-16,Whole Milk,8.0,81.3,False
2025-01-17,Whole Milk,13.0,68.3,False
2025-01-18,Whole Milk,12.0,56.3,False
2025-01-19,Whole Milk,8.0,48.3,False
2025-01-20,Whole Milk,10.0,38.3,False
2025-01-21,Whole Milk,8.0,30.3,False
2025-01-22,Whole Milk,7.0,127.3,False
2025-01-23,Whole Milk,11.0,116.3,False
2025-01-24,Whole Milk,6.0,110.3,False
2025-01-25,Whole Milk,12.0,98.3,False
2025-01-26,Whole Milk,9.0,89.3,False
2025-01-27,Whole Milk,9.0,80.3,False
2025-01-28,Whole Milk,10.0,70.3,False
2025-01-29,Whole Milk,10.0,60.3,False
2025-01-30,Whole Milk,7.0,53.3,False
2025-01-31,Whole Milk,11.0,42.3,False
2025-02-01,Whole Milk,10.0,32.3,False
2025-02-02,Whole Milk,7.0,25.3,False
2025-02-03,Whole Milk,9.0,120.4,False
2025-02-04,Whole Milk,12.0,108.4,False
2025-02-05,Whole Milk,13.0,95.4,False
2025-02-06,Whole Milk,11.0,84.4,False
2025-02-07,Whole Milk,7.0,77.4,False
2025-02-08,Whole Milk,11.0,66.4,False
2025-02-09,Whole Milk,11.0,55.4,False
2025-02-10,Whole Milk,11.0,44.4,False
2025-02-11,Whole Milk,11.0,33.4,False
2025-02-12,Whole Milk,10.0,127.4,False
2025-02-13,Whole Milk,9.0,118.4,False
2025-02-14,Whole Milk,8.0,110.4,False
2025-02-15,Whole Milk,5.0,105.4,False
2025-02-16,Whole Milk,10.0,95.4,False
2025-02-17,Whole Milk,10.0,85.4,False
2025-02-18,Whole Milk,10.0,75.4,False
2025-02-19,Whole Milk,6.0,69.4,False
2025-02-20,Whole Milk,10.0,59.4,False
2025-02-21,Whole Milk,14.0,45.4,False
2025-02-22,Whole Milk,10.0,35.4,False
2025-02-23,Whole Milk,9.0,26.4,False
2025-02-24,Whole Milk,10.0,120.4,False
2025-02-25,Whole Milk,13.0,107.4,False
2025-02-26,Whole Milk,7.0,100.4,False
2025-02-27,Whole Milk,9.0,91.4,False
2025-02-28,Whole Milk,7.0,84.4,False
2025-03-01,Whole Milk,8.0,76.4,False
2025-03-02,Whole Milk,9.0,67.4,False
2025-03-03,Whole Milk,12.0,55.4,False
2025-03-04,Whole Milk,13.0,42.4,False
2025-03-05,Whole Milk,10.0,136.5,False
2025-03-06,Whole Milk,8.0,128.5,False
2025-03-07,Whole Milk,15.0,113.5,False
2025-03-08,Whole Milk,8.0,105.5,False
2025-03-09,Whole Milk,8.0,97.5,False
2025-03-10,Whole Milk,5.0,92.5,False
2025-03-11,Whole Milk,12.0,80.5,False
2025-03-12,Whole Milk,11.0,69.5,False
2025-03-13,Whole Milk,14.0,55.5,False
2025-03-14,Whole Milk,6.0,49.5,False
2025-03-15,Whole Milk,12.0,37.5,False
2025-03-16,Whole Milk,9.0,28.5,False
2025-03-17,Whole Milk,11.0,121.5,False
2025-03-18,Whole Milk,5.0,116.5,False
2025-03-19,Whole Milk,12.0,104.5,False
2025-03-20,Whole Milk,10.0,94.5,False
2025-03-21,Whole Milk,9.0,85.5,False
2025-03-22,Whole Milk,11.0,74.5,False
2025-03-23,Whole Milk,7.0,67.5,False
2025-03-24,Whole Milk,8.0,59.5,False
2025-03-25,Whole Milk,8.0,51.5,False
2025-03-26,Whole Milk,5.0,46.5,False
2025-03-27,Whole Milk,10.0,36.5,False
2025-03-28,Whole Milk,11.0,25.5,False
2025-03-29,Whole Milk,8.0,121.6,False
2025-03-30,Whole Milk,9.0,112.6,False
2025-03-31,Whole Milk,8.0,104.6,False
2025-04-01,Whole Milk,9.0,95.6,False
2025-04-02,Whole Milk,7.0,88.6,False
2025-04-03,Whole Milk,7.0,81.6,False
2025-04-04,Whole Milk,11.0,70.6,False
2025-04-05,Whole Milk,9.0,61.6,False
2025-04-06,Whole Milk,13.0,48.6,False
2025-04-07,Whole Milk,9.0,143.6,False
2025-04-08,Whole Milk,7.0,136.6,False
2025-04-09,Whole Milk,11.0,125.6,False
2025-04-10,Whole Milk,10.0,115.6,False
2025-04-11,Whole Milk,10.0,105.6,False
2025-04-12,Whole Milk,11.0,94.6,False
2025-04-13,Whole Milk,7.0,87.6,False
2025-04-14,Whole Milk,8.0,79.6,False
2025-04-15,Whole Milk,8.0,71.6,False
2025-04-16,Whole Milk,6.0,65.6,False
2025-04-17,Whole Milk,8.0,57.6,False
2025-04-18,Whole Milk,11.0,46.6,False
2025-04-19,Whole Milk,9.0,141.6,False
2025-04-20,Whole Milk,6.0,135.6,False
2025-04-21,Whole Milk,5.0,130.6,False
2025-04-22,Whole Milk,12.0,118.6,False
2025-04-23,Whole Milk,8.0,110.6,False
2025-04-24,Whole Milk,7.0,103.6,False
2025-04-25,Whole Milk,8.0,95.6,False
2025-04-26,Whole Milk,6.0,89.6,False
2025-04-27,Whole Milk,11.0,78.6,False
2025-04-28,Whole Milk,7.0,71.6,False
2025-04-29,Whole Milk,11.0,60.6,False
2025-04-30,Whole Milk,8.0,52.6,False
2025-05-01,Whole Milk,11.0,41.6,False
2025-05-02,Whole Milk,9.0,32.6,False
2025-05-03,Whole Milk,10.0,22.6,False
2025-05-04,Whole Milk,10.0,116.7,False
2025-05-05,Whole Milk,9.0,107.7,False
2025-05-06,Whole Milk,9.0,98.7,False
2025-05-07,Whole Milk,8.0,90.7,False
2025-05-08,Whole Milk,12.0,78.7,False
2025-05-09,Whole Milk,6.0,72.7,False
2025-05-10,Whole Milk,8.0,64.7,False
2025-05-11,Whole Milk,8.0,56.7,False
2025-05-12,Whole Milk,9.0,47.7,False
2025-05-13,Whole Milk,7.0,144.7,False
2025-05-14,Whole Milk,9.0,135.7,False
2025-05-15,Whole Milk,8.0,127.7,False
2025-05-16,Whole Milk,5.0,122.7,False
2025-05-17,Whole Milk,8.0,114.7,False
2025-05-18,Whole Milk,6.0,108.7,False
2025-05-19,Whole Milk,5.0,103.7,False
2025-05-20,Whole Milk,8.0,95.7,False
2025-05-21,Whole Milk,9.0,86.7,False
2025-05-22,Whole Milk,9.0,77.7,False
2025-05-23,Whole Milk,9.0,68.7,False
2025-05-24,Whole Milk,4.0,64.7,False
2025-05-25,Whole Milk,5.0,59.7,False
2025-05-26,Whole Milk,12.0,47.7,False
2025-05-27,Whole Milk,6.0,41.7,False
2025-05-28,Whole Milk,9.0,136.8,False
2025-05-29,Whole Milk,7.0,129.8,False
2025-05-30,Whole Milk,8.0,121.8,False
2025-05-31,Whole Milk,7.0,114.8,False
2025-06-01,Whole Milk,9.0,105.8,False
2025-06-02,Whole Milk,8.0,97.8,False
2025-06-03,Whole Milk,7.0,90.8,False
2025-06-04,Whole Milk,6.0,84.8,False
2025-06-05,Whole Milk,8.0,76.8,False
2025-06-06,Whole Milk,6.0,70.8,False
2025-06-07,Whole Milk,9.0,61.8,False
2025-06-08,Whole Milk,13.0,48.8,False
2025-06-09,Whole Milk,10.0,142.8,False
2025-06-10,Whole Milk,9.0,133.8,False
2025-06-11,Whole Milk,7.0,126.8,False
2025-06-12,Whole Milk,4.0,122.8,False
2025-06-13,Whole Milk,5.0,117.8,False
2025-06-14,Whole Milk,10.0,107.8,False
2025-06-15,Whole Milk,6.0,101.8,False
2025-06-16,Whole Milk,6.0,95.8,False
2025-06-17,Whole Milk,7.0,88.8,False
2025-06-18,Whole Milk,6.0,82.8,False
2025-06-19,Whole Milk,5.0,77.8,False
2025-06-20,Whole Milk,8.0,69.8,False
2025-06-21,Whole Milk,6.0,63.8,False
2025-06-22,Whole Milk,6.0,57.8,False
2025-06-23,Whole Milk,6.0,51.8,False
2025-06-24,Whole Milk,8.0,43.8,False
2025-06-25,Whole Milk,7.0,36.8,False
2025-06-26,Whole Milk,7.0,29.8,False
2025-06-27,Whole Milk,9.0,124.9,False
2025-06-28,Whole Milk,8.0,116.9,False
2025-06-29,Whole Milk,7.0,109.9,False
2025-06-30,Whole Milk,8.0,101.9,False
2025-07-01,Whole Milk,9.0,92.9,False
2025-07-02,Whole Milk,7.0,85.9,False
2025-07-03,Whole Milk,8.0,77.9,False
2025-07-04,Whole Milk,6.0,71.9,False
2025-07-05,Whole Milk,6.0,65.9,False
2025-07-06,Whole Milk,9.0,56.9,False
2025-07-07,Whole Milk,8.0,48.9,False
2025-07-08,Whole Milk,8.0,40.9,False
2025-07-09,Whole Milk,8.0,136.9,False
2025-07-10,Whole Milk,8.0,128.9,False
2025-07-11,Whole Milk,9.0,119.9,False
2025-07-12,Whole Milk,10.0,109.9,False
2025-07-13,Whole Milk,9.0,100.9,False
2025-07-14,Whole Milk,7.0,93.9,False
2025-07-15,Whole Milk,10.0,83.9,False
2025-07-16,Whole Milk,8.0,75.9,False
2025-07-17,Whole Milk,9.0,66.9,False
2025-07-18,Whole Milk,8.0,58.9,False
2025-07-19,Whole Milk,8.0,50.9,False
2025-07-20,Whole Milk,6.0,44.9,False
2025-07-21,Whole Milk,9.0,139.9,False
2025-07-22,Whole Milk,13.0,126.9,False
2025-07-23,Whole Milk,7.0,119.9,False
2025-07-24,Whole Milk,8.0,111.9,False
2025-07-25,Whole Milk,7.0,104.9,False
2025-07-26,Whole Milk,7.0,97.9,False
2025-07-27,Whole Milk,10.0,87.9,False
2025-07-28,Whole Milk,6.0,81.9,False
2025-07-29,Whole Milk,7.0,74.9,False
2025-07-30,Whole Milk,5.0,69.9,False
2025-07-31,Whole Milk,6.0,63.9,False
2025-08-01,Whole Milk,5.0,58.9,False
2025-08-02,Whole Milk,9.0,49.9,False
2025-08-03,Whole Milk,13.0,36.9,False
2025-08-04,Whole Milk,7.0,29.9,False
2025-08-05,Whole Milk,5.0,129.0,False
2025-08-06,Whole Milk,9.0,120.0,False
2025-08-07,Whole Milk,6.0,114.0,False
2025-08-08,Whole Milk,10.0,104.0,False
2025-08-09,Whole Milk,7.0,97.0,False
2025-08-10,Whole Milk,7.0,90.0,False
2025-08-11,Whole Milk,7.0,83.0,False
2025-08-12,Whole Milk,9.0,74.0,False
2025-08-13,Whole Milk,7.0,67.0,False
2025-08-14,Whole Milk,7.0,60.0,False
2025-08-15,Whole Milk,7.0,53.0,False
2025-08-16,Whole Milk,6.0,47.0,False
2025-08-17,Whole Milk,8.0,143.0,False
2025-08-18,Whole Milk,4.0,139.0,False
2025-08-19,Whole Milk,7.0,132.0,False
2025-08-20,Whole Milk,9.0,123.0,False
2025-08-21,Whole Milk,8.0,115.0,False
2025-08-22,Whole Milk,9.0,106.0,False
2025-08-23,Whole Milk,8.0,98.0,False
2025-08-24,Whole Milk,10.0,88.0,False
2025-08-25,Whole Milk,9.0,79.0,False
2025-08-26,Whole Milk,8.0,71.0,False
2025-08-27,Whole Milk,9.0,62.0,False
2025-08-28,Whole Milk,9.0,53.0,False
2025-08-29,Whole Milk,7.0,46.0,False
2025-08-30,Whole Milk,6.0,40.0,False
2025-08-31,Whole Milk,9.0,31.0,False
2025-09-01,Whole Milk,9.0,126.1,False
2025-09-02,Whole Milk,10.0,116.1,False
2025-09-03,Whole Milk,6.0,110.1,False
2025-09-04,Whole Milk,6.0,104.1,False
2025-09-05,Whole Milk,9.0,95.1,False
2025-09-06,Whole Milk,8.0,87.1,False
2025-09-07,Whole Milk,4.0,83.1,False
2025-09-08,Whole Milk,9.0,74.1,False
2025-09-09,Whole Milk,4.0,70.1,False
2025-09-10,Whole Milk,6.0,64.1,False
2025-09-11,Whole Milk,10.0,54.1,False
2025-09-12,Whole Milk,12.0,42.1,False
2025-09-13,Whole Milk,6.0,140.1,False
2025-09-14,Whole Milk,7.0,133.1,False
2025-09-15,Whole Milk,8.0,125.1,False
2025-09-16,Whole Milk,11.0,114.1,False
2025-09-17,Whole Milk,7.0,107.1,False
2025-09-18,Whole Milk,7.0,100.1,False
2025-09-19,Whole Milk,11.0,89.1,False
2025-09-20,Whole Milk,8.0,81.1,False
2025-09-21,Whole Milk,10.0,71.1,False
2025-09-22,Whole Milk,5.0,66.1,False
2025-09-23,Whole Milk,8.0,58.1,False
2025-09-24,Whole Milk,5.0,53.1,False
2025-09-25,Whole Milk,6.0,47.1,False
2025-09-26,Whole Milk,10.0,37.1,False
2025-09-27,Whole Milk,8.0,29.1,False
2025-09-28,Whole Milk,8.0,125.1,False
2025-09-29,Whole Milk,7.0,118.1,False
2025-09-30,Whole Milk,8.0,110.1,False
2025-10-01,Whole Milk,9.0,101.1,False
2025-10-02,Whole Milk,10.0,91.1,False
2025-10-03,Whole Milk,3.0,88.1,False
2025-10-04,Whole Milk,7.0,81.1,False
2025-10-05,Whole Milk,9.0,72.1,False
2025-10-06,Whole Milk,8.0,64.1,False
2025-10-07,Whole Milk,9.0,55.1,False
2025-10-08,Whole Milk,9.0,46.1,False
2025-10-09,Whole Milk,8.0,38.1,False
2025-10-10,Whole Milk,7.0,135.2,False
2025-10-11,Whole Milk,8.0,127.2,False
2025-10-12,Whole Milk,11.0,116.2,False
2025-10-13,Whole Milk,7.0,109.2,False
2025-10-14,Whole Milk,8.0,101.2,False
2025-10-15,Whole Milk,9.0,92.2,False
2025-10-16,Whole Milk,11.0,81.2,False
2025-10-17,Whole Milk,8.0,73.2,False
2025-10-18,Whole Milk,11.0,62.2,False
2025-10-19,Whole Milk,11.0,51.2,False
2025-10-20,Whole Milk,8.0,43.2,False
2025-10-21,Whole Milk,8.0,35.2,False
2025-10-22,Whole Milk,8.0,131.2,False
2025-10-23,Whole Milk,8.0,123.2,False
2025-10-24,Whole Milk,10.0,113.2,False
2025-10-25,Whole Milk,9.0,104.2,False
2025-10-26,Whole Milk,9.0,95.2,False
2025-10-27,Whole Milk,6.0,89.2,False
2025-10-28,Whole Milk,7.0,82.2,False
2025-10-29,Whole Milk,13.0,69.2,False
2025-10-30,Whole Milk,8.0,61.2,False
2025-10-31,Whole Milk,7.0,54.2,False
2025-11-01,Whole Milk,12.0,42.2,False
2025-11-02,Whole Milk,9.0,33.2,False
2025-11-03,Whole Milk,10.0,127.3,False
2025-11-04,Whole Milk,8.0,119.3,False
2025-11-05,Whole Milk,8.0,111.3,False
2025-11-06,Whole Milk,8.0,103.3,False
2025-11-07,Whole Milk,6.0,97.3,False
2025-11-08,Whole Milk,9.0,88.3,False
2025-11-09,Whole Milk,9.0,79.3,False
2025-11-10,Whole Milk,13.0,66.3,False
2025-11-11,Whole Milk,9.0,57.3,False
2025-11-12,Whole Milk,4.0,53.3,False
2025-11-13,Whole Milk,9.0,44.3,False
2025-11-14,Whole Milk,15.0,29.3,False
2025-11-15,Whole Milk,11.0,122.3,False
2025-11-16,Whole Milk,7.0,115.3,False
2025-11-17,Whole Milk,10.0,105.3,False
2025-11-18,Whole Milk,7.0,98.3,False
2025-11-19,Whole Milk,6.0,92.3,False
2025-11-20,Whole Milk,8.0,84.3,False
2025-11-21,Whole Milk,9.0,75.3,False
2025-11-22,Whole Milk,5.0,70.3,False
2025-11-23,Whole Milk,7.0,63.3,False
2025-11-24,Whole Milk,9.0,54.3,False
2025-11-25,Whole Milk,8.0,46.3,False
2025-11-26,Whole Milk,10.0,36.3,False
2025-11-27,Whole Milk,6.0,134.4,False
2025-11-28,Whole Milk,11.0,123.4,False
2025-11-29,Whole Milk,7.0,116.4,False
2025-11-30,Whole Milk,13.0,103.4,False
2025-12-01,Whole Milk,5.0,98.4,False
2025-12-02,Whole Milk,7.0,91.4,False
2025-12-03,Whole Milk,10.0,81.4,False
2025-12-04,Whole Milk,13.0,68.4,False
2025-12-05,Whole Milk,10.0,58.4,False
2025-12-06,Whole Milk,11.0,47.4,False
2025-12-07,Whole Milk,9.0,38.4,False
2025-12-08,Whole Milk,7.0,31.4,False
2025-12-09,Whole Milk,8.0,127.4,False
2025-12-10,Whole Milk,6.0,121.4,False
2025-12-11,Whole Milk,6.0,115.4,False
2025-12-12,Whole Milk,10.0,105.4,False
2025-12-13,Whole Milk,7.0,98.4,False
2025-12-14,Whole Milk,10.0,88.4,False
2025-12-15,Whole Milk,6.0,82.4,False
2025-12-16,Whole Milk,10.0,72.4,False
2025-12-17,Whole Milk,8.0,64.4,False
2025-12-18,Whole Milk,12.0,52.4,False
2025-12-19,Whole Milk,10.0,42.4,False
2025-12-20,Whole Milk,12.0,30.4,False
2025-12-21,Whole Milk,8.0,126.4,False
2025-12-22,Whole Milk,9.0,117.4,False
2025-12-23,Whole Milk,7.0,110.4,False
2025-12-24,Whole Milk,8.0,102.4,False
2025-12-25,Whole Milk,9.0,93.4,False
2025-12-26,Whole Milk,8.0,85.4,False
2025-12-27,Whole Milk,7.0,78.4,False
2025-12-28,Whole Milk,6.0,72.4,False
2025-12-29,Whole Milk,4.0,68.4,False
2025-12-30,Whole Milk,7.0,61.4,False
2025-12-31,Whole Milk,10.0,51.4,False
2026-01-01,Whole Milk,6.0,45.4,False
2026-01-02,Whole Milk,6.0,143.5,False
2026-01-03,Whole Milk,14.0,129.5,False
2026-01-04,Whole Milk,8.0,121.5,False
2026-01-05,Whole Milk,10.0,111.5,False
2026-01-06,Whole Milk,11.0,100.5,False
2026-01-07,Whole Milk,11.0,89.5,False
2026-01-08,Whole Milk,6.0,83.5,False
2026-01-09,Whole Milk,9.0,74.5,False
2026-01-10,Whole Milk,6.0,68.5,False
2026-01-11,Whole Milk,15.0,53.5,False
2026-01-12,Whole Milk,6.0,47.5,False
2026-01-13,Whole Milk,7.0,40.5,False
2026-01-14,Whole Milk,7.0,137.5,False
2026-01-15,Whole Milk,6.0,131.5,False
2026-01-16,Whole Milk,12.0,119.5,False
2026-01-17,Whole Milk,15.0,104.5,False
2026-01-18,Whole Milk,8.0,96.5,False
2026-01-19,Whole Milk,6.0,90.5,False
2026-01-20,Whole Milk,4.0,86.5,False
2026-01-21,Whole Milk,9.0,77.5,False
2026-01-22,Whole Milk,8.0,69.5,False
2026-01-23,Whole Milk,8.0,61.5,False
2026-01-24,Whole Milk,10.0,51.5,False
2026-01-25,Whole Milk,10.0,41.5,False
2026-01-26,Whole Milk,10.0,135.6,False
2026-01-27,Whole Milk,8.0,127.6,False
2026-01-28,Whole Milk,7.0,120.6,False
2026-01-29,Whole Milk,11.0,109.6,False
2026-01-30,Whole Milk,9.0,100.6,False
2026-01-31,Whole Milk,12.0,88.6,False
2026-02-01,Whole Milk,11.0,77.6,False
2026-02-02,Whole Milk,6.0,71.6,False
2026-02-03,Whole Milk,6.0,65.6,False
2026-02-04,Whole Milk,7.0,58.6,False
2026-02-05,Whole Milk,7.0,51.6,False
2026-02-06,Whole Milk,11.0,40.6,False
2026-02-07,Whole Milk,10.0,134.6,False
2026-02-08,Whole Milk,12.0,122.6,False
2026-02-09,Whole Milk,10.0,112.6,False
2026-02-10,Whole Milk,10.0,102.6,False
2026-02-11,Whole Milk,12.0,90.6,False
2026-02-12,Whole Milk,10.0,80.6,False
2026-02-13,Whole Milk,9.0,71.6,False
2026-02-14,Whole Milk,13.0,58.6,False
2026-02-15,Whole Milk,9.0,49.6,False
2026-02-16,Whole Milk,8.0,145.6,False
2026-02-17,Whole Milk,7.0,138.6,False
2026-02-18,Whole Milk,11.0,127.6,False
2026-02-19,Whole Milk,12.0,115.6,False
2026-02-20,Whole Milk,9.0,106.6,False
2026-02-21,Whole Milk,12.0,94.6,False
2026-02-22,Whole Milk,5.0,89.6,False
2026-02-23,Whole Milk,9.0,80.6,False
2026-02-24,Whole Milk,9.0,71.6,False
2026-02-25,Whole Milk,7.0,64.6,False
2026-02-26,Whole Milk,14.0,50.6,False
2026-02-27,Whole Milk,9.0,41.6,False
2026-02-28,Whole Milk,8.0,137.7,False
2026-03-01,Whole Milk,9.0,128.7,False
2026-03-02,Whole Milk,5.0,123.7,False
2026-03-03,Whole Milk,7.0,116.7,False
2026-03-04,Whole Milk,11.0,105.7,False
2026-03-05,Whole Milk,8.0,97.7,False
2026-03-06,Whole Milk,7.0,90.7,False
2026-03-07,Whole Milk,12.0,78.7,False
2026-03-08,Whole Milk,12.0,66.7,False
2026-03-09,Whole Milk,10.0,56.7,False
2026-03-10,Whole Milk,8.0,48.7,False
2026-03-11,Whole Milk,8.0,40.7,False
2026-03-12,Whole Milk,7.0,137.7,False
2026-03-13,Whole Milk,7.0,130.7,False
2026-03-14,Whole Milk,7.0,123.7,False
2026-03-15,Whole Milk,8.0,115.7,False
2026-03-16,Whole Milk,7.0,108.7,False
2026-03-17,Whole Milk,5.0,103.7,False
2026-03-18,Whole Milk,9.0,94.7,False
2026-03-19,Whole Milk,9.0,85.7,False
2026-03-20,Whole Milk,13.0,72.7,False
2026-03-21,Whole Milk,8.0,64.7,False
2026-03-22,Whole Milk,9.0,55.7,False
2026-03-23,Whole Milk,9.0,46.7,False
2026-03-24,Whole Milk,8.0,142.8,False
2026-03-25,Whole Milk,10.0,132.8,False
2026-03-26,Whole Milk,10.0,122.8,False
2026-03-27,Whole Milk,10.0,112.8,False
2026-03-28,Whole Milk,8.0,104.8,False
2026-03-29,Whole Milk,8.0,96.8,False
2026-03-30,Whole Milk,6.0,90.8,False
2026-03-31,Whole Milk,7.0,83.8,False
2026-04-01,Whole Milk,7.0,76.8,False
2026-04-02,Whole Milk,6.0,70.8,False
2026-04-03,Whole Milk,10.0,60.8,False
2026-04-04,Whole Milk,11.0,49.8,False
2026-04-05,Whole Milk,7.0,42.8,False
2026-04-06,Whole Milk,9.0,33.8,False
2026-04-07,Whole Milk,6.0,27.8,False
2026-04-08,Whole Milk,8.0,123.8,False
2026-04-09,Whole Milk,7.0,116.8,False
2026-04-10,Whole Milk,10.0,106.8,False
2026-04-11,Whole Milk,7.0,99.8,False
2026-04-12,Whole Milk,11.0,88.8,False
2026-04-13,Whole Milk,8.0,80.8,False
2026-04-14,Whole Milk,7.0,73.8,False
2026-04-15,Whole Milk,6.0,67.8,False
2026-04-16,Whole Milk,9.0,58.8,False
2026-04-17,Whole Milk,10.0,48.8,False
2026-04-18,Whole Milk,9.0,39.8,False
2026-04-19,Whole Milk,13.0,26.8,False
2026-04-20,Whole Milk,11.0,119.9,False
2026-04-21,Whole Milk,8.0,111.9,False
2026-04-22,Whole Milk,8.0,103.9,False
2026-04-23,Whole Milk,9.0,94.9,False
2026-04-24,Whole Milk,7.0,87.9,False
2026-04-25,Whole Milk,11.0,76.9,False
2026-04-26,Whole Milk,9.0,67.9,False
2026-04-27,Whole Milk,9.0,58.9,False
2026-04-28,Whole Milk,9.0,49.9,False
2026-04-29,Whole Milk,11.0,142.9,False
2026-04-30,Whole Milk,8.0,134.9,False
2026-05-01,Whole Milk,8.0,126.9,False
2026-05-02,Whole Milk,12.0,114.9,False
2026-05-03,Whole Milk,10.0,104.9,False
2026-05-04,Whole Milk,8.0,96.9,False
2026-05-05,Whole Milk,8.0,88.9,False
2026-05-06,Whole Milk,8.0,80.9,False
2026-05-07,Whole Milk,9.0,71.9,False
2026-05-08,Whole Milk,6.0,65.9,False
2026-05-09,Whole Milk,5.0,60.9,False
2026-05-10,Whole Milk,6.0,54.9,False
2026-05-11,Whole Milk,6.0,48.9,False
2026-05-12,Whole Milk,7.0,41.9,False
2026-05-13,Whole Milk,9.0,32.9,False
2026-05-14,Whole Milk,8.0,128.9,False
2026-05-15,Whole Milk,9.0,119.9,False
2026-05-16,Whole Milk,6.0,113.9,False
2026-05-17,Whole Milk,7.0,106.9,False
2026-05-18,Whole Milk,9.0,97.9,False
2026-05-19,Whole Milk,9.0,88.9,False
2026-05-20,Whole Milk,7.0,81.9,False
2026-05-21,Whole Milk,8.0,73.9,False
2026-05-22,Whole Milk,12.0,61.9,False
2026-05-23,Whole Milk,8.0,53.9,False
2026-05-24,Whole Milk,7.0,46.9,False
2026-05-25,Whole Milk,8.0,38.9,False
2026-05-26,Whole Milk,8.0,135.0,False
2026-05-27,Whole Milk,8.0,127.0,False
2026-05-28,Whole Milk,8.0,119.0,False
2026-05-29,Whole Milk,5.0,114.0,False
2026-05-30,Whole Milk,6.0,108.0,False
2026-05-31,Whole Milk,8.0,100.0,False
2026-06-01,Whole Milk,8.0,92.0,False
2026-06-02,Whole Milk,7.0,85.0,False
2026-06-03,Whole Milk,7.0,78.0,False
2026-06-04,Whole Milk,8.0,70.0,False
2026-06-05,Whole Milk,10.0,60.0,False
2026-06-06,Whole Milk,8.0,52.0,False
2026-06-07,Whole Milk,9.0,43.0,False
2026-06-08,Whole Milk,7.0,36.0,False
2026-06-09,Whole Milk,9.0,27.0,False
2026-06-10,Whole Milk,8.0,123.0,False
2026-06-11,Whole Milk,9.0,114.0,False
2026-06-12,Whole Milk,9.0,105.0,False
2026-06-13,Whole Milk,9.0,96.0,False
2026-06-14,Whole Milk,8.0,88.0,False
2026-06-15,Whole Milk,8.0,80.0,False
2026-06-16,Whole Milk,10.0,70.0,False
2026-06-17,Whole Milk,6.0,64.0,False
2026-06-18,Whole Milk,6.0,58.0,False
2026-06-19,Whole Milk,8.0,50.0,False
2026-06-20,Whole Milk,9.0,41.0,False
2026-06-21,Whole Milk,6.0,35.0,False
2026-06-22,Whole Milk,8.0,131.1,False
2026-06-23,Whole Milk,7.0,124.1,False
2026-06-24,Whole Milk,4.0,120.1,False
2026-06-25,Whole Milk,7.0,113.1,False
2026-06-26,Whole Milk,7.0,106.1,False
2026-06-27,Whole Milk,8.0,98.1,False
2026-06-28,Whole Milk,10.0,88.1,False
2026-06-29,Whole Milk,5.0,83.1,False
2026-06-30,Whole Milk,6.0,77.1,False
2026-07-01,Whole Milk,3.0,74.1,False
2026-07-02,Whole Milk,7.0,67.1,False
2026-07-03,Whole Milk,7.0,60.1,False
2026-07-04,Whole Milk,7.0,53.1,False
2026-07-05,Whole Milk,10.0,43.1,False
2026-07-06,Whole Milk,9.0,34.1,False
2026-07-07,Whole Milk,8.0,130.1,False
2026-07-08,Whole Milk,7.0,123.1,False
2026-07-09,Whole Milk,9.0,114.1,False
2026-07-10,Whole Milk,8.0,106.1,False
2026-07-11,Whole Milk,6.0,100.1,False
2026-07-12,Whole Milk,5.0,95.1,False
2026-07-13,Whole Milk,7.0,88.1,False
2026-07-14,Whole Milk,9.0,79.1,False
2026-07-15,Whole Milk,12.0,67.1,False
2026-07-16,Whole Milk,8.0,59.1,False
2026-07-17,Whole Milk,6.0,53.1,False
2026-07-18,Whole Milk,6.0,47.1,False
2026-07-19,Whole Milk,9.0,142.1,False
2026-07-20,Whole Milk,4.0,138.1,False
2026-07-21,Whole Milk,8.0,130.1,False
2026-07-22,Whole Milk,9.0,121.1,False
2026-07-23,Whole Milk,8.0,113.1,False
2026-07-24,Whole Milk,7.0,106.1,False
2026-07-25,Whole Milk,9.0,97.1,False
2026-07-26,Whole Milk,8.0,89.1,False
2026-07-27,Whole Milk,6.0,83.1,False
2026-07-28,Whole Milk,11.0,72.1,False
2026-07-29,Whole Milk,7.0,65.1,False
2026-07-30,Whole Milk,9.0,56.1,False
2026-07-31,Whole Milk,3.0,53.1,False
2026-08-01,Whole Milk,10.0,43.1,False
2026-08-02,Whole Milk,10.0,33.1,False
2026-08-03,Whole Milk,8.0,129.2,False
2026-08-04,Whole Milk,9.0,120.2,False
2026-08-05,Whole Milk,9.0,111.2,False
2026-08-06,Whole Milk,6.0,105.2,False
2026-08-07,Whole Milk,9.0,96.2,False
2026-08-08,Whole Milk,6.0,90.2,False
2026-08-09,Whole Milk,7.0,83.2,False
2026-08-10,Whole Milk,10.0,73.2,False
2026-08-11,Whole Milk,9.0,64.2,False
2026-08-12,Whole Milk,6.0,58.2,False
2026-08-13,Whole Milk,6.0,52.2,False
2026-08-14,Whole Milk,7.0,45.2,False
2026-08-15,Whole Milk,9.0,140.2,False
2026-08-16,Whole Milk,6.0,134.2,False
2026-08-17,Whole Milk,8.0,126.2,False
2026-08-18,Whole Milk,9.0,117.2,False
2026-08-19,Whole Milk,7.0,110.2,False
2026-08-20,Whole Milk,10.0,100.2,False
2026-08-21,Whole Milk,7.0,93.2,False
2026-08-22,Whole Milk,8.0,85.2,False
2026-08-23,Whole Milk,6.0,79.2,False
2026-08-24,Whole Milk,10.0,69.2,False
2026-08-25,Whole Milk,6.0,63.2,False
2026-08-26,Whole Milk,8.0,55.2,False
2026-08-27,Whole Milk,8.0,47.2,False
2026-08-28,Whole Milk,6.0,41.2,False
2026-08-29,Whole Milk,7.0,34.2,False
2026-08-30,Whole Milk,10.0,128.3,False
2026-08-31,Whole Milk,8.0,120.3,False
2021-01-01,Sugar,0.0,3.7,False
2021-01-02,Sugar,0.0,3.7,False
2021-01-03,Sugar,0.0,3.7,False
2021-01-04,Sugar,1.0,2.7,False
2021-01-05,Sugar,0.0,2.7,False
2021-01-06,Sugar,0.0,2.7,False
2021-01-07,Sugar,1.0,6.4,False
2021-01-08,Sugar,0.0,6.4,False
2021-01-09,Sugar,0.0,6.4,False
2021-01-10,Sugar,1.0,5.4,False
2021-01-11,Sugar,0.0,5.4,False
2021-01-12,Sugar,0.0,5.4,False
2021-01-13,Sugar,0.0,5.4,False
2021-01-14,Sugar,1.0,4.4,False
2021-01-15,Sugar,0.0,4.4,False
2021-01-16,Sugar,0.0,4.4,False
2021-01-17,Sugar,0.0,4.4,False
2021-01-18,Sugar,0.0,4.4,False
2021-01-19,Sugar,0.0,4.4,False
2021-01-20,Sugar,1.0,3.4,False
2021-01-21,Sugar,1.0,2.4,False
2021-01-22,Sugar,0.0,2.4,False
2021-01-23,Sugar,0.0,2.4,False
2021-01-24,Sugar,0.0,2.4,False
2021-01-25,Sugar,0.0,2.4,False
2021-01-26,Sugar,0.0,2.4,False
2021-01-27,Sugar,0.0,2.4,False
2021-01-28,Sugar,0.0,2.4,False
2021-01-29,Sugar,0.0,2.4,False
2021-01-30,Sugar,0.0,2.4,False
2021-01-31,Sugar,0.0,2.4,False
2021-02-01,Sugar,0.0,2.4,False
2021-02-02,Sugar,1.0,1.4,False
2021-02-03,Sugar,0.0,6.0,False
2021-02-04,Sugar,0.0,6.0,False
2021-02-05,Sugar,0.0,6.0,False
2021-02-06,Sugar,0.0,6.0,False
2021-02-07,Sugar,0.0,6.0,False
2021-02-08,Sugar,0.0,6.0,False
2021-02-09,Sugar,0.0,6.0,False
2021-02-10,Sugar,0.0,6.0,False
2021-02-11,Sugar,0.0,6.0,False
2021-02-12,Sugar,1.0,5.0,False
2021-02-13,Sugar,0.0,5.0,False
2021-02-14,Sugar,0.0,5.0,False
2021-02-15,Sugar,1.0,4.0,False
2021-02-16,Sugar,0.0,4.0,False
2021-02-17,Sugar,0.0,4.0,False
2021-02-18,Sugar,0.0,4.0,False
2021-02-19,Sugar,0.0,4.0,False
2021-02-20,Sugar,0.0,4.0,False
2021-02-21,Sugar,1.0,3.0,False
2021-02-22,Sugar,1.0,2.0,False
2021-02-23,Sugar,0.0,2.0,False
2021-02-24,Sugar,0.0,2.0,False
2021-02-25,Sugar,0.0,2.0,False
2021-02-26,Sugar,1.0,1.0,False
2021-02-27,Sugar,0.0,5.7,False
2021-02-28,Sugar,0.0,5.7,False
2021-03-01,Sugar,0.0,5.7,False
2021-03-02,Sugar,0.0,5.7,False
2021-03-03,Sugar,0.0,5.7,False
2021-03-04,Sugar,0.0,5.7,False
2021-03-05,Sugar,0.0,5.7,False
2021-03-06,Sugar,0.0,5.7,False
2021-03-07,Sugar,1.0,4.7,False
2021-03-08,Sugar,1.0,3.7,False
2021-03-09,Sugar,0.0,3.7,False
2021-03-10,Sugar,0.0,3.7,False
2021-03-11,Sugar,0.0,3.7,False
2021-03-12,Sugar,1.0,2.7,False
2021-03-13,Sugar,0.0,2.7,False
2021-03-14,Sugar,0.0,2.7,False
2021-03-15,Sugar,0.0,2.7,False
2021-03-16,Sugar,0.0,2.7,False
2021-03-17,Sugar,0.0,2.7,False
2021-03-18,Sugar,0.0,2.7,False
2021-03-19,Sugar,1.0,1.7,False
2021-03-20,Sugar,1.0,5.3,False
2021-03-21,Sugar,0.0,5.3,False
2021-03-22,Sugar,1.0,4.3,False
2021-03-23,Sugar,0.0,4.3,False
2021-03-24,Sugar,1.0,3.3,False
2021-03-25,Sugar,0.0,3.3,False
2021-03-26,Sugar,1.0,2.3,False
2021-03-27,Sugar,0.0,2.3,False
2021-03-28,Sugar,0.0,2.3,False
2021-03-29,Sugar,0.0,2.3,False
2021-03-30,Sugar,0.0,2.3,False
2021-03-31,Sugar,1.0,1.3,False
2021-04-01,Sugar,0.0,6.0,False
2021-04-02,Sugar,0.0,6.0,False
2021-04-03,Sugar,1.0,5.0,False
2021-04-04,Sugar,0.0,5.0,False
2021-04-05,Sugar,0.0,5.0,False
2021-04-06,Sugar,1.0,4.0,False
2021-04-07,Sugar,1.0,3.0,False
2021-04-08,Sugar,0.0,3.0,False
2021-04-09,Sugar,0.0,3.0,False
2021-04-10,Sugar,0.0,3.0,False
2021-04-11,Sugar,0.0,3.0,False
2021-04-12,Sugar,0.0,3.0,False
2021-04-13,Sugar,0.0,3.0,False
2021-04-14,Sugar,0.0,3.0,False
2021-04-15,Sugar,0.0,3.0,False
2021-04-16,Sugar,0.0,3.0,False
2021-04-17,Sugar,0.0,3.0,False
2021-04-18,Sugar,0.0,3.0,False
2021-04-19,Sugar,0.0,3.0,False
2021-04-20,Sugar,0.0,3.0,False
2021-04-21,Sugar,0.0,3.0,False
2021-04-22,Sugar,1.0,2.0,False
2021-04-23,Sugar,0.0,2.0,False
2021-04-24,Sugar,0.0,2.0,False
2021-04-25,Sugar,0.0,2.0,False
2021-04-26,Sugar,0.0,2.0,False
2021-04-27,Sugar,0.0,2.0,False
2021-04-28,Sugar,0.0,2.0,False
2021-04-29,Sugar,0.0,2.0,False
2021-04-30,Sugar,0.0,2.0,False
2021-05-01,Sugar,1.0,5.7,False
2021-05-02,Sugar,0.0,5.7,False
2021-05-03,Sugar,0.0,5.7,False
2021-05-04,Sugar,0.0,5.7,False
2021-05-05,Sugar,0.0,5.7,False
2021-05-06,Sugar,0.0,5.7,False
2021-05-07,Sugar,0.0,5.7,False
2021-05-08,Sugar,0.0,5.7,False
2021-05-09,Sugar,0.0,5.7,False
2021-05-10,Sugar,0.0,5.7,False
2021-05-11,Sugar,0.0,5.7,False
2021-05-12,Sugar,0.0,5.7,False
2021-05-13,Sugar,0.0,5.7,False
2021-05-14,Sugar,0.0,5.7,False
2021-05-15,Sugar,0.0,5.7,False
2021-05-16,Sugar,1.0,4.7,False
2021-05-17,Sugar,0.0,4.7,False
2021-05-18,Sugar,0.0,4.7,False
2021-05-19,Sugar,0.0,4.7,False
2021-05-20,Sugar,0.0,4.7,False
2021-05-21,Sugar,0.0,4.7,False
2021-05-22,Sugar,0.0,4.7,False
2021-05-23,Sugar,1.0,3.7,False
2021-05-24,Sugar,0.0,3.7,False
2021-05-25,Sugar,0.0,3.7,False
2021-05-26,Sugar,0.0,3.7,False
2021-05-27,Sugar,0.0,3.7,False
2021-05-28,Sugar,1.0,2.7,False
2021-05-29,Sugar,0.0,2.7,False
2021-05-30,Sugar,0.0,2.7,False
2021-05-31,Sugar,0.0,2.7,False
2021-06-01,Sugar,0.0,2.7,False
2021-06-02,Sugar,0.0,2.7,False
2021-06-03,Sugar,0.0,2.7,False
2021-06-04,Sugar,0.0,2.7,False
2021-06-05,Sugar,0.0,2.7,False
2021-06-06,Sugar,0.0,2.7,False
2021-06-07,Sugar,0.0,2.7,False
2021-06-08,Sugar,0.0,2.7,False
2021-06-09,Sugar,0.0,2.7,False
2021-06-10,Sugar,1.0,1.7,False
2021-06-11,Sugar,0.0,1.7,False
2021-06-12,Sugar,0.0,6.3,False
2021-06-13,Sugar,0.0,6.3,False
2021-06-14,Sugar,0.0,6.3,False
2021-06-15,Sugar,0.0,6.3,False
2021-06-16,Sugar,0.0,6.3,False
2021-06-17,Sugar,0.0,6.3,False
2021-06-18,Sugar,0.0,6.3,False
2021-06-19,Sugar,1.0,5.3,False
2021-06-20,Sugar,0.0,5.3,False
2021-06-21,Sugar,0.0,5.3,False
2021-06-22,Sugar,0.0,5.3,False
2021-06-23,Sugar,0.0,5.3,False
2021-06-24,Sugar,0.0,5.3,False
2021-06-25,Sugar,0.0,5.3,False
2021-06-26,Sugar,0.0,5.3,False
2021-06-27,Sugar,0.0,5.3,False
2021-06-28,Sugar,0.0,5.3,False
2021-06-29,Sugar,0.0,5.3,False
2021-06-30,Sugar,0.0,5.3,False
2021-07-01,Sugar,1.0,4.3,False
2021-07-02,Sugar,0.0,4.3,False
2021-07-03,Sugar,0.0,4.3,False
2021-07-04,Sugar,0.0,4.3,False
2021-07-05,Sugar,0.0,4.3,False
2021-07-06,Sugar,0.0,4.3,False
2021-07-07,Sugar,0.0,4.3,False
2021-07-08,Sugar,0.0,4.3,False
2021-07-09,Sugar,0.0,4.3,False
2021-07-10,Sugar,0.0,4.3,False
2021-07-11,Sugar,0.0,4.3,False
2021-07-12,Sugar,1.0,3.3,False
2021-07-13,Sugar,0.0,3.3,False
2021-07-14,Sugar,0.0,3.3,False
2021-07-15,Sugar,0.0,3.3,False
2021-07-16,Sugar,0.0,3.3,False
2021-07-17,Sugar,0.0,3.3,False
2021-07-18,Sugar,0.0,3.3,False
2021-07-19,Sugar,0.0,3.3,False
2021-07-20,Sugar,0.0,3.3,False
2021-07-21,Sugar,0.0,3.3,False
2021-07-22,Sugar,0.0,3.3,False
2021-07-23,Sugar,0.0,3.3,False
2021-07-24,Sugar,0.0,3.3,False
2021-07-25,Sugar,0.0,3.3,False
2021-07-26,Sugar,0.0,3.3,False
2021-07-27,Sugar,0.0,3.3,False
2021-07-28,Sugar,0.0,3.3,False
2021-07-29,Sugar,0.0,3.3,False
2021-07-30,Sugar,0.0,3.3,False
2021-07-31,Sugar,0.0,3.3,False
2021-08-01,Sugar,0.0,3.3,False
2021-08-02,Sugar,0.0,3.3,False
2021-08-03,Sugar,0.0,3.3,False
2021-08-04,Sugar,0.0,3.3,False
2021-08-05,Sugar,0.0,3.3,False
2021-08-06,Sugar,0.0,3.3,False
2021-08-07,Sugar,0.0,3.3,False
2021-08-08,Sugar,0.0,3.3,False
2021-08-09,Sugar,0.0,3.3,False
2021-08-10,Sugar,1.0,2.3,False
2021-08-11,Sugar,0.0,2.3,False
2021-08-12,Sugar,0.0,2.3,False
2021-08-13,Sugar,0.0,2.3,False
2021-08-14,Sugar,0.0,2.3,False
2021-08-15,Sugar,0.0,2.3,False
2021-08-16,Sugar,0.0,2.3,False
2021-08-17,Sugar,0.0,2.3,False
2021-08-18,Sugar,0.0,2.3,False
2021-08-19,Sugar,0.0,2.3,False
2021-08-20,Sugar,0.0,2.3,False
2021-08-21,Sugar,0.0,2.3,False
2021-08-22,Sugar,0.0,2.3,False
2021-08-23,Sugar,0.0,2.3,False
2021-08-24,Sugar,1.0,1.3,False
2021-08-25,Sugar,0.0,1.3,False
2021-08-26,Sugar,0.0,6.0,False
2021-08-27,Sugar,0.0,6.0,False
2021-08-28,Sugar,0.0,6.0,False
2021-08-29,Sugar,0.0,6.0,False
2021-08-30,Sugar,0.0,6.0,False
2021-08-31,Sugar,1.0,5.0,False
2021-09-01,Sugar,0.0,5.0,False
2021-09-02,Sugar,0.0,5.0,False
2021-09-03,Sugar,0.0,5.0,False
2021-09-04,Sugar,0.0,5.0,False
2021-09-05,Sugar,0.0,5.0,False
2021-09-06,Sugar,0.0,5.0,False
2021-09-07,Sugar,0.0,5.0,False
2021-09-08,Sugar,0.0,5.0,False
2021-09-09,Sugar,1.0,4.0,False
2021-09-10,Sugar,0.0,4.0,False
2021-09-11,Sugar,1.0,3.0,False
2021-09-12,Sugar,0.0,3.0,False
2021-09-13,Sugar,0.0,3.0,False
2021-09-14,Sugar,0.0,3.0,False
2021-09-15,Sugar,0.0,3.0,False
2021-09-16,Sugar,0.0,3.0,False
2021-09-17,Sugar,0.0,3.0,False
2021-09-18,Sugar,0.0,3.0,False
2021-09-19,Sugar,0.0,3.0,False
2021-09-20,Sugar,0.0,3.0,False
2021-09-21,Sugar,0.0,3.0,False
2021-09-22,Sugar,0.0,3.0,False
2021-09-23,Sugar,1.0,2.0,False
2021-09-24,Sugar,0.0,2.0,False
2021-09-25,Sugar,1.0,5.6,False
2021-09-26,Sugar,0.0,5.6,False
2021-09-27,Sugar,0.0,5.6,False
2021-09-28,Sugar,0.0,5.6,False
2021-09-29,Sugar,0.0,5.6,False
2021-09-30,Sugar,1.0,4.6,False
2021-10-01,Sugar,0.0,4.6,False
2021-10-02,Sugar,0.0,4.6,False
2021-10-03,Sugar,0.0,4.6,False
2021-10-04,Sugar,0.0,4.6,False
2021-10-05,Sugar,0.0,4.6,False
2021-10-06,Sugar,0.0,4.6,False
2021-10-07,Sugar,0.0,4.6,False
2021-10-08,Sugar,0.0,4.6,False
2021-10-09,Sugar,1.0,3.6,False
2021-10-10,Sugar,1.0,2.6,False
2021-10-11,Sugar,0.0,2.6,False
2021-10-12,Sugar,0.0,2.6,False
2021-10-13,Sugar,0.0,2.6,False
2021-10-14,Sugar,0.0,2.6,False
2021-10-15,Sugar,0.0,2.6,False
2021-10-16,Sugar,0.0,2.6,False
2021-10-17,Sugar,0.0,2.6,False
2021-10-18,Sugar,0.0,2.6,False
2021-10-19,Sugar,0.0,2.6,False
2021-10-20,Sugar,0.0,2.6,False
2021-10-21,Sugar,0.0,2.6,False
2021-10-22,Sugar,0.0,2.6,False
2021-10-23,Sugar,0.0,2.6,False
2021-10-24,Sugar,1.0,1.6,False
2021-10-25,Sugar,0.0,6.3,False
2021-10-26,Sugar,0.0,6.3,False
2021-10-27,Sugar,0.0,6.3,False
2021-10-28,Sugar,0.0,6.3,False
2021-10-29,Sugar,0.0,6.3,False
2021-10-30,Sugar,0.0,6.3,False
2021-10-31,Sugar,0.0,6.3,False
2021-11-01,Sugar,0.0,6.3,False
2021-11-02,Sugar,0.0,6.3,False
2021-11-03,Sugar,0.0,6.3,False
2021-11-04,Sugar,0.0,6.3,False
2021-11-05,Sugar,0.0,6.3,False
2021-11-06,Sugar,0.0,6.3,False
2021-11-07,Sugar,1.0,5.3,False
2021-11-08,Sugar,0.0,5.3,False
2021-11-09,Sugar,0.0,5.3,False
2021-11-10,Sugar,0.0,5.3,False
2021-11-11,Sugar,0.0,5.3,False
2021-11-12,Sugar,0.0,5.3,False
2021-11-13,Sugar,0.0,5.3,False
2021-11-14,Sugar,1.0,4.3,False
2021-11-15,Sugar,0.0,4.3,False
2021-11-16,Sugar,0.0,4.3,False
2021-11-17,Sugar,0.0,4.3,False
2021-11-18,Sugar,0.0,4.3,False
2021-11-19,Sugar,0.0,4.3,False
2021-11-20,Sugar,0.0,4.3,False
2021-11-21,Sugar,1.0,3.3,False
2021-11-22,Sugar,0.0,3.3,False
2021-11-23,Sugar,1.0,2.3,False
2021-11-24,Sugar,0.0,2.3,False
2021-11-25,Sugar,0.0,2.3,False
2021-11-26,Sugar,0.0,2.3,False
2021-11-27,Sugar,1.0,5.9,False
2021-11-28,Sugar,0.0,5.9,False
2021-11-29,Sugar,0.0,5.9,False
2021-11-30,Sugar,0.0,5.9,False
2021-12-01,Sugar,1.0,4.9,False
2021-12-02,Sugar,1.0,3.9,False
2021-12-03,Sugar,0.0,3.9,False
2021-12-04,Sugar,0.0,3.9,False
2021-12-05,Sugar,0.0,3.9,False
2021-12-06,Sugar,0.0,3.9,False
2021-12-07,Sugar,0.0,3.9,False
2021-12-08,Sugar,0.0,3.9,False
2021-12-09,Sugar,0.0,3.9,False
2021-12-10,Sugar,0.0,3.9,False
2021-12-11,Sugar,0.0,3.9,False
2021-12-12,Sugar,0.0,3.9,False
2021-12-13,Sugar,0.0,3.9,False
2021-12-14,Sugar,0.0,3.9,False
2021-12-15,Sugar,1.0,2.9,False
2021-12-16,Sugar,0.0,2.9,False
2021-12-17,Sugar,0.0,2.9,False
2021-12-18,Sugar,0.0,2.9,False
2021-12-19,Sugar,1.0,1.9,False
2021-12-20,Sugar,0.0,1.9,False
2021-12-21,Sugar,0.0,1.9,False
2021-12-22,Sugar,0.0,1.9,False
2021-12-23,Sugar,0.0,1.9,False
2021-12-24,Sugar,0.0,1.9,False
2021-12-25,Sugar,0.0,1.9,False
2021-12-26,Sugar,0.0,1.9,False
2021-12-27,Sugar,0.0,1.9,False
2021-12-28,Sugar,0.0,1.9,False
2021-12-29,Sugar,0.0,1.9,False
2021-12-30,Sugar,1.0,5.6,False
2021-12-31,Sugar,0.0,5.6,False
2022-01-01,Sugar,1.0,4.6,False
2022-01-02,Sugar,0.0,4.6,False
2022-01-03,Sugar,1.0,3.6,False
2022-01-04,Sugar,0.0,3.6,False
2022-01-05,Sugar,0.0,3.6,False
2022-01-06,Sugar,0.0,3.6,False
2022-01-07,Sugar,0.0,3.6,False
2022-01-08,Sugar,0.0,3.6,False
2022-01-09,Sugar,0.0,3.6,False
2022-01-10,Sugar,1.0,2.6,False
2022-01-11,Sugar,0.0,2.6,False
2022-01-12,Sugar,0.0,2.6,False
2022-01-13,Sugar,1.0,1.6,False
2022-01-14,Sugar,1.0,5.3,False
2022-01-15,Sugar,0.0,5.3,False
2022-01-16,Sugar,0.0,5.3,False
2022-01-17,Sugar,0.0,5.3,False
2022-01-18,Sugar,0.0,5.3,False
2022-01-19,Sugar,0.0,5.3,False
2022-01-20,Sugar,0.0,5.3,False
2022-01-21,Sugar,0.0,5.3,False
2022-01-22,Sugar,1.0,4.3,False
2022-01-23,Sugar,0.0,4.3,False
2022-01-24,Sugar,0.0,4.3,False
2022-01-25,Sugar,0.0,4.3,False
2022-01-26,Sugar,0.0,4.3,False
2022-01-27,Sugar,1.0,3.3,False
2022-01-28,Sugar,1.0,2.3,False
2022-01-29,Sugar,0.0,2.3,False
2022-01-30,Sugar,1.0,1.3,False
2022-01-31,Sugar,0.0,1.3,False
2022-02-01,Sugar,0.0,5.9,False
2022-02-02,Sugar,0.0,5.9,False
2022-02-03,Sugar,0.0,5.9,False
2022-02-04,Sugar,0.0,5.9,False
2022-02-05,Sugar,0.0,5.9,False
2022-02-06,Sugar,0.0,5.9,False
2022-02-07,Sugar,1.0,4.9,False
2022-02-08,Sugar,0.0,4.9,False
2022-02-09,Sugar,0.0,4.9,False
2022-02-10,Sugar,0.0,4.9,False
2022-02-11,Sugar,0.0,4.9,False
2022-02-12,Sugar,0.0,4.9,False
2022-02-13,Sugar,0.0,4.9,False
2022-02-14,Sugar,1.0,3.9,False
2022-02-15,Sugar,0.0,3.9,False
2022-02-16,Sugar,0.0,3.9,False
2022-02-17,Sugar,1.0,2.9,False
2022-02-18,Sugar,0.0,2.9,False
2022-02-19,Sugar,0.0,2.9,False
2022-02-20,Sugar,0.0,2.9,False
2022-02-21,Sugar,1.0,1.9,False
2022-02-22,Sugar,1.0,5.6,False
2022-02-23,Sugar,0.0,5.6,False
2022-02-24,Sugar,0.0,5.6,False
2022-02-25,Sugar,1.0,4.6,False
2022-02-26,Sugar,0.0,4.6,False
2022-02-27,Sugar,0.0,4.6,False
2022-02-28,Sugar,0.0,4.6,False
2022-03-01,Sugar,0.0,4.6,False
2022-03-02,Sugar,0.0,4.6,False
2022-03-03,Sugar,0.0,4.6,False
2022-03-04,Sugar,0.0,4.6,False
2022-03-05,Sugar,0.0,4.6,False
2022-03-06,Sugar,0.0,4.6,False
2022-03-07,Sugar,0.0,4.6,False
2022-03-08,Sugar,0.0,4.6,False
2022-03-09,Sugar,0.0,4.6,False
2022-03-10,Sugar,1.0,3.6,False
2022-03-11,Sugar,0.0,3.6,False
2022-03-12,Sugar,0.0,3.6,False
2022-03-13,Sugar,1.0,2.6,False
2022-03-14,Sugar,0.0,2.6,False
2022-03-15,Sugar,0.0,2.6,False
2022-03-16,Sugar,0.0,2.6,False
2022-03-17,Sugar,0.0,2.6,False
2022-03-18,Sugar,0.0,2.6,False
2022-03-19,Sugar,0.0,2.6,False
2022-03-20,Sugar,0.0,2.6,False
2022-03-21,Sugar,0.0,2.6,False
2022-03-22,Sugar,1.0,1.6,False
2022-03-23,Sugar,0.0,1.6,False
2022-03-24,Sugar,0.0,6.2,False
2022-03-25,Sugar,0.0,6.2,False
2022-03-26,Sugar,1.0,5.2,False
2022-03-27,Sugar,0.0,5.2,False
2022-03-28,Sugar,0.0,5.2,False
2022-03-29,Sugar,0.0,5.2,False
2022-03-30,Sugar,1.0,4.2,False
2022-03-31,Sugar,0.0,4.2,False
2022-04-01,Sugar,0.0,4.2,False
2022-04-02,Sugar,0.0,4.2,False
2022-04-03,Sugar,0.0,4.2,False
2022-04-04,Sugar,0.0,4.2,False
2022-04-05,Sugar,0.0,4.2,False
2022-04-06,Sugar,1.0,3.2,False
2022-04-07,Sugar,1.0,2.2,False
2022-04-08,Sugar,0.0,2.2,False
2022-04-09,Sugar,0.0,2.2,False
2022-04-10,Sugar,0.0,2.2,False
2022-04-11,Sugar,0.0,2.2,False
2022-04-12,Sugar,0.0,2.2,False
2022-04-13,Sugar,0.0,2.2,False
2022-04-14,Sugar,0.0,2.2,False
2022-04-15,Sugar,1.0,1.2,False
2022-04-16,Sugar,0.0,1.2,False
2022-04-17,Sugar,0.0,5.9,False
2022-04-18,Sugar,0.0,5.9,False
2022-04-19,Sugar,1.0,4.9,False
2022-04-20,Sugar,0.0,4.9,False
2022-04-21,Sugar,0.0,4.9,False
2022-04-22,Sugar,0.0,4.9,False
2022-04-23,Sugar,1.0,3.9,False
2022-04-24,Sugar,0.0,3.9,False
2022-04-25,Sugar,0.0,3.9,False
2022-04-26,Sugar,1.0,2.9,False
2022-04-27,Sugar,0.0,2.9,False
2022-04-28,Sugar,0.0,2.9,False
2022-04-29,Sugar,0.0,2.9,False
2022-04-30,Sugar,0.0,2.9,False
2022-05-01,Sugar,0.0,2.9,False
2022-05-02,Sugar,1.0,1.9,False
2022-05-03,Sugar,0.0,1.9,False
2022-05-04,Sugar,0.0,1.9,False
2022-05-05,Sugar,0.0,1.9,False
2022-05-06,Sugar,0.0,1.9,False
2022-05-07,Sugar,0.0,1.9,False
2022-05-08,Sugar,0.0,1.9,False
2022-05-09,Sugar,0.0,1.9,False
2022-05-10,Sugar,0.0,1.9,False
2022-05-11,Sugar,0.0,1.9,False
2022-05-12,Sugar,0.0,1.9,False
2022-05-13,Sugar,0.0,1.9,False
2022-05-14,Sugar,0.0,1.9,False
2022-05-15,Sugar,0.0,1.9,False
2022-05-16,Sugar,0.0,1.9,False
2022-05-17,Sugar,0.0,1.9,False
2022-05-18,Sugar,1.0,0.9,False
2022-05-19,Sugar,0.0,0.9,False
2022-05-20,Sugar,0.0,5.5,False
2022-05-21,Sugar,0.0,5.5,False
2022-05-22,Sugar,0.0,5.5,False
2022-05-23,Sugar,0.0,5.5,False
2022-05-24,Sugar,0.0,5.5,False
2022-05-25,Sugar,0.0,5.5,False
2022-05-26,Sugar,0.0,5.5,False
2022-05-27,Sugar,0.0,5.5,False
2022-05-28,Sugar,0.0,5.5,False
2022-05-29,Sugar,0.0,5.5,False
2022-05-30,Sugar,0.0,5.5,False
2022-05-31,Sugar,0.0,5.5,False
2022-06-01,Sugar,0.0,5.5,False
2022-06-02,Sugar,0.0,5.5,False
2022-06-03,Sugar,0.0,5.5,False
2022-06-04,Sugar,0.0,5.5,False
2022-06-05,Sugar,0.0,5.5,False
2022-06-06,Sugar,0.0,5.5,False
2022-06-07,Sugar,0.0,5.5,False
2022-06-08,Sugar,0.0,5.5,False
2022-06-09,Sugar,0.0,5.5,False
2022-06-10,Sugar,0.0,5.5,False
2022-06-11,Sugar,1.0,4.5,False
2022-06-12,Sugar,0.0,4.5,False
2022-06-13,Sugar,0.0,4.5,False
2022-06-14,Sugar,0.0,4.5,False
2022-06-15,Sugar,1.0,3.5,False
2022-06-16,Sugar,0.0,3.5,False
2022-06-17,Sugar,0.0,3.5,False
2022-06-18,Sugar,0.0,3.5,False
2022-06-19,Sugar,0.0,3.5,False
2022-06-20,Sugar,0.0,3.5,False
2022-06-21,Sugar,0.0,3.5,False
2022-06-22,Sugar,0.0,3.5,False
2022-06-23,Sugar,0.0,3.5,False
2022-06-24,Sugar,0.0,3.5,False
2022-06-25,Sugar,0.0,3.5,False
2022-06-26,Sugar,0.0,3.5,False
2022-06-27,Sugar,1.0,2.5,False
2022-06-28,Sugar,0.0,2.5,False
2022-06-29,Sugar,0.0,2.5,False
2022-06-30,Sugar,0.0,2.5,False
2022-07-01,Sugar,0.0,2.5,False
2022-07-02,Sugar,0.0,2.5,False
2022-07-03,Sugar,0.0,2.5,False
2022-07-04,Sugar,0.0,2.5,False
2022-07-05,Sugar,0.0,2.5,False
2022-07-06,Sugar,0.0,2.5,False
2022-07-07,Sugar,0.0,2.5,False
2022-07-08,Sugar,0.0,2.5,False
2022-07-09,Sugar,0.0,2.5,False
2022-07-10,Sugar,0.0,2.5,False
2022-07-11,Sugar,0.0,2.5,False
2022-07-12,Sugar,0.0,2.5,False
2022-07-13,Sugar,0.0,2.5,False
2022-07-14,Sugar,0.0,2.5,False
2022-07-15,Sugar,0.0,2.5,False
2022-07-16,Sugar,0.0,2.5,False
2022-07-17,Sugar,0.0,2.5,False
2022-07-18,Sugar,0.0,2.5,False
2022-07-19,Sugar,0.0,2.5,False
2022-07-20,Sugar,0.0,2.5,False
2022-07-21,Sugar,0.0,2.5,False
2022-07-22,Sugar,0.0,2.5,False
2022-07-23,Sugar,0.0,2.5,False
2022-07-24,Sugar,0.0,2.5,False
2022-07-25,Sugar,0.0,2.5,False
2022-07-26,Sugar,0.0,2.5,False
2022-07-27,Sugar,0.0,2.5,False
2022-07-28,Sugar,0.0,2.5,False
2022-07-29,Sugar,0.0,2.5,False
2022-07-30,Sugar,0.0,2.5,False
2022-07-31,Sugar,0.0,2.5,False
2022-08-01,Sugar,1.0,1.5,False
2022-08-02,Sugar,0.0,1.5,False
2022-08-03,Sugar,0.0,6.2,False
2022-08-04,Sugar,0.0,6.2,False
2022-08-05,Sugar,0.0,6.2,False
2022-08-06,Sugar,0.0,6.2,False
2022-08-07,Sugar,0.0,6.2,False
2022-08-08,Sugar,0.0,6.2,False
2022-08-09,Sugar,0.0,6.2,False
2022-08-10,Sugar,0.0,6.2,False
2022-08-11,Sugar,0.0,6.2,False
2022-08-12,Sugar,0.0,6.2,False
2022-08-13,Sugar,0.0,6.2,False
2022-08-14,Sugar,0.0,6.2,False
2022-08-15,Sugar,0.0,6.2,False
2022-08-16,Sugar,0.0,6.2,False
2022-08-17,Sugar,0.0,6.2,False
2022-08-18,Sugar,1.0,5.2,False
2022-08-19,Sugar,0.0,5.2,False
2022-08-20,Sugar,0.0,5.2,False
2022-08-21,Sugar,0.0,5.2,False
2022-08-22,Sugar,0.0,5.2,False
2022-08-23,Sugar,0.0,5.2,False
2022-08-24,Sugar,0.0,5.2,False
2022-08-25,Sugar,0.0,5.2,False
2022-08-26,Sugar,0.0,5.2,False
2022-08-27,Sugar,0.0,5.2,False
2022-08-28,Sugar,0.0,5.2,False
2022-08-29,Sugar,0.0,5.2,False
2022-08-30,Sugar,0.0,5.2,False
2022-08-31,Sugar,0.0,5.2,False
2022-09-01,Sugar,0.0,5.2,False
2022-09-02,Sugar,0.0,5.2,False
2022-09-03,Sugar,0.0,5.2,False
2022-09-04,Sugar,0.0,5.2,False
2022-09-05,Sugar,0.0,5.2,False
2022-09-06,Sugar,0.0,5.2,False
2022-09-07,Sugar,0.0,5.2,False
2022-09-08,Sugar,0.0,5.2,False
2022-09-09,Sugar,1.0,4.2,False
2022-09-10,Sugar,0.0,4.2,False
2022-09-11,Sugar,0.0,4.2,False
2022-09-12,Sugar,0.0,4.2,False
2022-09-13,Sugar,0.0,4.2,False
2022-09-14,Sugar,0.0,4.2,False
2022-09-15,Sugar,0.0,4.2,False
2022-09-16,Sugar,1.0,3.2,False
2022-09-17,Sugar,0.0,3.2,False
2022-09-18,Sugar,1.0,2.2,False
2022-09-19,Sugar,0.0,2.2,False
2022-09-20,Sugar,0.0,2.2,False
2022-09-21,Sugar,0.0,2.2,False
2022-09-22,Sugar,0.0,2.2,False
2022-09-23,Sugar,0.0,2.2,False
2022-09-24,Sugar,1.0,1.2,False
2022-09-25,Sugar,0.0,1.2,False
2022-09-26,Sugar,0.0,5.8,False
2022-09-27,Sugar,0.0,5.8,False
2022-09-28,Sugar,0.0,5.8,False
2022-09-29,Sugar,0.0,5.8,False
2022-09-30,Sugar,0.0,5.8,False
2022-10-01,Sugar,0.0,5.8,False
2022-10-02,Sugar,0.0,5.8,False
2022-10-03,Sugar,0.0,5.8,False
2022-10-04,Sugar,0.0,5.8,False
2022-10-05,Sugar,0.0,5.8,False
2022-10-06,Sugar,0.0,5.8,False
2022-10-07,Sugar,0.0,5.8,False
2022-10-08,Sugar,0.0,5.8,False
2022-10-09,Sugar,0.0,5.8,False
2022-10-10,Sugar,0.0,5.8,False
2022-10-11,Sugar,0.0,5.8,False
2022-10-12,Sugar,0.0,5.8,False
2022-10-13,Sugar,1.0,4.8,False
2022-10-14,Sugar,0.0,4.8,False
2022-10-15,Sugar,0.0,4.8,False
2022-10-16,Sugar,0.0,4.8,False
2022-10-17,Sugar,0.0,4.8,False
2022-10-18,Sugar,0.0,4.8,False
2022-10-19,Sugar,0.0,4.8,False
2022-10-20,Sugar,0.0,4.8,False
2022-10-21,Sugar,0.0,4.8,False
2022-10-22,Sugar,0.0,4.8,False
2022-10-23,Sugar,0.0,4.8,False
2022-10-24,Sugar,0.0,4.8,False
2022-10-25,Sugar,0.0,4.8,False
2022-10-26,Sugar,0.0,4.8,False
2022-10-27,Sugar,0.0,4.8,False
2022-10-28,Sugar,1.0,3.8,False
2022-10-29,Sugar,0.0,3.8,False
2022-10-30,Sugar,0.0,3.8,False
2022-10-31,Sugar,1.0,2.8,False
2022-11-01,Sugar,0.0,2.8,False
2022-11-02,Sugar,0.0,2.8,False
2022-11-03,Sugar,0.0,2.8,False
2022-11-04,Sugar,0.0,2.8,False
2022-11-05,Sugar,0.0,2.8,False
2022-11-06,Sugar,0.0,2.8,False
2022-11-07,Sugar,0.0,2.8,False
2022-11-08,Sugar,0.0,2.8,False
2022-11-09,Sugar,0.0,2.8,False
2022-11-10,Sugar,1.0,6.5,False
2022-11-11,Sugar,0.0,6.5,False
2022-11-12,Sugar,0.0,6.5,False
2022-11-13,Sugar,0.0,6.5,False
2022-11-14,Sugar,0.0,6.5,False
2022-11-15,Sugar,0.0,6.5,False
2022-11-16,Sugar,1.0,5.5,False
2022-11-17,Sugar,0.0,5.5,False
2022-11-18,Sugar,0.0,5.5,False
2022-11-19,Sugar,0.0,5.5,False
2022-11-20,Sugar,0.0,5.5,False
2022-11-21,Sugar,0.0,5.5,False
2022-11-22,Sugar,1.0,4.5,False
2022-11-23,Sugar,0.0,4.5,False
2022-11-24,Sugar,0.0,4.5,False
2022-11-25,Sugar,0.0,4.5,False
2022-11-26,Sugar,0.0,4.5,False
2022-11-27,Sugar,0.0,4.5,False
2022-11-28,Sugar,0.0,4.5,False
2022-11-29,Sugar,0.0,4.5,False
2022-11-30,Sugar,0.0,4.5,False
2022-12-01,Sugar,0.0,4.5,False
2022-12-02,Sugar,1.0,3.5,False
2022-12-03,Sugar,0.0,3.5,False
2022-12-04,Sugar,0.0,3.5,False
2022-12-05,Sugar,0.0,3.5,False
2022-12-06,Sugar,0.0,3.5,False
2022-12-07,Sugar,0.0,3.5,False
2022-12-08,Sugar,0.0,3.5,False
2022-12-09,Sugar,1.0,2.5,False
2022-12-10,Sugar,1.0,6.2,False
2022-12-11,Sugar,0.0,6.2,False
2022-12-12,Sugar,0.0,6.2,False
2022-12-13,Sugar,0.0,6.2,False
2022-12-14,Sugar,0.0,6.2,False
2022-12-15,Sugar,0.0,6.2,False
2022-12-16,Sugar,1.0,5.2,False
2022-12-17,Sugar,0.0,5.2,False
2022-12-18,Sugar,0.0,5.2,False
2022-12-19,Sugar,1.0,4.2,False
2022-12-20,Sugar,0.0,4.2,False
2022-12-21,Sugar,0.0,4.2,False
2022-12-22,Sugar,0.0,4.2,False
2022-12-23,Sugar,0.0,4.2,False
2022-12-24,Sugar,0.0,4.2,False
2022-12-25,Sugar,0.0,4.2,False
2022-12-26,Sugar,0.0,4.2,False
2022-12-27,Sugar,0.0,4.2,False
2022-12-28,Sugar,0.0,4.2,False
2022-12-29,Sugar,0.0,4.2,False
2022-12-30,Sugar,0.0,4.2,False
2022-12-31,Sugar,0.0,4.2,False
2023-01-01,Sugar,1.0,3.2,False
2023-01-02,Sugar,0.0,3.2,False
2023-01-03,Sugar,0.0,3.2,False
2023-01-04,Sugar,0.0,3.2,False
2023-01-05,Sugar,0.0,3.2,False
2023-01-06,Sugar,0.0,3.2,False
2023-01-07,Sugar,0.0,3.2,False
2023-01-08,Sugar,0.0,3.2,False
2023-01-09,Sugar,1.0,2.2,False
2023-01-10,Sugar,0.0,2.2,False
2023-01-11,Sugar,0.0,2.2,False
2023-01-12,Sugar,0.0,2.2,False
2023-01-13,Sugar,0.0,2.2,False
2023-01-14,Sugar,0.0,2.2,False
2023-01-15,Sugar,0.0,2.2,False
2023-01-16,Sugar,0.0,2.2,False
2023-01-17,Sugar,0.0,2.2,False
2023-01-18,Sugar,0.0,2.2,False
2023-01-19,Sugar,0.0,2.2,False
2023-01-20,Sugar,1.0,1.2,False
2023-01-21,Sugar,0.0,5.8,False
2023-01-22,Sugar,1.0,4.8,False
2023-01-23,Sugar,0.0,4.8,False
2023-01-24,Sugar,0.0,4.8,False
2023-01-25,Sugar,0.0,4.8,False
2023-01-26,Sugar,0.0,4.8,False
2023-01-27,Sugar,0.0,4.8,False
2023-01-28,Sugar,0.0,4.8,False
2023-01-29,Sugar,0.0,4.8,False
2023-01-30,Sugar,1.0,3.8,False
2023-01-31,Sugar,0.0,3.8,False
2023-02-01,Sugar,0.0,3.8,False
2023-02-02,Sugar,0.0,3.8,False
2023-02-03,Sugar,0.0,3.8,False
2023-02-04,Sugar,0.0,3.8,False
2023-02-05,Sugar,0.0,3.8,False
2023-02-06,Sugar,1.0,2.8,False
2023-02-07,Sugar,1.0,1.8,False
2023-02-08,Sugar,0.0,6.5,False
2023-02-09,Sugar,0.0,6.5,False
2023-02-10,Sugar,0.0,6.5,False
2023-02-11,Sugar,0.0,6.5,False
2023-02-12,Sugar,0.0,6.5,False
2023-02-13,Sugar,0.0,6.5,False
2023-02-14,Sugar,0.0,6.5,False
2023-02-15,Sugar,0.0,6.5,False
2023-02-16,Sugar,1.0,5.5,False
2023-02-17,Sugar,0.0,5.5,False
2023-02-18,Sugar,0.0,5.5,False
2023-02-19,Sugar,0.0,5.5,False
2023-02-20,Sugar,0.0,5.5,False
2023-02-21,Sugar,1.0,4.5,False
2023-02-22,Sugar,0.0,4.5,False
2023-02-23,Sugar,1.0,3.5,False
2023-02-24,Sugar,0.0,3.5,False
2023-02-25,Sugar,0.0,3.5,False
2023-02-26,Sugar,0.0,3.5,False
2023-02-27,Sugar,1.0,2.5,False
2023-02-28,Sugar,1.0,1.5,False
2023-03-01,Sugar,0.0,6.1,False
2023-03-02,Sugar,1.0,5.1,False
2023-03-03,Sugar,1.0,4.1,False
2023-03-04,Sugar,1.0,3.1,False
2023-03-05,Sugar,0.0,3.1,False
2023-03-06,Sugar,1.0,2.1,False
2023-03-07,Sugar,0.0,2.1,False
2023-03-08,Sugar,0.0,2.1,False
2023-03-09,Sugar,0.0,2.1,False
2023-03-10,Sugar,0.0,2.1,False
2023-03-11,Sugar,0.0,2.1,False
2023-03-12,Sugar,0.0,2.1,False
2023-03-13,Sugar,0.0,2.1,False
2023-03-14,Sugar,0.0,2.1,False
2023-03-15,Sugar,0.0,2.1,False
2023-03-16,Sugar,0.0,2.1,False
2023-03-17,Sugar,0.0,2.1,False
2023-03-18,Sugar,0.0,2.1,False
2023-03-19,Sugar,1.0,5.8,False
2023-03-20,Sugar,1.0,4.8,False
2023-03-21,Sugar,0.0,4.8,False
2023-03-22,Sugar,0.0,4.8,False
2023-03-23,Sugar,0.0,4.8,False
2023-03-24,Sugar,1.0,3.8,False
2023-03-25,Sugar,0.0,3.8,False
2023-03-26,Sugar,0.0,3.8,False
2023-03-27,Sugar,0.0,3.8,False
2023-03-28,Sugar,1.0,2.8,False
2023-03-29,Sugar,1.0,1.8,False
2023-03-30,Sugar,0.0,1.8,False
2023-03-31,Sugar,0.0,6.4,False
2023-04-01,Sugar,0.0,6.4,False
2023-04-02,Sugar,0.0,6.4,False
2023-04-03,Sugar,0.0,6.4,False
2023-04-04,Sugar,0.0,6.4,False
2023-04-05,Sugar,0.0,6.4,False
2023-04-06,Sugar,0.0,6.4,False
2023-04-07,Sugar,0.0,6.4,False
2023-04-08,Sugar,0.0,6.4,False
2023-04-09,Sugar,0.0,6.4,False
2023-04-10,Sugar,0.0,6.4,False
2023-04-11,Sugar,0.0,6.4,False
2023-04-12,Sugar,0.0,6.4,False
2023-04-13,Sugar,0.0,6.4,False
2023-04-14,Sugar,0.0,6.4,False
2023-04-15,Sugar,1.0,5.4,False
2023-04-16,Sugar,0.0,5.4,False
2023-04-17,Sugar,0.0,5.4,False
2023-04-18,Sugar,0.0,5.4,False
2023-04-19,Sugar,0.0,5.4,False
2023-04-20,Sugar,0.0,5.4,False
2023-04-21,Sugar,1.0,4.4,False
2023-04-22,Sugar,0.0,4.4,False
2023-04-23,Sugar,0.0,4.4,False
2023-04-24,Sugar,0.0,4.4,False
2023-04-25,Sugar,0.0,4.4,False
2023-04-26,Sugar,1.0,3.4,False
2023-04-27,Sugar,0.0,3.4,False
2023-04-28,Sugar,0.0,3.4,False
2023-04-29,Sugar,0.0,3.4,False
2023-04-30,Sugar,0.0,3.4,False
2023-05-01,Sugar,0.0,3.4,False
2023-05-02,Sugar,0.0,3.4,False
2023-05-03,Sugar,0.0,3.4,False
2023-05-04,Sugar,0.0,3.4,False
2023-05-05,Sugar,0.0,3.4,False
2023-05-06,Sugar,0.0,3.4,False
2023-05-07,Sugar,0.0,3.4,False
2023-05-08,Sugar,0.0,3.4,False
2023-05-09,Sugar,0.0,3.4,False
2023-05-10,Sugar,0.0,3.4,False
2023-05-11,Sugar,0.0,3.4,False
2023-05-12,Sugar,0.0,3.4,False
2023-05-13,Sugar,0.0,3.4,False
2023-05-14,Sugar,0.0,3.4,False
2023-05-15,Sugar,0.0,3.4,False
2023-05-16,Sugar,0.0,3.4,False
2023-05-17,Sugar,0.0,3.4,False
2023-05-18,Sugar,0.0,3.4,False
2023-05-19,Sugar,0.0,3.4,False
2023-05-20,Sugar,0.0,3.4,False
2023-05-21,Sugar,0.0,3.4,False
2023-05-22,Sugar,0.0,3.4,False
2023-05-23,Sugar,0.0,3.4,False
2023-05-24,Sugar,0.0,3.4,False
2023-05-25,Sugar,0.0,3.4,False
2023-05-26,Sugar,1.0,2.4,False
2023-05-27,Sugar,0.0,2.4,False
2023-05-28,Sugar,0.0,2.4,False
2023-05-29,Sugar,0.0,2.4,False
2023-05-30,Sugar,0.0,2.4,False
2023-05-31,Sugar,0.0,2.4,False
2023-06-01,Sugar,0.0,2.4,False
2023-06-02,Sugar,0.0,2.4,False
2023-06-03,Sugar,0.0,2.4,False
2023-06-04,Sugar,0.0,2.4,False
2023-06-05,Sugar,0.0,2.4,False
2023-06-06,Sugar,0.0,2.4,False
2023-06-07,Sugar,0.0,2.4,False
2023-06-08,Sugar,0.0,2.4,False
2023-06-09,Sugar,0.0,2.4,False
2023-06-10,Sugar,0.0,2.4,False
2023-06-11,Sugar,0.0,2.4,False
2023-06-12,Sugar,0.0,2.4,False
2023-06-13,Sugar,0.0,2.4,False
2023-06-14,Sugar,0.0,2.4,False
2023-06-15,Sugar,0.0,2.4,False
2023-06-16,Sugar,0.0,2.4,False
2023-06-17,Sugar,0.0,2.4,False
2023-06-18,Sugar,0.0,2.4,False
2023-06-19,Sugar,0.0,2.4,False
2023-06-20,Sugar,0.0,2.4,False
2023-06-21,Sugar,0.0,2.4,False
2023-06-22,Sugar,0.0,2.4,False
2023-06-23,Sugar,0.0,2.4,False
2023-06-24,Sugar,0.0,2.4,False
2023-06-25,Sugar,0.0,2.4,False
2023-06-26,Sugar,0.0,2.4,False
2023-06-27,Sugar,0.0,2.4,False
2023-06-28,Sugar,0.0,2.4,False
2023-06-29,Sugar,0.0,2.4,False
2023-06-30,Sugar,0.0,2.4,False
2023-07-01,Sugar,0.0,2.4,False
2023-07-02,Sugar,0.0,2.4,False
2023-07-03,Sugar,0.0,2.4,False
2023-07-04,Sugar,0.0,2.4,False
2023-07-05,Sugar,0.0,2.4,False
2023-07-06,Sugar,0.0,2.4,False
2023-07-07,Sugar,0.0,2.4,False
2023-07-08,Sugar,0.0,2.4,False
2023-07-09,Sugar,0.0,2.4,False
2023-07-10,Sugar,0.0,2.4,False
2023-07-11,Sugar,0.0,2.4,False
2023-07-12,Sugar,0.0,2.4,False
2023-07-13,Sugar,0.0,2.4,False
2023-07-14,Sugar,0.0,2.4,False
2023-07-15,Sugar,0.0,2.4,False
2023-07-16,Sugar,0.0,2.4,False
2023-07-17,Sugar,0.0,2.4,False
2023-07-18,Sugar,0.0,2.4,False
2023-07-19,Sugar,0.0,2.4,False
2023-07-20,Sugar,0.0,2.4,False
2023-07-21,Sugar,0.0,2.4,False
2023-07-22,Sugar,0.0,2.4,False
2023-07-23,Sugar,0.0,2.4,False
2023-07-24,Sugar,1.0,1.4,False
2023-07-25,Sugar,0.0,1.4,False
2023-07-26,Sugar,0.0,6.1,False
2023-07-27,Sugar,0.0,6.1,False
2023-07-28,Sugar,0.0,6.1,False
2023-07-29,Sugar,0.0,6.1,False
2023-07-30,Sugar,0.0,6.1,False
2023-07-31,Sugar,0.0,6.1,False
2023-08-01,Sugar,0.0,6.1,False
2023-08-02,Sugar,0.0,6.1,False
2023-08-03,Sugar,0.0,6.1,False
2023-08-04,Sugar,0.0,6.1,False
2023-08-05,Sugar,0.0,6.1,False
2023-08-06,Sugar,0.0,6.1,False
2023-08-07,Sugar,0.0,6.1,False
2023-08-08,Sugar,0.0,6.1,False
2023-08-09,Sugar,0.0,6.1,False
2023-08-10,Sugar,1.0,5.1,False
2023-08-11,Sugar,0.0,5.1,False
2023-08-12,Sugar,0.0,5.1,False
2023-08-13,Sugar,0.0,5.1,False
2023-08-14,Sugar,0.0,5.1,False
2023-08-15,Sugar,0.0,5.1,False
2023-08-16,Sugar,0.0,5.1,False
2023-08-17,Sugar,0.0,5.1,False
2023-08-18,Sugar,1.0,4.1,False
2023-08-19,Sugar,0.0,4.1,False
2023-08-20,Sugar,0.0,4.1,False
2023-08-21,Sugar,0.0,4.1,False
2023-08-22,Sugar,1.0,3.1,False
2023-08-23,Sugar,0.0,3.1,False
2023-08-24,Sugar,0.0,3.1,False
2023-08-25,Sugar,0.0,3.1,False
2023-08-26,Sugar,0.0,3.1,False
2023-08-27,Sugar,0.0,3.1,False
2023-08-28,Sugar,0.0,3.1,False
2023-08-29,Sugar,0.0,3.1,False
2023-08-30,Sugar,0.0,3.1,False
2023-08-31,Sugar,0.0,3.1,False
2023-09-01,Sugar,0.0,3.1,False
2023-09-02,Sugar,0.0,3.1,False
2023-09-03,Sugar,0.0,3.1,False
2023-09-04,Sugar,1.0,2.1,False
2023-09-05,Sugar,0.0,2.1,False
2023-09-06,Sugar,0.0,2.1,False
2023-09-07,Sugar,0.0,2.1,False
2023-09-08,Sugar,0.0,2.1,False
2023-09-09,Sugar,0.0,2.1,False
2023-09-10,Sugar,0.0,2.1,False
2023-09-11,Sugar,0.0,2.1,False
2023-09-12,Sugar,0.0,2.1,False
2023-09-13,Sugar,0.0,2.1,False
2023-09-14,Sugar,0.0,2.1,False
2023-09-15,Sugar,1.0,5.8,False
2023-09-16,Sugar,0.0,5.8,False
2023-09-17,Sugar,1.0,4.8,False
2023-09-18,Sugar,0.0,4.8,False
2023-09-19,Sugar,0.0,4.8,False
2023-09-20,Sugar,0.0,4.8,False
2023-09-21,Sugar,0.0,4.8,False
2023-09-22,Sugar,0.0,4.8,False
2023-09-23,Sugar,0.0,4.8,False
2023-09-24,Sugar,0.0,4.8,False
2023-09-25,Sugar,0.0,4.8,False
2023-09-26,Sugar,0.0,4.8,False
2023-09-27,Sugar,0.0,4.8,False
2023-09-28,Sugar,0.0,4.8,False
2023-09-29,Sugar,0.0,4.8,False
2023-09-30,Sugar,0.0,4.8,False
2023-10-01,Sugar,0.0,4.8,False
2023-10-02,Sugar,0.0,4.8,False
2023-10-03,Sugar,0.0,4.8,False
2023-10-04,Sugar,0.0,4.8,False
2023-10-05,Sugar,0.0,4.8,False
2023-10-06,Sugar,1.0,3.8,False
2023-10-07,Sugar,0.0,3.8,False
2023-10-08,Sugar,0.0,3.8,False
2023-10-09,Sugar,0.0,3.8,False
2023-10-10,Sugar,1.0,2.8,False
2023-10-11,Sugar,0.0,2.8,False
2023-10-12,Sugar,0.0,2.8,False
2023-10-13,Sugar,1.0,1.8,False
2023-10-14,Sugar,0.0,1.8,False
2023-10-15,Sugar,0.0,6.4,False
2023-10-16,Sugar,0.0,6.4,False
2023-10-17,Sugar,0.0,6.4,False
2023-10-18,Sugar,0.0,6.4,False
2023-10-19,Sugar,0.0,6.4,False
2023-10-20,Sugar,0.0,6.4,False
2023-10-21,Sugar,0.0,6.4,False
2023-10-22,Sugar,1.0,5.4,False
2023-10-23,Sugar,0.0,5.4,False
2023-10-24,Sugar,0.0,5.4,False
2023-10-25,Sugar,0.0,5.4,False
2023-10-26,Sugar,0.0,5.4,False
2023-10-27,Sugar,0.0,5.4,False
2023-10-28,Sugar,1.0,4.4,False
2023-10-29,Sugar,1.0,3.4,False
2023-10-30,Sugar,0.0,3.4,False
2023-10-31,Sugar,0.0,3.4,False
2023-11-01,Sugar,0.0,3.4,False
2023-11-02,Sugar,0.0,3.4,False
2023-11-03,Sugar,1.0,2.4,False
2023-11-04,Sugar,0.0,2.4,False
2023-11-05,Sugar,1.0,6.1,False
2023-11-06,Sugar,1.0,5.1,False
2023-11-07,Sugar,0.0,5.1,False
2023-11-08,Sugar,0.0,5.1,False
2023-11-09,Sugar,0.0,5.1,False
2023-11-10,Sugar,0.0,5.1,False
2023-11-11,Sugar,0.0,5.1,False
2023-11-12,Sugar,1.0,4.1,False
2023-11-13,Sugar,0.0,4.1,False
2023-11-14,Sugar,0.0,4.1,False
2023-11-15,Sugar,0.0,4.1,False
2023-11-16,Sugar,0.0,4.1,False
2023-11-17,Sugar,0.0,4.1,False
2023-11-18,Sugar,0.0,4.1,False
2023-11-19,Sugar,0.0,4.1,False
2023-11-20,Sugar,0.0,4.1,False
2023-11-21,Sugar,0.0,4.1,False
2023-11-22,Sugar,0.0,4.1,False
2023-11-23,Sugar,1.0,3.1,False
2023-11-24,Sugar,1.0,2.1,False
2023-11-25,Sugar,0.0,2.1,False
2023-11-26,Sugar,0.0,2.1,False
2023-11-27,Sugar,0.0,2.1,False
2023-11-28,Sugar,0.0,2.1,False
2023-11-29,Sugar,0.0,2.1,False
2023-11-30,Sugar,0.0,2.1,False
2023-12-01,Sugar,0.0,2.1,False
2023-12-02,Sugar,0.0,2.1,False
2023-12-03,Sugar,0.0,2.1,False
2023-12-04,Sugar,0.0,2.1,False
2023-12-05,Sugar,0.0,2.1,False
2023-12-06,Sugar,0.0,2.1,False
2023-12-07,Sugar,0.0,2.1,False
2023-12-08,Sugar,0.0,2.1,False
2023-12-09,Sugar,0.0,2.1,False
2023-12-10,Sugar,0.0,2.1,False
2023-12-11,Sugar,0.0,2.1,False
2023-12-12,Sugar,0.0,2.1,False
2023-12-13,Sugar,0.0,2.1,False
2023-12-14,Sugar,0.0,2.1,False
2023-12-15,Sugar,0.0,2.1,False
2023-12-16,Sugar,1.0,1.1,False
2023-12-17,Sugar,1.0,4.7,False
2023-12-18,Sugar,0.0,4.7,False
2023-12-19,Sugar,1.0,3.7,False
2023-12-20,Sugar,0.0,3.7,False
2023-12-21,Sugar,1.0,2.7,False
2023-12-22,Sugar,0.0,2.7,False
2023-12-23,Sugar,1.0,6.4,False
2023-12-24,Sugar,0.0,6.4,False
2023-12-25,Sugar,0.0,6.4,False
2023-12-26,Sugar,0.0,6.4,False
2023-12-27,Sugar,0.0,6.4,False
2023-12-28,Sugar,0.0,6.4,False
2023-12-29,Sugar,1.0,5.4,False
2023-12-30,Sugar,0.0,5.4,False
2023-12-31,Sugar,0.0,5.4,False
2024-01-01,Sugar,1.0,4.4,False
2024-01-02,Sugar,0.0,4.4,False
2024-01-03,Sugar,0.0,4.4,False
2024-01-04,Sugar,0.0,4.4,False
2024-01-05,Sugar,0.0,4.4,False
2024-01-06,Sugar,0.0,4.4,False
2024-01-07,Sugar,0.0,4.4,False
2024-01-08,Sugar,1.0,3.4,False
2024-01-09,Sugar,0.0,3.4,False
2024-01-10,Sugar,1.0,2.4,False
2024-01-11,Sugar,1.0,1.4,False
2024-01-12,Sugar,1.0,0.4,False
2024-01-13,Sugar,0.0,5.0,False
2024-01-14,Sugar,1.0,4.0,False
2024-01-15,Sugar,1.0,3.0,False
2024-01-16,Sugar,0.0,3.0,False
2024-01-17,Sugar,0.0,3.0,False
2024-01-18,Sugar,0.0,3.0,False
2024-01-19,Sugar,1.0,2.0,False
2024-01-20,Sugar,1.0,1.0,False
2024-01-21,Sugar,1.0,0.0,False
2024-01-22,Sugar,1.0,4.7,True
2024-01-23,Sugar,0.0,4.7,False
2024-01-24,Sugar,0.0,4.7,False
2024-01-25,Sugar,0.0,4.7,False
2024-01-26,Sugar,0.0,4.7,False
2024-01-27,Sugar,0.0,4.7,False
2024-01-28,Sugar,0.0,4.7,False
2024-01-29,Sugar,1.0,3.7,False
2024-01-30,Sugar,0.0,3.7,False
2024-01-31,Sugar,0.0,3.7,False
2024-02-01,Sugar,0.0,3.7,False
2024-02-02,Sugar,0.0,3.7,False
2024-02-03,Sugar,0.0,3.7,False
2024-02-04,Sugar,0.0,3.7,False
2024-02-05,Sugar,1.0,2.7,False
2024-02-06,Sugar,0.0,2.7,False
2024-02-07,Sugar,1.0,1.7,False
2024-02-08,Sugar,1.0,0.7,False
2024-02-09,Sugar,0.0,5.3,False
2024-02-10,Sugar,0.0,5.3,False
2024-02-11,Sugar,0.0,5.3,False
2024-02-12,Sugar,0.0,5.3,False
2024-02-13,Sugar,0.0,5.3,False
2024-02-14,Sugar,0.0,5.3,False
2024-02-15,Sugar,0.0,5.3,False
2024-02-16,Sugar,1.0,4.3,False
2024-02-17,Sugar,0.0,4.3,False
2024-02-18,Sugar,0.0,4.3,False
2024-02-19,Sugar,0.0,4.3,False
2024-02-20,Sugar,1.0,3.3,False
2024-02-21,Sugar,0.0,3.3,False
2024-02-22,Sugar,0.0,3.3,False
2024-02-23,Sugar,0.0,3.3,False
2024-02-24,Sugar,0.0,3.3,False
2024-02-25,Sugar,1.0,2.3,False
2024-02-26,Sugar,1.0,1.3,False
2024-02-27,Sugar,0.0,6.0,False
2024-02-28,Sugar,0.0,6.0,False
2024-02-29,Sugar,0.0,6.0,False
2024-03-01,Sugar,1.0,5.0,False
2024-03-02,Sugar,0.0,5.0,False
2024-03-03,Sugar,1.0,4.0,False
2024-03-04,Sugar,0.0,4.0,False
2024-03-05,Sugar,0.0,4.0,False
2024-03-06,Sugar,0.0,4.0,False
2024-03-07,Sugar,0.0,4.0,False
2024-03-08,Sugar,0.0,4.0,False
2024-03-09,Sugar,0.0,4.0,False
2024-03-10,Sugar,1.0,3.0,False
2024-03-11,Sugar,1.0,2.0,False
2024-03-12,Sugar,1.0,1.0,False
2024-03-13,Sugar,1.0,4.7,True
2024-03-14,Sugar,0.0,4.7,False
2024-03-15,Sugar,0.0,4.7,False
2024-03-16,Sugar,1.0,3.7,False
2024-03-17,Sugar,0.0,3.7,False
2024-03-18,Sugar,0.0,3.7,False
2024-03-19,Sugar,0.0,3.7,False
2024-03-20,Sugar,0.0,3.7,False
2024-03-21,Sugar,0.0,3.7,False
2024-03-22,Sugar,0.0,3.7,False
2024-03-23,Sugar,1.0,2.7,False
2024-03-24,Sugar,0.0,2.7,False
2024-03-25,Sugar,1.0,6.3,False
2024-03-26,Sugar,0.0,6.3,False
2024-03-27,Sugar,0.0,6.3,False
2024-03-28,Sugar,0.0,6.3,False
2024-03-29,Sugar,0.0,6.3,False
2024-03-30,Sugar,0.0,6.3,False
2024-03-31,Sugar,0.0,6.3,False
2024-04-01,Sugar,0.0,6.3,False
2024-04-02,Sugar,1.0,5.3,False
2024-04-03,Sugar,1.0,4.3,False
2024-04-04,Sugar,0.0,4.3,False
2024-04-05,Sugar,0.0,4.3,False
2024-04-06,Sugar,0.0,4.3,False
2024-04-07,Sugar,0.0,4.3,False
2024-04-08,Sugar,0.0,4.3,False
2024-04-09,Sugar,0.0,4.3,False
2024-04-10,Sugar,1.0,3.3,False
2024-04-11,Sugar,0.0,3.3,False
2024-04-12,Sugar,0.0,3.3,False
2024-04-13,Sugar,0.0,3.3,False
2024-04-14,Sugar,0.0,3.3,False
2024-04-15,Sugar,0.0,3.3,False
2024-04-16,Sugar,0.0,3.3,False
2024-04-17,Sugar,0.0,3.3,False
2024-04-18,Sugar,0.0,3.3,False
2024-04-19,Sugar,0.0,3.3,False
2024-04-20,Sugar,0.0,3.3,False
2024-04-21,Sugar,0.0,3.3,False
2024-04-22,Sugar,0.0,3.3,False
2024-04-23,Sugar,0.0,3.3,False
2024-04-24,Sugar,1.0,2.3,False
2024-04-25,Sugar,0.0,2.3,False
2024-04-26,Sugar,0.0,2.3,False
2024-04-27,Sugar,0.0,2.3,False
2024-04-28,Sugar,0.0,2.3,False
2024-04-29,Sugar,0.0,2.3,False
2024-04-30,Sugar,0.0,2.3,False
2024-05-01,Sugar,0.0,2.3,False
2024-05-02,Sugar,0.0,2.3,False
2024-05-03,Sugar,0.0,2.3,False
2024-05-04,Sugar,0.0,2.3,False
2024-05-05,Sugar,0.0,2.3,False
2024-05-06,Sugar,0.0,2.3,False
2024-05-07,Sugar,0.0,2.3,False
2024-05-08,Sugar,0.0,2.3,False
2024-05-09,Sugar,1.0,6.0,False
2024-05-10,Sugar,0.0,6.0,False
2024-05-11,Sugar,0.0,6.0,False
2024-05-12,Sugar,1.0,5.0,False
2024-05-13,Sugar,0.0,5.0,False
2024-05-14,Sugar,1.0,4.0,False
2024-05-15,Sugar,0.0,4.0,False
2024-05-16,Sugar,1.0,3.0,False
2024-05-17,Sugar,0.0,3.0,False
2024-05-18,Sugar,0.0,3.0,False
2024-05-19,Sugar,0.0,3.0,False
2024-05-20,Sugar,0.0,3.0,False
2024-05-21,Sugar,0.0,3.0,False
2024-05-22,Sugar,0.0,3.0,False
2024-05-23,Sugar,0.0,3.0,False
2024-05-24,Sugar,0.0,3.0,False
2024-05-25,Sugar,0.0,3.0,False
2024-05-26,Sugar,0.0,3.0,False
2024-05-27,Sugar,0.0,3.0,False
2024-05-28,Sugar,0.0,3.0,False
2024-05-29,Sugar,0.0,3.0,False
2024-05-30,Sugar,0.0,3.0,False
2024-05-31,Sugar,1.0,2.0,False
2024-06-01,Sugar,0.0,2.0,False
2024-06-02,Sugar,0.0,2.0,False
2024-06-03,Sugar,0.0,2.0,False
2024-06-04,Sugar,0.0,2.0,False
2024-06-05,Sugar,0.0,2.0,False
2024-06-06,Sugar,1.0,1.0,False
2024-06-07,Sugar,0.0,1.0,False
2024-06-08,Sugar,0.0,5.6,False
2024-06-09,Sugar,0.0,5.6,False
2024-06-10,Sugar,0.0,5.6,False
2024-06-11,Sugar,0.0,5.6,False
2024-06-12,Sugar,0.0,5.6,False
2024-06-13,Sugar,0.0,5.6,False
2024-06-14,Sugar,0.0,5.6,False
2024-06-15,Sugar,0.0,5.6,False
2024-06-16,Sugar,0.0,5.6,False
2024-06-17,Sugar,0.0,5.6,False
2024-06-18,Sugar,0.0,5.6,False
2024-06-19,Sugar,0.0,5.6,False
2024-06-20,Sugar,0.0,5.6,False
2024-06-21,Sugar,0.0,5.6,False
2024-06-22,Sugar,0.0,5.6,False
2024-06-23,Sugar,0.0,5.6,False
2024-06-24,Sugar,0.0,5.6,False
2024-06-25,Sugar,0.0,5.6,False
2024-06-26,Sugar,0.0,5.6,False
2024-06-27,Sugar,0.0,5.6,False
2024-06-28,Sugar,0.0,5.6,False
2024-06-29,Sugar,0.0,5.6,False
2024-06-30,Sugar,0.0,5.6,False
2024-07-01,Sugar,0.0,5.6,False
2024-07-02,Sugar,0.0,5.6,False
2024-07-03,Sugar,0.0,5.6,False
2024-07-04,Sugar,0.0,5.6,False
2024-07-05,Sugar,0.0,5.6,False
2024-07-06,Sugar,0.0,5.6,False
2024-07-07,Sugar,0.0,5.6,False
2024-07-08,Sugar,0.0,5.6,False
2024-07-09,Sugar,0.0,5.6,False
2024-07-10,Sugar,0.0,5.6,False
2024-07-11,Sugar,0.0,5.6,False
2024-07-12,Sugar,0.0,5.6,False
2024-07-13,Sugar,0.0,5.6,False
2024-07-14,Sugar,0.0,5.6,False
2024-07-15,Sugar,1.0,4.6,False
2024-07-16,Sugar,0.0,4.6,False
2024-07-17,Sugar,0.0,4.6,False
2024-07-18,Sugar,0.0,4.6,False
2024-07-19,Sugar,0.0,4.6,False
2024-07-20,Sugar,0.0,4.6,False
2024-07-21,Sugar,0.0,4.6,False
2024-07-22,Sugar,0.0,4.6,False
2024-07-23,Sugar,0.0,4.6,False
2024-07-24,Sugar,0.0,4.6,False
2024-07-25,Sugar,0.0,4.6,False
2024-07-26,Sugar,0.0,4.6,False
2024-07-27,Sugar,0.0,4.6,False
2024-07-28,Sugar,0.0,4.6,False
2024-07-29,Sugar,0.0,4.6,False
2024-07-30,Sugar,0.0,4.6,False
2024-07-31,Sugar,0.0,4.6,False
2024-08-01,Sugar,0.0,4.6,False
2024-08-02,Sugar,0.0,4.6,False
2024-08-03,Sugar,0.0,4.6,False
2024-08-04,Sugar,0.0,4.6,False
2024-08-05,Sugar,0.0,4.6,False
2024-08-06,Sugar,0.0,4.6,False
2024-08-07,Sugar,1.0,3.6,False
2024-08-08,Sugar,0.0,3.6,False
2024-08-09,Sugar,0.0,3.6,False
2024-08-10,Sugar,0.0,3.6,False
2024-08-11,Sugar,0.0,3.6,False
2024-08-12,Sugar,0.0,3.6,False
2024-08-13,Sugar,0.0,3.6,False
2024-08-14,Sugar,0.0,3.6,False
2024-08-15,Sugar,0.0,3.6,False
2024-08-16,Sugar,0.0,3.6,False
2024-08-17,Sugar,0.0,3.6,False
2024-08-18,Sugar,0.0,3.6,False
2024-08-19,Sugar,0.0,3.6,False
2024-08-20,Sugar,0.0,3.6,False
2024-08-21,Sugar,0.0,3.6,False
2024-08-22,Sugar,0.0,3.6,False
2024-08-23,Sugar,0.0,3.6,False
2024-08-24,Sugar,0.0,3.6,False
2024-08-25,Sugar,0.0,3.6,False
2024-08-26,Sugar,0.0,3.6,False
2024-08-27,Sugar,0.0,3.6,False
2024-08-28,Sugar,0.0,3.6,False
2024-08-29,Sugar,0.0,3.6,False
2024-08-30,Sugar,0.0,3.6,False
2024-08-31,Sugar,0.0,3.6,False
2024-09-01,Sugar,0.0,3.6,False
2024-09-02,Sugar,0.0,3.6,False
2024-09-03,Sugar,0.0,3.6,False
2024-09-04,Sugar,0.0,3.6,False
2024-09-05,Sugar,0.0,3.6,False
2024-09-06,Sugar,0.0,3.6,False
2024-09-07,Sugar,1.0,2.6,False
2024-09-08,Sugar,0.0,2.6,False
2024-09-09,Sugar,0.0,2.6,False
2024-09-10,Sugar,1.0,1.6,False
2024-09-11,Sugar,0.0,1.6,False
2024-09-12,Sugar,0.0,6.3,False
2024-09-13,Sugar,0.0,6.3,False
2024-09-14,Sugar,0.0,6.3,False
2024-09-15,Sugar,0.0,6.3,False
2024-09-16,Sugar,0.0,6.3,False
2024-09-17,Sugar,0.0,6.3,False
2024-09-18,Sugar,0.0,6.3,False
2024-09-19,Sugar,0.0,6.3,False
2024-09-20,Sugar,0.0,6.3,False
2024-09-21,Sugar,0.0,6.3,False
2024-09-22,Sugar,0.0,6.3,False
2024-09-23,Sugar,0.0,6.3,False
2024-09-24,Sugar,0.0,6.3,False
2024-09-25,Sugar,0.0,6.3,False
2024-09-26,Sugar,0.0,6.3,False
2024-09-27,Sugar,0.0,6.3,False
2024-09-28,Sugar,0.0,6.3,False
2024-09-29,Sugar,0.0,6.3,False
2024-09-30,Sugar,0.0,6.3,False
2024-10-01,Sugar,0.0,6.3,False
2024-10-02,Sugar,0.0,6.3,False
2024-10-03,Sugar,0.0,6.3,False
2024-10-04,Sugar,0.0,6.3,False
2024-10-05,Sugar,0.0,6.3,False
2024-10-06,Sugar,0.0,6.3,False
2024-10-07,Sugar,0.0,6.3,False
2024-10-08,Sugar,0.0,6.3,False
2024-10-09,Sugar,0.0,6.3,False
2024-10-10,Sugar,0.0,6.3,False
2024-10-11,Sugar,1.0,5.3,False
2024-10-12,Sugar,0.0,5.3,False
2024-10-13,Sugar,0.0,5.3,False
2024-10-14,Sugar,0.0,5.3,False
2024-10-15,Sugar,0.0,5.3,False
2024-10-16,Sugar,0.0,5.3,False
2024-10-17,Sugar,0.0,5.3,False
2024-10-18,Sugar,0.0,5.3,False
2024-10-19,Sugar,0.0,5.3,False
2024-10-20,Sugar,0.0,5.3,False
2024-10-21,Sugar,0.0,5.3,False
2024-10-22,Sugar,0.0,5.3,False
2024-10-23,Sugar,0.0,5.3,False
2024-10-24,Sugar,0.0,5.3,False
2024-10-25,Sugar,0.0,5.3,False
2024-10-26,Sugar,0.0,5.3,False
2024-10-27,Sugar,0.0,5.3,False
2024-10-28,Sugar,0.0,5.3,False
2024-10-29,Sugar,0.0,5.3,False
2024-10-30,Sugar,0.0,5.3,False
2024-10-31,Sugar,0.0,5.3,False
2024-11-01,Sugar,0.0,5.3,False
2024-11-02,Sugar,0.0,5.3,False
2024-11-03,Sugar,0.0,5.3,False
2024-11-04,Sugar,0.0,5.3,False
2024-11-05,Sugar,0.0,5.3,False
2024-11-06,Sugar,0.0,5.3,False
2024-11-07,Sugar,0.0,5.3,False
2024-11-08,Sugar,1.0,4.3,False
2024-11-09,Sugar,1.0,3.3,False
2024-11-10,Sugar,1.0,2.3,False
2024-11-11,Sugar,0.0,2.3,False
2024-11-12,Sugar,0.0,2.3,False
2024-11-13,Sugar,0.0,2.3,False
2024-11-14,Sugar,0.0,2.3,False
2024-11-15,Sugar,0.0,2.3,False
2024-11-16,Sugar,0.0,2.3,False
2024-11-17,Sugar,0.0,2.3,False
2024-11-18,Sugar,0.0,2.3,False
2024-11-19,Sugar,0.0,2.3,False
2024-11-20,Sugar,0.0,2.3,False
2024-11-21,Sugar,0.0,2.3,False
2024-11-22,Sugar,0.0,2.3,False
2024-11-23,Sugar,1.0,5.9,False
2024-11-24,Sugar,1.0,4.9,False
2024-11-25,Sugar,0.0,4.9,False
2024-11-26,Sugar,0.0,4.9,False
2024-11-27,Sugar,0.0,4.9,False
2024-11-28,Sugar,0.0,4.9,False
2024-11-29,Sugar,1.0,3.9,False
2024-11-30,Sugar,0.0,3.9,False
2024-12-01,Sugar,0.0,3.9,False
2024-12-02,Sugar,0.0,3.9,False
2024-12-03,Sugar,1.0,2.9,False
2024-12-04,Sugar,0.0,2.9,False
2024-12-05,Sugar,0.0,2.9,False
2024-12-06,Sugar,0.0,2.9,False
2024-12-07,Sugar,1.0,1.9,False
2024-12-08,Sugar,0.0,1.9,False
2024-12-09,Sugar,0.0,1.9,False
2024-12-10,Sugar,0.0,1.9,False
2024-12-11,Sugar,0.0,1.9,False
2024-12-12,Sugar,1.0,0.9,False
2024-12-13,Sugar,0.0,0.9,False
2024-12-14,Sugar,0.0,5.6,False
2024-12-15,Sugar,1.0,4.6,False
2024-12-16,Sugar,0.0,4.6,False
2024-12-17,Sugar,0.0,4.6,False
2024-12-18,Sugar,0.0,4.6,False
2024-12-19,Sugar,0.0,4.6,False
2024-12-20,Sugar,1.0,3.6,False
2024-12-21,Sugar,0.0,3.6,False
2024-12-22,Sugar,0.0,3.6,False
2024-12-23,Sugar,0.0,3.6,False
2024-12-24,Sugar,0.0,3.6,False
2024-12-25,Sugar,1.0,2.6,False
2024-12-26,Sugar,0.0,2.6,False
2024-12-27,Sugar,0.0,2.6,False
2024-12-28,Sugar,0.0,2.6,False
2024-12-29,Sugar,0.0,2.6,False
2024-12-30,Sugar,0.0,2.6,False
2024-12-31,Sugar,0.0,2.6,False
2025-01-01,Sugar,0.0,2.6,False
2025-01-02,Sugar,1.0,1.6,False
2025-01-03,Sugar,1.0,0.6,False
2025-01-04,Sugar,1.0,4.7,True
2025-01-05,Sugar,0.0,4.7,False
2025-01-06,Sugar,0.0,4.7,False
2025-01-07,Sugar,0.0,4.7,False
2025-01-08,Sugar,0.0,4.7,False
2025-01-09,Sugar,0.0,4.7,False
2025-01-10,Sugar,0.0,4.7,False
2025-01-11,Sugar,0.0,4.7,False
2025-01-12,Sugar,1.0,3.7,False
2025-01-13,Sugar,0.0,3.7,False
2025-01-14,Sugar,0.0,3.7,False
2025-01-15,Sugar,1.0,2.7,False
2025-01-16,Sugar,1.0,6.3,False
2025-01-17,Sugar,0.0,6.3,False
2025-01-18,Sugar,0.0,6.3,False
2025-01-19,Sugar,0.0,6.3,False
2025-01-20,Sugar,0.0,6.3,False
2025-01-21,Sugar,0.0,6.3,False
2025-01-22,Sugar,1.0,5.3,False
2025-01-23,Sugar,0.0,5.3,False
2025-01-24,Sugar,1.0,4.3,False
2025-01-25,Sugar,0.0,4.3,False
2025-01-26,Sugar,0.0,4.3,False
2025-01-27,Sugar,1.0,3.3,False
2025-01-28,Sugar,0.0,3.3,False
2025-01-29,Sugar,0.0,3.3,False
2025-01-30,Sugar,0.0,3.3,False
2025-01-31,Sugar,1.0,2.3,False
2025-02-01,Sugar,0.0,2.3,False
2025-02-02,Sugar,1.0,1.3,False
2025-02-03,Sugar,0.0,6.0,False
2025-02-04,Sugar,1.0,5.0,False
2025-02-05,Sugar,0.0,5.0,False
2025-02-06,Sugar,0.0,5.0,False
2025-02-07,Sugar,0.0,5.0,False
2025-02-08,Sugar,1.0,4.0,False
2025-02-09,Sugar,0.0,4.0,False
2025-02-10,Sugar,0.0,4.0,False
2025-02-11,Sugar,0.0,4.0,False
2025-02-12,Sugar,0.0,4.0,False
2025-02-13,Sugar,0.0,4.0,False
2025-02-14,Sugar,1.0,3.0,False
2025-02-15,Sugar,1.0,2.0,False
2025-02-16,Sugar,0.0,2.0,False
2025-02-17,Sugar,0.0,2.0,False
2025-02-18,Sugar,0.0,2.0,False
2025-02-19,Sugar,0.0,2.0,False
2025-02-20,Sugar,0.0,2.0,False
2025-02-21,Sugar,0.0,2.0,False
2025-02-22,Sugar,0.0,2.0,False
2025-02-23,Sugar,1.0,1.0,False
2025-02-24,Sugar,0.0,5.6,False
2025-02-25,Sugar,0.0,5.6,False
2025-02-26,Sugar,0.0,5.6,False
2025-02-27,Sugar,0.0,5.6,False
2025-02-28,Sugar,0.0,5.6,False
2025-03-01,Sugar,0.0,5.6,False
2025-03-02,Sugar,0.0,5.6,False
2025-03-03,Sugar,0.0,5.6,False
2025-03-04,Sugar,0.0,5.6,False
2025-03-05,Sugar,0.0,5.6,False
2025-03-06,Sugar,0.0,5.6,False
2025-03-07,Sugar,1.0,4.6,False
2025-03-08,Sugar,0.0,4.6,False
2025-03-09,Sugar,0.0,4.6,False
2025-03-10,Sugar,0.0,4.6,False
2025-03-11,Sugar,0.0,4.6,False
2025-03-12,Sugar,0.0,4.6,False
2025-03-13,Sugar,0.0,4.6,False
2025-03-14,Sugar,0.0,4.6,False
2025-03-15,Sugar,0.0,4.6,False
2025-03-16,Sugar,0.0,4.6,False
2025-03-17,Sugar,0.0,4.6,False
2025-03-18,Sugar,0.0,4.6,False
2025-03-19,Sugar,0.0,4.6,False
2025-03-20,Sugar,0.0,4.6,False
2025-03-21,Sugar,0.0,4.6,False
2025-03-22,Sugar,1.0,3.6,False
2025-03-23,Sugar,0.0,3.6,False
2025-03-24,Sugar,1.0,2.6,False
2025-03-25,Sugar,0.0,2.6,False
2025-03-26,Sugar,0.0,2.6,False
2025-03-27,Sugar,0.0,2.6,False
2025-03-28,Sugar,0.0,2.6,False
2025-03-29,Sugar,1.0,6.3,False
2025-03-30,Sugar,1.0,5.3,False
2025-03-31,Sugar,0.0,5.3,False
2025-04-01,Sugar,0.0,5.3,False
2025-04-02,Sugar,1.0,4.3,False
2025-04-03,Sugar,0.0,4.3,False
2025-04-04,Sugar,0.0,4.3,False
2025-04-05,Sugar,1.0,3.3,False
2025-04-06,Sugar,0.0,3.3,False
2025-04-07,Sugar,1.0,2.3,False
2025-04-08,Sugar,0.0,2.3,False
2025-04-09,Sugar,0.0,2.3,False
2025-04-10,Sugar,0.0,2.3,False
2025-04-11,Sugar,0.0,2.3,False
2025-04-12,Sugar,0.0,2.3,False
2025-04-13,Sugar,1.0,5.9,False
2025-04-14,Sugar,0.0,5.9,False
2025-04-15,Sugar,0.0,5.9,False
2025-04-16,Sugar,0.0,5.9,False
2025-04-17,Sugar,0.0,5.9,False
2025-04-18,Sugar,0.0,5.9,False
2025-04-19,Sugar,0.0,5.9,False
2025-04-20,Sugar,0.0,5.9,False
2025-04-21,Sugar,0.0,5.9,False
2025-04-22,Sugar,0.0,5.9,False
2025-04-23,Sugar,0.0,5.9,False
2025-04-24,Sugar,0.0,5.9,False
2025-04-25,Sugar,1.0,4.9,False
2025-04-26,Sugar,0.0,4.9,False
2025-04-27,Sugar,0.0,4.9,False
2025-04-28,Sugar,0.0,4.9,False
2025-04-29,Sugar,0.0,4.9,False
2025-04-30,Sugar,0.0,4.9,False
2025-05-01,Sugar,0.0,4.9,False
2025-05-02,Sugar,0.0,4.9,False
2025-05-03,Sugar,0.0,4.9,False
2025-05-04,Sugar,0.0,4.9,False
2025-05-05,Sugar,1.0,3.9,False
2025-05-06,Sugar,0.0,3.9,False
2025-05-07,Sugar,0.0,3.9,False
2025-05-08,Sugar,0.0,3.9,False
2025-05-09,Sugar,0.0,3.9,False
2025-05-10,Sugar,1.0,2.9,False
2025-05-11,Sugar,0.0,2.9,False
2025-05-12,Sugar,0.0,2.9,False
2025-05-13,Sugar,0.0,2.9,False
2025-05-14,Sugar,0.0,2.9,False
2025-05-15,Sugar,0.0,2.9,False
2025-05-16,Sugar,0.0,2.9,False
2025-05-17,Sugar,0.0,2.9,False
2025-05-18,Sugar,0.0,2.9,False
2025-05-19,Sugar,0.0,2.9,False
2025-05-20,Sugar,0.0,2.9,False
2025-05-21,Sugar,0.0,2.9,False
2025-05-22,Sugar,0.0,2.9,False
2025-05-23,Sugar,0.0,2.9,False
2025-05-24,Sugar,0.0,2.9,False
2025-05-25,Sugar,0.0,2.9,False
2025-05-26,Sugar,0.0,2.9,False
2025-05-27,Sugar,0.0,2.9,False
2025-05-28,Sugar,0.0,2.9,False
2025-05-29,Sugar,0.0,2.9,False
2025-05-30,Sugar,0.0,2.9,False
2025-05-31,Sugar,0.0,2.9,False
2025-06-01,Sugar,0.0,2.9,False
2025-06-02,Sugar,0.0,2.9,False
2025-06-03,Sugar,0.0,2.9,False
2025-06-04,Sugar,0.0,2.9,False
2025-06-05,Sugar,0.0,2.9,False
2025-06-06,Sugar,0.0,2.9,False
2025-06-07,Sugar,0.0,2.9,False
2025-06-08,Sugar,0.0,2.9,False
2025-06-09,Sugar,0.0,2.9,False
2025-06-10,Sugar,0.0,2.9,False
2025-06-11,Sugar,1.0,1.9,False
2025-06-12,Sugar,0.0,1.9,False
2025-06-13,Sugar,0.0,1.9,False
2025-06-14,Sugar,1.0,0.9,False
2025-06-15,Sugar,0.0,5.6,False
2025-06-16,Sugar,0.0,5.6,False
2025-06-17,Sugar,0.0,5.6,False
2025-06-18,Sugar,1.0,4.6,False
2025-06-19,Sugar,0.0,4.6,False
2025-06-20,Sugar,0.0,4.6,False
2025-06-21,Sugar,0.0,4.6,False
2025-06-22,Sugar,0.0,4.6,False
2025-06-23,Sugar,0.0,4.6,False
2025-06-24,Sugar,0.0,4.6,False
2025-06-25,Sugar,1.0,3.6,False
2025-06-26,Sugar,0.0,3.6,False
2025-06-27,Sugar,0.0,3.6,False
2025-06-28,Sugar,0.0,3.6,False
2025-06-29,Sugar,0.0,3.6,False
2025-06-30,Sugar,0.0,3.6,False
2025-07-01,Sugar,0.0,3.6,False
2025-07-02,Sugar,0.0,3.6,False
2025-07-03,Sugar,0.0,3.6,False
2025-07-04,Sugar,0.0,3.6,False
2025-07-05,Sugar,0.0,3.6,False
2025-07-06,Sugar,1.0,2.6,False
2025-07-07,Sugar,0.0,2.6,False
2025-07-08,Sugar,0.0,2.6,False
2025-07-09,Sugar,0.0,2.6,False
2025-07-10,Sugar,0.0,2.6,False
2025-07-11,Sugar,0.0,2.6,False
2025-07-12,Sugar,0.0,2.6,False
2025-07-13,Sugar,0.0,2.6,False
2025-07-14,Sugar,0.0,2.6,False
2025-07-15,Sugar,0.0,2.6,False
2025-07-16,Sugar,0.0,2.6,False
2025-07-17,Sugar,1.0,1.6,False
2025-07-18,Sugar,0.0,6.2,False
2025-07-19,Sugar,0.0,6.2,False
2025-07-20,Sugar,0.0,6.2,False
2025-07-21,Sugar,0.0,6.2,False
2025-07-22,Sugar,0.0,6.2,False
2025-07-23,Sugar,0.0,6.2,False
2025-07-24,Sugar,0.0,6.2,False
2025-07-25,Sugar,0.0,6.2,False
2025-07-26,Sugar,0.0,6.2,False
2025-07-27,Sugar,0.0,6.2,False
2025-07-28,Sugar,0.0,6.2,False
2025-07-29,Sugar,0.0,6.2,False
2025-07-30,Sugar,0.0,6.2,False
2025-07-31,Sugar,1.0,5.2,False
2025-08-01,Sugar,0.0,5.2,False
2025-08-02,Sugar,0.0,5.2,False
2025-08-03,Sugar,0.0,5.2,False
2025-08-04,Sugar,0.0,5.2,False
2025-08-05,Sugar,0.0,5.2,False
2025-08-06,Sugar,0.0,5.2,False
2025-08-07,Sugar,0.0,5.2,False
2025-08-08,Sugar,0.0,5.2,False
2025-08-09,Sugar,0.0,5.2,False
2025-08-10,Sugar,0.0,5.2,False
2025-08-11,Sugar,0.0,5.2,False
2025-08-12,Sugar,0.0,5.2,False
2025-08-13,Sugar,0.0,5.2,False
2025-08-14,Sugar,0.0,5.2,False
2025-08-15,Sugar,0.0,5.2,False
2025-08-16,Sugar,0.0,5.2,False
2025-08-17,Sugar,1.0,4.2,False
2025-08-18,Sugar,0.0,4.2,False
2025-08-19,Sugar,0.0,4.2,False
2025-08-20,Sugar,0.0,4.2,False
2025-08-21,Sugar,0.0,4.2,False
2025-08-22,Sugar,0.0,4.2,False
2025-08-23,Sugar,0.0,4.2,False
2025-08-24,Sugar,0.0,4.2,False
2025-08-25,Sugar,0.0,4.2,False
2025-08-26,Sugar,0.0,4.2,False
2025-08-27,Sugar,0.0,4.2,False
2025-08-28,Sugar,0.0,4.2,False
2025-08-29,Sugar,0.0,4.2,False
2025-08-30,Sugar,0.0,4.2,False
2025-08-31,Sugar,0.0,4.2,False
2025-09-01,Sugar,0.0,4.2,False
2025-09-02,Sugar,0.0,4.2,False
2025-09-03,Sugar,0.0,4.2,False
2025-09-04,Sugar,0.0,4.2,False
2025-09-05,Sugar,0.0,4.2,False
2025-09-06,Sugar,1.0,3.2,False
2025-09-07,Sugar,0.0,3.2,False
2025-09-08,Sugar,0.0,3.2,False
2025-09-09,Sugar,0.0,3.2,False
2025-09-10,Sugar,0.0,3.2,False
2025-09-11,Sugar,0.0,3.2,False
2025-09-12,Sugar,0.0,3.2,False
2025-09-13,Sugar,0.0,3.2,False
2025-09-14,Sugar,0.0,3.2,False
2025-09-15,Sugar,0.0,3.2,False
2025-09-16,Sugar,0.0,3.2,False
2025-09-17,Sugar,0.0,3.2,False
2025-09-18,Sugar,0.0,3.2,False
2025-09-19,Sugar,0.0,3.2,False
2025-09-20,Sugar,1.0,2.2,False
2025-09-21,Sugar,0.0,2.2,False
2025-09-22,Sugar,0.0,2.2,False
2025-09-23,Sugar,0.0,2.2,False
2025-09-24,Sugar,0.0,2.2,False
2025-09-25,Sugar,0.0,2.2,False
2025-09-26,Sugar,1.0,1.2,False
2025-09-27,Sugar,0.0,1.2,False
2025-09-28,Sugar,1.0,4.9,False
2025-09-29,Sugar,0.0,4.9,False
2025-09-30,Sugar,1.0,3.9,False
2025-10-01,Sugar,0.0,3.9,False
2025-10-02,Sugar,0.0,3.9,False
2025-10-03,Sugar,0.0,3.9,False
2025-10-04,Sugar,1.0,2.9,False
2025-10-05,Sugar,0.0,2.9,False
2025-10-06,Sugar,0.0,2.9,False
2025-10-07,Sugar,1.0,1.9,False
2025-10-08,Sugar,0.0,1.9,False
2025-10-09,Sugar,0.0,1.9,False
2025-10-10,Sugar,0.0,1.9,False
2025-10-11,Sugar,0.0,1.9,False
2025-10-12,Sugar,0.0,1.9,False
2025-10-13,Sugar,0.0,1.9,False
2025-10-14,Sugar,1.0,0.9,False
2025-10-15,Sugar,0.0,0.9,False
2025-10-16,Sugar,1.0,4.7,True
2025-10-17,Sugar,0.0,4.7,False
2025-10-18,Sugar,0.0,4.7,False
2025-10-19,Sugar,0.0,4.7,False
2025-10-20,Sugar,1.0,3.7,False
2025-10-21,Sugar,1.0,2.7,False
2025-10-22,Sugar,1.0,6.3,False
2025-10-23,Sugar,0.0,6.3,False
2025-10-24,Sugar,0.0,6.3,False
2025-10-25,Sugar,0.0,6.3,False
2025-10-26,Sugar,1.0,5.3,False
2025-10-27,Sugar,0.0,5.3,False
2025-10-28,Sugar,0.0,5.3,False
2025-10-29,Sugar,0.0,5.3,False
2025-10-30,Sugar,0.0,5.3,False
2025-10-31,Sugar,0.0,5.3,False
2025-11-01,Sugar,0.0,5.3,False
2025-11-02,Sugar,1.0,4.3,False
2025-11-03,Sugar,0.0,4.3,False
2025-11-04,Sugar,0.0,4.3,False
2025-11-05,Sugar,0.0,4.3,False
2025-11-06,Sugar,0.0,4.3,False
2025-11-07,Sugar,1.0,3.3,False
2025-11-08,Sugar,1.0,2.3,False
2025-11-09,Sugar,0.0,2.3,False
2025-11-10,Sugar,0.0,2.3,False
2025-11-11,Sugar,0.0,2.3,False
2025-11-12,Sugar,0.0,2.3,False
2025-11-13,Sugar,0.0,2.3,False
2025-11-14,Sugar,0.0,2.3,False
2025-11-15,Sugar,0.0,2.3,False
2025-11-16,Sugar,0.0,2.3,False
2025-11-17,Sugar,0.0,2.3,False
2025-11-18,Sugar,0.0,2.3,False
2025-11-19,Sugar,1.0,1.3,False
2025-11-20,Sugar,1.0,0.3,False
2025-11-21,Sugar,0.0,5.0,False
2025-11-22,Sugar,0.0,5.0,False
2025-11-23,Sugar,0.0,5.0,False
2025-11-24,Sugar,0.0,5.0,False
2025-11-25,Sugar,0.0,5.0,False
2025-11-26,Sugar,0.0,5.0,False
2025-11-27,Sugar,0.0,5.0,False
2025-11-28,Sugar,0.0,5.0,False
2025-11-29,Sugar,0.0,5.0,False
2025-11-30,Sugar,0.0,5.0,False
2025-12-01,Sugar,0.0,5.0,False
2025-12-02,Sugar,0.0,5.0,False
2025-12-03,Sugar,0.0,5.0,False
2025-12-04,Sugar,0.0,5.0,False
2025-12-05,Sugar,1.0,4.0,False
2025-12-06,Sugar,0.0,4.0,False
2025-12-07,Sugar,0.0,4.0,False
2025-12-08,Sugar,0.0,4.0,False
2025-12-09,Sugar,0.0,4.0,False
2025-12-10,Sugar,0.0,4.0,False
2025-12-11,Sugar,0.0,4.0,False
2025-12-12,Sugar,1.0,3.0,False
2025-12-13,Sugar,0.0,3.0,False
2025-12-14,Sugar,1.0,2.0,False
2025-12-15,Sugar,0.0,2.0,False
2025-12-16,Sugar,1.0,1.0,False
2025-12-17,Sugar,1.0,0.0,True
2025-12-18,Sugar,0.0,4.7,False
2025-12-19,Sugar,1.0,3.7,False
2025-12-20,Sugar,0.0,3.7,False
2025-12-21,Sugar,0.0,3.7,False
2025-12-22,Sugar,0.0,3.7,False
2025-12-23,Sugar,0.0,3.7,False
2025-12-24,Sugar,0.0,3.7,False
2025-12-25,Sugar,1.0,2.7,False
2025-12-26,Sugar,0.0,2.7,False
2025-12-27,Sugar,1.0,6.3,False
2025-12-28,Sugar,0.0,6.3,False
2025-12-29,Sugar,0.0,6.3,False
2025-12-30,Sugar,1.0,5.3,False
2025-12-31,Sugar,0.0,5.3,False
2026-01-01,Sugar,1.0,4.3,False
2026-01-02,Sugar,1.0,3.3,False
2026-01-03,Sugar,0.0,3.3,False
2026-01-04,Sugar,0.0,3.3,False
2026-01-05,Sugar,0.0,3.3,False
2026-01-06,Sugar,1.0,2.3,False
2026-01-07,Sugar,0.0,2.3,False
2026-01-08,Sugar,0.0,2.3,False
2026-01-09,Sugar,0.0,2.3,False
2026-01-10,Sugar,0.0,2.3,False
2026-01-11,Sugar,1.0,6.0,False
2026-01-12,Sugar,0.0,6.0,False
2026-01-13,Sugar,0.0,6.0,False
2026-01-14,Sugar,0.0,6.0,False
2026-01-15,Sugar,0.0,6.0,False
2026-01-16,Sugar,0.0,6.0,False
2026-01-17,Sugar,0.0,6.0,False
2026-01-18,Sugar,1.0,5.0,False
2026-01-19,Sugar,0.0,5.0,False
2026-01-20,Sugar,0.0,5.0,False
2026-01-21,Sugar,0.0,5.0,False
2026-01-22,Sugar,0.0,5.0,False
2026-01-23,Sugar,0.0,5.0,False
2026-01-24,Sugar,0.0,5.0,False
2026-01-25,Sugar,0.0,5.0,False
2026-01-26,Sugar,0.0,5.0,False
2026-01-27,Sugar,0.0,5.0,False
2026-01-28,Sugar,1.0,4.0,False
2026-01-29,Sugar,0.0,4.0,False
2026-01-30,Sugar,0.0,4.0,False
2026-01-31,Sugar,0.0,4.0,False
2026-02-01,Sugar,0.0,4.0,False
2026-02-02,Sugar,0.0,4.0,False
2026-02-03,Sugar,1.0,3.0,False
2026-02-04,Sugar,0.0,3.0,False
2026-02-05,Sugar,0.0,3.0,False
2026-02-06,Sugar,0.0,3.0,False
2026-02-07,Sugar,0.0,3.0,False
2026-02-08,Sugar,1.0,2.0,False
2026-02-09,Sugar,0.0,2.0,False
2026-02-10,Sugar,0.0,2.0,False
2026-02-11,Sugar,0.0,2.0,False
2026-02-12,Sugar,0.0,2.0,False
2026-02-13,Sugar,0.0,2.0,False
2026-02-14,Sugar,0.0,2.0,False
2026-02-15,Sugar,0.0,2.0,False
2026-02-16,Sugar,0.0,2.0,False
2026-02-17,Sugar,0.0,2.0,False
2026-02-18,Sugar,0.0,2.0,False
2026-02-19,Sugar,0.0,2.0,False
2026-02-20,Sugar,0.0,2.0,False
2026-02-21,Sugar,0.0,2.0,False
2026-02-22,Sugar,1.0,5.6,False
2026-02-23,Sugar,0.0,5.6,False
2026-02-24,Sugar,1.0,4.6,False
2026-02-25,Sugar,0.0,4.6,False
2026-02-26,Sugar,0.0,4.6,False
2026-02-27,Sugar,0.0,4.6,False
2026-02-28,Sugar,0.0,4.6,False
2026-03-01,Sugar,0.0,4.6,False
2026-03-02,Sugar,0.0,4.6,False
2026-03-03,Sugar,0.0,4.6,False
2026-03-04,Sugar,0.0,4.6,False
2026-03-05,Sugar,0.0,4.6,False
2026-03-06,Sugar,1.0,3.6,False
2026-03-07,Sugar,0.0,3.6,False
2026-03-08,Sugar,0.0,3.6,False
2026-03-09,Sugar,1.0,2.6,False
2026-03-10,Sugar,1.0,1.6,False
2026-03-11,Sugar,0.0,1.6,False
2026-03-12,Sugar,0.0,6.3,False
2026-03-13,Sugar,0.0,6.3,False
2026-03-14,Sugar,0.0,6.3,False
2026-03-15,Sugar,0.0,6.3,False
2026-03-16,Sugar,0.0,6.3,False
2026-03-17,Sugar,0.0,6.3,False
2026-03-18,Sugar,1.0,5.3,False
2026-03-19,Sugar,0.0,5.3,False
2026-03-20,Sugar,0.0,5.3,False
2026-03-21,Sugar,0.0,5.3,False
2026-03-22,Sugar,0.0,5.3,False
2026-03-23,Sugar,0.0,5.3,False
2026-03-24,Sugar,0.0,5.3,False
2026-03-25,Sugar,0.0,5.3,False
2026-03-26,Sugar,0.0,5.3,False
2026-03-27,Sugar,0.0,5.3,False
2026-03-28,Sugar,0.0,5.3,False
2026-03-29,Sugar,0.0,5.3,False
2026-03-30,Sugar,0.0,5.3,False
2026-03-31,Sugar,1.0,4.3,False
2026-04-01,Sugar,0.0,4.3,False
2026-04-02,Sugar,0.0,4.3,False
2026-04-03,Sugar,0.0,4.3,False
2026-04-04,Sugar,0.0,4.3,False
2026-04-05,Sugar,0.0,4.3,False
2026-04-06,Sugar,1.0,3.3,False
2026-04-07,Sugar,0.0,3.3,False
2026-04-08,Sugar,0.0,3.3,False
2026-04-09,Sugar,0.0,3.3,False
2026-04-10,Sugar,0.0,3.3,False
2026-04-11,Sugar,1.0,2.3,False
2026-04-12,Sugar,0.0,2.3,False
2026-04-13,Sugar,0.0,2.3,False
2026-04-14,Sugar,0.0,2.3,False
2026-04-15,Sugar,0.0,2.3,False
2026-04-16,Sugar,0.0,2.3,False
2026-04-17,Sugar,0.0,2.3,False
2026-04-18,Sugar,0.0,2.3,False
2026-04-19,Sugar,0.0,2.3,False
2026-04-20,Sugar,0.0,2.3,False
2026-04-21,Sugar,0.0,2.3,False
2026-04-22,Sugar,0.0,2.3,False
2026-04-23,Sugar,1.0,5.9,False
2026-04-24,Sugar,0.0,5.9,False
2026-04-25,Sugar,1.0,4.9,False
2026-04-26,Sugar,0.0,4.9,False
2026-04-27,Sugar,0.0,4.9,False
2026-04-28,Sugar,0.0,4.9,False
2026-04-29,Sugar,0.0,4.9,False
2026-04-30,Sugar,0.0,4.9,False
2026-05-01,Sugar,0.0,4.9,False
2026-05-02,Sugar,0.0,4.9,False
2026-05-03,Sugar,0.0,4.9,False
2026-05-04,Sugar,0.0,4.9,False
2026-05-05,Sugar,1.0,3.9,False
2026-05-06,Sugar,0.0,3.9,False
2026-05-07,Sugar,0.0,3.9,False
2026-05-08,Sugar,0.0,3.9,False
2026-05-09,Sugar,0.0,3.9,False
2026-05-10,Sugar,0.0,3.9,False
2026-05-11,Sugar,0.0,3.9,False
2026-05-12,Sugar,0.0,3.9,False
2026-05-13,Sugar,0.0,3.9,False
2026-05-14,Sugar,0.0,3.9,False
2026-05-15,Sugar,0.0,3.9,False
2026-05-16,Sugar,0.0,3.9,False
2026-05-17,Sugar,0.0,3.9,False
2026-05-18,Sugar,0.0,3.9,False
2026-05-19,Sugar,0.0,3.9,False
2026-05-20,Sugar,1.0,2.9,False
2026-05-21,Sugar,0.0,2.9,False
2026-05-22,Sugar,0.0,2.9,False
2026-05-23,Sugar,0.0,2.9,False
2026-05-24,Sugar,1.0,1.9,False
2026-05-25,Sugar,0.0,1.9,False
2026-05-26,Sugar,0.0,1.9,False
2026-05-27,Sugar,0.0,1.9,False
2026-05-28,Sugar,0.0,1.9,False
2026-05-29,Sugar,0.0,1.9,False
2026-05-30,Sugar,0.0,1.9,False
2026-05-31,Sugar,0.0,1.9,False
2026-06-01,Sugar,0.0,1.9,False
2026-06-02,Sugar,0.0,1.9,False
2026-06-03,Sugar,0.0,1.9,False
2026-06-04,Sugar,0.0,1.9,False
2026-06-05,Sugar,0.0,1.9,False
2026-06-06,Sugar,1.0,0.9,False
2026-06-07,Sugar,0.0,5.6,False
2026-06-08,Sugar,0.0,5.6,False
2026-06-09,Sugar,0.0,5.6,False
2026-06-10,Sugar,0.0,5.6,False
2026-06-11,Sugar,0.0,5.6,False
2026-06-12,Sugar,0.0,5.6,False
2026-06-13,Sugar,0.0,5.6,False
2026-06-14,Sugar,0.0,5.6,False
2026-06-15,Sugar,0.0,5.6,False
2026-06-16,Sugar,0.0,5.6,False
2026-06-17,Sugar,0.0,5.6,False
2026-06-18,Sugar,0.0,5.6,False
2026-06-19,Sugar,0.0,5.6,False
2026-06-20,Sugar,0.0,5.6,False
2026-06-21,Sugar,0.0,5.6,False
2026-06-22,Sugar,0.0,5.6,False
2026-06-23,Sugar,0.0,5.6,False
2026-06-24,Sugar,0.0,5.6,False
2026-06-25,Sugar,0.0,5.6,False
2026-06-26,Sugar,1.0,4.6,False
2026-06-27,Sugar,0.0,4.6,False
2026-06-28,Sugar,1.0,3.6,False
2026-06-29,Sugar,0.0,3.6,False
2026-06-30,Sugar,0.0,3.6,False
2026-07-01,Sugar,0.0,3.6,False
2026-07-02,Sugar,0.0,3.6,False
2026-07-03,Sugar,0.0,3.6,False
2026-07-04,Sugar,0.0,3.6,False
2026-07-05,Sugar,0.0,3.6,False
2026-07-06,Sugar,0.0,3.6,False
2026-07-07,Sugar,0.0,3.6,False
2026-07-08,Sugar,0.0,3.6,False
2026-07-09,Sugar,0.0,3.6,False
2026-07-10,Sugar,1.0,2.6,False
2026-07-11,Sugar,1.0,1.6,False
2026-07-12,Sugar,0.0,1.6,False
2026-07-13,Sugar,0.0,6.2,False
2026-07-14,Sugar,0.0,6.2,False
2026-07-15,Sugar,0.0,6.2,False
2026-07-16,Sugar,0.0,6.2,False
2026-07-17,Sugar,0.0,6.2,False
2026-07-18,Sugar,0.0,6.2,False
2026-07-19,Sugar,0.0,6.2,False
2026-07-20,Sugar,0.0,6.2,False
2026-07-21,Sugar,0.0,6.2,False
2026-07-22,Sugar,0.0,6.2,False
2026-07-23,Sugar,0.0,6.2,False
2026-07-24,Sugar,0.0,6.2,False
2026-07-25,Sugar,1.0,5.2,False
2026-07-26,Sugar,0.0,5.2,False
2026-07-27,Sugar,0.0,5.2,False
2026-07-28,Sugar,0.0,5.2,False
2026-07-29,Sugar,0.0,5.2,False
2026-07-30,Sugar,1.0,4.2,False
2026-07-31,Sugar,0.0,4.2,False
2026-08-01,Sugar,0.0,4.2,False
2026-08-02,Sugar,0.0,4.2,False
2026-08-03,Sugar,0.0,4.2,False
2026-08-04,Sugar,0.0,4.2,False
2026-08-05,Sugar,0.0,4.2,False
2026-08-06,Sugar,0.0,4.2,False
2026-08-07,Sugar,0.0,4.2,False
2026-08-08,Sugar,0.0,4.2,False
2026-08-09,Sugar,0.0,4.2,False
2026-08-10,Sugar,0.0,4.2,False
2026-08-11,Sugar,0.0,4.2,False
2026-08-12,Sugar,0.0,4.2,False
2026-08-13,Sugar,1.0,3.2,False
2026-08-14,Sugar,0.0,3.2,False
2026-08-15,Sugar,0.0,3.2,False
2026-08-16,Sugar,0.0,3.2,False
2026-08-17,Sugar,0.0,3.2,False
2026-08-18,Sugar,0.0,3.2,False
2026-08-19,Sugar,0.0,3.2,False
2026-08-20,Sugar,0.0,3.2,False
2026-08-21,Sugar,0.0,3.2,False
2026-08-22,Sugar,0.0,3.2,False
2026-08-23,Sugar,0.0,3.2,False
2026-08-24,Sugar,0.0,3.2,False
2026-08-25,Sugar,0.0,3.2,False
2026-08-26,Sugar,0.0,3.2,False
2026-08-27,Sugar,0.0,3.2,False
2026-08-28,Sugar,0.0,3.2,False
2026-08-29,Sugar,0.0,3.2,False
2026-08-30,Sugar,0.0,3.2,False
2026-08-31,Sugar,0.0,3.2,False
2021-01-01,Oat Milk,12.0,42.0,False
2021-01-02,Oat Milk,10.0,32.0,False
2021-01-03,Oat Milk,9.0,23.0,False
2021-01-04,Oat Milk,9.0,81.5,False
2021-01-05,Oat Milk,11.0,70.5,False
2021-01-06,Oat Milk,11.0,59.5,False
2021-01-07,Oat Milk,10.0,49.5,False
2021-01-08,Oat Milk,10.0,39.5,False
2021-01-09,Oat Milk,11.0,28.5,False
2021-01-10,Oat Milk,8.0,88.0,False
2021-01-11,Oat Milk,11.0,77.0,False
2021-01-12,Oat Milk,12.0,65.0,False
2021-01-13,Oat Milk,11.0,54.0,False
2021-01-14,Oat Milk,8.0,46.0,False
2021-01-15,Oat Milk,8.0,38.0,False
2021-01-16,Oat Milk,10.0,28.0,False
2021-01-17,Oat Milk,11.0,17.0,False
2021-01-18,Oat Milk,10.0,7.0,False
2021-01-19,Oat Milk,11.0,67.5,True
2021-01-20,Oat Milk,10.0,57.5,False
2021-01-21,Oat Milk,13.0,44.5,False
2021-01-22,Oat Milk,10.0,34.5,False
2021-01-23,Oat Milk,11.0,23.5,False
2021-01-24,Oat Milk,10.0,13.5,False
2021-01-25,Oat Milk,10.0,71.0,False
2021-01-26,Oat Milk,10.0,61.0,False
2021-01-27,Oat Milk,11.0,50.0,False
2021-01-28,Oat Milk,11.0,39.0,False
2021-01-29,Oat Milk,12.0,27.0,False
2021-01-30,Oat Milk,11.0,16.0,False
2021-01-31,Oat Milk,9.0,74.5,False
2021-02-01,Oat Milk,10.0,64.5,False
2021-02-02,Oat Milk,9.0,55.5,False
2021-02-03,Oat Milk,8.0,47.5,False
2021-02-04,Oat Milk,11.0,36.5,False
2021-02-05,Oat Milk,9.0,27.5,False
2021-02-06,Oat Milk,11.0,84.0,False
2021-02-07,Oat Milk,11.0,73.0,False
2021-02-08,Oat Milk,10.0,63.0,False
2021-02-09,Oat Milk,7.0,56.0,False
2021-02-10,Oat Milk,11.0,45.0,False
2021-02-11,Oat Milk,9.0,36.0,False
2021-02-12,Oat Milk,9.0,27.0,False
2021-02-13,Oat Milk,10.0,17.0,False
2021-02-14,Oat Milk,11.0,6.0,False
2021-02-15,Oat Milk,10.0,67.5,True
2021-02-16,Oat Milk,10.0,57.5,False
2021-02-17,Oat Milk,12.0,45.5,False
2021-02-18,Oat Milk,9.0,36.5,False
2021-02-19,Oat Milk,10.0,26.5,False
2021-02-20,Oat Milk,10.0,16.5,False
2021-02-21,Oat Milk,10.0,74.0,False
2021-02-22,Oat Milk,11.0,63.0,False
2021-02-23,Oat Milk,10.0,53.0,False
2021-02-24,Oat Milk,10.0,43.0,False
2021-02-25,Oat Milk,10.0,33.0,False
2021-02-26,Oat Milk,9.0,24.0,False
2021-02-27,Oat Milk,8.0,83.5,False
2021-02-28,Oat Milk,10.0,73.5,False
2021-03-01,Oat Milk,11.0,62.5,False
2021-03-02,Oat Milk,10.0,52.5,False
2021-03-03,Oat Milk,10.0,42.5,False
2021-03-04,Oat Milk,9.0,33.5,False
2021-03-05,Oat Milk,9.0,92.0,False
2021-03-06,Oat Milk,11.0,81.0,False
2021-03-07,Oat Milk,9.0,72.0,False
2021-03-08,Oat Milk,8.0,64.0,False
2021-03-09,Oat Milk,11.0,53.0,False
2021-03-10,Oat Milk,9.0,44.0,False
2021-03-11,Oat Milk,8.0,36.0,False
2021-03-12,Oat Milk,10.0,26.0,False
2021-03-13,Oat Milk,9.0,17.0,False
2021-03-14,Oat Milk,10.0,74.5,False
2021-03-15,Oat Milk,9.0,65.5,False
2021-03-16,Oat Milk,10.0,55.5,False
2021-03-17,Oat Milk,8.0,47.5,False
2021-03-18,Oat Milk,9.0,38.5,False
2021-03-19,Oat Milk,11.0,27.5,False
2021-03-20,Oat Milk,10.0,85.0,False
2021-03-21,Oat Milk,11.0,74.0,False
2021-03-22,Oat Milk,8.0,66.0,False
2021-03-23,Oat Milk,8.0,58.0,False
2021-03-24,Oat Milk,8.0,50.0,False
2021-03-25,Oat Milk,12.0,38.0,False
2021-03-26,Oat Milk,10.0,28.0,False
2021-03-27,Oat Milk,10.0,18.0,False
2021-03-28,Oat Milk,10.0,8.0,False
2021-03-29,Oat Milk,11.0,67.5,True
2021-03-30,Oat Milk,9.0,58.5,False
2021-03-31,Oat Milk,9.0,49.5,False
2021-04-01,Oat Milk,10.0,39.5,False
2021-04-02,Oat Milk,9.0,30.5,False
2021-04-03,Oat Milk,11.0,19.5,False
2021-04-04,Oat Milk,8.0,79.0,False
2021-04-05,Oat Milk,10.0,69.0,False
2021-04-06,Oat Milk,9.0,60.0,False
2021-04-07,Oat Milk,10.0,50.0,False
2021-04-08,Oat Milk,10.0,40.0,False
2021-04-09,Oat Milk,11.0,29.0,False
2021-04-10,Oat Milk,10.0,86.5,False
2021-04-11,Oat Milk,10.0,76.5,False
2021-04-12,Oat Milk,6.0,70.5,False
2021-04-13,Oat Milk,8.0,62.5,False
2021-04-14,Oat Milk,8.0,54.5,False
2021-04-15,Oat Milk,10.0,44.5,False
2021-04-16,Oat Milk,11.0,33.5,False
2021-04-17,Oat Milk,9.0,24.5,False
2021-04-18,Oat Milk,8.0,16.5,False
2021-04-19,Oat Milk,10.0,74.0,False
2021-04-20,Oat Milk,9.0,65.0,False
2021-04-21,Oat Milk,9.0,56.0,False
2021-04-22,Oat Milk,9.0,47.0,False
2021-04-23,Oat Milk,9.0,38.0,False
2021-04-24,Oat Milk,9.0,29.0,False
2021-04-25,Oat Milk,9.0,87.5,False
2021-04-26,Oat Milk,10.0,77.5,False
2021-04-27,Oat Milk,8.0,69.5,False
2021-04-28,Oat Milk,10.0,59.5,False
2021-04-29,Oat Milk,10.0,49.5,False
2021-04-30,Oat Milk,7.0,42.5,False
2021-05-01,Oat Milk,9.0,33.5,False
2021-05-02,Oat Milk,12.0,21.5,False
2021-05-03,Oat Milk,9.0,12.5,False
2021-05-04,Oat Milk,9.0,71.0,False
2021-05-05,Oat Milk,8.0,63.0,False
2021-05-06,Oat Milk,8.0,55.0,False
2021-05-07,Oat Milk,8.0,47.0,False
2021-05-08,Oat Milk,11.0,36.0,False
2021-05-09,Oat Milk,8.0,28.0,False
2021-05-10,Oat Milk,11.0,84.5,False
2021-05-11,Oat Milk,9.0,75.5,False
2021-05-12,Oat Milk,9.0,66.5,False
2021-05-13,Oat Milk,10.0,56.5,False
2021-05-14,Oat Milk,9.0,47.5,False
2021-05-15,Oat Milk,9.0,38.5,False
2021-05-16,Oat Milk,8.0,30.5,False
2021-05-17,Oat Milk,8.0,22.5,False
2021-05-18,Oat Milk,9.0,13.5,False
2021-05-19,Oat Milk,8.0,73.0,False
2021-05-20,Oat Milk,8.0,65.0,False
2021-05-21,Oat Milk,8.0,57.0,False
2021-05-22,Oat Milk,8.0,49.0,False
2021-05-23,Oat Milk,9.0,40.0,False
2021-05-24,Oat Milk,8.0,32.0,False
2021-05-25,Oat Milk,7.0,92.5,False
2021-05-26,Oat Milk,7.0,85.5,False
2021-05-27,Oat Milk,9.0,76.5,False
2021-05-28,Oat Milk,8.0,68.5,False
2021-05-29,Oat Milk,7.0,61.5,False
2021-05-30,Oat Milk,8.0,53.5,False
2021-05-31,Oat Milk,9.0,44.5,False
2021-06-01,Oat Milk,7.0,37.5,False
2021-06-02,Oat Milk,9.0,28.5,False
2021-06-03,Oat Milk,8.0,88.0,False
2021-06-04,Oat Milk,8.0,80.0,False
2021-06-05,Oat Milk,8.0,72.0,False
2021-06-06,Oat Milk,9.0,63.0,False
2021-06-07,Oat Milk,8.0,55.0,False
2021-06-08,Oat Milk,9.0,46.0,False
2021-06-09,Oat Milk,10.0,36.0,False
2021-06-10,Oat Milk,7.0,29.0,False
2021-06-11,Oat Milk,8.0,21.0,False
2021-06-12,Oat Milk,10.0,78.5,False
2021-06-13,Oat Milk,6.0,72.5,False
2021-06-14,Oat Milk,0.0,72.5,False
2021-06-15,Oat Milk,0.0,72.5,False
2021-06-16,Oat Milk,8.0,64.5,False
2021-06-17,Oat Milk,6.0,58.5,False
2021-06-18,Oat Milk,10.0,48.5,False
2021-06-19,Oat Milk,8.0,40.5,False
2021-06-20,Oat Milk,9.0,31.5,False
2021-06-21,Oat Milk,7.0,92.0,False
2021-06-22,Oat Milk,7.0,85.0,False
2021-06-23,Oat Milk,8.0,77.0,False
2021-06-24,Oat Milk,7.0,70.0,False
2021-06-25,Oat Milk,,70.0,False
2021-06-26,Oat Milk,8.0,62.0,False
2021-06-27,Oat Milk,8.0,54.0,False
2021-06-28,Oat Milk,8.0,46.0,False
2021-06-29,Oat Milk,6.0,40.0,False
2021-06-30,Oat Milk,10.0,30.0,False
2021-07-01,Oat Milk,8.0,22.0,False
2021-07-02,Oat Milk,9.0,13.0,False
2021-07-03,Oat Milk,8.0,72.5,False
2021-07-04,Oat Milk,6.0,66.5,False
2021-07-05,Oat Milk,8.0,58.5,False
2021-07-06,Oat Milk,7.0,51.5,False
2021-07-07,Oat Milk,8.0,43.5,False
2021-07-08,Oat Milk,7.0,36.5,False
2021-07-09,Oat Milk,11.0,93.0,False
2021-07-10,Oat Milk,7.0,86.0,False
2021-07-11,Oat Milk,7.0,79.0,False
2021-07-12,Oat Milk,9.0,70.0,False
2021-07-13,Oat Milk,8.0,62.0,False
2021-07-14,Oat Milk,8.0,54.0,False
2021-07-15,Oat Milk,7.0,47.0,False
2021-07-16,Oat Milk,6.0,41.0,False
2021-07-17,Oat Milk,7.0,34.0,False
2021-07-18,Oat Milk,6.0,28.0,False
2021-07-19,Oat Milk,8.0,20.0,False
2021-07-20,Oat Milk,7.0,13.0,False
2021-07-21,Oat Milk,8.0,72.5,False
2021-07-22,Oat Milk,7.0,65.5,False
2021-07-23,Oat Milk,8.0,57.5,False
2021-07-24,Oat Milk,9.0,48.5,False
2021-07-25,Oat Milk,9.0,39.5,False
2021-07-26,Oat Milk,7.0,32.5,False
2021-07-27,Oat Milk,8.0,92.0,False
2021-07-28,Oat Milk,8.0,84.0,False
2021-07-29,Oat Milk,8.0,76.0,False
2021-07-30,Oat Milk,6.0,70.0,False
2021-07-31,Oat Milk,8.0,62.0,False
2021-08-01,Oat Milk,8.0,54.0,False
2021-08-02,Oat Milk,10.0,44.0,False
2021-08-03,Oat Milk,7.0,37.0,False
2021-08-04,Oat Milk,9.0,28.0,False
2021-08-05,Oat Milk,7.0,88.5,False
2021-08-06,Oat Milk,8.0,80.5,False
2021-08-07,Oat Milk,8.0,72.5,False
2021-08-08,Oat Milk,8.0,64.5,False
2021-08-09,Oat Milk,8.0,56.5,False
2021-08-10,Oat Milk,8.0,48.5,False
2021-08-11,Oat Milk,8.0,40.5,False
2021-08-12,Oat Milk,8.0,32.5,False
2021-08-13,Oat Milk,9.0,23.5,False
2021-08-14,Oat Milk,8.0,83.0,False
2021-08-15,Oat Milk,7.0,76.0,False
2021-08-16,Oat Milk,8.0,68.0,False
2021-08-17,Oat Milk,8.0,60.0,False
2021-08-18,Oat Milk,9.0,51.0,False
2021-08-19,Oat Milk,7.0,44.0,False
2021-08-20,Oat Milk,9.0,35.0,False
2021-08-21,Oat Milk,6.0,29.0,False
2021-08-22,Oat Milk,9.0,20.0,False
2021-08-23,Oat Milk,8.0,79.5,False
2021-08-24,Oat Milk,8.0,71.5,False
2021-08-25,Oat Milk,9.0,62.5,False
2021-08-26,Oat Milk,8.0,54.5,False
2021-08-27,Oat Milk,8.0,46.5,False
2021-08-28,Oat Milk,9.0,37.5,False
2021-08-29,Oat Milk,8.0,29.5,False
2021-08-30,Oat Milk,9.0,20.5,False
2021-08-31,Oat Milk,9.0,11.5,False
2021-09-01,Oat Milk,9.0,70.0,False
2021-09-02,Oat Milk,8.0,62.0,False
2021-09-03,Oat Milk,8.0,54.0,False
2021-09-04,Oat Milk,9.0,45.0,False
2021-09-05,Oat Milk,,45.0,False
2021-09-06,Oat Milk,6.0,39.0,False
2021-09-07,Oat Milk,9.0,30.0,False
2021-09-08,Oat Milk,7.0,23.0,False
2021-09-09,Oat Milk,8.0,15.0,False
2021-09-10,Oat Milk,8.0,74.5,False
2021-09-11,Oat Milk,8.0,66.5,False
2021-09-12,Oat Milk,8.0,58.5,False
2021-09-13,Oat Milk,9.0,49.5,False
2021-09-14,Oat Milk,9.0,40.5,False
2021-09-15,Oat Milk,8.0,32.5,False
2021-09-16,Oat Milk,9.0,91.0,False
2021-09-17,Oat Milk,10.0,81.0,False
2021-09-18,Oat Milk,9.0,72.0,False
2021-09-19,Oat Milk,9.0,63.0,False
2021-09-20,Oat Milk,9.0,54.0,False
2021-09-21,Oat Milk,8.0,46.0,False
2021-09-22,Oat Milk,9.0,37.0,False
2021-09-23,Oat Milk,8.0,29.0,False
2021-09-24,Oat Milk,8.0,21.0,False
2021-09-25,Oat Milk,9.0,79.5,False
2021-09-26,Oat Milk,8.0,71.5,False
2021-09-27,Oat Milk,9.0,62.5,False
2021-09-28,Oat Milk,8.0,54.5,False
2021-09-29,Oat Milk,10.0,44.5,False
2021-09-30,Oat Milk,8.0,36.5,False
2021-10-01,Oat Milk,11.0,93.0,False
2021-10-02,Oat Milk,10.0,83.0,False
2021-10-03,Oat Milk,8.0,75.0,False
2021-10-04,Oat Milk,8.0,67.0,False
2021-10-05,Oat Milk,9.0,58.0,False
2021-10-06,Oat Milk,9.0,49.0,False
2021-10-07,Oat Milk,8.0,41.0,False
2021-10-08,Oat Milk,9.0,32.0,False
2021-10-09,Oat Milk,9.0,23.0,False
2021-10-10,Oat Milk,10.0,80.5,False
2021-10-11,Oat Milk,8.0,72.5,False
2021-10-12,Oat Milk,9.0,63.5,False
2021-10-13,Oat Milk,9.0,54.5,False
2021-10-14,Oat Milk,11.0,43.5,False
2021-10-15,Oat Milk,11.0,32.5,False
2021-10-16,Oat Milk,10.0,90.0,False
2021-10-17,Oat Milk,10.0,80.0,False
2021-10-18,Oat Milk,10.0,70.0,False
2021-10-19,Oat Milk,9.0,61.0,False
2021-10-20,Oat Milk,9.0,52.0,False
2021-10-21,Oat Milk,9.0,43.0,False
2021-10-22,Oat Milk,11.0,32.0,False
2021-10-23,Oat Milk,8.0,24.0,False
2021-10-24,Oat Milk,10.0,14.0,False
2021-10-25,Oat Milk,10.0,71.5,False
2021-10-26,Oat Milk,7.0,64.5,False
2021-10-27,Oat Milk,10.0,54.5,False
2021-10-28,Oat Milk,9.0,45.5,False
2021-10-29,Oat Milk,10.0,35.5,False
2021-10-30,Oat Milk,10.0,25.5,False
2021-10-31,Oat Milk,10.0,83.0,False
2021-11-01,Oat Milk,9.0,74.0,False
2021-11-02,Oat Milk,10.0,64.0,False
2021-11-03,Oat Milk,11.0,53.0,False
2021-11-04,Oat Milk,11.0,42.0,False
2021-11-05,Oat Milk,11.0,31.0,False
2021-11-06,Oat Milk,9.0,89.5,False
2021-11-07,Oat Milk,12.0,77.5,False
2021-11-08,Oat Milk,11.0,66.5,False
2021-11-09,Oat Milk,9.0,57.5,False
2021-11-10,Oat Milk,9.0,48.5,False
2021-11-11,Oat Milk,10.0,38.5,False
2021-11-12,Oat Milk,10.0,28.5,False
2021-11-13,Oat Milk,12.0,16.5,False
2021-11-14,Oat Milk,9.0,7.5,False
2021-11-15,Oat Milk,9.0,67.5,True
2021-11-16,Oat Milk,9.0,58.5,False
2021-11-17,Oat Milk,9.0,49.5,False
2021-11-18,Oat Milk,10.0,39.5,False
2021-11-19,Oat Milk,11.0,28.5,False
2021-11-20,Oat Milk,9.0,19.5,False
2021-11-21,Oat Milk,10.0,77.0,False
2021-11-22,Oat Milk,8.0,69.0,False
2021-11-23,Oat Milk,9.0,60.0,False
2021-11-24,Oat Milk,9.0,51.0,False
2021-11-25,Oat Milk,11.0,40.0,False
2021-11-26,Oat Milk,8.0,32.0,False
2021-11-27,Oat Milk,10.0,89.5,False
2021-11-28,Oat Milk,12.0,77.5,False
2021-11-29,Oat Milk,10.0,67.5,False
2021-11-30,Oat Milk,8.0,59.5,False
2021-12-01,Oat Milk,10.0,49.5,False
2021-12-02,Oat Milk,8.0,41.5,False
2021-12-03,Oat Milk,10.0,31.5,False
2021-12-04,Oat Milk,12.0,19.5,False
2021-12-05,Oat Milk,9.0,10.5,False
2021-12-06,Oat Milk,12.0,67.5,True
2021-12-07,Oat Milk,8.0,59.5,False
2021-12-08,Oat Milk,9.0,50.5,False
2021-12-09,Oat Milk,10.0,40.5,False
2021-12-10,Oat Milk,12.0,28.5,False
2021-12-11,Oat Milk,11.0,17.5,False
2021-12-12,Oat Milk,11.0,74.0,False
2021-12-13,Oat Milk,11.0,63.0,False
2021-12-14,Oat Milk,9.0,54.0,False
2021-12-15,Oat Milk,9.0,45.0,False
2021-12-16,Oat Milk,11.0,34.0,False
2021-12-17,Oat Milk,10.0,24.0,False
2021-12-18,Oat Milk,10.0,81.5,False
2021-12-19,Oat Milk,10.0,71.5,False
2021-12-20,Oat Milk,12.0,59.5,False
2021-12-21,Oat Milk,8.0,51.5,False
2021-12-22,Oat Milk,10.0,41.5,False
2021-12-23,Oat Milk,11.0,30.5,False
2021-12-24,Oat Milk,8.0,90.0,False
2021-12-25,Oat Milk,11.0,79.0,False
2021-12-26,Oat Milk,10.0,69.0,False
2021-12-27,Oat Milk,11.0,58.0,False
2021-12-28,Oat Milk,9.0,49.0,False
2021-12-29,Oat Milk,9.0,40.0,False
2021-12-30,Oat Milk,10.0,30.0,False
2021-12-31,Oat Milk,11.0,19.0,False
2022-01-01,Oat Milk,11.0,8.0,False
2022-01-02,Oat Milk,11.0,67.5,True
2022-01-03,Oat Milk,10.0,57.5,False
2022-01-04,Oat Milk,11.0,46.5,False
2022-01-05,Oat Milk,8.0,38.5,False
2022-01-06,Oat Milk,10.0,28.5,False
2022-01-07,Oat Milk,12.0,16.5,False
2022-01-08,Oat Milk,13.0,71.0,False
2022-01-09,Oat Milk,8.0,63.0,False
2022-01-10,Oat Milk,10.0,53.0,False
2022-01-11,Oat Milk,9.0,44.0,False
2022-01-12,Oat Milk,12.0,32.0,False
2022-01-13,Oat Milk,8.0,24.0,False
2022-01-14,Oat Milk,9.0,82.5,False
2022-01-15,Oat Milk,10.0,72.5,False
2022-01-16,Oat Milk,11.0,61.5,False
2022-01-17,Oat Milk,8.0,53.5,False
2022-01-18,Oat Milk,9.0,44.5,False
2022-01-19,Oat Milk,10.0,34.5,False
2022-01-20,Oat Milk,9.0,93.0,False
2022-01-21,Oat Milk,11.0,82.0,False
2022-01-22,Oat Milk,12.0,70.0,False
2022-01-23,Oat Milk,14.0,56.0,False
2022-01-24,Oat Milk,11.0,45.0,False
2022-01-25,Oat Milk,11.0,34.0,False
2022-01-26,Oat Milk,11.0,90.5,False
2022-01-27,Oat Milk,11.0,79.5,False
2022-01-28,Oat Milk,11.0,68.5,False
2022-01-29,Oat Milk,11.0,57.5,False
2022-01-30,Oat Milk,8.0,49.5,False
2022-01-31,Oat Milk,10.0,39.5,False
2022-02-01,Oat Milk,9.0,30.5,False
2022-02-02,Oat Milk,11.0,19.5,False
2022-02-03,Oat Milk,8.0,11.5,False
2022-02-04,Oat Milk,10.0,69.0,False
2022-02-05,Oat Milk,14.0,55.0,False
2022-02-06,Oat Milk,9.0,46.0,False
2022-02-07,Oat Milk,11.0,35.0,False
2022-02-08,Oat Milk,10.0,25.0,False
2022-02-09,Oat Milk,8.0,17.0,False
2022-02-10,Oat Milk,11.0,73.5,False
2022-02-11,Oat Milk,11.0,62.5,False
2022-02-12,Oat Milk,12.0,50.5,False
2022-02-13,Oat Milk,10.0,40.5,False
2022-02-14,Oat Milk,11.0,29.5,False
2022-02-15,Oat Milk,10.0,19.5,False
2022-02-16,Oat Milk,9.0,78.0,False
2022-02-17,Oat Milk,8.0,70.0,False
2022-02-18,Oat Milk,11.0,59.0,False
2022-02-19,Oat Milk,13.0,46.0,False
2022-02-20,Oat Milk,11.0,35.0,False
2022-02-21,Oat Milk,10.0,25.0,False
2022-02-22,Oat Milk,8.0,84.5,False
2022-02-23,Oat Milk,10.0,74.5,False
2022-02-24,Oat Milk,9.0,65.5,False
2022-02-25,Oat Milk,9.0,56.5,False
2022-02-26,Oat Milk,11.0,45.5,False
2022-02-27,Oat Milk,12.0,33.5,False
2022-02-28,Oat Milk,12.0,89.0,False
2022-03-01,Oat Milk,10.0,79.0,False
2022-03-02,Oat Milk,10.0,69.0,False
2022-03-03,Oat Milk,11.0,58.0,False
2022-03-04,Oat Milk,11.0,47.0,False
2022-03-05,Oat Milk,11.0,36.0,False
2022-03-06,Oat Milk,12.0,91.5,False
2022-03-07,Oat Milk,9.0,82.5,False
2022-03-08,Oat Milk,9.0,73.5,False
2022-03-09,Oat Milk,10.0,63.5,False
2022-03-10,Oat Milk,10.0,53.5,False
2022-03-11,Oat Milk,12.0,41.5,False
2022-03-12,Oat Milk,10.0,31.5,False
2022-03-13,Oat Milk,7.0,24.5,False
2022-03-14,Oat Milk,10.0,14.5,False
2022-03-15,Oat Milk,11.0,71.0,False
2022-03-16,Oat Milk,9.0,62.0,False
2022-03-17,Oat Milk,9.0,53.0,False
2022-03-18,Oat Milk,9.0,44.0,False
2022-03-19,Oat Milk,11.0,33.0,False
2022-03-20,Oat Milk,10.0,23.0,False
2022-03-21,Oat Milk,9.0,81.5,False
2022-03-22,Oat Milk,9.0,72.5,False
2022-03-23,Oat Milk,8.0,64.5,False
2022-03-24,Oat Milk,10.0,54.5,False
2022-03-25,Oat Milk,10.0,44.5,False
2022-03-26,Oat Milk,11.0,33.5,False
2022-03-27,Oat Milk,11.0,90.0,False
2022-03-28,Oat Milk,10.0,80.0,False
2022-03-29,Oat Milk,9.0,71.0,False
2022-03-30,Oat Milk,9.0,62.0,False
2022-03-31,Oat Milk,10.0,52.0,False
2022-04-01,Oat Milk,10.0,42.0,False
2022-04-02,Oat Milk,10.0,32.0,False
2022-04-03,Oat Milk,9.0,23.0,False
2022-04-04,Oat Milk,8.0,15.0,False
2022-04-05,Oat Milk,8.0,74.5,False
2022-04-06,Oat Milk,9.0,65.5,False
2022-04-07,Oat Milk,11.0,54.5,False
2022-04-08,Oat Milk,11.0,43.5,False
2022-04-09,Oat Milk,10.0,33.5,False
2022-04-10,Oat Milk,10.0,23.5,False
2022-04-11,Oat Milk,9.0,82.0,False
2022-04-12,Oat Milk,9.0,73.0,False
2022-04-13,Oat Milk,8.0,65.0,False
2022-04-14,Oat Milk,10.0,55.0,False
2022-04-15,Oat Milk,10.0,45.0,False
2022-04-16,Oat Milk,10.0,35.0,False
2022-04-17,Oat Milk,9.0,93.5,False
2022-04-18,Oat Milk,10.0,83.5,False
2022-04-19,Oat Milk,8.0,75.5,False
2022-04-20,Oat Milk,10.0,65.5,False
2022-04-21,Oat Milk,8.0,57.5,False
2022-04-22,Oat Milk,9.0,48.5,False
2022-04-23,Oat Milk,9.0,39.5,False
2022-04-24,Oat Milk,9.0,30.5,False
2022-04-25,Oat Milk,8.0,22.5,False
2022-04-26,Oat Milk,9.0,81.0,False
2022-04-27,Oat Milk,,81.0,False
2022-04-28,Oat Milk,10.0,71.0,False
2022-04-29,Oat Milk,10.0,61.0,False
2022-04-30,Oat Milk,7.0,54.0,False
2022-05-01,Oat Milk,10.0,44.0,False
2022-05-02,Oat Milk,9.0,35.0,False
2022-05-03,Oat Milk,8.0,27.0,False
2022-05-04,Oat Milk,8.0,19.0,False
2022-05-05,Oat Milk,7.0,79.5,False
2022-05-06,Oat Milk,9.0,70.5,False
2022-05-07,Oat Milk,10.0,60.5,False
2022-05-08,Oat Milk,9.0,51.5,False
2022-05-09,Oat Milk,7.0,44.5,False
2022-05-10,Oat Milk,7.0,37.5,False
2022-05-11,Oat Milk,9.0,28.5,False
2022-05-12,Oat Milk,7.0,21.5,False
2022-05-13,Oat Milk,8.0,13.5,False
2022-05-14,Oat Milk,9.0,72.0,False
2022-05-15,Oat Milk,7.0,65.0,False
2022-05-16,Oat Milk,10.0,55.0,False
2022-05-17,Oat Milk,9.0,46.0,False
2022-05-18,Oat Milk,7.0,39.0,False
2022-05-19,Oat Milk,10.0,29.0,False
2022-05-20,Oat Milk,8.0,88.5,False
2022-05-21,Oat Milk,10.0,78.5,False
2022-05-22,Oat Milk,7.0,71.5,False
2022-05-23,Oat Milk,8.0,63.5,False
2022-05-24,Oat Milk,7.0,56.5,False
2022-05-25,Oat Milk,8.0,48.5,False
2022-05-26,Oat Milk,8.0,40.5,False
2022-05-27,Oat Milk,10.0,30.5,False
2022-05-28,Oat Milk,9.0,21.5,False
2022-05-29,Oat Milk,0.0,89.0,False
2022-05-30,Oat Milk,9.0,80.0,False
2022-05-31,Oat Milk,8.0,72.0,False
2022-06-01,Oat Milk,8.0,64.0,False
2022-06-02,Oat Milk,9.0,55.0,False
2022-06-03,Oat Milk,9.0,46.0,False
2022-06-04,Oat Milk,10.0,36.0,False
2022-06-05,Oat Milk,9.0,27.0,False
2022-06-06,Oat Milk,9.0,18.0,False
2022-06-07,Oat Milk,6.0,79.5,False
2022-06-08,Oat Milk,10.0,69.5,False
2022-06-09,Oat Milk,8.0,61.5,False
2022-06-10,Oat Milk,8.0,53.5,False
2022-06-11,Oat Milk,9.0,44.5,False
2022-06-12,Oat Milk,8.0,36.5,False
2022-06-13,Oat Milk,8.0,28.5,False
2022-06-14,Oat Milk,10.0,18.5,False
2022-06-15,Oat Milk,6.0,12.5,False
2022-06-16,Oat Milk,8.0,72.0,False
2022-06-17,Oat Milk,7.0,65.0,False
2022-06-18,Oat Milk,9.0,56.0,False
2022-06-19,Oat Milk,9.0,47.0,False
2022-06-20,Oat Milk,7.0,40.0,False
2022-06-21,Oat Milk,8.0,32.0,False
2022-06-22,Oat Milk,10.0,89.5,False
2022-06-23,Oat Milk,6.0,83.5,False
2022-06-24,Oat Milk,9.0,74.5,False
2022-06-25,Oat Milk,7.0,67.5,False
2022-06-26,Oat Milk,8.0,59.5,False
2022-06-27,Oat Milk,9.0,50.5,False
2022-06-28,Oat Milk,7.0,43.5,False
2022-06-29,Oat Milk,6.0,37.5,False
2022-06-30,Oat Milk,9.0,28.5,False
2022-07-01,Oat Milk,7.0,89.0,False
2022-07-02,Oat Milk,7.0,82.0,False
2022-07-03,Oat Milk,8.0,74.0,False
2022-07-04,Oat Milk,8.0,66.0,False
2022-07-05,Oat Milk,8.0,58.0,False
2022-07-06,Oat Milk,8.0,50.0,False
2022-07-07,Oat Milk,8.0,42.0,False
2022-07-08,Oat Milk,7.0,35.0,False
2022-07-09,Oat Milk,8.0,27.0,False
2022-07-10,Oat Milk,8.0,86.5,False
2022-07-11,Oat Milk,8.0,78.5,False
2022-07-12,Oat Milk,8.0,70.5,False
2022-07-13,Oat Milk,9.0,61.5,False
2022-07-14,Oat Milk,6.0,55.5,False
2022-07-15,Oat Milk,8.0,47.5,False
2022-07-16,Oat Milk,9.0,38.5,False
2022-07-17,Oat Milk,8.0,30.5,False
2022-07-18,Oat Milk,7.0,23.5,False
2022-07-19,Oat Milk,7.0,84.0,False
2022-07-20,Oat Milk,9.0,75.0,False
2022-07-21,Oat Milk,,75.0,False
2022-07-22,Oat Milk,7.0,68.0,False
2022-07-23,Oat Milk,10.0,58.0,False
2022-07-24,Oat Milk,0.0,58.0,False
2022-07-25,Oat Milk,7.0,51.0,False
2022-07-26,Oat Milk,9.0,42.0,False
2022-07-27,Oat Milk,7.0,35.0,False
2022-07-28,Oat Milk,9.0,93.5,False
2022-07-29,Oat Milk,8.0,85.5,False
2022-07-30,Oat Milk,7.0,78.5,False
2022-07-31,Oat Milk,9.0,69.5,False
2022-08-01,Oat Milk,9.0,60.5,False
2022-08-02,Oat Milk,9.0,51.5,False
2022-08-03,Oat Milk,8.0,43.5,False
2022-08-04,Oat Milk,7.0,36.5,False
2022-08-05,Oat Milk,8.0,28.5,False
2022-08-06,Oat Milk,8.0,88.0,False
2022-08-07,Oat Milk,9.0,79.0,False
2022-08-08,Oat Milk,7.0,72.0,False
2022-08-09,Oat Milk,8.0,64.0,False
2022-08-10,Oat Milk,8.0,56.0,False
2022-08-11,Oat Milk,10.0,46.0,False
2022-08-12,Oat Milk,8.0,38.0,False
2022-08-13,Oat Milk,8.0,30.0,False
2022-08-14,Oat Milk,10.0,20.0,False
2022-08-15,Oat Milk,8.0,79.5,False
2022-08-16,Oat Milk,9.0,70.5,False
2022-08-17,Oat Milk,7.0,63.5,False
2022-08-18,Oat Milk,7.0,56.5,False
2022-08-19,Oat Milk,8.0,48.5,False
2022-08-20,Oat Milk,8.0,40.5,False
2022-08-21,Oat Milk,8.0,32.5,False
2022-08-22,Oat Milk,8.0,24.5,False
2022-08-23,Oat Milk,8.0,16.5,False
2022-08-24,Oat Milk,9.0,75.0,False
2022-08-25,Oat Milk,8.0,67.0,False
2022-08-26,Oat Milk,9.0,58.0,False
2022-08-27,Oat Milk,9.0,49.0,False
2022-08-28,Oat Milk,9.0,40.0,False
2022-08-29,Oat Milk,9.0,31.0,False
2022-08-30,Oat Milk,8.0,90.5,False
2022-08-31,Oat Milk,8.0,82.5,False
2022-09-01,Oat Milk,7.0,75.5,False
2022-09-02,Oat Milk,7.0,68.5,False
2022-09-03,Oat Milk,8.0,60.5,False
2022-09-04,Oat Milk,9.0,51.5,False
2022-09-05,Oat Milk,9.0,42.5,False
2022-09-06,Oat Milk,8.0,34.5,False
2022-09-07,Oat Milk,7.0,27.5,False
2022-09-08,Oat Milk,8.0,87.0,False
2022-09-09,Oat Milk,9.0,78.0,False
2022-09-10,Oat Milk,8.0,70.0,False
2022-09-11,Oat Milk,9.0,61.0,False
2022-09-12,Oat Milk,8.0,53.0,False
2022-09-13,Oat Milk,8.0,45.0,False
2022-09-14,Oat Milk,8.0,37.0,False
2022-09-15,Oat Milk,8.0,29.0,False
2022-09-16,Oat Milk,11.0,18.0,False
2022-09-17,Oat Milk,9.0,76.5,False
2022-09-18,Oat Milk,8.0,68.5,False
2022-09-19,Oat Milk,7.0,61.5,False
2022-09-20,Oat Milk,9.0,52.5,False
2022-09-21,Oat Milk,9.0,43.5,False
2022-09-22,Oat Milk,9.0,34.5,False
2022-09-23,Oat Milk,11.0,91.0,False
2022-09-24,Oat Milk,9.0,82.0,False
2022-09-25,Oat Milk,7.0,75.0,False
2022-09-26,Oat Milk,8.0,67.0,False
2022-09-27,Oat Milk,9.0,58.0,False
2022-09-28,Oat Milk,8.0,50.0,False
2022-09-29,Oat Milk,9.0,41.0,False
2022-09-30,Oat Milk,11.0,30.0,False
2022-10-01,Oat Milk,9.0,21.0,False
2022-10-02,Oat Milk,8.0,80.5,False
2022-10-03,Oat Milk,9.0,71.5,False
2022-10-04,Oat Milk,9.0,62.5,False
2022-10-05,Oat Milk,8.0,54.5,False
2022-10-06,Oat Milk,9.0,45.5,False
2022-10-07,Oat Milk,9.0,36.5,False
2022-10-08,Oat Milk,10.0,94.0,False
2022-10-09,Oat Milk,10.0,84.0,False
2022-10-10,Oat Milk,10.0,74.0,False
2022-10-11,Oat Milk,9.0,65.0,False
2022-10-12,Oat Milk,9.0,56.0,False
2022-10-13,Oat Milk,8.0,48.0,False
2022-10-14,Oat Milk,8.0,40.0,False
2022-10-15,Oat Milk,12.0,28.0,False
2022-10-16,Oat Milk,10.0,18.0,False
2022-10-17,Oat Milk,10.0,75.5,False
2022-10-18,Oat Milk,9.0,66.5,False
2022-10-19,Oat Milk,9.0,57.5,False
2022-10-20,Oat Milk,11.0,46.5,False
2022-10-21,Oat Milk,10.0,36.5,False
2022-10-22,Oat Milk,9.0,27.5,False
2022-10-23,Oat Milk,10.0,85.0,False
2022-10-24,Oat Milk,10.0,75.0,False
2022-10-25,Oat Milk,11.0,64.0,False
2022-10-26,Oat Milk,8.0,56.0,False
2022-10-27,Oat Milk,11.0,45.0,False
2022-10-28,Oat Milk,10.0,35.0,False
2022-10-29,Oat Milk,10.0,92.5,False
2022-10-30,Oat Milk,9.0,83.5,False
2022-10-31,Oat Milk,9.0,74.5,False
2022-11-01,Oat Milk,10.0,64.5,False
2022-11-02,Oat Milk,9.0,55.5,False
2022-11-03,Oat Milk,8.0,47.5,False
2022-11-04,Oat Milk,10.0,37.5,False
2022-11-05,Oat Milk,10.0,27.5,False
2022-11-06,Oat Milk,11.0,16.5,False
2022-11-07,Oat Milk,7.0,77.0,False
2022-11-08,Oat Milk,11.0,66.0,False
2022-11-09,Oat Milk,9.0,57.0,False
2022-11-10,Oat Milk,9.0,48.0,False
2022-11-11,Oat Milk,9.0,39.0,False
2022-11-12,Oat Milk,9.0,30.0,False
2022-11-13,Oat Milk,10.0,87.5,False
2022-11-14,Oat Milk,10.0,77.5,False
2022-11-15,Oat Milk,10.0,67.5,False
2022-11-16,Oat Milk,11.0,56.5,False
2022-11-17,Oat Milk,10.0,46.5,False
2022-11-18,Oat Milk,10.0,36.5,False
2022-11-19,Oat Milk,10.0,94.0,False
2022-11-20,Oat Milk,10.0,84.0,False
2022-11-21,Oat Milk,8.0,76.0,False
2022-11-22,Oat Milk,10.0,66.0,False
2022-11-23,Oat Milk,8.0,58.0,False
2022-11-24,Oat Milk,11.0,47.0,False
2022-11-25,Oat Milk,8.0,39.0,False
2022-11-26,Oat Milk,11.0,28.0,False
2022-11-27,Oat Milk,10.0,18.0,False
2022-11-28,Oat Milk,10.0,75.5,False
2022-11-29,Oat Milk,10.0,65.5,False
2022-11-30,Oat Milk,11.0,54.5,False
2022-12-01,Oat Milk,9.0,45.5,False
2022-12-02,Oat Milk,11.0,34.5,False
2022-12-03,Oat Milk,12.0,22.5,False
2022-12-04,Oat Milk,9.0,81.0,False
2022-12-05,Oat Milk,12.0,69.0,False
2022-12-06,Oat Milk,9.0,60.0,False
2022-12-07,Oat Milk,10.0,50.0,False
2022-12-08,Oat Milk,12.0,38.0,False
2022-12-09,Oat Milk,10.0,28.0,False
2022-12-10,Oat Milk,10.0,85.5,False
2022-12-11,Oat Milk,9.0,76.5,False
2022-12-12,Oat Milk,10.0,66.5,False
2022-12-13,Oat Milk,12.0,54.5,False
2022-12-14,Oat Milk,11.0,43.5,False
2022-12-15,Oat Milk,11.0,32.5,False
2022-12-16,Oat Milk,12.0,88.0,False
2022-12-17,Oat Milk,11.0,77.0,False
2022-12-18,Oat Milk,12.0,65.0,False
2022-12-19,Oat Milk,11.0,54.0,False
2022-12-20,Oat Milk,10.0,44.0,False
2022-12-21,Oat Milk,9.0,35.0,False
2022-12-22,Oat Milk,12.0,90.5,False
2022-12-23,Oat Milk,12.0,78.5,False
2022-12-24,Oat Milk,10.0,68.5,False
2022-12-25,Oat Milk,10.0,58.5,False
2022-12-26,Oat Milk,9.0,49.5,False
2022-12-27,Oat Milk,11.0,38.5,False
2022-12-28,Oat Milk,13.0,93.0,False
2022-12-29,Oat Milk,14.0,79.0,False
2022-12-30,Oat Milk,9.0,70.0,False
2022-12-31,Oat Milk,8.0,62.0,False
2023-01-01,Oat Milk,9.0,53.0,False
2023-01-02,Oat Milk,10.0,43.0,False
2023-01-03,Oat Milk,11.0,32.0,False
2023-01-04,Oat Milk,9.0,23.0,False
2023-01-05,Oat Milk,11.0,12.0,False
2023-01-06,Oat Milk,9.0,70.5,False
2023-01-07,Oat Milk,11.0,59.5,False
2023-01-08,Oat Milk,11.0,48.5,False
2023-01-09,Oat Milk,13.0,35.5,False
2023-01-10,Oat Milk,11.0,24.5,False
2023-01-11,Oat Milk,11.0,13.5,False
2023-01-12,Oat Milk,9.0,72.0,False
2023-01-13,Oat Milk,11.0,61.0,False
2023-01-14,Oat Milk,11.0,50.0,False
2023-01-15,Oat Milk,9.0,41.0,False
2023-01-16,Oat Milk,11.0,30.0,False
2023-01-17,Oat Milk,12.0,18.0,False
2023-01-18,Oat Milk,10.0,75.5,False
2023-01-19,Oat Milk,11.0,64.5,False
2023-01-20,Oat Milk,12.0,52.5,False
2023-01-21,Oat Milk,12.0,40.5,False
2023-01-22,Oat Milk,13.0,27.5,False
2023-01-23,Oat Milk,11.0,16.5,False
2023-01-24,Oat Milk,9.0,75.0,False
2023-01-25,Oat Milk,10.0,65.0,False
2023-01-26,Oat Milk,11.0,54.0,False
2023-01-27,Oat Milk,9.0,45.0,False
2023-01-28,Oat Milk,11.0,34.0,False
2023-01-29,Oat Milk,11.0,23.0,False
2023-01-30,Oat Milk,12.0,78.5,False
2023-01-31,Oat Milk,12.0,66.5,False
2023-02-01,Oat Milk,10.0,56.5,False
2023-02-02,Oat Milk,12.0,44.5,False
2023-02-03,Oat Milk,10.0,34.5,False
2023-02-04,Oat Milk,12.0,22.5,False
2023-02-05,Oat Milk,12.0,78.0,False
2023-02-06,Oat Milk,11.0,67.0,False
2023-02-07,Oat Milk,11.0,56.0,False
2023-02-08,Oat Milk,8.0,48.0,False
2023-02-09,Oat Milk,9.0,39.0,False
2023-02-10,Oat Milk,9.0,30.0,False
2023-02-11,Oat Milk,10.0,87.5,False
2023-02-12,Oat Milk,10.0,77.5,False
2023-02-13,Oat Milk,10.0,67.5,False
2023-02-14,Oat Milk,11.0,56.5,False
2023-02-15,Oat Milk,10.0,46.5,False
2023-02-16,Oat Milk,10.0,36.5,False
2023-02-17,Oat Milk,10.0,94.0,False
2023-02-18,Oat Milk,12.0,82.0,False
2023-02-19,Oat Milk,12.0,70.0,False
2023-02-20,Oat Milk,12.0,58.0,False
2023-02-21,Oat Milk,11.0,47.0,False
2023-02-22,Oat Milk,9.0,38.0,False
2023-02-23,Oat Milk,11.0,27.0,False
2023-02-24,Oat Milk,9.0,18.0,False
2023-02-25,Oat Milk,11.0,7.0,False
2023-02-26,Oat Milk,11.0,67.5,True
2023-02-27,Oat Milk,13.0,54.5,False
2023-02-28,Oat Milk,12.0,42.5,False
2023-03-01,Oat Milk,9.0,33.5,False
2023-03-02,Oat Milk,10.0,23.5,False
2023-03-03,Oat Milk,11.0,12.5,False
2023-03-04,Oat Milk,12.0,68.0,False
2023-03-05,Oat Milk,11.0,57.0,False
2023-03-06,Oat Milk,12.0,45.0,False
2023-03-07,Oat Milk,10.0,35.0,False
2023-03-08,Oat Milk,11.0,24.0,False
2023-03-09,Oat Milk,10.0,14.0,False
2023-03-10,Oat Milk,9.0,72.5,False
2023-03-11,Oat Milk,13.0,59.5,False
2023-03-12,Oat Milk,8.0,51.5,False
2023-03-13,Oat Milk,12.0,39.5,False
2023-03-14,Oat Milk,9.0,30.5,False
2023-03-15,Oat Milk,11.0,19.5,False
2023-03-16,Oat Milk,9.0,78.0,False
2023-03-17,Oat Milk,10.0,68.0,False
2023-03-18,Oat Milk,12.0,56.0,False
2023-03-19,Oat Milk,11.0,45.0,False
2023-03-20,Oat Milk,11.0,34.0,False
2023-03-21,Oat Milk,9.0,25.0,False
2023-03-22,Oat Milk,10.0,82.5,False
2023-03-23,Oat Milk,9.0,73.5,False
2023-03-24,Oat Milk,8.0,65.5,False
2023-03-25,Oat Milk,11.0,54.5,False
2023-03-26,Oat Milk,10.0,44.5,False
2023-03-27,Oat Milk,8.0,36.5,False
2023-03-28,Oat Milk,11.0,93.0,False
2023-03-29,Oat Milk,8.0,85.0,False
2023-03-30,Oat Milk,10.0,75.0,False
2023-03-31,Oat Milk,11.0,64.0,False
2023-04-01,Oat Milk,9.0,55.0,False
2023-04-02,Oat Milk,9.0,46.0,False
2023-04-03,Oat Milk,9.0,37.0,False
2023-04-04,Oat Milk,10.0,27.0,False
2023-04-05,Oat Milk,8.0,19.0,False
2023-04-06,Oat Milk,7.0,79.5,False
2023-04-07,Oat Milk,10.0,69.5,False
2023-04-08,Oat Milk,9.0,60.5,False
2023-04-09,Oat Milk,8.0,52.5,False
2023-04-10,Oat Milk,9.0,43.5,False
2023-04-11,Oat Milk,10.0,33.5,False
2023-04-12,Oat Milk,9.0,92.0,False
2023-04-13,Oat Milk,9.0,83.0,False
2023-04-14,Oat Milk,8.0,75.0,False
2023-04-15,Oat Milk,12.0,63.0,False
2023-04-16,Oat Milk,11.0,52.0,False
2023-04-17,Oat Milk,10.0,42.0,False
2023-04-18,Oat Milk,10.0,32.0,False
2023-04-19,Oat Milk,7.0,25.0,False
2023-04-20,Oat Milk,8.0,17.0,False
2023-04-21,Oat Milk,9.0,75.5,False
2023-04-22,Oat Milk,9.0,66.5,False
2023-04-23,Oat Milk,9.0,57.5,False
2023-04-24,Oat Milk,10.0,47.5,False
2023-04-25,Oat Milk,10.0,37.5,False
2023-04-26,Oat Milk,9.0,28.5,False
2023-04-27,Oat Milk,10.0,86.0,False
2023-04-28,Oat Milk,9.0,77.0,False
2023-04-29,Oat Milk,11.0,66.0,False
2023-04-30,Oat Milk,11.0,55.0,False
2023-05-01,Oat Milk,6.0,49.0,False
2023-05-02,Oat Milk,9.0,40.0,False
2023-05-03,Oat Milk,9.0,31.0,False
2023-05-04,Oat Milk,10.0,21.0,False
2023-05-05,Oat Milk,8.0,13.0,False
2023-05-06,Oat Milk,8.0,72.5,False
2023-05-07,Oat Milk,9.0,63.5,False
2023-05-08,Oat Milk,10.0,53.5,False
2023-05-09,Oat Milk,9.0,44.5,False
2023-05-10,Oat Milk,9.0,35.5,False
2023-05-11,Oat Milk,9.0,26.5,False
2023-05-12,Oat Milk,8.0,86.0,False
2023-05-13,Oat Milk,9.0,77.0,False
2023-05-14,Oat Milk,9.0,68.0,False
2023-05-15,Oat Milk,8.0,60.0,False
2023-05-16,Oat Milk,8.0,52.0,False
2023-05-17,Oat Milk,9.0,43.0,False
2023-05-18,Oat Milk,10.0,33.0,False
2023-05-19,Oat Milk,9.0,24.0,False
2023-05-20,Oat Milk,9.0,15.0,False
2023-05-21,Oat Milk,8.0,74.5,False
2023-05-22,Oat Milk,8.0,66.5,False
2023-05-23,Oat Milk,7.0,59.5,False
2023-05-24,Oat Milk,8.0,51.5,False
2023-05-25,Oat Milk,9.0,42.5,False
2023-05-26,Oat Milk,9.0,33.5,False
2023-05-27,Oat Milk,10.0,91.0,False
2023-05-28,Oat Milk,9.0,82.0,False
2023-05-29,Oat Milk,8.0,74.0,False
2023-05-30,Oat Milk,8.0,66.0,False
2023-05-31,Oat Milk,7.0,59.0,False
2023-06-01,Oat Milk,8.0,51.0,False
2023-06-02,Oat Milk,8.0,43.0,False
2023-06-03,Oat Milk,10.0,33.0,False
2023-06-04,Oat Milk,10.0,23.0,False
2023-06-05,Oat Milk,7.0,83.5,False
2023-06-06,Oat Milk,8.0,75.5,False
2023-06-07,Oat Milk,8.0,67.5,False
2023-06-08,Oat Milk,,67.5,False
2023-06-09,Oat Milk,8.0,59.5,False
2023-06-10,Oat Milk,9.0,50.5,False
2023-06-11,Oat Milk,8.0,42.5,False
2023-06-12,Oat Milk,8.0,34.5,False
2023-06-13,Oat Milk,8.0,26.5,False
2023-06-14,Oat Milk,7.0,87.0,False
2023-06-15,Oat Milk,10.0,77.0,False
2023-06-16,Oat Milk,6.0,71.0,False
2023-06-17,Oat Milk,7.0,64.0,False
2023-06-18,Oat Milk,7.0,57.0,False
2023-06-19,Oat Milk,7.0,50.0,False
2023-06-20,Oat Milk,9.0,41.0,False
2023-06-21,Oat Milk,9.0,32.0,False
2023-06-22,Oat Milk,7.0,25.0,False
2023-06-23,Oat Milk,8.0,84.5,False
2023-06-24,Oat Milk,7.0,77.5,False
2023-06-25,Oat Milk,7.0,70.5,False
2023-06-26,Oat Milk,9.0,61.5,False
2023-06-27,Oat Milk,8.0,53.5,False
2023-06-28,Oat Milk,9.0,44.5,False
2023-06-29,Oat Milk,9.0,35.5,False
2023-06-30,Oat Milk,9.0,26.5,False
2023-07-01,Oat Milk,8.0,18.5,False
2023-07-02,Oat Milk,7.0,79.0,False
2023-07-03,Oat Milk,8.0,71.0,False
2023-07-04,Oat Milk,9.0,62.0,False
2023-07-05,Oat Milk,7.0,55.0,False
2023-07-06,Oat Milk,7.0,48.0,False
2023-07-07,Oat Milk,7.0,41.0,False
2023-07-08,Oat Milk,8.0,33.0,False
2023-07-09,Oat Milk,7.0,26.0,False
2023-07-10,Oat Milk,7.0,19.0,False
2023-07-11,Oat Milk,8.0,78.5,False
2023-07-12,Oat Milk,7.0,71.5,False
2023-07-13,Oat Milk,7.0,64.5,False
2023-07-14,Oat Milk,8.0,56.5,False
2023-07-15,Oat Milk,8.0,48.5,False
2023-07-16,Oat Milk,8.0,40.5,False
2023-07-17,Oat Milk,8.0,32.5,False
2023-07-18,Oat Milk,8.0,24.5,False
2023-07-19,Oat Milk,7.0,17.5,False
2023-07-20,Oat Milk,7.0,78.0,False
2023-07-21,Oat Milk,8.0,70.0,False
2023-07-22,Oat Milk,8.0,62.0,False
2023-07-23,Oat Milk,6.0,56.0,False
2023-07-24,Oat Milk,8.0,48.0,False
2023-07-25,Oat Milk,7.0,41.0,False
2023-07-26,Oat Milk,7.0,34.0,False
2023-07-27,Oat Milk,8.0,26.0,False
2023-07-28,Oat Milk,7.0,19.0,False
2023-07-29,Oat Milk,7.0,79.5,False
2023-07-30,Oat Milk,9.0,70.5,False
2023-07-31,Oat Milk,8.0,62.5,False
2023-08-01,Oat Milk,8.0,54.5,False
2023-08-02,Oat Milk,8.0,46.5,False
2023-08-03,Oat Milk,7.0,39.5,False
2023-08-04,Oat Milk,6.0,33.5,False
2023-08-05,Oat Milk,9.0,24.5,False
2023-08-06,Oat Milk,8.0,16.5,False
2023-08-07,Oat Milk,8.0,76.0,False
2023-08-08,Oat Milk,8.0,68.0,False
2023-08-09,Oat Milk,7.0,61.0,False
2023-08-10,Oat Milk,7.0,54.0,False
2023-08-11,Oat Milk,9.0,45.0,False
2023-08-12,Oat Milk,11.0,34.0,False
2023-08-13,Oat Milk,9.0,92.5,False
2023-08-14,Oat Milk,8.0,84.5,False
2023-08-15,Oat Milk,7.0,77.5,False
2023-08-16,Oat Milk,8.0,69.5,False
2023-08-17,Oat Milk,8.0,61.5,False
2023-08-18,Oat Milk,9.0,52.5,False
2023-08-19,Oat Milk,7.0,45.5,False
2023-08-20,Oat Milk,8.0,37.5,False
2023-08-21,Oat Milk,9.0,28.5,False
2023-08-22,Oat Milk,8.0,88.0,False
2023-08-23,Oat Milk,8.0,80.0,False
2023-08-24,Oat Milk,8.0,72.0,False
2023-08-25,Oat Milk,8.0,64.0,False
2023-08-26,Oat Milk,8.0,56.0,False
2023-08-27,Oat Milk,9.0,47.0,False
2023-08-28,Oat Milk,8.0,39.0,False
2023-08-29,Oat Milk,7.0,32.0,False
2023-08-30,Oat Milk,8.0,24.0,False
2023-08-31,Oat Milk,8.0,83.5,False
2023-09-01,Oat Milk,8.0,75.5,False
2023-09-02,Oat Milk,9.0,66.5,False
2023-09-03,Oat Milk,10.0,56.5,False
2023-09-04,Oat Milk,8.0,48.5,False
2023-09-05,Oat Milk,9.0,39.5,False
2023-09-06,Oat Milk,8.0,31.5,False
2023-09-07,Oat Milk,8.0,23.5,False
2023-09-08,Oat Milk,9.0,14.5,False
2023-09-09,Oat Milk,7.0,75.0,False
2023-09-10,Oat Milk,7.0,68.0,False
2023-09-11,Oat Milk,8.0,60.0,False
2023-09-12,Oat Milk,9.0,51.0,False
2023-09-13,Oat Milk,7.0,44.0,False
2023-09-14,Oat Milk,10.0,34.0,False
2023-09-15,Oat Milk,8.0,93.5,False
2023-09-16,Oat Milk,10.0,83.5,False
2023-09-17,Oat Milk,9.0,74.5,False
2023-09-18,Oat Milk,9.0,65.5,False
2023-09-19,Oat Milk,9.0,56.5,False
2023-09-20,Oat Milk,8.0,48.5,False
2023-09-21,Oat Milk,8.0,40.5,False
2023-09-22,Oat Milk,10.0,30.5,False
2023-09-23,Oat Milk,9.0,21.5,False
2023-09-24,Oat Milk,8.0,81.0,False
2023-09-25,Oat Milk,11.0,70.0,False
2023-09-26,Oat Milk,9.0,61.0,False
2023-09-27,Oat Milk,8.0,53.0,False
2023-09-28,Oat Milk,6.0,47.0,False
2023-09-29,Oat Milk,10.0,37.0,False
2023-09-30,Oat Milk,7.0,30.0,False
2023-10-01,Oat Milk,11.0,19.0,False
2023-10-02,Oat Milk,30.0,0.0,True
2023-10-03,Oat Milk,9.0,67.5,True
2023-10-04,Oat Milk,9.0,58.5,False
2023-10-05,Oat Milk,8.0,50.5,False
2023-10-06,Oat Milk,11.0,39.5,False
2023-10-07,Oat Milk,10.0,29.5,False
2023-10-08,Oat Milk,9.0,20.5,False
2023-10-09,Oat Milk,0.0,88.0,False
2023-10-10,Oat Milk,11.0,77.0,False
2023-10-11,Oat Milk,8.0,69.0,False
2023-10-12,Oat Milk,9.0,60.0,False
2023-10-13,Oat Milk,8.0,52.0,False
2023-10-14,Oat Milk,10.0,42.0,False
2023-10-15,Oat Milk,8.0,34.0,False
2023-10-16,Oat Milk,9.0,25.0,False
2023-10-17,Oat Milk,11.0,14.0,False
2023-10-18,Oat Milk,10.0,71.5,False
2023-10-19,Oat Milk,9.0,62.5,False
2023-10-20,Oat Milk,7.0,55.5,False
2023-10-21,Oat Milk,11.0,44.5,False
2023-10-22,Oat Milk,9.0,35.5,False
2023-10-23,Oat Milk,9.0,26.5,False
2023-10-24,Oat Milk,9.0,85.0,False
2023-10-25,Oat Milk,8.0,77.0,False
2023-10-26,Oat Milk,,77.0,False
2023-10-27,Oat Milk,10.0,67.0,False
2023-10-28,Oat Milk,10.0,57.0,False
2023-10-29,Oat Milk,8.0,49.0,False
2023-10-30,Oat Milk,8.0,41.0,False
2023-10-31,Oat Milk,7.0,34.0,False
2023-11-01,Oat Milk,9.0,25.0,False
2023-11-02,Oat Milk,9.0,83.5,False
2023-11-03,Oat Milk,9.0,74.5,False
2023-11-04,Oat Milk,8.0,66.5,False
2023-11-05,Oat Milk,9.0,57.5,False
2023-11-06,Oat Milk,9.0,48.5,False
2023-11-07,Oat Milk,9.0,39.5,False
2023-11-08,Oat Milk,9.0,30.5,False
2023-11-09,Oat Milk,10.0,20.5,False
2023-11-10,Oat Milk,9.0,11.5,False
2023-11-11,Oat Milk,9.0,70.0,False
2023-11-12,Oat Milk,9.0,61.0,False
2023-11-13,Oat Milk,10.0,51.0,False
2023-11-14,Oat Milk,8.0,43.0,False
2023-11-15,Oat Milk,10.0,33.0,False
2023-11-16,Oat Milk,10.0,23.0,False
2023-11-17,Oat Milk,,90.5,False
2023-11-18,Oat Milk,12.0,78.5,False
2023-11-19,Oat Milk,8.0,70.5,False
2023-11-20,Oat Milk,8.0,62.5,False
2023-11-21,Oat Milk,9.0,53.5,False
2023-11-22,Oat Milk,8.0,45.5,False
2023-11-23,Oat Milk,11.0,34.5,False
2023-11-24,Oat Milk,9.0,25.5,False
2023-11-25,Oat Milk,10.0,15.5,False
2023-11-26,Oat Milk,9.0,74.0,False
2023-11-27,Oat Milk,9.0,65.0,False
2023-11-28,Oat Milk,11.0,54.0,False
2023-11-29,Oat Milk,11.0,43.0,False
2023-11-30,Oat Milk,9.0,34.0,False
2023-12-01,Oat Milk,10.0,24.0,False
2023-12-02,Oat Milk,11.0,80.5,False
2023-12-03,Oat Milk,10.0,70.5,False
2023-12-04,Oat Milk,10.0,60.5,False
2023-12-05,Oat Milk,10.0,50.5,False
2023-12-06,Oat Milk,0.0,50.5,False
2023-12-07,Oat Milk,,50.5,False
2023-12-08,Oat Milk,11.0,39.5,False
2023-12-09,Oat Milk,12.0,27.5,False
2023-12-10,Oat Milk,10.0,17.5,False
2023-12-11,Oat Milk,10.0,75.0,False
2023-12-12,Oat Milk,9.0,66.0,False
2023-12-13,Oat Milk,11.0,55.0,False
2023-12-14,Oat Milk,9.0,46.0,False
2023-12-15,Oat Milk,10.0,36.0,False
2023-12-16,Oat Milk,,36.0,False
2023-12-17,Oat Milk,11.0,92.5,False
2023-12-18,Oat Milk,10.0,82.5,False
2023-12-19,Oat Milk,9.0,73.5,False
2023-12-20,Oat Milk,10.0,63.5,False
2023-12-21,Oat Milk,12.0,51.5,False
2023-12-22,Oat Milk,10.0,41.5,False
2023-12-23,Oat Milk,11.0,30.5,False
2023-12-24,Oat Milk,10.0,20.5,False
2023-12-25,Oat Milk,11.0,9.5,False
2023-12-26,Oat Milk,9.0,68.0,False
2023-12-27,Oat Milk,9.0,59.0,False
2023-12-28,Oat Milk,9.0,50.0,False
2023-12-29,Oat Milk,13.0,37.0,False
2023-12-30,Oat Milk,13.0,24.0,False
2023-12-31,Oat Milk,10.0,14.0,False
2024-01-01,Oat Milk,10.0,71.5,False
2024-01-02,Oat Milk,11.0,60.5,False
2024-01-03,Oat Milk,9.0,51.5,False
2024-01-04,Oat Milk,10.0,41.5,False
2024-01-05,Oat Milk,11.0,30.5,False
2024-01-06,Oat Milk,9.0,21.5,False
2024-01-07,Oat Milk,11.0,78.0,False
2024-01-08,Oat Milk,12.0,66.0,False
2024-01-09,Oat Milk,10.0,56.0,False
2024-01-10,Oat Milk,8.0,48.0,False
2024-01-11,Oat Milk,10.0,38.0,False
2024-01-12,Oat Milk,9.0,29.0,False
2024-01-13,Oat Milk,11.0,85.5,False
2024-01-14,Oat Milk,11.0,74.5,False
2024-01-15,Oat Milk,11.0,63.5,False
2024-01-16,Oat Milk,14.0,49.5,False
2024-01-17,Oat Milk,9.0,40.5,False
2024-01-18,Oat Milk,11.0,29.5,False
2024-01-19,Oat Milk,9.0,88.0,False
2024-01-20,Oat Milk,10.0,78.0,False
2024-01-21,Oat Milk,39.0,39.0,False
2024-01-22,Oat Milk,10.0,29.0,False
2024-01-23,Oat Milk,12.0,17.0,False
2024-01-24,Oat Milk,10.0,7.0,False
2024-01-25,Oat Milk,12.0,67.5,True
2024-01-26,Oat Milk,0.0,67.5,False
2024-01-27,Oat Milk,12.0,55.5,False
2024-01-28,Oat Milk,12.0,43.5,False
2024-01-29,Oat Milk,9.0,34.5,False
2024-01-30,Oat Milk,8.0,26.5,False
2024-01-31,Oat Milk,10.0,84.0,False
2024-02-01,Oat Milk,12.0,72.0,False
2024-02-02,Oat Milk,11.0,61.0,False
2024-02-03,Oat Milk,10.0,51.0,False
2024-02-04,Oat Milk,11.0,40.0,False
2024-02-05,Oat Milk,9.0,31.0,False
2024-02-06,Oat Milk,9.0,89.5,False
2024-02-07,Oat Milk,11.0,78.5,False
2024-02-08,Oat Milk,13.0,65.5,False
2024-02-09,Oat Milk,13.0,52.5,False
2024-02-10,Oat Milk,13.0,39.5,False
2024-02-11,Oat Milk,10.0,29.5,False
2024-02-12,Oat Milk,12.0,85.0,False
2024-02-13,Oat Milk,8.0,77.0,False
2024-02-14,Oat Milk,9.0,68.0,False
2024-02-15,Oat Milk,11.0,57.0,False
2024-02-16,Oat Milk,10.0,47.0,False
2024-02-17,Oat Milk,12.0,35.0,False
2024-02-18,Oat Milk,10.0,92.5,False
2024-02-19,Oat Milk,10.0,82.5,False
2024-02-20,Oat Milk,12.0,70.5,False
2024-02-21,Oat Milk,10.0,60.5,False
2024-02-22,Oat Milk,10.0,50.5,False
2024-02-23,Oat Milk,12.0,38.5,False
2024-02-24,Oat Milk,9.0,29.5,False
2024-02-25,Oat Milk,9.0,20.5,False
2024-02-26,Oat Milk,10.0,10.5,False
2024-02-27,Oat Milk,12.0,67.5,True
2024-02-28,Oat Milk,12.0,55.5,False
2024-02-29,Oat Milk,8.0,47.5,False
2024-03-01,Oat Milk,10.0,37.5,False
2024-03-02,Oat Milk,10.0,27.5,False
2024-03-03,Oat Milk,10.0,17.5,False
2024-03-04,Oat Milk,11.0,74.0,False
2024-03-05,Oat Milk,9.0,65.0,False
2024-03-06,Oat Milk,9.0,56.0,False
2024-03-07,Oat Milk,10.0,46.0,False
2024-03-08,Oat Milk,10.0,36.0,False
2024-03-09,Oat Milk,11.0,25.0,False
2024-03-10,Oat Milk,11.0,81.5,False
2024-03-11,Oat Milk,10.0,71.5,False
2024-03-12,Oat Milk,9.0,62.5,False
2024-03-13,Oat Milk,9.0,53.5,False
2024-03-14,Oat Milk,11.0,42.5,False
2024-03-15,Oat Milk,11.0,31.5,False
2024-03-16,Oat Milk,13.0,86.0,False
2024-03-17,Oat Milk,10.0,76.0,False
2024-03-18,Oat Milk,11.0,65.0,False
2024-03-19,Oat Milk,9.0,56.0,False
2024-03-20,Oat Milk,9.0,47.0,False
2024-03-21,Oat Milk,10.0,37.0,False
2024-03-22,Oat Milk,8.0,29.0,False
2024-03-23,Oat Milk,9.0,20.0,False
2024-03-24,Oat Milk,10.0,10.0,False
2024-03-25,Oat Milk,8.0,69.5,False
2024-03-26,Oat Milk,12.0,57.5,False
2024-03-27,Oat Milk,10.0,47.5,False
2024-03-28,Oat Milk,10.0,37.5,False
2024-03-29,Oat Milk,10.0,27.5,False
2024-03-30,Oat Milk,9.0,18.5,False
2024-03-31,Oat Milk,9.0,77.0,False
2024-04-01,Oat Milk,10.0,67.0,False
2024-04-02,Oat Milk,8.0,59.0,False
2024-04-03,Oat Milk,9.0,50.0,False
2024-04-04,Oat Milk,9.0,41.0,False
2024-04-05,Oat Milk,10.0,31.0,False
2024-04-06,Oat Milk,11.0,87.5,False
2024-04-07,Oat Milk,10.0,77.5,False
2024-04-08,Oat Milk,9.0,68.5,False
2024-04-09,Oat Milk,8.0,60.5,False
2024-04-10,Oat Milk,10.0,50.5,False
2024-04-11,Oat Milk,11.0,39.5,False
2024-04-12,Oat Milk,10.0,29.5,False
2024-04-13,Oat Milk,9.0,20.5,False
2024-04-14,Oat Milk,10.0,10.5,False
2024-04-15,Oat Milk,9.0,69.0,False
2024-04-16,Oat Milk,6.0,63.0,False
2024-04-17,Oat Milk,8.0,55.0,False
2024-04-18,Oat Milk,10.0,45.0,False
2024-04-19,Oat Milk,8.0,37.0,False
2024-04-20,Oat Milk,9.0,28.0,False
2024-04-21,Oat Milk,7.0,88.5,False
2024-04-22,Oat Milk,9.0,79.5,False
2024-04-23,Oat Milk,8.0,71.5,False
2024-04-24,Oat Milk,8.0,63.5,False
2024-04-25,Oat Milk,9.0,54.5,False
2024-04-26,Oat Milk,10.0,44.5,False
2024-04-27,Oat Milk,8.0,36.5,False
2024-04-28,Oat Milk,9.0,27.5,False
2024-04-29,Oat Milk,8.0,19.5,False
2024-04-30,Oat Milk,35.0,67.5,True
2024-05-01,Oat Milk,,67.5,False
2024-05-02,Oat Milk,10.0,57.5,False
2024-05-03,Oat Milk,8.0,49.5,False
2024-05-04,Oat Milk,10.0,39.5,False
2024-05-05,Oat Milk,7.0,32.5,False
2024-05-06,Oat Milk,10.0,90.0,False
2024-05-07,Oat Milk,9.0,81.0,False
2024-05-08,Oat Milk,10.0,71.0,False
2024-05-09,Oat Milk,11.0,60.0,False
2024-05-10,Oat Milk,6.0,54.0,False
2024-05-11,Oat Milk,9.0,45.0,False
2024-05-12,Oat Milk,9.0,36.0,False
2024-05-13,Oat Milk,9.0,27.0,False
2024-05-14,Oat Milk,9.0,18.0,False
2024-05-15,Oat Milk,10.0,75.5,False
2024-05-16,Oat Milk,10.0,65.5,False
2024-05-17,Oat Milk,8.0,57.5,False
2024-05-18,Oat Milk,7.0,50.5,False
2024-05-19,Oat Milk,8.0,42.5,False
2024-05-20,Oat Milk,9.0,33.5,False
2024-05-21,Oat Milk,11.0,90.0,False
2024-05-22,Oat Milk,8.0,82.0,False
2024-05-23,Oat Milk,7.0,75.0,False
2024-05-24,Oat Milk,7.0,68.0,False
2024-05-25,Oat Milk,8.0,60.0,False
2024-05-26,Oat Milk,7.0,53.0,False
2024-05-27,Oat Milk,8.0,45.0,False
2024-05-28,Oat Milk,8.0,37.0,False
2024-05-29,Oat Milk,9.0,28.0,False
2024-05-30,Oat Milk,10.0,85.5,False
2024-05-31,Oat Milk,10.0,75.5,False
2024-06-01,Oat Milk,9.0,66.5,False
2024-06-02,Oat Milk,6.0,60.5,False
2024-06-03,Oat Milk,9.0,51.5,False
2024-06-04,Oat Milk,7.0,44.5,False
2024-06-05,Oat Milk,8.0,36.5,False
2024-06-06,Oat Milk,8.0,28.5,False
2024-06-07,Oat Milk,11.0,17.5,False
2024-06-08,Oat Milk,8.0,77.0,False
2024-06-09,Oat Milk,9.0,68.0,False
2024-06-10,Oat Milk,8.0,60.0,False
2024-06-11,Oat Milk,9.0,51.0,False
2024-06-12,Oat Milk,8.0,43.0,False
2024-06-13,Oat Milk,9.0,34.0,False
2024-06-14,Oat Milk,10.0,91.5,False
2024-06-15,Oat Milk,8.0,83.5,False
2024-06-16,Oat Milk,8.0,75.5,False
2024-06-17,Oat Milk,8.0,67.5,False
2024-06-18,Oat Milk,8.0,59.5,False
2024-06-19,Oat Milk,8.0,51.5,False
2024-06-20,Oat Milk,8.0,43.5,False
2024-06-21,Oat Milk,8.0,35.5,False
2024-06-22,Oat Milk,9.0,26.5,False
2024-06-23,Oat Milk,8.0,86.0,False
2024-06-24,Oat Milk,8.0,78.0,False
2024-06-25,Oat Milk,8.0,70.0,False
2024-06-26,Oat Milk,6.0,64.0,False
2024-06-27,Oat Milk,6.0,58.0,False
2024-06-28,Oat Milk,9.0,49.0,False
2024-06-29,Oat Milk,10.0,39.0,False
2024-06-30,Oat Milk,6.0,33.0,False
2024-07-01,Oat Milk,7.0,26.0,False
2024-07-02,Oat Milk,8.0,85.5,False
2024-07-03,Oat Milk,7.0,78.5,False
2024-07-04,Oat Milk,6.0,72.5,False
2024-07-05,Oat Milk,8.0,64.5,False
2024-07-06,Oat Milk,8.0,56.5,False
2024-07-07,Oat Milk,9.0,47.5,False
2024-07-08,Oat Milk,6.0,41.5,False
2024-07-09,Oat Milk,8.0,33.5,False
2024-07-10,Oat Milk,9.0,24.5,False
2024-07-11,Oat Milk,8.0,84.0,False
2024-07-12,Oat Milk,8.0,76.0,False
2024-07-13,Oat Milk,7.0,69.0,False
2024-07-14,Oat Milk,9.0,60.0,False
2024-07-15,Oat Milk,7.0,53.0,False
2024-07-16,Oat Milk,7.0,46.0,False
2024-07-17,Oat Milk,8.0,38.0,False
2024-07-18,Oat Milk,8.0,30.0,False
2024-07-19,Oat Milk,8.0,22.0,False
2024-07-20,Oat Milk,7.0,82.5,False
2024-07-21,Oat Milk,6.0,76.5,False
2024-07-22,Oat Milk,8.0,68.5,False
2024-07-23,Oat Milk,8.0,60.5,False
2024-07-24,Oat Milk,7.0,53.5,False
2024-07-25,Oat Milk,9.0,44.5,False
2024-07-26,Oat Milk,8.0,36.5,False
2024-07-27,Oat Milk,7.0,29.5,False
2024-07-28,Oat Milk,9.0,20.5,False
2024-07-29,Oat Milk,9.0,79.0,False
2024-07-30,Oat Milk,8.0,71.0,False
2024-07-31,Oat Milk,9.0,62.0,False
2024-08-01,Oat Milk,8.0,54.0,False
2024-08-02,Oat Milk,8.0,46.0,False
2024-08-03,Oat Milk,9.0,37.0,False
2024-08-04,Oat Milk,8.0,29.0,False
2024-08-05,Oat Milk,9.0,20.0,False
2024-08-06,Oat Milk,10.0,10.0,False
2024-08-07,Oat Milk,8.0,69.5,False
2024-08-08,Oat Milk,6.0,63.5,False
2024-08-09,Oat Milk,8.0,55.5,False
2024-08-10,Oat Milk,6.0,49.5,False
2024-08-11,Oat Milk,6.0,43.5,False
2024-08-12,Oat Milk,8.0,35.5,False
2024-08-13,Oat Milk,7.0,28.5,False
2024-08-14,Oat Milk,7.0,21.5,False
2024-08-15,Oat Milk,7.0,14.5,False
2024-08-16,Oat Milk,9.0,73.0,False
2024-08-17,Oat Milk,9.0,64.0,False
2024-08-18,Oat Milk,10.0,54.0,False
2024-08-19,Oat Milk,7.0,47.0,False
2024-08-20,Oat Milk,7.0,40.0,False
2024-08-21,Oat Milk,9.0,31.0,False
2024-08-22,Oat Milk,6.0,92.5,False
2024-08-23,Oat Milk,10.0,82.5,False
2024-08-24,Oat Milk,9.0,73.5,False
2024-08-25,Oat Milk,9.0,64.5,False
2024-08-26,Oat Milk,9.0,55.5,False
2024-08-27,Oat Milk,8.0,47.5,False
2024-08-28,Oat Milk,7.0,40.5,False
2024-08-29,Oat Milk,9.0,31.5,False
2024-08-30,Oat Milk,9.0,22.5,False
2024-08-31,Oat Milk,8.0,82.0,False
2024-09-01,Oat Milk,9.0,73.0,False
2024-09-02,Oat Milk,7.0,66.0,False
2024-09-03,Oat Milk,8.0,58.0,False
2024-09-04,Oat Milk,8.0,50.0,False
2024-09-05,Oat Milk,6.0,44.0,False
2024-09-06,Oat Milk,9.0,35.0,False
2024-09-07,Oat Milk,10.0,25.0,False
2024-09-08,Oat Milk,8.0,17.0,False
2024-09-09,Oat Milk,8.0,76.5,False
2024-09-10,Oat Milk,10.0,66.5,False
2024-09-11,Oat Milk,8.0,58.5,False
2024-09-12,Oat Milk,8.0,50.5,False
2024-09-13,Oat Milk,8.0,42.5,False
2024-09-14,Oat Milk,8.0,34.5,False
2024-09-15,Oat Milk,10.0,92.0,False
2024-09-16,Oat Milk,11.0,81.0,False
2024-09-17,Oat Milk,8.0,73.0,False
2024-09-18,Oat Milk,9.0,64.0,False
2024-09-19,Oat Milk,10.0,54.0,False
2024-09-20,Oat Milk,10.0,44.0,False
2024-09-21,Oat Milk,8.0,36.0,False
2024-09-22,Oat Milk,7.0,29.0,False
2024-09-23,Oat Milk,8.0,21.0,False
2024-09-24,Oat Milk,10.0,78.5,False
2024-09-25,Oat Milk,8.0,70.5,False
2024-09-26,Oat Milk,9.0,61.5,False
2024-09-27,Oat Milk,10.0,51.5,False
2024-09-28,Oat Milk,9.0,42.5,False
2024-09-29,Oat Milk,8.0,34.5,False
2024-09-30,Oat Milk,8.0,94.0,False
2024-10-01,Oat Milk,6.0,88.0,False
2024-10-02,Oat Milk,7.0,81.0,False
2024-10-03,Oat Milk,9.0,72.0,False
2024-10-04,Oat Milk,7.0,65.0,False
2024-10-05,Oat Milk,9.0,56.0,False
2024-10-06,Oat Milk,9.0,47.0,False
2024-10-07,Oat Milk,10.0,37.0,False
2024-10-08,Oat Milk,6.0,31.0,False
2024-10-09,Oat Milk,8.0,90.5,False
2024-10-10,Oat Milk,9.0,81.5,False
2024-10-11,Oat Milk,9.0,72.5,False
2024-10-12,Oat Milk,8.0,64.5,False
2024-10-13,Oat Milk,10.0,54.5,False
2024-10-14,Oat Milk,8.0,46.5,False
2024-10-15,Oat Milk,9.0,37.5,False
2024-10-16,Oat Milk,9.0,28.5,False
2024-10-17,Oat Milk,9.0,19.5,False
2024-10-18,Oat Milk,10.0,77.0,False
2024-10-19,Oat Milk,11.0,66.0,False
2024-10-20,Oat Milk,11.0,55.0,False
2024-10-21,Oat Milk,13.0,42.0,False
2024-10-22,Oat Milk,9.0,33.0,False
2024-10-23,Oat Milk,8.0,25.0,False
2024-10-24,Oat Milk,9.0,83.5,False
2024-10-25,Oat Milk,8.0,75.5,False
2024-10-26,Oat Milk,10.0,65.5,False
2024-10-27,Oat Milk,9.0,56.5,False
2024-10-28,Oat Milk,9.0,47.5,False
2024-10-29,Oat Milk,9.0,38.5,False
2024-10-30,Oat Milk,10.0,28.5,False
2024-10-31,Oat Milk,10.0,18.5,False
2024-11-01,Oat Milk,10.0,8.5,False
2024-11-02,Oat Milk,10.0,67.5,True
2024-11-03,Oat Milk,11.0,56.5,False
2024-11-04,Oat Milk,9.0,47.5,False
2024-11-05,Oat Milk,10.0,37.5,False
2024-11-06,Oat Milk,0.0,37.5,False
2024-11-07,Oat Milk,10.0,27.5,False
2024-11-08,Oat Milk,11.0,84.0,False
2024-11-09,Oat Milk,11.0,73.0,False
2024-11-10,Oat Milk,9.0,64.0,False
2024-11-11,Oat Milk,11.0,53.0,False
2024-11-12,Oat Milk,9.0,44.0,False
2024-11-13,Oat Milk,9.0,35.0,False
2024-11-14,Oat Milk,12.0,90.5,False
2024-11-15,Oat Milk,9.0,81.5,False
2024-11-16,Oat Milk,11.0,70.5,False
2024-11-17,Oat Milk,10.0,60.5,False
2024-11-18,Oat Milk,10.0,50.5,False
2024-11-19,Oat Milk,9.0,41.5,False
2024-11-20,Oat Milk,9.0,32.5,False
2024-11-21,Oat Milk,10.0,22.5,False
2024-11-22,Oat Milk,10.0,12.5,False
2024-11-23,Oat Milk,9.0,71.0,False
2024-11-24,Oat Milk,11.0,60.0,False
2024-11-25,Oat Milk,10.0,50.0,False
2024-11-26,Oat Milk,10.0,40.0,False
2024-11-27,Oat Milk,10.0,30.0,False
2024-11-28,Oat Milk,9.0,21.0,False
2024-11-29,Oat Milk,11.0,77.5,False
2024-11-30,Oat Milk,10.0,67.5,False
2024-12-01,Oat Milk,10.0,57.5,False
2024-12-02,Oat Milk,10.0,47.5,False
2024-12-03,Oat Milk,12.0,35.5,False
2024-12-04,Oat Milk,9.0,26.5,False
2024-12-05,Oat Milk,9.0,85.0,False
2024-12-06,Oat Milk,11.0,74.0,False
2024-12-07,Oat Milk,10.0,64.0,False
2024-12-08,Oat Milk,13.0,51.0,False
2024-12-09,Oat Milk,13.0,38.0,False
2024-12-10,Oat Milk,10.0,28.0,False
2024-12-11,Oat Milk,8.0,87.5,False
2024-12-12,Oat Milk,11.0,76.5,False
2024-12-13,Oat Milk,13.0,63.5,False
2024-12-14,Oat Milk,9.0,54.5,False
2024-12-15,Oat Milk,11.0,43.5,False
2024-12-16,Oat Milk,9.0,34.5,False
2024-12-17,Oat Milk,12.0,90.0,False
2024-12-18,Oat Milk,9.0,81.0,False
2024-12-19,Oat Milk,11.0,70.0,False
2024-12-20,Oat Milk,10.0,60.0,False
2024-12-21,Oat Milk,11.0,49.0,False
2024-12-22,Oat Milk,10.0,39.0,False
2024-12-23,Oat Milk,13.0,93.5,False
2024-12-24,Oat Milk,10.0,83.5,False
2024-12-25,Oat Milk,10.0,73.5,False
2024-12-26,Oat Milk,10.0,63.5,False
2024-12-27,Oat Milk,10.0,53.5,False
2024-12-28,Oat Milk,9.0,44.5,False
2024-12-29,Oat Milk,9.0,35.5,False
2024-12-30,Oat Milk,12.0,23.5,False
2024-12-31,Oat Milk,9.0,14.5,False
2025-01-01,Oat Milk,9.0,73.0,False
2025-01-02,Oat Milk,10.0,63.0,False
2025-01-03,Oat Milk,13.0,50.0,False
2025-01-04,Oat Milk,10.0,40.0,False
2025-01-05,Oat Milk,11.0,29.0,False
2025-01-06,Oat Milk,11.0,18.0,False
2025-01-07,Oat Milk,10.0,75.5,False
2025-01-08,Oat Milk,11.0,64.5,False
2025-01-09,Oat Milk,10.0,54.5,False
2025-01-10,Oat Milk,10.0,44.5,False
2025-01-11,Oat Milk,12.0,32.5,False
2025-01-12,Oat Milk,10.0,22.5,False
2025-01-13,Oat Milk,11.0,79.0,False
2025-01-14,Oat Milk,9.0,70.0,False
2025-01-15,Oat Milk,10.0,60.0,False
2025-01-16,Oat Milk,9.0,51.0,False
2025-01-17,Oat Milk,12.0,39.0,False
2025-01-18,Oat Milk,11.0,28.0,False
2025-01-19,Oat Milk,9.0,86.5,False
2025-01-20,Oat Milk,10.0,76.5,False
2025-01-21,Oat Milk,10.0,66.5,False
2025-01-22,Oat Milk,11.0,55.5,False
2025-01-23,Oat Milk,7.0,48.5,False
2025-01-24,Oat Milk,8.0,40.5,False
2025-01-25,Oat Milk,10.0,30.5,False
2025-01-26,Oat Milk,11.0,19.5,False
2025-01-27,Oat Milk,12.0,7.5,False
2025-01-28,Oat Milk,9.0,67.5,True
2025-01-29,Oat Milk,10.0,57.5,False
2025-01-30,Oat Milk,11.0,46.5,False
2025-01-31,Oat Milk,10.0,36.5,False
2025-02-01,Oat Milk,11.0,25.5,False
2025-02-02,Oat Milk,10.0,15.5,False
2025-02-03,Oat Milk,11.0,72.0,False
2025-02-04,Oat Milk,9.0,63.0,False
2025-02-05,Oat Milk,11.0,52.0,False
2025-02-06,Oat Milk,12.0,40.0,False
2025-02-07,Oat Milk,12.0,28.0,False
2025-02-08,Oat Milk,10.0,18.0,False
2025-02-09,Oat Milk,11.0,74.5,False
2025-02-10,Oat Milk,12.0,62.5,False
2025-02-11,Oat Milk,10.0,52.5,False
2025-02-12,Oat Milk,11.0,41.5,False
2025-02-13,Oat Milk,9.0,32.5,False
2025-02-14,Oat Milk,9.0,23.5,False
2025-02-15,Oat Milk,13.0,78.0,False
2025-02-16,Oat Milk,11.0,67.0,False
2025-02-17,Oat Milk,11.0,56.0,False
2025-02-18,Oat Milk,13.0,43.0,False
2025-02-19,Oat Milk,8.0,35.0,False
2025-02-20,Oat Milk,11.0,24.0,False
2025-02-21,Oat Milk,9.0,82.5,False
2025-02-22,Oat Milk,11.0,71.5,False
2025-02-23,Oat Milk,10.0,61.5,False
2025-02-24,Oat Milk,10.0,51.5,False
2025-02-25,Oat Milk,10.0,41.5,False
2025-02-26,Oat Milk,11.0,30.5,False
2025-02-27,Oat Milk,12.0,86.0,False
2025-02-28,Oat Milk,11.0,75.0,False
2025-03-01,Oat Milk,11.0,64.0,False
2025-03-02,Oat Milk,10.0,54.0,False
2025-03-03,Oat Milk,11.0,43.0,False
2025-03-04,Oat Milk,11.0,32.0,False
2025-03-05,Oat Milk,6.0,93.5,False
2025-03-06,Oat Milk,11.0,82.5,False
2025-03-07,Oat Milk,12.0,70.5,False
2025-03-08,Oat Milk,12.0,58.5,False
2025-03-09,Oat Milk,9.0,49.5,False
2025-03-10,Oat Milk,11.0,38.5,False
2025-03-11,Oat Milk,7.0,31.5,False
2025-03-12,Oat Milk,10.0,21.5,False
2025-03-13,Oat Milk,11.0,10.5,False
2025-03-14,Oat Milk,11.0,67.5,True
2025-03-15,Oat Milk,13.0,54.5,False
2025-03-16,Oat Milk,8.0,46.5,False
2025-03-17,Oat Milk,10.0,36.5,False
2025-03-18,Oat Milk,8.0,28.5,False
2025-03-19,Oat Milk,9.0,19.5,False
2025-03-20,Oat Milk,11.0,76.0,False
2025-03-21,Oat Milk,10.0,66.0,False
2025-03-22,Oat Milk,10.0,56.0,False
2025-03-23,Oat Milk,7.0,49.0,False
2025-03-24,Oat Milk,10.0,39.0,False
2025-03-25,Oat Milk,10.0,29.0,False
2025-03-26,Oat Milk,9.0,87.5,False
2025-03-27,Oat Milk,8.0,79.5,False
2025-03-28,Oat Milk,10.0,69.5,False
2025-03-29,Oat Milk,10.0,59.5,False
2025-03-30,Oat Milk,11.0,48.5,False
2025-03-31,Oat Milk,9.0,39.5,False
2025-04-01,Oat Milk,7.0,32.5,False
2025-04-02,Oat Milk,10.0,22.5,False
2025-04-03,Oat Milk,10.0,12.5,False
2025-04-04,Oat Milk,11.0,69.0,False
2025-04-05,Oat Milk,8.0,61.0,False
2025-04-06,Oat Milk,9.0,52.0,False
2025-04-07,Oat Milk,11.0,41.0,False
2025-04-08,Oat Milk,10.0,31.0,False
2025-04-09,Oat Milk,10.0,21.0,False
2025-04-10,Oat Milk,11.0,77.5,False
2025-04-11,Oat Milk,11.0,66.5,False
2025-04-12,Oat Milk,11.0,55.5,False
2025-04-13,Oat Milk,8.0,47.5,False
2025-04-14,Oat Milk,8.0,39.5,False
2025-04-15,Oat Milk,9.0,30.5,False
2025-04-16,Oat Milk,9.0,89.0,False
2025-04-17,Oat Milk,9.0,80.0,False
2025-04-18,Oat Milk,9.0,71.0,False
2025-04-19,Oat Milk,10.0,61.0,False
2025-04-20,Oat Milk,0.0,61.0,False
2025-04-21,Oat Milk,10.0,51.0,False
2025-04-22,Oat Milk,7.0,44.0,False
2025-04-23,Oat Milk,8.0,36.0,False
2025-04-24,Oat Milk,9.0,27.0,False
2025-04-25,Oat Milk,10.0,84.5,False
2025-04-26,Oat Milk,9.0,75.5,False
2025-04-27,Oat Milk,10.0,65.5,False
2025-04-28,Oat Milk,7.0,58.5,False
2025-04-29,Oat Milk,8.0,50.5,False
2025-04-30,Oat Milk,10.0,40.5,False
2025-05-01,Oat Milk,8.0,32.5,False
2025-05-02,Oat Milk,9.0,23.5,False
2025-05-03,Oat Milk,8.0,15.5,False
2025-05-04,Oat Milk,8.0,75.0,False
2025-05-05,Oat Milk,9.0,66.0,False
2025-05-06,Oat Milk,9.0,57.0,False
2025-05-07,Oat Milk,7.0,50.0,False
2025-05-08,Oat Milk,9.0,41.0,False
2025-05-09,Oat Milk,9.0,32.0,False
2025-05-10,Oat Milk,,32.0,False
2025-05-11,Oat Milk,9.0,23.0,False
2025-05-12,Oat Milk,0.0,23.0,False
2025-05-13,Oat Milk,9.0,81.5,False
2025-05-14,Oat Milk,11.0,70.5,False
2025-05-15,Oat Milk,11.0,59.5,False
2025-05-16,Oat Milk,8.0,51.5,False
2025-05-17,Oat Milk,9.0,42.5,False
2025-05-18,Oat Milk,8.0,34.5,False
2025-05-19,Oat Milk,10.0,92.0,False
2025-05-20,Oat Milk,9.0,83.0,False
2025-05-21,Oat Milk,9.0,74.0,False
2025-05-22,Oat Milk,7.0,67.0,False
2025-05-23,Oat Milk,8.0,59.0,False
2025-05-24,Oat Milk,9.0,50.0,False
2025-05-25,Oat Milk,7.0,43.0,False
2025-05-26,Oat Milk,10.0,33.0,False
2025-05-27,Oat Milk,,33.0,False
2025-05-28,Oat Milk,9.0,91.5,False
2025-05-29,Oat Milk,9.0,82.5,False
2025-05-30,Oat Milk,8.0,74.5,False
2025-05-31,Oat Milk,10.0,64.5,False
2025-06-01,Oat Milk,8.0,56.5,False
2025-06-02,Oat Milk,8.0,48.5,False
2025-06-03,Oat Milk,8.0,40.5,False
2025-06-04,Oat Milk,7.0,33.5,False
2025-06-05,Oat Milk,8.0,25.5,False
2025-06-06,Oat Milk,8.0,85.0,False
2025-06-07,Oat Milk,8.0,77.0,False
2025-06-08,Oat Milk,8.0,69.0,False
2025-06-09,Oat Milk,9.0,60.0,False
2025-06-10,Oat Milk,6.0,54.0,False
2025-06-11,Oat Milk,8.0,46.0,False
2025-06-12,Oat Milk,9.0,37.0,False
2025-06-13,Oat Milk,7.0,30.0,False
2025-06-14,Oat Milk,9.0,21.0,False
2025-06-15,Oat Milk,8.0,80.5,False
2025-06-16,Oat Milk,8.0,72.5,False
2025-06-17,Oat Milk,7.0,65.5,False
2025-06-18,Oat Milk,8.0,57.5,False
2025-06-19,Oat Milk,7.0,50.5,False
2025-06-20,Oat Milk,8.0,42.5,False
2025-06-21,Oat Milk,9.0,33.5,False
2025-06-22,Oat Milk,8.0,25.5,False
2025-06-23,Oat Milk,8.0,17.5,False
2025-06-24,Oat Milk,7.0,78.0,False
2025-06-25,Oat Milk,9.0,69.0,False
2025-06-26,Oat Milk,7.0,62.0,False
2025-06-27,Oat Milk,8.0,54.0,False
2025-06-28,Oat Milk,6.0,48.0,False
2025-06-29,Oat Milk,8.0,40.0,False
2025-06-30,Oat Milk,7.0,33.0,False
2025-07-01,Oat Milk,9.0,24.0,False
2025-07-02,Oat Milk,6.0,18.0,False
2025-07-03,Oat Milk,8.0,77.5,False
2025-07-04,Oat Milk,9.0,68.5,False
2025-07-05,Oat Milk,7.0,61.5,False
2025-07-06,Oat Milk,10.0,51.5,False
2025-07-07,Oat Milk,8.0,43.5,False
2025-07-08,Oat Milk,7.0,36.5,False
2025-07-09,Oat Milk,8.0,28.5,False
2025-07-10,Oat Milk,7.0,21.5,False
2025-07-11,Oat Milk,9.0,12.5,False
2025-07-12,Oat Milk,7.0,73.0,False
2025-07-13,Oat Milk,8.0,65.0,False
2025-07-14,Oat Milk,7.0,58.0,False
2025-07-15,Oat Milk,8.0,50.0,False
2025-07-16,Oat Milk,7.0,43.0,False
2025-07-17,Oat Milk,8.0,35.0,False
2025-07-18,Oat Milk,10.0,92.5,False
2025-07-19,Oat Milk,9.0,83.5,False
2025-07-20,Oat Milk,8.0,75.5,False
2025-07-21,Oat Milk,7.0,68.5,False
2025-07-22,Oat Milk,9.0,59.5,False
2025-07-23,Oat Milk,9.0,50.5,False
2025-07-24,Oat Milk,9.0,41.5,False
2025-07-25,Oat Milk,8.0,33.5,False
2025-07-26,Oat Milk,9.0,24.5,False
2025-07-27,Oat Milk,7.0,85.0,False
2025-07-28,Oat Milk,8.0,77.0,False
2025-07-29,Oat Milk,5.0,72.0,False
2025-07-30,Oat Milk,9.0,63.0,False
2025-07-31,Oat Milk,8.0,55.0,False
2025-08-01,Oat Milk,8.0,47.0,False
2025-08-02,Oat Milk,9.0,38.0,False
2025-08-03,Oat Milk,7.0,31.0,False
2025-08-04,Oat Milk,6.0,25.0,False
2025-08-05,Oat Milk,8.0,84.5,False
2025-08-06,Oat Milk,7.0,77.5,False
2025-08-07,Oat Milk,8.0,69.5,False
2025-08-08,Oat Milk,7.0,62.5,False
2025-08-09,Oat Milk,9.0,53.5,False
2025-08-10,Oat Milk,7.0,46.5,False
2025-08-11,Oat Milk,10.0,36.5,False
2025-08-12,Oat Milk,8.0,28.5,False
2025-08-13,Oat Milk,7.0,21.5,False
2025-08-14,Oat Milk,8.0,81.0,False
2025-08-15,Oat Milk,9.0,72.0,False
2025-08-16,Oat Milk,9.0,63.0,False
2025-08-17,Oat Milk,8.0,55.0,False
2025-08-18,Oat Milk,7.0,48.0,False
2025-08-19,Oat Milk,8.0,40.0,False
2025-08-20,Oat Milk,9.0,31.0,False
2025-08-21,Oat Milk,9.0,22.0,False
2025-08-22,Oat Milk,9.0,13.0,False
2025-08-23,Oat Milk,9.0,71.5,False
2025-08-24,Oat Milk,9.0,62.5,False
2025-08-25,Oat Milk,8.0,54.5,False
2025-08-26,Oat Milk,9.0,45.5,False
2025-08-27,Oat Milk,11.0,34.5,False
2025-08-28,Oat Milk,7.0,27.5,False
2025-08-29,Oat Milk,9.0,86.0,False
2025-08-30,Oat Milk,8.0,78.0,False
2025-08-31,Oat Milk,9.0,69.0,False
2025-09-01,Oat Milk,0.0,69.0,False
2025-09-02,Oat Milk,9.0,60.0,False
2025-09-03,Oat Milk,9.0,51.0,False
2025-09-04,Oat Milk,9.0,42.0,False
2025-09-05,Oat Milk,10.0,32.0,False
2025-09-06,Oat Milk,8.0,24.0,False
2025-09-07,Oat Milk,10.0,81.5,False
2025-09-08,Oat Milk,7.0,74.5,False
2025-09-09,Oat Milk,8.0,66.5,False
2025-09-10,Oat Milk,10.0,56.5,False
2025-09-11,Oat Milk,10.0,46.5,False
2025-09-12,Oat Milk,9.0,37.5,False
2025-09-13,Oat Milk,7.0,30.5,False
2025-09-14,Oat Milk,10.0,20.5,False
2025-09-15,Oat Milk,7.0,13.5,False
2025-09-16,Oat Milk,9.0,72.0,False
2025-09-17,Oat Milk,7.0,65.0,False
2025-09-18,Oat Milk,8.0,57.0,False
2025-09-19,Oat Milk,9.0,48.0,False
2025-09-20,Oat Milk,9.0,39.0,False
2025-09-21,Oat Milk,9.0,30.0,False
2025-09-22,Oat Milk,8.0,89.5,False
2025-09-23,Oat Milk,8.0,81.5,False
2025-09-24,Oat Milk,7.0,74.5,False
2025-09-25,Oat Milk,9.0,65.5,False
2025-09-26,Oat Milk,9.0,56.5,False
2025-09-27,Oat Milk,8.0,48.5,False
2025-09-28,Oat Milk,9.0,39.5,False
2025-09-29,Oat Milk,10.0,29.5,False
2025-09-30,Oat Milk,9.0,20.5,False
2025-10-01,Oat Milk,8.0,80.0,False
2025-10-02,Oat Milk,9.0,71.0,False
2025-10-03,Oat Milk,11.0,60.0,False
2025-10-04,Oat Milk,9.0,51.0,False
2025-10-05,Oat Milk,8.0,43.0,False
2025-10-06,Oat Milk,8.0,35.0,False
2025-10-07,Oat Milk,7.0,28.0,False
2025-10-08,Oat Milk,9.0,19.0,False
2025-10-09,Oat Milk,7.0,12.0,False
2025-10-10,Oat Milk,9.0,70.5,False
2025-10-11,Oat Milk,10.0,60.5,False
2025-10-12,Oat Milk,11.0,49.5,False
2025-10-13,Oat Milk,10.0,39.5,False
2025-10-14,Oat Milk,9.0,30.5,False
2025-10-15,Oat Milk,11.0,19.5,False
2025-10-16,Oat Milk,8.0,79.0,False
2025-10-17,Oat Milk,8.0,71.0,False
2025-10-18,Oat Milk,8.0,63.0,False
2025-10-19,Oat Milk,9.0,54.0,False
2025-10-20,Oat Milk,9.0,45.0,False
2025-10-21,Oat Milk,11.0,34.0,False
2025-10-22,Oat Milk,9.0,92.5,False
2025-10-23,Oat Milk,8.0,84.5,False
2025-10-24,Oat Milk,8.0,76.5,False
2025-10-25,Oat Milk,10.0,66.5,False
2025-10-26,Oat Milk,8.0,58.5,False
2025-10-27,Oat Milk,10.0,48.5,False
2025-10-28,Oat Milk,9.0,39.5,False
2025-10-29,Oat Milk,10.0,29.5,False
2025-10-30,Oat Milk,10.0,19.5,False
2025-10-31,Oat Milk,10.0,77.0,False
2025-11-01,Oat Milk,11.0,66.0,False
2025-11-02,Oat Milk,9.0,57.0,False
2025-11-03,Oat Milk,9.0,48.0,False
2025-11-04,Oat Milk,,48.0,False
2025-11-05,Oat Milk,9.0,39.0,False
2025-11-06,Oat Milk,10.0,29.0,False
2025-11-07,Oat Milk,10.0,19.0,False
2025-11-08,Oat Milk,9.0,10.0,False
2025-11-09,Oat Milk,11.0,67.5,True
2025-11-10,Oat Milk,9.0,58.5,False
2025-11-11,Oat Milk,10.0,48.5,False
2025-11-12,Oat Milk,10.0,38.5,False
2025-11-13,Oat Milk,10.0,28.5,False
2025-11-14,Oat Milk,12.0,16.5,False
2025-11-15,Oat Milk,11.0,73.0,False
2025-11-16,Oat Milk,10.0,63.0,False
2025-11-17,Oat Milk,12.0,51.0,False
2025-11-18,Oat Milk,8.0,43.0,False
2025-11-19,Oat Milk,10.0,33.0,False
2025-11-20,Oat Milk,10.0,23.0,False
2025-11-21,Oat Milk,9.0,81.5,False
2025-11-22,Oat Milk,9.0,72.5,False
2025-11-23,Oat Milk,10.0,62.5,False
2025-11-24,Oat Milk,10.0,52.5,False
2025-11-25,Oat Milk,9.0,43.5,False
2025-11-26,Oat Milk,10.0,33.5,False
2025-11-27,Oat Milk,9.0,92.0,False
2025-11-28,Oat Milk,11.0,81.0,False
2025-11-29,Oat Milk,10.0,71.0,False
2025-11-30,Oat Milk,12.0,59.0,False
2025-12-01,Oat Milk,10.0,49.0,False
2025-12-02,Oat Milk,10.0,39.0,False
2025-12-03,Oat Milk,10.0,29.0,False
2025-12-04,Oat Milk,9.0,20.0,False
2025-12-05,Oat Milk,10.0,10.0,False
2025-12-06,Oat Milk,12.0,67.5,True
2025-12-07,Oat Milk,9.0,58.5,False
2025-12-08,Oat Milk,10.0,48.5,False
2025-12-09,Oat Milk,10.0,38.5,False
2025-12-10,Oat Milk,52.0,0.0,True
2025-12-11,Oat Milk,11.0,0.0,True
2025-12-12,Oat Milk,10.0,67.5,True
2025-12-13,Oat Milk,12.0,55.5,False
2025-12-14,Oat Milk,13.0,42.5,False
2025-12-15,Oat Milk,11.0,31.5,False
2025-12-16,Oat Milk,12.0,19.5,False
2025-12-17,Oat Milk,13.0,6.5,False
2025-12-18,Oat Milk,10.0,67.5,True
2025-12-19,Oat Milk,10.0,57.5,False
2025-12-20,Oat Milk,11.0,46.5,False
2025-12-21,Oat Milk,10.0,36.5,False
2025-12-22,Oat Milk,12.0,24.5,False
2025-12-23,Oat Milk,11.0,13.5,False
2025-12-24,Oat Milk,13.0,68.0,False
2025-12-25,Oat Milk,10.0,58.0,False
2025-12-26,Oat Milk,8.0,50.0,False
2025-12-27,Oat Milk,10.0,40.0,False
2025-12-28,Oat Milk,10.0,30.0,False
2025-12-29,Oat Milk,11.0,19.0,False
2025-12-30,Oat Milk,12.0,74.5,False
2025-12-31,Oat Milk,10.0,64.5,False
2026-01-01,Oat Milk,11.0,53.5,False
2026-01-02,Oat Milk,12.0,41.5,False
2026-01-03,Oat Milk,9.0,32.5,False
2026-01-04,Oat Milk,12.0,20.5,False
2026-01-05,Oat Milk,9.0,79.0,False
2026-01-06,Oat Milk,11.0,68.0,False
2026-01-07,Oat Milk,8.0,60.0,False
2026-01-08,Oat Milk,9.0,51.0,False
2026-01-09,Oat Milk,11.0,40.0,False
2026-01-10,Oat Milk,10.0,30.0,False
2026-01-11,Oat Milk,12.0,85.5,False
2026-01-12,Oat Milk,9.0,76.5,False
2026-01-13,Oat Milk,9.0,67.5,False
2026-01-14,Oat Milk,10.0,57.5,False
2026-01-15,Oat Milk,10.0,47.5,False
2026-01-16,Oat Milk,10.0,37.5,False
2026-01-17,Oat Milk,12.0,93.0,False
2026-01-18,Oat Milk,12.0,81.0,False
2026-01-19,Oat Milk,12.0,69.0,False
2026-01-20,Oat Milk,12.0,57.0,False
2026-01-21,Oat Milk,11.0,46.0,False
2026-01-22,Oat Milk,9.0,37.0,False
2026-01-23,Oat Milk,11.0,93.5,False
2026-01-24,Oat Milk,11.0,82.5,False
2026-01-25,Oat Milk,11.0,71.5,False
2026-01-26,Oat Milk,10.0,61.5,False
2026-01-27,Oat Milk,12.0,49.5,False
2026-01-28,Oat Milk,11.0,38.5,False
2026-01-29,Oat Milk,10.0,28.5,False
2026-01-30,Oat Milk,12.0,16.5,False
2026-01-31,Oat Milk,10.0,6.5,False
2026-02-01,Oat Milk,9.0,67.5,True
2026-02-02,Oat Milk,11.0,56.5,False
2026-02-03,Oat Milk,9.0,47.5,False
2026-02-04,Oat Milk,11.0,36.5,False
2026-02-05,Oat Milk,12.0,24.5,False
2026-02-06,Oat Milk,10.0,14.5,False
2026-02-07,Oat Milk,9.0,73.0,False
2026-02-08,Oat Milk,10.0,63.0,False
2026-02-09,Oat Milk,11.0,52.0,False
2026-02-10,Oat Milk,11.0,41.0,False
2026-02-11,Oat Milk,9.0,32.0,False
2026-02-12,Oat Milk,10.0,22.0,False
2026-02-13,Oat Milk,10.0,79.5,False
2026-02-14,Oat Milk,11.0,68.5,False
2026-02-15,Oat Milk,13.0,55.5,False
2026-02-16,Oat Milk,10.0,45.5,False
2026-02-17,Oat Milk,9.0,36.5,False
2026-02-18,Oat Milk,11.0,25.5,False
2026-02-19,Oat Milk,11.0,82.0,False
2026-02-20,Oat Milk,9.0,73.0,False
2026-02-21,Oat Milk,11.0,62.0,False
2026-02-22,Oat Milk,10.0,52.0,False
2026-02-23,Oat Milk,11.0,41.0,False
2026-02-24,Oat Milk,9.0,32.0,False
2026-02-25,Oat Milk,10.0,89.5,False
2026-02-26,Oat Milk,10.0,79.5,False
2026-02-27,Oat Milk,9.0,70.5,False
2026-02-28,Oat Milk,11.0,59.5,False
2026-03-01,Oat Milk,8.0,51.5,False
2026-03-02,Oat Milk,9.0,42.5,False
2026-03-03,Oat Milk,9.0,33.5,False
2026-03-04,Oat Milk,9.0,24.5,False
2026-03-05,Oat Milk,9.0,15.5,False
2026-03-06,Oat Milk,10.0,73.0,False
2026-03-07,Oat Milk,9.0,64.0,False
2026-03-08,Oat Milk,8.0,56.0,False
2026-03-09,Oat Milk,11.0,45.0,False
2026-03-10,Oat Milk,12.0,33.0,False
2026-03-11,Oat Milk,11.0,22.0,False
2026-03-12,Oat Milk,10.0,79.5,False
2026-03-13,Oat Milk,9.0,70.5,False
2026-03-14,Oat Milk,12.0,58.5,False
2026-03-15,Oat Milk,12.0,46.5,False
2026-03-16,Oat Milk,8.0,38.5,False
2026-03-17,Oat Milk,10.0,28.5,False
2026-03-18,Oat Milk,8.0,88.0,False
2026-03-19,Oat Milk,10.0,78.0,False
2026-03-20,Oat Milk,10.0,68.0,False
2026-03-21,Oat Milk,10.0,58.0,False
2026-03-22,Oat Milk,11.0,47.0,False
2026-03-23,Oat Milk,10.0,37.0,False
2026-03-24,Oat Milk,11.0,93.5,False
2026-03-25,Oat Milk,9.0,84.5,False
2026-03-26,Oat Milk,10.0,74.5,False
2026-03-27,Oat Milk,8.0,66.5,False
2026-03-28,Oat Milk,11.0,55.5,False
2026-03-29,Oat Milk,10.0,45.5,False
2026-03-30,Oat Milk,11.0,34.5,False
2026-03-31,Oat Milk,9.0,25.5,False
2026-04-01,Oat Milk,10.0,15.5,False
2026-04-02,Oat Milk,9.0,74.0,False
2026-04-03,Oat Milk,10.0,64.0,False
2026-04-04,Oat Milk,11.0,53.0,False
2026-04-05,Oat Milk,11.0,42.0,False
2026-04-06,Oat Milk,10.0,32.0,False
2026-04-07,Oat Milk,10.0,22.0,False
2026-04-08,Oat Milk,10.0,79.5,False
2026-04-09,Oat Milk,10.0,69.5,False
2026-04-10,Oat Milk,10.0,59.5,False
2026-04-11,Oat Milk,7.0,52.5,False
2026-04-12,Oat Milk,8.0,44.5,False
2026-04-13,Oat Milk,9.0,35.5,False
2026-04-14,Oat Milk,10.0,93.0,False
2026-04-15,Oat Milk,8.0,85.0,False
2026-04-16,Oat Milk,10.0,75.0,False
2026-04-17,Oat Milk,8.0,67.0,False
2026-04-18,Oat Milk,10.0,57.0,False
2026-04-19,Oat Milk,10.0,47.0,False
2026-04-20,Oat Milk,9.0,38.0,False
2026-04-21,Oat Milk,11.0,27.0,False
2026-04-22,Oat Milk,9.0,18.0,False
2026-04-23,Oat Milk,10.0,75.5,False
2026-04-24,Oat Milk,9.0,66.5,False
2026-04-25,Oat Milk,9.0,57.5,False
2026-04-26,Oat Milk,11.0,46.5,False
2026-04-27,Oat Milk,8.0,38.5,False
2026-04-28,Oat Milk,9.0,29.5,False
2026-04-29,Oat Milk,9.0,88.0,False
2026-04-30,Oat Milk,9.0,79.0,False
2026-05-01,Oat Milk,8.0,71.0,False
2026-05-02,Oat Milk,9.0,62.0,False
2026-05-03,Oat Milk,10.0,52.0,False
2026-05-04,Oat Milk,9.0,43.0,False
2026-05-05,Oat Milk,7.0,36.0,False
2026-05-06,Oat Milk,10.0,26.0,False
2026-05-07,Oat Milk,8.0,18.0,False
2026-05-08,Oat Milk,8.0,77.5,False
2026-05-09,Oat Milk,8.0,69.5,False
2026-05-10,Oat Milk,8.0,61.5,False
2026-05-11,Oat Milk,7.0,54.5,False
2026-05-12,Oat Milk,9.0,45.5,False
2026-05-13,Oat Milk,9.0,36.5,False
2026-05-14,Oat Milk,8.0,28.5,False
2026-05-15,Oat Milk,9.0,19.5,False
2026-05-16,Oat Milk,9.0,10.5,False
2026-05-17,Oat Milk,10.0,68.0,False
2026-05-18,Oat Milk,7.0,61.0,False
2026-05-19,Oat Milk,8.0,53.0,False
2026-05-20,Oat Milk,9.0,44.0,False
2026-05-21,Oat Milk,5.0,39.0,False
2026-05-22,Oat Milk,8.0,31.0,False
2026-05-23,Oat Milk,11.0,87.5,False
2026-05-24,Oat Milk,9.0,78.5,False
2026-05-25,Oat Milk,8.0,70.5,False
2026-05-26,Oat Milk,8.0,62.5,False
2026-05-27,Oat Milk,8.0,54.5,False
2026-05-28,Oat Milk,10.0,44.5,False
2026-05-29,Oat Milk,6.0,38.5,False
2026-05-30,Oat Milk,9.0,29.5,False
2026-05-31,Oat Milk,10.0,19.5,False
2026-06-01,Oat Milk,9.0,78.0,False
2026-06-02,Oat Milk,8.0,70.0,False
2026-06-03,Oat Milk,8.0,62.0,False
2026-06-04,Oat Milk,9.0,53.0,False
2026-06-05,Oat Milk,9.0,44.0,False
2026-06-06,Oat Milk,9.0,35.0,False
2026-06-07,Oat Milk,9.0,93.5,False
2026-06-08,Oat Milk,10.0,83.5,False
2026-06-09,Oat Milk,8.0,75.5,False
2026-06-10,Oat Milk,9.0,66.5,False
2026-06-11,Oat Milk,10.0,56.5,False
2026-06-12,Oat Milk,8.0,48.5,False
2026-06-13,Oat Milk,9.0,39.5,False
2026-06-14,Oat Milk,9.0,30.5,False
2026-06-15,Oat Milk,9.0,21.5,False
2026-06-16,Oat Milk,9.0,80.0,False
2026-06-17,Oat Milk,7.0,73.0,False
2026-06-18,Oat Milk,8.0,65.0,False
2026-06-19,Oat Milk,8.0,57.0,False
2026-06-20,Oat Milk,7.0,50.0,False
2026-06-21,Oat Milk,7.0,43.0,False
2026-06-22,Oat Milk,8.0,35.0,False
2026-06-23,Oat Milk,8.0,27.0,False
2026-06-24,Oat Milk,7.0,20.0,False
2026-06-25,Oat Milk,8.0,79.5,False
2026-06-26,Oat Milk,8.0,71.5,False
2026-06-27,Oat Milk,8.0,63.5,False
2026-06-28,Oat Milk,6.0,57.5,False
2026-06-29,Oat Milk,8.0,49.5,False
2026-06-30,Oat Milk,7.0,42.5,False
2026-07-01,Oat Milk,7.0,35.5,False
2026-07-02,Oat Milk,7.0,28.5,False
2026-07-03,Oat Milk,7.0,21.5,False
2026-07-04,Oat Milk,9.0,80.0,False
2026-07-05,Oat Milk,9.0,71.0,False
2026-07-06,Oat Milk,6.0,65.0,False
2026-07-07,Oat Milk,8.0,57.0,False
2026-07-08,Oat Milk,6.0,51.0,False
2026-07-09,Oat Milk,7.0,44.0,False
2026-07-10,Oat Milk,6.0,38.0,False
2026-07-11,Oat Milk,7.0,31.0,False
2026-07-12,Oat Milk,7.0,24.0,False
2026-07-13,Oat Milk,9.0,82.5,False
2026-07-14,Oat Milk,7.0,75.5,False
2026-07-15,Oat Milk,5.0,70.5,False
2026-07-16,Oat Milk,7.0,63.5,False
2026-07-17,Oat Milk,8.0,55.5,False
2026-07-18,Oat Milk,7.0,48.5,False
2026-07-19,Oat Milk,7.0,41.5,False
2026-07-20,Oat Milk,7.0,34.5,False
2026-07-21,Oat Milk,7.0,27.5,False
2026-07-22,Oat Milk,8.0,87.0,False
2026-07-23,Oat Milk,9.0,78.0,False
2026-07-24,Oat Milk,8.0,70.0,False
2026-07-25,Oat Milk,10.0,60.0,False
2026-07-26,Oat Milk,7.0,53.0,False
2026-07-27,Oat Milk,9.0,44.0,False
2026-07-28,Oat Milk,8.0,36.0,False
2026-07-29,Oat Milk,7.0,29.0,False
2026-07-30,Oat Milk,7.0,22.0,False
2026-07-31,Oat Milk,8.0,81.5,False
2026-08-01,Oat Milk,9.0,72.5,False
2026-08-02,Oat Milk,6.0,66.5,False
2026-08-03,Oat Milk,8.0,58.5,False
2026-08-04,Oat Milk,9.0,49.5,False
2026-08-05,Oat Milk,9.0,40.5,False
2026-08-06,Oat Milk,9.0,31.5,False
2026-08-07,Oat Milk,7.0,24.5,False
2026-08-08,Oat Milk,8.0,16.5,False
2026-08-09,Oat Milk,8.0,76.0,False
2026-08-10,Oat Milk,8.0,68.0,False
2026-08-11,Oat Milk,7.0,61.0,False
2026-08-12,Oat Milk,8.0,53.0,False
2026-08-13,Oat Milk,,53.0,False
2026-08-14,Oat Milk,9.0,44.0,False
2026-08-15,Oat Milk,9.0,35.0,False
2026-08-16,Oat Milk,9.0,26.0,False
2026-08-17,Oat Milk,7.0,19.0,False
2026-08-18,Oat Milk,6.0,80.5,False
2026-08-19,Oat Milk,9.0,71.5,False
2026-08-20,Oat Milk,6.0,65.5,False
2026-08-21,Oat Milk,8.0,57.5,False
2026-08-22,Oat Milk,8.0,49.5,False
2026-08-23,Oat Milk,9.0,40.5,False
2026-08-24,Oat Milk,9.0,31.5,False
2026-08-25,Oat Milk,10.0,21.5,False
2026-08-26,Oat Milk,9.0,12.5,False
2026-08-27,Oat Milk,7.0,73.0,False
2026-08-28,Oat Milk,8.0,65.0,False
2026-08-29,Oat Milk,8.0,57.0,False
2026-08-30,Oat Milk,7.0,50.0,False
2026-08-31,Oat Milk,8.0,6.0,False
2021-01-01,Paper Cups (12oz),9.0,75.0,False
2021-01-02,Paper Cups (12oz),9.0,66.0,False
2021-01-03,Paper Cups (12oz),8.0,58.0,False
2021-01-04,Paper Cups (12oz),6.0,52.0,False
2021-01-05,Paper Cups (12oz),7.0,45.0,False
2021-01-06,Paper Cups (12oz),7.0,38.0,False
2021-01-07,Paper Cups (12oz),7.0,136.0,False
2021-01-08,Paper Cups (12oz),7.0,129.0,False
2021-01-09,Paper Cups (12oz),8.0,121.0,False
2021-01-10,Paper Cups (12oz),7.0,114.0,False
2021-01-11,Paper Cups (12oz),8.0,106.0,False
2021-01-12,Paper Cups (12oz),8.0,98.0,False
2021-01-13,Paper Cups (12oz),8.0,90.0,False
2021-01-14,Paper Cups (12oz),7.0,83.0,False
2021-01-15,Paper Cups (12oz),7.0,76.0,False
2021-01-16,Paper Cups (12oz),6.0,70.0,False
2021-01-17,Paper Cups (12oz),7.0,63.0,False
2021-01-18,Paper Cups (12oz),8.0,55.0,False
2021-01-19,Paper Cups (12oz),7.0,48.0,False
2021-01-20,Paper Cups (12oz),8.0,40.0,False
2021-01-21,Paper Cups (12oz),7.0,33.0,False
2021-01-22,Paper Cups (12oz),8.0,130.0,False
2021-01-23,Paper Cups (12oz),7.0,123.0,False
2021-01-24,Paper Cups (12oz),8.0,115.0,False
2021-01-25,Paper Cups (12oz),8.0,107.0,False
2021-01-26,Paper Cups (12oz),7.0,100.0,False
2021-01-27,Paper Cups (12oz),8.0,92.0,False
2021-01-28,Paper Cups (12oz),7.0,85.0,False
2021-01-29,Paper Cups (12oz),6.0,79.0,False
2021-01-30,Paper Cups (12oz),7.0,72.0,False
2021-01-31,Paper Cups (12oz),8.0,64.0,False
2021-02-01,Paper Cups (12oz),6.0,58.0,False
2021-02-02,Paper Cups (12oz),5.0,53.0,False
2021-02-03,Paper Cups (12oz),7.0,46.0,False
2021-02-04,Paper Cups (12oz),7.0,39.0,False
2021-02-05,Paper Cups (12oz),7.0,32.0,False
2021-02-06,Paper Cups (12oz),8.0,129.0,False
2021-02-07,Paper Cups (12oz),7.0,122.0,False
2021-02-08,Paper Cups (12oz),7.0,115.0,False
2021-02-09,Paper Cups (12oz),8.0,107.0,False
2021-02-10,Paper Cups (12oz),8.0,99.0,False
2021-02-11,Paper Cups (12oz),6.0,93.0,False
2021-02-12,Paper Cups (12oz),6.0,87.0,False
2021-02-13,Paper Cups (12oz),8.0,79.0,False
2021-02-14,Paper Cups (12oz),8.0,71.0,False
2021-02-15,Paper Cups (12oz),8.0,63.0,False
2021-02-16,Paper Cups (12oz),7.0,56.0,False
2021-02-17,Paper Cups (12oz),8.0,48.0,False
2021-02-18,Paper Cups (12oz),7.0,146.0,False
2021-02-19,Paper Cups (12oz),5.0,141.0,False
2021-02-20,Paper Cups (12oz),8.0,133.0,False
2021-02-21,Paper Cups (12oz),7.0,126.0,False
2021-02-22,Paper Cups (12oz),6.0,120.0,False
2021-02-23,Paper Cups (12oz),6.0,114.0,False
2021-02-24,Paper Cups (12oz),8.0,106.0,False
2021-02-25,Paper Cups (12oz),6.0,100.0,False
2021-02-26,Paper Cups (12oz),6.0,94.0,False
2021-02-27,Paper Cups (12oz),7.0,87.0,False
2021-02-28,Paper Cups (12oz),6.0,81.0,False
2021-03-01,Paper Cups (12oz),7.0,74.0,False
2021-03-02,Paper Cups (12oz),6.0,68.0,False
2021-03-03,Paper Cups (12oz),5.0,63.0,False
2021-03-04,Paper Cups (12oz),7.0,56.0,False
2021-03-05,Paper Cups (12oz),6.0,50.0,False
2021-03-06,Paper Cups (12oz),0.0,50.0,False
2021-03-07,Paper Cups (12oz),9.0,41.0,False
2021-03-08,Paper Cups (12oz),7.0,139.0,False
2021-03-09,Paper Cups (12oz),7.0,132.0,False
2021-03-10,Paper Cups (12oz),6.0,126.0,False
2021-03-11,Paper Cups (12oz),6.0,120.0,False
2021-03-12,Paper Cups (12oz),7.0,113.0,False
2021-03-13,Paper Cups (12oz),7.0,106.0,False
2021-03-14,Paper Cups (12oz),7.0,99.0,False
2021-03-15,Paper Cups (12oz),6.0,93.0,False
2021-03-16,Paper Cups (12oz),8.0,85.0,False
2021-03-17,Paper Cups (12oz),5.0,80.0,False
2021-03-18,Paper Cups (12oz),6.0,74.0,False
2021-03-19,Paper Cups (12oz),6.0,68.0,False
2021-03-20,Paper Cups (12oz),6.0,62.0,False
2021-03-21,Paper Cups (12oz),6.0,56.0,False
2021-03-22,Paper Cups (12oz),7.0,49.0,False
2021-03-23,Paper Cups (12oz),7.0,42.0,False
2021-03-24,Paper Cups (12oz),6.0,36.0,False
2021-03-25,Paper Cups (12oz),7.0,29.0,False
2021-03-26,Paper Cups (12oz),6.0,128.0,False
2021-03-27,Paper Cups (12oz),6.0,122.0,False
2021-03-28,Paper Cups (12oz),6.0,116.0,False
2021-03-29,Paper Cups (12oz),6.0,110.0,False
2021-03-30,Paper Cups (12oz),6.0,104.0,False
2021-03-31,Paper Cups (12oz),7.0,97.0,False
2021-04-01,Paper Cups (12oz),6.0,91.0,False
2021-04-02,Paper Cups (12oz),8.0,83.0,False
2021-04-03,Paper Cups (12oz),7.0,76.0,False
2021-04-04,Paper Cups (12oz),7.0,69.0,False
2021-04-05,Paper Cups (12oz),6.0,63.0,False
2021-04-06,Paper Cups (12oz),6.0,57.0,False
2021-04-07,Paper Cups (12oz),7.0,50.0,False
2021-04-08,Paper Cups (12oz),5.0,45.0,False
2021-04-09,Paper Cups (12oz),8.0,37.0,False
2021-04-10,Paper Cups (12oz),7.0,135.0,False
2021-04-11,Paper Cups (12oz),7.0,128.0,False
2021-04-12,Paper Cups (12oz),5.0,123.0,False
2021-04-13,Paper Cups (12oz),7.0,116.0,False
2021-04-14,Paper Cups (12oz),6.0,110.0,False
2021-04-15,Paper Cups (12oz),5.0,105.0,False
2021-04-16,Paper Cups (12oz),7.0,98.0,False
2021-04-17,Paper Cups (12oz),6.0,92.0,False
2021-04-18,Paper Cups (12oz),8.0,84.0,False
2021-04-19,Paper Cups (12oz),6.0,78.0,False
2021-04-20,Paper Cups (12oz),6.0,72.0,False
2021-04-21,Paper Cups (12oz),5.0,67.0,False
2021-04-22,Paper Cups (12oz),6.0,61.0,False
2021-04-23,Paper Cups (12oz),6.0,55.0,False
2021-04-24,Paper Cups (12oz),7.0,48.0,False
2021-04-25,Paper Cups (12oz),7.0,146.0,False
2021-04-26,Paper Cups (12oz),6.0,140.0,False
2021-04-27,Paper Cups (12oz),6.0,134.0,False
2021-04-28,Paper Cups (12oz),6.0,128.0,False
2021-04-29,Paper Cups (12oz),6.0,122.0,False
2021-04-30,Paper Cups (12oz),5.0,117.0,False
2021-05-01,Paper Cups (12oz),7.0,110.0,False
2021-05-02,Paper Cups (12oz),6.0,104.0,False
2021-05-03,Paper Cups (12oz),6.0,98.0,False
2021-05-04,Paper Cups (12oz),5.0,93.0,False
2021-05-05,Paper Cups (12oz),6.0,87.0,False
2021-05-06,Paper Cups (12oz),6.0,81.0,False
2021-05-07,Paper Cups (12oz),6.0,75.0,False
2021-05-08,Paper Cups (12oz),6.0,69.0,False
2021-05-09,Paper Cups (12oz),6.0,63.0,False
2021-05-10,Paper Cups (12oz),6.0,57.0,False
2021-05-11,Paper Cups (12oz),7.0,50.0,False
2021-05-12,Paper Cups (12oz),4.0,46.0,False
2021-05-13,Paper Cups (12oz),6.0,145.0,False
2021-05-14,Paper Cups (12oz),6.0,139.0,False
2021-05-15,Paper Cups (12oz),6.0,133.0,False
2021-05-16,Paper Cups (12oz),6.0,127.0,False
2021-05-17,Paper Cups (12oz),4.0,123.0,False
2021-05-18,Paper Cups (12oz),6.0,117.0,False
2021-05-19,Paper Cups (12oz),,117.0,False
2021-05-20,Paper Cups (12oz),6.0,111.0,False
2021-05-21,Paper Cups (12oz),6.0,105.0,False
2021-05-22,Paper Cups (12oz),5.0,100.0,False
2021-05-23,Paper Cups (12oz),6.0,94.0,False
2021-05-24,Paper Cups (12oz),4.0,90.0,False
2021-05-25,Paper Cups (12oz),4.0,86.0,False
2021-05-26,Paper Cups (12oz),5.0,81.0,False
2021-05-27,Paper Cups (12oz),5.0,76.0,False
2021-05-28,Paper Cups (12oz),5.0,71.0,False
2021-05-29,Paper Cups (12oz),6.0,65.0,False
2021-05-30,Paper Cups (12oz),6.0,59.0,False
2021-05-31,Paper Cups (12oz),5.0,54.0,False
2021-06-01,Paper Cups (12oz),6.0,48.0,False
2021-06-02,Paper Cups (12oz),5.0,43.0,False
2021-06-03,Paper Cups (12oz),5.0,143.0,False
2021-06-04,Paper Cups (12oz),,143.0,False
2021-06-05,Paper Cups (12oz),5.0,138.0,False
2021-06-06,Paper Cups (12oz),6.0,132.0,False
2021-06-07,Paper Cups (12oz),5.0,127.0,False
2021-06-08,Paper Cups (12oz),5.0,122.0,False
2021-06-09,Paper Cups (12oz),5.0,117.0,False
2021-06-10,Paper Cups (12oz),4.0,113.0,False
2021-06-11,Paper Cups (12oz),6.0,107.0,False
2021-06-12,Paper Cups (12oz),5.0,102.0,False
2021-06-13,Paper Cups (12oz),5.0,97.0,False
2021-06-14,Paper Cups (12oz),5.0,92.0,False
2021-06-15,Paper Cups (12oz),5.0,87.0,False
2021-06-16,Paper Cups (12oz),5.0,82.0,False
2021-06-17,Paper Cups (12oz),4.0,78.0,False
2021-06-18,Paper Cups (12oz),5.0,73.0,False
2021-06-19,Paper Cups (12oz),5.0,68.0,False
2021-06-20,Paper Cups (12oz),5.0,63.0,False
2021-06-21,Paper Cups (12oz),6.0,57.0,False
2021-06-22,Paper Cups (12oz),5.0,52.0,False
2021-06-23,Paper Cups (12oz),6.0,46.0,False
2021-06-24,Paper Cups (12oz),5.0,146.0,False
2021-06-25,Paper Cups (12oz),5.0,141.0,False
2021-06-26,Paper Cups (12oz),5.0,136.0,False
2021-06-27,Paper Cups (12oz),4.0,132.0,False
2021-06-28,Paper Cups (12oz),,132.0,False
2021-06-29,Paper Cups (12oz),4.0,128.0,False
2021-06-30,Paper Cups (12oz),5.0,123.0,False
2021-07-01,Paper Cups (12oz),4.0,119.0,False
2021-07-02,Paper Cups (12oz),5.0,114.0,False
2021-07-03,Paper Cups (12oz),5.0,109.0,False
2021-07-04,Paper Cups (12oz),4.0,105.0,False
2021-07-05,Paper Cups (12oz),5.0,100.0,False
2021-07-06,Paper Cups (12oz),5.0,95.0,False
2021-07-07,Paper Cups (12oz),5.0,90.0,False
2021-07-08,Paper Cups (12oz),5.0,85.0,False
2021-07-09,Paper Cups (12oz),5.0,80.0,False
2021-07-10,Paper Cups (12oz),6.0,74.0,False
2021-07-11,Paper Cups (12oz),4.0,70.0,False
2021-07-12,Paper Cups (12oz),5.0,65.0,False
2021-07-13,Paper Cups (12oz),4.0,61.0,False
2021-07-14,Paper Cups (12oz),4.0,57.0,False
2021-07-15,Paper Cups (12oz),5.0,52.0,False
2021-07-16,Paper Cups (12oz),5.0,47.0,False
2021-07-17,Paper Cups (12oz),5.0,42.0,False
2021-07-18,Paper Cups (12oz),5.0,142.0,False
2021-07-19,Paper Cups (12oz),5.0,137.0,False
2021-07-20,Paper Cups (12oz),5.0,132.0,False
2021-07-21,Paper Cups (12oz),5.0,127.0,False
2021-07-22,Paper Cups (12oz),5.0,122.0,False
2021-07-23,Paper Cups (12oz),5.0,117.0,False
2021-07-24,Paper Cups (12oz),5.0,112.0,False
2021-07-25,Paper Cups (12oz),4.0,108.0,False
2021-07-26,Paper Cups (12oz),5.0,103.0,False
2021-07-27,Paper Cups (12oz),6.0,97.0,False
2021-07-28,Paper Cups (12oz),5.0,92.0,False
2021-07-29,Paper Cups (12oz),4.0,88.0,False
2021-07-30,Paper Cups (12oz),6.0,82.0,False
2021-07-31,Paper Cups (12oz),6.0,76.0,False
2021-08-01,Paper Cups (12oz),5.0,71.0,False
2021-08-02,Paper Cups (12oz),6.0,65.0,False
2021-08-03,Paper Cups (12oz),5.0,60.0,False
2021-08-04,Paper Cups (12oz),5.0,55.0,False
2021-08-05,Paper Cups (12oz),4.0,51.0,False
2021-08-06,Paper Cups (12oz),5.0,46.0,False
2021-08-07,Paper Cups (12oz),5.0,41.0,False
2021-08-08,Paper Cups (12oz),6.0,140.0,False
2021-08-09,Paper Cups (12oz),5.0,135.0,False
2021-08-10,Paper Cups (12oz),5.0,130.0,False
2021-08-11,Paper Cups (12oz),5.0,125.0,False
2021-08-12,Paper Cups (12oz),6.0,119.0,False
2021-08-13,Paper Cups (12oz),6.0,113.0,False
2021-08-14,Paper Cups (12oz),6.0,107.0,False
2021-08-15,Paper Cups (12oz),6.0,101.0,False
2021-08-16,Paper Cups (12oz),5.0,96.0,False
2021-08-17,Paper Cups (12oz),6.0,90.0,False
2021-08-18,Paper Cups (12oz),7.0,83.0,False
2021-08-19,Paper Cups (12oz),4.0,79.0,False
2021-08-20,Paper Cups (12oz),5.0,74.0,False
2021-08-21,Paper Cups (12oz),5.0,69.0,False
2021-08-22,Paper Cups (12oz),6.0,63.0,False
2021-08-23,Paper Cups (12oz),5.0,58.0,False
2021-08-24,Paper Cups (12oz),5.0,53.0,False
2021-08-25,Paper Cups (12oz),5.0,48.0,False
2021-08-26,Paper Cups (12oz),6.0,42.0,False
2021-08-27,Paper Cups (12oz),6.0,36.0,False
2021-08-28,Paper Cups (12oz),6.0,30.0,False
2021-08-29,Paper Cups (12oz),5.0,130.0,False
2021-08-30,Paper Cups (12oz),4.0,126.0,False
2021-08-31,Paper Cups (12oz),5.0,121.0,False
2021-09-01,Paper Cups (12oz),5.0,116.0,False
2021-09-02,Paper Cups (12oz),6.0,110.0,False
2021-09-03,Paper Cups (12oz),5.0,105.0,False
2021-09-04,Paper Cups (12oz),6.0,99.0,False
2021-09-05,Paper Cups (12oz),5.0,94.0,False
2021-09-06,Paper Cups (12oz),5.0,89.0,False
2021-09-07,Paper Cups (12oz),5.0,84.0,False
2021-09-08,Paper Cups (12oz),6.0,78.0,False
2021-09-09,Paper Cups (12oz),6.0,72.0,False
2021-09-10,Paper Cups (12oz),5.0,67.0,False
2021-09-11,Paper Cups (12oz),7.0,60.0,False
2021-09-12,Paper Cups (12oz),6.0,54.0,False
2021-09-13,Paper Cups (12oz),5.0,49.0,False
2021-09-14,Paper Cups (12oz),6.0,43.0,False
2021-09-15,Paper Cups (12oz),5.0,38.0,False
2021-09-16,Paper Cups (12oz),6.0,137.0,False
2021-09-17,Paper Cups (12oz),5.0,132.0,False
2021-09-18,Paper Cups (12oz),6.0,126.0,False
2021-09-19,Paper Cups (12oz),5.0,121.0,False
2021-09-20,Paper Cups (12oz),6.0,115.0,False
2021-09-21,Paper Cups (12oz),5.0,110.0,False
2021-09-22,Paper Cups (12oz),5.0,105.0,False
2021-09-23,Paper Cups (12oz),6.0,99.0,False
2021-09-24,Paper Cups (12oz),5.0,94.0,False
2021-09-25,Paper Cups (12oz),6.0,88.0,False
2021-09-26,Paper Cups (12oz),5.0,83.0,False
2021-09-27,Paper Cups (12oz),6.0,77.0,False
2021-09-28,Paper Cups (12oz),5.0,72.0,False
2021-09-29,Paper Cups (12oz),6.0,66.0,False
2021-09-30,Paper Cups (12oz),6.0,60.0,False
2021-10-01,Paper Cups (12oz),6.0,54.0,False
2021-10-02,Paper Cups (12oz),7.0,47.0,False
2021-10-03,Paper Cups (12oz),6.0,41.0,False
2021-10-04,Paper Cups (12oz),7.0,139.0,False
2021-10-05,Paper Cups (12oz),,139.0,False
2021-10-06,Paper Cups (12oz),6.0,133.0,False
2021-10-07,Paper Cups (12oz),7.0,126.0,False
2021-10-08,Paper Cups (12oz),8.0,118.0,False
2021-10-09,Paper Cups (12oz),7.0,111.0,False
2021-10-10,Paper Cups (12oz),7.0,104.0,False
2021-10-11,Paper Cups (12oz),6.0,98.0,False
2021-10-12,Paper Cups (12oz),6.0,92.0,False
2021-10-13,Paper Cups (12oz),6.0,86.0,False
2021-10-14,Paper Cups (12oz),6.0,80.0,False
2021-10-15,Paper Cups (12oz),7.0,73.0,False
2021-10-16,Paper Cups (12oz),6.0,67.0,False
2021-10-17,Paper Cups (12oz),7.0,60.0,False
2021-10-18,Paper Cups (12oz),6.0,54.0,False
2021-10-19,Paper Cups (12oz),6.0,48.0,False
2021-10-20,Paper Cups (12oz),6.0,42.0,False
2021-10-21,Paper Cups (12oz),6.0,36.0,False
2021-10-22,Paper Cups (12oz),6.0,135.0,False
2021-10-23,Paper Cups (12oz),8.0,127.0,False
2021-10-24,Paper Cups (12oz),7.0,120.0,False
2021-10-25,Paper Cups (12oz),5.0,115.0,False
2021-10-26,Paper Cups (12oz),7.0,108.0,False
2021-10-27,Paper Cups (12oz),6.0,102.0,False
2021-10-28,Paper Cups (12oz),6.0,96.0,False
2021-10-29,Paper Cups (12oz),7.0,89.0,False
2021-10-30,Paper Cups (12oz),7.0,82.0,False
2021-10-31,Paper Cups (12oz),6.0,76.0,False
2021-11-01,Paper Cups (12oz),7.0,69.0,False
2021-11-02,Paper Cups (12oz),7.0,62.0,False
2021-11-03,Paper Cups (12oz),6.0,56.0,False
2021-11-04,Paper Cups (12oz),5.0,51.0,False
2021-11-05,Paper Cups (12oz),7.0,44.0,False
2021-11-06,Paper Cups (12oz),9.0,140.0,False
2021-11-07,Paper Cups (12oz),6.0,134.0,False
2021-11-08,Paper Cups (12oz),5.0,129.0,False
2021-11-09,Paper Cups (12oz),7.0,122.0,False
2021-11-10,Paper Cups (12oz),8.0,114.0,False
2021-11-11,Paper Cups (12oz),7.0,107.0,False
2021-11-12,Paper Cups (12oz),7.0,100.0,False
2021-11-13,Paper Cups (12oz),8.0,92.0,False
2021-11-14,Paper Cups (12oz),9.0,83.0,False
2021-11-15,Paper Cups (12oz),7.0,76.0,False
2021-11-16,Paper Cups (12oz),7.0,69.0,False
2021-11-17,Paper Cups (12oz),7.0,62.0,False
2021-11-18,Paper Cups (12oz),6.0,56.0,False
2021-11-19,Paper Cups (12oz),7.0,49.0,False
2021-11-20,Paper Cups (12oz),8.0,41.0,False
2021-11-21,Paper Cups (12oz),8.0,138.0,False
2021-11-22,Paper Cups (12oz),5.0,133.0,False
2021-11-23,Paper Cups (12oz),7.0,126.0,False
2021-11-24,Paper Cups (12oz),7.0,119.0,False
2021-11-25,Paper Cups (12oz),7.0,112.0,False
2021-11-26,Paper Cups (12oz),7.0,105.0,False
2021-11-27,Paper Cups (12oz),7.0,98.0,False
2021-11-28,Paper Cups (12oz),6.0,92.0,False
2021-11-29,Paper Cups (12oz),7.0,85.0,False
2021-11-30,Paper Cups (12oz),7.0,78.0,False
2021-12-01,Paper Cups (12oz),7.0,71.0,False
2021-12-02,Paper Cups (12oz),8.0,63.0,False
2021-12-03,Paper Cups (12oz),8.0,55.0,False
2021-12-04,Paper Cups (12oz),8.0,47.0,False
2021-12-05,Paper Cups (12oz),8.0,39.0,False
2021-12-06,Paper Cups (12oz),9.0,135.0,False
2021-12-07,Paper Cups (12oz),9.0,126.0,False
2021-12-08,Paper Cups (12oz),6.0,120.0,False
2021-12-09,Paper Cups (12oz),7.0,113.0,False
2021-12-10,Paper Cups (12oz),8.0,105.0,False
2021-12-11,Paper Cups (12oz),8.0,97.0,False
2021-12-12,Paper Cups (12oz),9.0,88.0,False
2021-12-13,Paper Cups (12oz),9.0,79.0,False
2021-12-14,Paper Cups (12oz),7.0,72.0,False
2021-12-15,Paper Cups (12oz),7.0,65.0,False
2021-12-16,Paper Cups (12oz),7.0,58.0,False
2021-12-17,Paper Cups (12oz),7.0,51.0,False
2021-12-18,Paper Cups (12oz),7.0,44.0,False
2021-12-19,Paper Cups (12oz),7.0,37.0,False
2021-12-20,Paper Cups (12oz),7.0,30.0,False
2021-12-21,Paper Cups (12oz),9.0,126.0,False
2021-12-22,Paper Cups (12oz),8.0,118.0,False
2021-12-23,Paper Cups (12oz),7.0,111.0,False
2021-12-24,Paper Cups (12oz),7.0,104.0,False
2021-12-25,Paper Cups (12oz),10.0,94.0,False
2021-12-26,Paper Cups (12oz),7.0,87.0,False
2021-12-27,Paper Cups (12oz),6.0,81.0,False
2021-12-28,Paper Cups (12oz),6.0,75.0,False
2021-12-29,Paper Cups (12oz),7.0,68.0,False
2021-12-30,Paper Cups (12oz),6.0,62.0,False
2021-12-31,Paper Cups (12oz),9.0,53.0,False
2022-01-01,Paper Cups (12oz),9.0,44.0,False
2022-01-02,Paper Cups (12oz),8.0,141.0,False
2022-01-03,Paper Cups (12oz),8.0,133.0,False
2022-01-04,Paper Cups (12oz),6.0,127.0,False
2022-01-05,Paper Cups (12oz),8.0,119.0,False
2022-01-06,Paper Cups (12oz),7.0,112.0,False
2022-01-07,Paper Cups (12oz),8.0,104.0,False
2022-01-08,Paper Cups (12oz),9.0,95.0,False
2022-01-09,Paper Cups (12oz),7.0,88.0,False
2022-01-10,Paper Cups (12oz),7.0,81.0,False
2022-01-11,Paper Cups (12oz),7.0,74.0,False
2022-01-12,Paper Cups (12oz),8.0,66.0,False
2022-01-13,Paper Cups (12oz),9.0,57.0,False
2022-01-14,Paper Cups (12oz),9.0,48.0,False
2022-01-15,Paper Cups (12oz),8.0,40.0,False
2022-01-16,Paper Cups (12oz),7.0,33.0,False
2022-01-17,Paper Cups (12oz),8.0,130.0,False
2022-01-18,Paper Cups (12oz),8.0,122.0,False
2022-01-19,Paper Cups (12oz),8.0,114.0,False
2022-01-20,Paper Cups (12oz),7.0,107.0,False
2022-01-21,Paper Cups (12oz),7.0,100.0,False
2022-01-22,Paper Cups (12oz),8.0,92.0,False
2022-01-23,Paper Cups (12oz),7.0,85.0,False
2022-01-24,Paper Cups (12oz),8.0,77.0,False
2022-01-25,Paper Cups (12oz),8.0,69.0,False
2022-01-26,Paper Cups (12oz),8.0,61.0,False
2022-01-27,Paper Cups (12oz),8.0,53.0,False
2022-01-28,Paper Cups (12oz),7.0,46.0,False
2022-01-29,Paper Cups (12oz),7.0,144.0,False
2022-01-30,Paper Cups (12oz),7.0,137.0,False
2022-01-31,Paper Cups (12oz),6.0,131.0,False
2022-02-01,Paper Cups (12oz),8.0,123.0,False
2022-02-02,Paper Cups (12oz),6.0,117.0,False
2022-02-03,Paper Cups (12oz),8.0,109.0,False
2022-02-04,Paper Cups (12oz),7.0,102.0,False
2022-02-05,Paper Cups (12oz),8.0,94.0,False
2022-02-06,Paper Cups (12oz),6.0,88.0,False
2022-02-07,Paper Cups (12oz),6.0,82.0,False
2022-02-08,Paper Cups (12oz),6.0,76.0,False
2022-02-09,Paper Cups (12oz),6.0,70.0,False
2022-02-10,Paper Cups (12oz),7.0,63.0,False
2022-02-11,Paper Cups (12oz),8.0,55.0,False
2022-02-12,Paper Cups (12oz),9.0,46.0,False
2022-02-13,Paper Cups (12oz),5.0,146.0,False
2022-02-14,Paper Cups (12oz),8.0,138.0,False
2022-02-15,Paper Cups (12oz),9.0,129.0,False
2022-02-16,Paper Cups (12oz),9.0,120.0,False
2022-02-17,Paper Cups (12oz),7.0,113.0,False
2022-02-18,Paper Cups (12oz),8.0,105.0,False
2022-02-19,Paper Cups (12oz),8.0,97.0,False
2022-02-20,Paper Cups (12oz),7.0,90.0,False
2022-02-21,Paper Cups (12oz),8.0,82.0,False
2022-02-22,Paper Cups (12oz),6.0,76.0,False
2022-02-23,Paper Cups (12oz),7.0,69.0,False
2022-02-24,Paper Cups (12oz),7.0,62.0,False
2022-02-25,Paper Cups (12oz),7.0,55.0,False
2022-02-26,Paper Cups (12oz),9.0,46.0,False
2022-02-27,Paper Cups (12oz),7.0,39.0,False
2022-02-28,Paper Cups (12oz),,144.0,False
2022-03-01,Paper Cups (12oz),7.0,137.0,False
2022-03-02,Paper Cups (12oz),6.0,131.0,False
2022-03-03,Paper Cups (12oz),8.0,123.0,False
2022-03-04,Paper Cups (12oz),9.0,114.0,False
2022-03-05,Paper Cups (12oz),6.0,108.0,False
2022-03-06,Paper Cups (12oz),7.0,101.0,False
2022-03-07,Paper Cups (12oz),7.0,94.0,False
2022-03-08,Paper Cups (12oz),6.0,88.0,False
2022-03-09,Paper Cups (12oz),7.0,81.0,False
2022-03-10,Paper Cups (12oz),7.0,74.0,False
2022-03-11,Paper Cups (12oz),7.0,67.0,False
2022-03-12,Paper Cups (12oz),6.0,61.0,False
2022-03-13,Paper Cups (12oz),7.0,54.0,False
2022-03-14,Paper Cups (12oz),7.0,47.0,False
2022-03-15,Paper Cups (12oz),7.0,145.0,False
2022-03-16,Paper Cups (12oz),6.0,139.0,False
2022-03-17,Paper Cups (12oz),5.0,134.0,False
2022-03-18,Paper Cups (12oz),8.0,126.0,False
2022-03-19,Paper Cups (12oz),7.0,119.0,False
2022-03-20,Paper Cups (12oz),8.0,111.0,False
2022-03-21,Paper Cups (12oz),7.0,104.0,False
2022-03-22,Paper Cups (12oz),8.0,96.0,False
2022-03-23,Paper Cups (12oz),5.0,91.0,False
2022-03-24,Paper Cups (12oz),8.0,83.0,False
2022-03-25,Paper Cups (12oz),36.0,47.0,False
2022-03-26,Paper Cups (12oz),9.0,38.0,False
2022-03-27,Paper Cups (12oz),7.0,136.0,False
2022-03-28,Paper Cups (12oz),8.0,128.0,False
2022-03-29,Paper Cups (12oz),6.0,122.0,False
2022-03-30,Paper Cups (12oz),7.0,115.0,False
2022-03-31,Paper Cups (12oz),7.0,108.0,False
2022-04-01,Paper Cups (12oz),7.0,101.0,False
2022-04-02,Paper Cups (12oz),6.0,95.0,False
2022-04-03,Paper Cups (12oz),7.0,88.0,False
2022-04-04,Paper Cups (12oz),7.0,81.0,False
2022-04-05,Paper Cups (12oz),6.0,75.0,False
2022-04-06,Paper Cups (12oz),6.0,69.0,False
2022-04-07,Paper Cups (12oz),7.0,62.0,False
2022-04-08,Paper Cups (12oz),6.0,56.0,False
2022-04-09,Paper Cups (12oz),7.0,49.0,False
2022-04-10,Paper Cups (12oz),5.0,44.0,False
2022-04-11,Paper Cups (12oz),7.0,142.0,False
2022-04-12,Paper Cups (12oz),6.0,136.0,False
2022-04-13,Paper Cups (12oz),5.0,131.0,False
2022-04-14,Paper Cups (12oz),6.0,125.0,False
2022-04-15,Paper Cups (12oz),6.0,119.0,False
2022-04-16,Paper Cups (12oz),6.0,113.0,False
2022-04-17,Paper Cups (12oz),5.0,108.0,False
2022-04-18,Paper Cups (12oz),7.0,101.0,False
2022-04-19,Paper Cups (12oz),6.0,95.0,False
2022-04-20,Paper Cups (12oz),5.0,90.0,False
2022-04-21,Paper Cups (12oz),5.0,85.0,False
2022-04-22,Paper Cups (12oz),6.0,79.0,False
2022-04-23,Paper Cups (12oz),6.0,73.0,False
2022-04-24,Paper Cups (12oz),6.0,67.0,False
2022-04-25,Paper Cups (12oz),6.0,61.0,False
2022-04-26,Paper Cups (12oz),5.0,56.0,False
2022-04-27,Paper Cups (12oz),7.0,49.0,False
2022-04-28,Paper Cups (12oz),7.0,42.0,False
2022-04-29,Paper Cups (12oz),6.0,141.0,False
2022-04-30,Paper Cups (12oz),6.0,135.0,False
2022-05-01,Paper Cups (12oz),5.0,130.0,False
2022-05-02,Paper Cups (12oz),7.0,123.0,False
2022-05-03,Paper Cups (12oz),7.0,116.0,False
2022-05-04,Paper Cups (12oz),7.0,109.0,False
2022-05-05,Paper Cups (12oz),5.0,104.0,False
2022-05-06,Paper Cups (12oz),6.0,98.0,False
2022-05-07,Paper Cups (12oz),6.0,92.0,False
2022-05-08,Paper Cups (12oz),,92.0,False
2022-05-09,Paper Cups (12oz),5.0,87.0,False
2022-05-10,Paper Cups (12oz),5.0,82.0,False
2022-05-11,Paper Cups (12oz),5.0,77.0,False
2022-05-12,Paper Cups (12oz),5.0,72.0,False
2022-05-13,Paper Cups (12oz),7.0,65.0,False
2022-05-14,Paper Cups (12oz),6.0,59.0,False
2022-05-15,Paper Cups (12oz),6.0,53.0,False
2022-05-16,Paper Cups (12oz),6.0,47.0,False
2022-05-17,Paper Cups (12oz),6.0,146.0,False
2022-05-18,Paper Cups (12oz),5.0,141.0,False
2022-05-19,Paper Cups (12oz),7.0,134.0,False
2022-05-20,Paper Cups (12oz),6.0,128.0,False
2022-05-21,Paper Cups (12oz),4.0,124.0,False
2022-05-22,Paper Cups (12oz),4.0,120.0,False
2022-05-23,Paper Cups (12oz),6.0,114.0,False
2022-05-24,Paper Cups (12oz),5.0,109.0,False
2022-05-25,Paper Cups (12oz),4.0,105.0,False
2022-05-26,Paper Cups (12oz),6.0,99.0,False
2022-05-27,Paper Cups (12oz),6.0,93.0,False
2022-05-28,Paper Cups (12oz),5.0,88.0,False
2022-05-29,Paper Cups (12oz),5.0,83.0,False
2022-05-30,Paper Cups (12oz),5.0,78.0,False
2022-05-31,Paper Cups (12oz),5.0,73.0,False
2022-06-01,Paper Cups (12oz),5.0,68.0,False
2022-06-02,Paper Cups (12oz),5.0,63.0,False
2022-06-03,Paper Cups (12oz),7.0,56.0,False
2022-06-04,Paper Cups (12oz),7.0,49.0,False
2022-06-05,Paper Cups (12oz),5.0,44.0,False
2022-06-06,Paper Cups (12oz),5.0,39.0,False
2022-06-07,Paper Cups (12oz),5.0,139.0,False
2022-06-08,Paper Cups (12oz),5.0,134.0,False
2022-06-09,Paper Cups (12oz),5.0,129.0,False
2022-06-10,Paper Cups (12oz),6.0,123.0,False
2022-06-11,Paper Cups (12oz),5.0,118.0,False
2022-06-12,Paper Cups (12oz),5.0,113.0,False
2022-06-13,Paper Cups (12oz),5.0,108.0,False
2022-06-14,Paper Cups (12oz),6.0,102.0,False
2022-06-15,Paper Cups (12oz),7.0,95.0,False
2022-06-16,Paper Cups (12oz),5.0,90.0,False
2022-06-17,Paper Cups (12oz),5.0,85.0,False
2022-06-18,Paper Cups (12oz),7.0,78.0,False
2022-06-19,Paper Cups (12oz),5.0,73.0,False
2022-06-20,Paper Cups (12oz),5.0,68.0,False
2022-06-21,Paper Cups (12oz),5.0,63.0,False
2022-06-22,Paper Cups (12oz),5.0,58.0,False
2022-06-23,Paper Cups (12oz),5.0,53.0,False
2022-06-24,Paper Cups (12oz),6.0,47.0,False
2022-06-25,Paper Cups (12oz),6.0,146.0,False
2022-06-26,Paper Cups (12oz),6.0,140.0,False
2022-06-27,Paper Cups (12oz),5.0,135.0,False
2022-06-28,Paper Cups (12oz),4.0,131.0,False
2022-06-29,Paper Cups (12oz),6.0,125.0,False
2022-06-30,Paper Cups (12oz),5.0,120.0,False
2022-07-01,Paper Cups (12oz),5.0,115.0,False
2022-07-02,Paper Cups (12oz),4.0,111.0,False
2022-07-03,Paper Cups (12oz),5.0,106.0,False
2022-07-04,Paper Cups (12oz),5.0,101.0,False
2022-07-05,Paper Cups (12oz),5.0,96.0,False
2022-07-06,Paper Cups (12oz),4.0,92.0,False
2022-07-07,Paper Cups (12oz),6.0,86.0,False
2022-07-08,Paper Cups (12oz),5.0,81.0,False
2022-07-09,Paper Cups (12oz),5.0,76.0,False
2022-07-10,Paper Cups (12oz),5.0,71.0,False
2022-07-11,Paper Cups (12oz),5.0,66.0,False
2022-07-12,Paper Cups (12oz),5.0,61.0,False
2022-07-13,Paper Cups (12oz),5.0,56.0,False
2022-07-14,Paper Cups (12oz),5.0,51.0,False
2022-07-15,Paper Cups (12oz),4.0,47.0,False
2022-07-16,Paper Cups (12oz),6.0,146.0,False
2022-07-17,Paper Cups (12oz),5.0,141.0,False
2022-07-18,Paper Cups (12oz),4.0,137.0,False
2022-07-19,Paper Cups (12oz),5.0,132.0,False
2022-07-20,Paper Cups (12oz),4.0,128.0,False
2022-07-21,Paper Cups (12oz),4.0,124.0,False
2022-07-22,Paper Cups (12oz),6.0,118.0,False
2022-07-23,Paper Cups (12oz),5.0,113.0,False
2022-07-24,Paper Cups (12oz),5.0,108.0,False
2022-07-25,Paper Cups (12oz),5.0,103.0,False
2022-07-26,Paper Cups (12oz),5.0,98.0,False
2022-07-27,Paper Cups (12oz),5.0,93.0,False
2022-07-28,Paper Cups (12oz),5.0,88.0,False
2022-07-29,Paper Cups (12oz),5.0,83.0,False
2022-07-30,Paper Cups (12oz),6.0,77.0,False
2022-07-31,Paper Cups (12oz),,77.0,False
2022-08-01,Paper Cups (12oz),5.0,72.0,False
2022-08-02,Paper Cups (12oz),4.0,68.0,False
2022-08-03,Paper Cups (12oz),6.0,62.0,False
2022-08-04,Paper Cups (12oz),6.0,56.0,False
2022-08-05,Paper Cups (12oz),6.0,50.0,False
2022-08-06,Paper Cups (12oz),5.0,45.0,False
2022-08-07,Paper Cups (12oz),5.0,40.0,False
2022-08-08,Paper Cups (12oz),4.0,36.0,False
2022-08-09,Paper Cups (12oz),5.0,136.0,False
2022-08-10,Paper Cups (12oz),5.0,131.0,False
2022-08-11,Paper Cups (12oz),5.0,126.0,False
2022-08-12,Paper Cups (12oz),4.0,122.0,False
2022-08-13,Paper Cups (12oz),5.0,117.0,False
2022-08-14,Paper Cups (12oz),5.0,112.0,False
2022-08-15,Paper Cups (12oz),4.0,108.0,False
2022-08-16,Paper Cups (12oz),5.0,103.0,False
2022-08-17,Paper Cups (12oz),4.0,99.0,False
2022-08-18,Paper Cups (12oz),5.0,94.0,False
2022-08-19,Paper Cups (12oz),5.0,89.0,False
2022-08-20,Paper Cups (12oz),5.0,84.0,False
2022-08-21,Paper Cups (12oz),6.0,78.0,False
2022-08-22,Paper Cups (12oz),7.0,71.0,False
2022-08-23,Paper Cups (12oz),5.0,66.0,False
2022-08-24,Paper Cups (12oz),6.0,60.0,False
2022-08-25,Paper Cups (12oz),,60.0,False
2022-08-26,Paper Cups (12oz),6.0,54.0,False
2022-08-27,Paper Cups (12oz),6.0,48.0,False
2022-08-28,Paper Cups (12oz),6.0,42.0,False
2022-08-29,Paper Cups (12oz),5.0,37.0,False
2022-08-30,Paper Cups (12oz),4.0,138.0,False
2022-08-31,Paper Cups (12oz),5.0,133.0,False
2022-09-01,Paper Cups (12oz),6.0,127.0,False
2022-09-02,Paper Cups (12oz),6.0,121.0,False
2022-09-03,Paper Cups (12oz),5.0,116.0,False
2022-09-04,Paper Cups (12oz),6.0,110.0,False
2022-09-05,Paper Cups (12oz),5.0,105.0,False
2022-09-06,Paper Cups (12oz),5.0,100.0,False
2022-09-07,Paper Cups (12oz),5.0,95.0,False
2022-09-08,Paper Cups (12oz),7.0,88.0,False
2022-09-09,Paper Cups (12oz),4.0,84.0,False
2022-09-10,Paper Cups (12oz),5.0,79.0,False
2022-09-11,Paper Cups (12oz),4.0,75.0,False
2022-09-12,Paper Cups (12oz),5.0,70.0,False
2022-09-13,Paper Cups (12oz),6.0,64.0,False
2022-09-14,Paper Cups (12oz),5.0,59.0,False
2022-09-15,Paper Cups (12oz),7.0,52.0,False
2022-09-16,Paper Cups (12oz),7.0,45.0,False
2022-09-17,Paper Cups (12oz),6.0,144.0,False
2022-09-18,Paper Cups (12oz),7.0,137.0,False
2022-09-19,Paper Cups (12oz),5.0,132.0,False
2022-09-20,Paper Cups (12oz),4.0,128.0,False
2022-09-21,Paper Cups (12oz),5.0,123.0,False
2022-09-22,Paper Cups (12oz),6.0,117.0,False
2022-09-23,Paper Cups (12oz),6.0,111.0,False
2022-09-24,Paper Cups (12oz),7.0,104.0,False
2022-09-25,Paper Cups (12oz),7.0,97.0,False
2022-09-26,Paper Cups (12oz),6.0,91.0,False
2022-09-27,Paper Cups (12oz),6.0,85.0,False
2022-09-28,Paper Cups (12oz),6.0,79.0,False
2022-09-29,Paper Cups (12oz),5.0,74.0,False
2022-09-30,Paper Cups (12oz),7.0,67.0,False
2022-10-01,Paper Cups (12oz),6.0,61.0,False
2022-10-02,Paper Cups (12oz),5.0,56.0,False
2022-10-03,Paper Cups (12oz),6.0,50.0,False
2022-10-04,Paper Cups (12oz),5.0,45.0,False
2022-10-05,Paper Cups (12oz),6.0,144.0,False
2022-10-06,Paper Cups (12oz),7.0,137.0,False
2022-10-07,Paper Cups (12oz),6.0,131.0,False
2022-10-08,Paper Cups (12oz),6.0,125.0,False
2022-10-09,Paper Cups (12oz),7.0,118.0,False
2022-10-10,Paper Cups (12oz),7.0,111.0,False
2022-10-11,Paper Cups (12oz),6.0,105.0,False
2022-10-12,Paper Cups (12oz),6.0,99.0,False
2022-10-13,Paper Cups (12oz),6.0,93.0,False
2022-10-14,Paper Cups (12oz),6.0,87.0,False
2022-10-15,Paper Cups (12oz),7.0,80.0,False
2022-10-16,Paper Cups (12oz),5.0,75.0,False
2022-10-17,Paper Cups (12oz),6.0,69.0,False
2022-10-18,Paper Cups (12oz),8.0,61.0,False
2022-10-19,Paper Cups (12oz),5.0,56.0,False
2022-10-20,Paper Cups (12oz),5.0,51.0,False
2022-10-21,Paper Cups (12oz),6.0,45.0,False
2022-10-22,Paper Cups (12oz),6.0,39.0,False
2022-10-23,Paper Cups (12oz),7.0,137.0,False
2022-10-24,Paper Cups (12oz),5.0,132.0,False
2022-10-25,Paper Cups (12oz),6.0,126.0,False
2022-10-26,Paper Cups (12oz),5.0,121.0,False
2022-10-27,Paper Cups (12oz),7.0,114.0,False
2022-10-28,Paper Cups (12oz),6.0,108.0,False
2022-10-29,Paper Cups (12oz),6.0,102.0,False
2022-10-30,Paper Cups (12oz),6.0,96.0,False
2022-10-31,Paper Cups (12oz),6.0,90.0,False
2022-11-01,Paper Cups (12oz),6.0,84.0,False
2022-11-02,Paper Cups (12oz),6.0,78.0,False
2022-11-03,Paper Cups (12oz),6.0,72.0,False
2022-11-04,Paper Cups (12oz),6.0,66.0,False
2022-11-05,Paper Cups (12oz),7.0,59.0,False
2022-11-06,Paper Cups (12oz),6.0,53.0,False
2022-11-07,Paper Cups (12oz),6.0,47.0,False
2022-11-08,Paper Cups (12oz),7.0,40.0,False
2022-11-09,Paper Cups (12oz),7.0,33.0,False
2022-11-10,Paper Cups (12oz),7.0,131.0,False
2022-11-11,Paper Cups (12oz),7.0,124.0,False
2022-11-12,Paper Cups (12oz),7.0,117.0,False
2022-11-13,Paper Cups (12oz),7.0,110.0,False
2022-11-14,Paper Cups (12oz),8.0,102.0,False
2022-11-15,Paper Cups (12oz),7.0,95.0,False
2022-11-16,Paper Cups (12oz),7.0,88.0,False
2022-11-17,Paper Cups (12oz),7.0,81.0,False
2022-11-18,Paper Cups (12oz),6.0,75.0,False
2022-11-19,Paper Cups (12oz),9.0,66.0,False
2022-11-20,Paper Cups (12oz),7.0,59.0,False
2022-11-21,Paper Cups (12oz),7.0,52.0,False
2022-11-22,Paper Cups (12oz),6.0,46.0,False
2022-11-23,Paper Cups (12oz),6.0,40.0,False
2022-11-24,Paper Cups (12oz),7.0,33.0,False
2022-11-25,Paper Cups (12oz),8.0,130.0,False
2022-11-26,Paper Cups (12oz),7.0,123.0,False
2022-11-27,Paper Cups (12oz),9.0,114.0,False
2022-11-28,Paper Cups (12oz),7.0,107.0,False
2022-11-29,Paper Cups (12oz),7.0,100.0,False
2022-11-30,Paper Cups (12oz),8.0,92.0,False
2022-12-01,Paper Cups (12oz),7.0,85.0,False
2022-12-02,Paper Cups (12oz),7.0,78.0,False
2022-12-03,Paper Cups (12oz),8.0,70.0,False
2022-12-04,Paper Cups (12oz),6.0,64.0,False
2022-12-05,Paper Cups (12oz),7.0,57.0,False
2022-12-06,Paper Cups (12oz),7.0,50.0,False
2022-12-07,Paper Cups (12oz),6.0,44.0,False
2022-12-08,Paper Cups (12oz),7.0,37.0,False
2022-12-09,Paper Cups (12oz),8.0,29.0,False
2022-12-10,Paper Cups (12oz),7.0,127.0,False
2022-12-11,Paper Cups (12oz),6.0,121.0,False
2022-12-12,Paper Cups (12oz),7.0,114.0,False
2022-12-13,Paper Cups (12oz),6.0,108.0,False
2022-12-14,Paper Cups (12oz),9.0,99.0,False
2022-12-15,Paper Cups (12oz),8.0,91.0,False
2022-12-16,Paper Cups (12oz),7.0,84.0,False
2022-12-17,Paper Cups (12oz),7.0,77.0,False
2022-12-18,Paper Cups (12oz),8.0,69.0,False
2022-12-19,Paper Cups (12oz),6.0,63.0,False
2022-12-20,Paper Cups (12oz),7.0,56.0,False
2022-12-21,Paper Cups (12oz),8.0,48.0,False
2022-12-22,Paper Cups (12oz),7.0,146.0,False
2022-12-23,Paper Cups (12oz),9.0,137.0,False
2022-12-24,Paper Cups (12oz),7.0,130.0,False
2022-12-25,Paper Cups (12oz),8.0,122.0,False
2022-12-26,Paper Cups (12oz),7.0,115.0,False
2022-12-27,Paper Cups (12oz),6.0,109.0,False
2022-12-28,Paper Cups (12oz),7.0,102.0,False
2022-12-29,Paper Cups (12oz),6.0,96.0,False
2022-12-30,Paper Cups (12oz),8.0,88.0,False
2022-12-31,Paper Cups (12oz),8.0,80.0,False
2023-01-01,Paper Cups (12oz),7.0,73.0,False
2023-01-02,Paper Cups (12oz),5.0,68.0,False
2023-01-03,Paper Cups (12oz),7.0,61.0,False
2023-01-04,Paper Cups (12oz),5.0,56.0,False
2023-01-05,Paper Cups (12oz),7.0,49.0,False
2023-01-06,Paper Cups (12oz),8.0,146.0,False
2023-01-07,Paper Cups (12oz),8.0,138.0,False
2023-01-08,Paper Cups (12oz),7.0,131.0,False
2023-01-09,Paper Cups (12oz),8.0,123.0,False
2023-01-10,Paper Cups (12oz),8.0,115.0,False
2023-01-11,Paper Cups (12oz),5.0,110.0,False
2023-01-12,Paper Cups (12oz),8.0,102.0,False
2023-01-13,Paper Cups (12oz),8.0,94.0,False
2023-01-14,Paper Cups (12oz),7.0,87.0,False
2023-01-15,Paper Cups (12oz),8.0,79.0,False
2023-01-16,Paper Cups (12oz),7.0,72.0,False
2023-01-17,Paper Cups (12oz),7.0,65.0,False
2023-01-18,Paper Cups (12oz),8.0,57.0,False
2023-01-19,Paper Cups (12oz),6.0,51.0,False
2023-01-20,Paper Cups (12oz),7.0,44.0,False
2023-01-21,Paper Cups (12oz),7.0,142.0,False
2023-01-22,Paper Cups (12oz),6.0,136.0,False
2023-01-23,Paper Cups (12oz),7.0,129.0,False
2023-01-24,Paper Cups (12oz),7.0,122.0,False
2023-01-25,Paper Cups (12oz),6.0,116.0,False
2023-01-26,Paper Cups (12oz),7.0,109.0,False
2023-01-27,Paper Cups (12oz),8.0,101.0,False
2023-01-28,Paper Cups (12oz),7.0,94.0,False
2023-01-29,Paper Cups (12oz),6.0,88.0,False
2023-01-30,Paper Cups (12oz),7.0,81.0,False
2023-01-31,Paper Cups (12oz),7.0,74.0,False
2023-02-01,Paper Cups (12oz),8.0,66.0,False
2023-02-02,Paper Cups (12oz),8.0,58.0,False
2023-02-03,Paper Cups (12oz),7.0,51.0,False
2023-02-04,Paper Cups (12oz),9.0,42.0,False
2023-02-05,Paper Cups (12oz),6.0,141.0,False
2023-02-06,Paper Cups (12oz),7.0,134.0,False
2023-02-07,Paper Cups (12oz),8.0,126.0,False
2023-02-08,Paper Cups (12oz),7.0,119.0,False
2023-02-09,Paper Cups (12oz),6.0,113.0,False
2023-02-10,Paper Cups (12oz),7.0,106.0,False
2023-02-11,Paper Cups (12oz),8.0,98.0,False
2023-02-12,Paper Cups (12oz),7.0,91.0,False
2023-02-13,Paper Cups (12oz),7.0,84.0,False
2023-02-14,Paper Cups (12oz),7.0,77.0,False
2023-02-15,Paper Cups (12oz),7.0,70.0,False
2023-02-16,Paper Cups (12oz),7.0,63.0,False
2023-02-17,Paper Cups (12oz),5.0,58.0,False
2023-02-18,Paper Cups (12oz),7.0,51.0,False
2023-02-19,Paper Cups (12oz),9.0,42.0,False
2023-02-20,Paper Cups (12oz),7.0,140.0,False
2023-02-21,Paper Cups (12oz),6.0,134.0,False
2023-02-22,Paper Cups (12oz),8.0,126.0,False
2023-02-23,Paper Cups (12oz),8.0,118.0,False
2023-02-24,Paper Cups (12oz),7.0,111.0,False
2023-02-25,Paper Cups (12oz),8.0,103.0,False
2023-02-26,Paper Cups (12oz),7.0,96.0,False
2023-02-27,Paper Cups (12oz),8.0,88.0,False
2023-02-28,Paper Cups (12oz),7.0,81.0,False
2023-03-01,Paper Cups (12oz),7.0,74.0,False
2023-03-02,Paper Cups (12oz),7.0,67.0,False
2023-03-03,Paper Cups (12oz),8.0,59.0,False
2023-03-04,Paper Cups (12oz),7.0,52.0,False
2023-03-05,Paper Cups (12oz),7.0,45.0,False
2023-03-06,Paper Cups (12oz),7.0,38.0,False
2023-03-07,Paper Cups (12oz),6.0,137.0,False
2023-03-08,Paper Cups (12oz),6.0,131.0,False
2023-03-09,Paper Cups (12oz),6.0,125.0,False
2023-03-10,Paper Cups (12oz),9.0,116.0,False
2023-03-11,Paper Cups (12oz),,116.0,False
2023-03-12,Paper Cups (12oz),7.0,109.0,False
2023-03-13,Paper Cups (12oz),7.0,102.0,False
2023-03-14,Paper Cups (12oz),5.0,97.0,False
2023-03-15,Paper Cups (12oz),7.0,90.0,False
2023-03-16,Paper Cups (12oz),7.0,83.0,False
2023-03-17,Paper Cups (12oz),7.0,76.0,False
2023-03-18,Paper Cups (12oz),6.0,70.0,False
2023-03-19,Paper Cups (12oz),7.0,63.0,False
2023-03-20,Paper Cups (12oz),7.0,56.0,False
2023-03-21,Paper Cups (12oz),8.0,48.0,False
2023-03-22,Paper Cups (12oz),6.0,42.0,False
2023-03-23,Paper Cups (12oz),7.0,35.0,False
2023-03-24,Paper Cups (12oz),7.0,28.0,False
2023-03-25,Paper Cups (12oz),6.0,127.0,False
2023-03-26,Paper Cups (12oz),7.0,120.0,False
2023-03-27,Paper Cups (12oz),7.0,113.0,False
2023-03-28,Paper Cups (12oz),7.0,106.0,False
2023-03-29,Paper Cups (12oz),7.0,99.0,False
2023-03-30,Paper Cups (12oz),7.0,92.0,False
2023-03-31,Paper Cups (12oz),6.0,86.0,False
2023-04-01,Paper Cups (12oz),8.0,78.0,False
2023-04-02,Paper Cups (12oz),6.0,72.0,False
2023-04-03,Paper Cups (12oz),7.0,65.0,False
2023-04-04,Paper Cups (12oz),7.0,58.0,False
2023-04-05,Paper Cups (12oz),6.0,52.0,False
2023-04-06,Paper Cups (12oz),6.0,46.0,False
2023-04-07,Paper Cups (12oz),7.0,39.0,False
2023-04-08,Paper Cups (12oz),8.0,31.0,False
2023-04-09,Paper Cups (12oz),6.0,130.0,False
2023-04-10,Paper Cups (12oz),6.0,124.0,False
2023-04-11,Paper Cups (12oz),6.0,118.0,False
2023-04-12,Paper Cups (12oz),7.0,111.0,False
2023-04-13,Paper Cups (12oz),5.0,106.0,False
2023-04-14,Paper Cups (12oz),7.0,99.0,False
2023-04-15,Paper Cups (12oz),5.0,94.0,False
2023-04-16,Paper Cups (12oz),6.0,88.0,False
2023-04-17,Paper Cups (12oz),7.0,81.0,False
2023-04-18,Paper Cups (12oz),6.0,75.0,False
2023-04-19,Paper Cups (12oz),7.0,68.0,False
2023-04-20,Paper Cups (12oz),6.0,62.0,False
2023-04-21,Paper Cups (12oz),6.0,56.0,False
2023-04-22,Paper Cups (12oz),7.0,49.0,False
2023-04-23,Paper Cups (12oz),6.0,43.0,False
2023-04-24,Paper Cups (12oz),7.0,141.0,False
2023-04-25,Paper Cups (12oz),6.0,135.0,False
2023-04-26,Paper Cups (12oz),5.0,130.0,False
2023-04-27,Paper Cups (12oz),5.0,125.0,False
2023-04-28,Paper Cups (12oz),7.0,118.0,False
2023-04-29,Paper Cups (12oz),6.0,112.0,False
2023-04-30,Paper Cups (12oz),5.0,107.0,False
2023-05-01,Paper Cups (12oz),6.0,101.0,False
2023-05-02,Paper Cups (12oz),5.0,96.0,False
2023-05-03,Paper Cups (12oz),5.0,91.0,False
2023-05-04,Paper Cups (12oz),6.0,85.0,False
2023-05-05,Paper Cups (12oz),6.0,79.0,False
2023-05-06,Paper Cups (12oz),5.0,74.0,False
2023-05-07,Paper Cups (12oz),6.0,68.0,False
2023-05-08,Paper Cups (12oz),5.0,63.0,False
2023-05-09,Paper Cups (12oz),6.0,57.0,False
2023-05-10,Paper Cups (12oz),5.0,52.0,False
2023-05-11,Paper Cups (12oz),6.0,46.0,False
2023-05-12,Paper Cups (12oz),6.0,145.0,False
2023-05-13,Paper Cups (12oz),6.0,139.0,False
2023-05-14,Paper Cups (12oz),6.0,133.0,False
2023-05-15,Paper Cups (12oz),5.0,128.0,False
2023-05-16,Paper Cups (12oz),5.0,123.0,False
2023-05-17,Paper Cups (12oz),6.0,117.0,False
2023-05-18,Paper Cups (12oz),6.0,111.0,False
2023-05-19,Paper Cups (12oz),6.0,105.0,False
2023-05-20,Paper Cups (12oz),5.0,100.0,False
2023-05-21,Paper Cups (12oz),5.0,95.0,False
2023-05-22,Paper Cups (12oz),6.0,89.0,False
2023-05-23,Paper Cups (12oz),5.0,84.0,False
2023-05-24,Paper Cups (12oz),6.0,78.0,False
2023-05-25,Paper Cups (12oz),6.0,72.0,False
2023-05-26,Paper Cups (12oz),5.0,67.0,False
2023-05-27,Paper Cups (12oz),5.0,62.0,False
2023-05-28,Paper Cups (12oz),4.0,58.0,False
2023-05-29,Paper Cups (12oz),4.0,54.0,False
2023-05-30,Paper Cups (12oz),4.0,50.0,False
2023-05-31,Paper Cups (12oz),5.0,45.0,False
2023-06-01,Paper Cups (12oz),7.0,38.0,False
2023-06-02,Paper Cups (12oz),5.0,138.0,False
2023-06-03,Paper Cups (12oz),6.0,132.0,False
2023-06-04,Paper Cups (12oz),5.0,127.0,False
2023-06-05,Paper Cups (12oz),6.0,121.0,False
2023-06-06,Paper Cups (12oz),6.0,115.0,False
2023-06-07,Paper Cups (12oz),5.0,110.0,False
2023-06-08,Paper Cups (12oz),5.0,105.0,False
2023-06-09,Paper Cups (12oz),6.0,99.0,False
2023-06-10,Paper Cups (12oz),5.0,94.0,False
2023-06-11,Paper Cups (12oz),5.0,89.0,False
2023-06-12,Paper Cups (12oz),5.0,84.0,False
2023-06-13,Paper Cups (12oz),5.0,79.0,False
2023-06-14,Paper Cups (12oz),5.0,74.0,False
2023-06-15,Paper Cups (12oz),5.0,69.0,False
2023-06-16,Paper Cups (12oz),5.0,64.0,False
2023-06-17,Paper Cups (12oz),6.0,58.0,False
2023-06-18,Paper Cups (12oz),6.0,52.0,False
2023-06-19,Paper Cups (12oz),5.0,47.0,False
2023-06-20,Paper Cups (12oz),4.0,43.0,False
2023-06-21,Paper Cups (12oz),5.0,38.0,False
2023-06-22,Paper Cups (12oz),4.0,34.0,False
2023-06-23,Paper Cups (12oz),5.0,134.0,False
2023-06-24,Paper Cups (12oz),5.0,129.0,False
2023-06-25,Paper Cups (12oz),5.0,124.0,False
2023-06-26,Paper Cups (12oz),4.0,120.0,False
2023-06-27,Paper Cups (12oz),5.0,115.0,False
2023-06-28,Paper Cups (12oz),5.0,110.0,False
2023-06-29,Paper Cups (12oz),4.0,106.0,False
2023-06-30,Paper Cups (12oz),5.0,101.0,False
2023-07-01,Paper Cups (12oz),5.0,96.0,False
2023-07-02,Paper Cups (12oz),4.0,92.0,False
2023-07-03,Paper Cups (12oz),4.0,88.0,False
2023-07-04,Paper Cups (12oz),6.0,82.0,False
2023-07-05,Paper Cups (12oz),5.0,77.0,False
2023-07-06,Paper Cups (12oz),5.0,72.0,False
2023-07-07,Paper Cups (12oz),5.0,67.0,False
2023-07-08,Paper Cups (12oz),6.0,61.0,False
2023-07-09,Paper Cups (12oz),5.0,56.0,False
2023-07-10,Paper Cups (12oz),6.0,50.0,False
2023-07-11,Paper Cups (12oz),5.0,45.0,False
2023-07-12,Paper Cups (12oz),4.0,41.0,False
2023-07-13,Paper Cups (12oz),5.0,36.0,False
2023-07-14,Paper Cups (12oz),6.0,135.0,False
2023-07-15,Paper Cups (12oz),5.0,130.0,False
2023-07-16,Paper Cups (12oz),6.0,124.0,False
2023-07-17,Paper Cups (12oz),5.0,119.0,False
2023-07-18,Paper Cups (12oz),5.0,114.0,False
2023-07-19,Paper Cups (12oz),5.0,109.0,False
2023-07-20,Paper Cups (12oz),5.0,104.0,False
2023-07-21,Paper Cups (12oz),5.0,99.0,False
2023-07-22,Paper Cups (12oz),5.0,94.0,False
2023-07-23,Paper Cups (12oz),5.0,89.0,False
2023-07-24,Paper Cups (12oz),6.0,83.0,False
2023-07-25,Paper Cups (12oz),5.0,78.0,False
2023-07-26,Paper Cups (12oz),4.0,74.0,False
2023-07-27,Paper Cups (12oz),5.0,69.0,False
2023-07-28,Paper Cups (12oz),4.0,65.0,False
2023-07-29,Paper Cups (12oz),5.0,60.0,False
2023-07-30,Paper Cups (12oz),5.0,55.0,False
2023-07-31,Paper Cups (12oz),5.0,50.0,False
2023-08-01,Paper Cups (12oz),5.0,45.0,False
2023-08-02,Paper Cups (12oz),4.0,41.0,False
2023-08-03,Paper Cups (12oz),4.0,37.0,False
2023-08-04,Paper Cups (12oz),5.0,137.0,False
2023-08-05,Paper Cups (12oz),5.0,132.0,False
2023-08-06,Paper Cups (12oz),6.0,126.0,False
2023-08-07,Paper Cups (12oz),4.0,122.0,False
2023-08-08,Paper Cups (12oz),5.0,117.0,False
2023-08-09,Paper Cups (12oz),5.0,112.0,False
2023-08-10,Paper Cups (12oz),5.0,107.0,False
2023-08-11,Paper Cups (12oz),6.0,101.0,False
2023-08-12,Paper Cups (12oz),6.0,95.0,False
2023-08-13,Paper Cups (12oz),6.0,89.0,False
2023-08-14,Paper Cups (12oz),5.0,84.0,False
2023-08-15,Paper Cups (12oz),5.0,79.0,False
2023-08-16,Paper Cups (12oz),5.0,74.0,False
2023-08-17,Paper Cups (12oz),6.0,68.0,False
2023-08-18,Paper Cups (12oz),5.0,63.0,False
2023-08-19,Paper Cups (12oz),5.0,58.0,False
2023-08-20,Paper Cups (12oz),6.0,52.0,False
2023-08-21,Paper Cups (12oz),4.0,48.0,False
2023-08-22,Paper Cups (12oz),4.0,44.0,False
2023-08-23,Paper Cups (12oz),6.0,38.0,False
2023-08-24,Paper Cups (12oz),5.0,33.0,False
2023-08-25,Paper Cups (12oz),5.0,133.0,False
2023-08-26,Paper Cups (12oz),5.0,128.0,False
2023-08-27,Paper Cups (12oz),5.0,123.0,False
2023-08-28,Paper Cups (12oz),6.0,117.0,False
2023-08-29,Paper Cups (12oz),6.0,111.0,False
2023-08-30,Paper Cups (12oz),6.0,105.0,False
2023-08-31,Paper Cups (12oz),5.0,100.0,False
2023-09-01,Paper Cups (12oz),4.0,96.0,False
2023-09-02,Paper Cups (12oz),6.0,90.0,False
2023-09-03,Paper Cups (12oz),5.0,85.0,False
2023-09-04,Paper Cups (12oz),6.0,79.0,False
2023-09-05,Paper Cups (12oz),5.0,74.0,False
2023-09-06,Paper Cups (12oz),5.0,69.0,False
2023-09-07,Paper Cups (12oz),5.0,64.0,False
2023-09-08,Paper Cups (12oz),5.0,59.0,False
2023-09-09,Paper Cups (12oz),6.0,53.0,False
2023-09-10,Paper Cups (12oz),5.0,48.0,False
2023-09-11,Paper Cups (12oz),6.0,42.0,False
2023-09-12,Paper Cups (12oz),6.0,141.0,False
2023-09-13,Paper Cups (12oz),5.0,136.0,False
2023-09-14,Paper Cups (12oz),6.0,130.0,False
2023-09-15,Paper Cups (12oz),5.0,125.0,False
2023-09-16,Paper Cups (12oz),5.0,120.0,False
2023-09-17,Paper Cups (12oz),5.0,115.0,False
2023-09-18,Paper Cups (12oz),0.0,115.0,False
2023-09-19,Paper Cups (12oz),5.0,110.0,False
2023-09-20,Paper Cups (12oz),6.0,104.0,False
2023-09-21,Paper Cups (12oz),6.0,98.0,False
2023-09-22,Paper Cups (12oz),5.0,93.0,False
2023-09-23,Paper Cups (12oz),6.0,87.0,False
2023-09-24,Paper Cups (12oz),5.0,82.0,False
2023-09-25,Paper Cups (12oz),4.0,78.0,False
2023-09-26,Paper Cups (12oz),5.0,73.0,False
2023-09-27,Paper Cups (12oz),6.0,67.0,False
2023-09-28,Paper Cups (12oz),6.0,61.0,False
2023-09-29,Paper Cups (12oz),6.0,55.0,False
2023-09-30,Paper Cups (12oz),6.0,49.0,False
2023-10-01,Paper Cups (12oz),6.0,43.0,False
2023-10-02,Paper Cups (12oz),5.0,38.0,False
2023-10-03,Paper Cups (12oz),5.0,138.0,False
2023-10-04,Paper Cups (12oz),6.0,132.0,False
2023-10-05,Paper Cups (12oz),6.0,126.0,False
2023-10-06,Paper Cups (12oz),7.0,119.0,False
2023-10-07,Paper Cups (12oz),7.0,112.0,False
2023-10-08,Paper Cups (12oz),7.0,105.0,False
2023-10-09,Paper Cups (12oz),7.0,98.0,False
2023-10-10,Paper Cups (12oz),6.0,92.0,False
2023-10-11,Paper Cups (12oz),6.0,86.0,False
2023-10-12,Paper Cups (12oz),5.0,81.0,False
2023-10-13,Paper Cups (12oz),5.0,76.0,False
2023-10-14,Paper Cups (12oz),7.0,69.0,False
2023-10-15,Paper Cups (12oz),6.0,63.0,False
2023-10-16,Paper Cups (12oz),7.0,56.0,False
2023-10-17,Paper Cups (12oz),6.0,50.0,False
2023-10-18,Paper Cups (12oz),4.0,46.0,False
2023-10-19,Paper Cups (12oz),7.0,39.0,False
2023-10-20,Paper Cups (12oz),5.0,34.0,False
2023-10-21,Paper Cups (12oz),6.0,133.0,False
2023-10-22,Paper Cups (12oz),7.0,126.0,False
2023-10-23,Paper Cups (12oz),5.0,121.0,False
2023-10-24,Paper Cups (12oz),5.0,116.0,False
2023-10-25,Paper Cups (12oz),5.0,111.0,False
2023-10-26,Paper Cups (12oz),6.0,105.0,False
2023-10-27,Paper Cups (12oz),6.0,99.0,False
2023-10-28,Paper Cups (12oz),8.0,91.0,False
2023-10-29,Paper Cups (12oz),6.0,85.0,False
2023-10-30,Paper Cups (12oz),6.0,79.0,False
2023-10-31,Paper Cups (12oz),8.0,71.0,False
2023-11-01,Paper Cups (12oz),6.0,65.0,False
2023-11-02,Paper Cups (12oz),6.0,59.0,False
2023-11-03,Paper Cups (12oz),7.0,52.0,False
2023-11-04,Paper Cups (12oz),7.0,45.0,False
2023-11-05,Paper Cups (12oz),7.0,143.0,False
2023-11-06,Paper Cups (12oz),6.0,137.0,False
2023-11-07,Paper Cups (12oz),6.0,131.0,False
2023-11-08,Paper Cups (12oz),7.0,124.0,False
2023-11-09,Paper Cups (12oz),7.0,117.0,False
2023-11-10,Paper Cups (12oz),7.0,110.0,False
2023-11-11,Paper Cups (12oz),7.0,103.0,False
2023-11-12,Paper Cups (12oz),7.0,96.0,False
2023-11-13,Paper Cups (12oz),8.0,88.0,False
2023-11-14,Paper Cups (12oz),6.0,82.0,False
2023-11-15,Paper Cups (12oz),6.0,76.0,False
2023-11-16,Paper Cups (12oz),6.0,70.0,False
2023-11-17,Paper Cups (12oz),8.0,62.0,False
2023-11-18,Paper Cups (12oz),5.0,57.0,False
2023-11-19,Paper Cups (12oz),9.0,48.0,False
2023-11-20,Paper Cups (12oz),6.0,42.0,False
2023-11-21,Paper Cups (12oz),6.0,36.0,False
2023-11-22,Paper Cups (12oz),7.0,29.0,False
2023-11-23,Paper Cups (12oz),6.0,128.0,False
2023-11-24,Paper Cups (12oz),8.0,120.0,False
2023-11-25,Paper Cups (12oz),8.0,112.0,False
2023-11-26,Paper Cups (12oz),7.0,105.0,False
2023-11-27,Paper Cups (12oz),7.0,98.0,False
2023-11-28,Paper Cups (12oz),6.0,92.0,False
2023-11-29,Paper Cups (12oz),6.0,86.0,False
2023-11-30,Paper Cups (12oz),7.0,79.0,False
2023-12-01,Paper Cups (12oz),7.0,72.0,False
2023-12-02,Paper Cups (12oz),5.0,67.0,False
2023-12-03,Paper Cups (12oz),8.0,59.0,False
2023-12-04,Paper Cups (12oz),6.0,53.0,False
2023-12-05,Paper Cups (12oz),6.0,47.0,False
2023-12-06,Paper Cups (12oz),8.0,39.0,False
2023-12-07,Paper Cups (12oz),8.0,31.0,False
2023-12-08,Paper Cups (12oz),10.0,126.0,False
2023-12-09,Paper Cups (12oz),7.0,119.0,False
2023-12-10,Paper Cups (12oz),8.0,111.0,False
2023-12-11,Paper Cups (12oz),8.0,103.0,False
2023-12-12,Paper Cups (12oz),6.0,97.0,False
2023-12-13,Paper Cups (12oz),7.0,90.0,False
2023-12-14,Paper Cups (12oz),7.0,83.0,False
2023-12-15,Paper Cups (12oz),7.0,76.0,False
2023-12-16,Paper Cups (12oz),8.0,68.0,False
2023-12-17,Paper Cups (12oz),8.0,60.0,False
2023-12-18,Paper Cups (12oz),7.0,53.0,False
2023-12-19,Paper Cups (12oz),8.0,45.0,False
2023-12-20,Paper Cups (12oz),8.0,142.0,False
2023-12-21,Paper Cups (12oz),9.0,133.0,False
2023-12-22,Paper Cups (12oz),8.0,125.0,False
2023-12-23,Paper Cups (12oz),9.0,116.0,False
2023-12-24,Paper Cups (12oz),7.0,109.0,False
2023-12-25,Paper Cups (12oz),7.0,102.0,False
2023-12-26,Paper Cups (12oz),8.0,94.0,False
2023-12-27,Paper Cups (12oz),7.0,87.0,False
2023-12-28,Paper Cups (12oz),6.0,81.0,False
2023-12-29,Paper Cups (12oz),7.0,74.0,False
2023-12-30,Paper Cups (12oz),9.0,65.0,False
2023-12-31,Paper Cups (12oz),7.0,58.0,False
2024-01-01,Paper Cups (12oz),9.0,49.0,False
2024-01-02,Paper Cups (12oz),8.0,41.0,False
2024-01-03,Paper Cups (12oz),8.0,33.0,False
2024-01-04,Paper Cups (12oz),7.0,131.0,False
2024-01-05,Paper Cups (12oz),7.0,124.0,False
2024-01-06,Paper Cups (12oz),8.0,116.0,False
2024-01-07,Paper Cups (12oz),9.0,107.0,False
2024-01-08,Paper Cups (12oz),6.0,101.0,False
2024-01-09,Paper Cups (12oz),8.0,93.0,False
2024-01-10,Paper Cups (12oz),8.0,85.0,False
2024-01-11,Paper Cups (12oz),9.0,76.0,False
2024-01-12,Paper Cups (12oz),7.0,69.0,False
2024-01-13,Paper Cups (12oz),10.0,59.0,False
2024-01-14,Paper Cups (12oz),7.0,52.0,False
2024-01-15,Paper Cups (12oz),9.0,43.0,False
2024-01-16,Paper Cups (12oz),7.0,141.0,False
2024-01-17,Paper Cups (12oz),8.0,133.0,False
2024-01-18,Paper Cups (12oz),8.0,125.0,False
2024-01-19,Paper Cups (12oz),7.0,118.0,False
2024-01-20,Paper Cups (12oz),9.0,109.0,False
2024-01-21,Paper Cups (12oz),7.0,102.0,False
2024-01-22,Paper Cups (12oz),35.0,67.0,False
2024-01-23,Paper Cups (12oz),8.0,59.0,False
2024-01-24,Paper Cups (12oz),7.0,52.0,False
2024-01-25,Paper Cups (12oz),7.0,45.0,False
2024-01-26,Paper Cups (12oz),9.0,36.0,False
2024-01-27,Paper Cups (12oz),7.0,29.0,False
2024-01-28,Paper Cups (12oz),7.0,127.0,False
2024-01-29,Paper Cups (12oz),7.0,120.0,False
2024-01-30,Paper Cups (12oz),8.0,112.0,False
2024-01-31,Paper Cups (12oz),7.0,105.0,False
2024-02-01,Paper Cups (12oz),7.0,98.0,False
2024-02-02,Paper Cups (12oz),7.0,91.0,False
2024-02-03,Paper Cups (12oz),,91.0,False
2024-02-04,Paper Cups (12oz),8.0,83.0,False
2024-02-05,Paper Cups (12oz),7.0,76.0,False
2024-02-06,Paper Cups (12oz),8.0,68.0,False
2024-02-07,Paper Cups (12oz),6.0,62.0,False
2024-02-08,Paper Cups (12oz),7.0,55.0,False
2024-02-09,Paper Cups (12oz),7.0,48.0,False
2024-02-10,Paper Cups (12oz),8.0,40.0,False
2024-02-11,Paper Cups (12oz),8.0,32.0,False
2024-02-12,Paper Cups (12oz),7.0,130.0,False
2024-02-13,Paper Cups (12oz),7.0,123.0,False
2024-02-14,Paper Cups (12oz),7.0,116.0,False
2024-02-15,Paper Cups (12oz),7.0,109.0,False
2024-02-16,Paper Cups (12oz),8.0,101.0,False
2024-02-17,Paper Cups (12oz),7.0,94.0,False
2024-02-18,Paper Cups (12oz),7.0,87.0,False
2024-02-19,Paper Cups (12oz),8.0,79.0,False
2024-02-20,Paper Cups (12oz),6.0,73.0,False
2024-02-21,Paper Cups (12oz),7.0,66.0,False
2024-02-22,Paper Cups (12oz),8.0,58.0,False
2024-02-23,Paper Cups (12oz),8.0,50.0,False
2024-02-24,Paper Cups (12oz),6.0,44.0,False
2024-02-25,Paper Cups (12oz),8.0,36.0,False
2024-02-26,Paper Cups (12oz),6.0,30.0,False
2024-02-27,Paper Cups (12oz),6.0,129.0,False
2024-02-28,Paper Cups (12oz),7.0,122.0,False
2024-02-29,Paper Cups (12oz),7.0,115.0,False
2024-03-01,Paper Cups (12oz),8.0,107.0,False
2024-03-02,Paper Cups (12oz),9.0,98.0,False
2024-03-03,Paper Cups (12oz),8.0,90.0,False
2024-03-04,Paper Cups (12oz),7.0,83.0,False
2024-03-05,Paper Cups (12oz),8.0,75.0,False
2024-03-06,Paper Cups (12oz),7.0,68.0,False
2024-03-07,Paper Cups (12oz),7.0,61.0,False
2024-03-08,Paper Cups (12oz),7.0,54.0,False
2024-03-09,Paper Cups (12oz),7.0,47.0,False
2024-03-10,Paper Cups (12oz),7.0,145.0,False
2024-03-11,Paper Cups (12oz),6.0,139.0,False
2024-03-12,Paper Cups (12oz),7.0,132.0,False
2024-03-13,Paper Cups (12oz),7.0,125.0,False
2024-03-14,Paper Cups (12oz),7.0,118.0,False
2024-03-15,Paper Cups (12oz),8.0,110.0,False
2024-03-16,Paper Cups (12oz),7.0,103.0,False
2024-03-17,Paper Cups (12oz),7.0,96.0,False
2024-03-18,Paper Cups (12oz),5.0,91.0,False
2024-03-19,Paper Cups (12oz),6.0,85.0,False
2024-03-20,Paper Cups (12oz),6.0,79.0,False
2024-03-21,Paper Cups (12oz),6.0,73.0,False
2024-03-22,Paper Cups (12oz),6.0,67.0,False
2024-03-23,Paper Cups (12oz),7.0,60.0,False
2024-03-24,Paper Cups (12oz),7.0,53.0,False
2024-03-25,Paper Cups (12oz),7.0,46.0,False
2024-03-26,Paper Cups (12oz),7.0,39.0,False
2024-03-27,Paper Cups (12oz),5.0,34.0,False
2024-03-28,Paper Cups (12oz),8.0,131.0,False
2024-03-29,Paper Cups (12oz),7.0,124.0,False
2024-03-30,Paper Cups (12oz),6.0,118.0,False
2024-03-31,Paper Cups (12oz),7.0,111.0,False
2024-04-01,Paper Cups (12oz),6.0,105.0,False
2024-04-02,Paper Cups (12oz),6.0,99.0,False
2024-04-03,Paper Cups (12oz),6.0,93.0,False
2024-04-04,Paper Cups (12oz),7.0,86.0,False
2024-04-05,Paper Cups (12oz),6.0,80.0,False
2024-04-06,Paper Cups (12oz),5.0,75.0,False
2024-04-07,Paper Cups (12oz),6.0,69.0,False
2024-04-08,Paper Cups (12oz),6.0,63.0,False
2024-04-09,Paper Cups (12oz),6.0,57.0,False
2024-04-10,Paper Cups (12oz),5.0,52.0,False
2024-04-11,Paper Cups (12oz),6.0,46.0,False
2024-04-12,Paper Cups (12oz),6.0,145.0,False
2024-04-13,Paper Cups (12oz),7.0,138.0,False
2024-04-14,Paper Cups (12oz),6.0,132.0,False
2024-04-15,Paper Cups (12oz),5.0,127.0,False
2024-04-16,Paper Cups (12oz),7.0,120.0,False
2024-04-17,Paper Cups (12oz),6.0,114.0,False
2024-04-18,Paper Cups (12oz),7.0,107.0,False
2024-04-19,Paper Cups (12oz),6.0,101.0,False
2024-04-20,Paper Cups (12oz),6.0,95.0,False
2024-04-21,Paper Cups (12oz),5.0,90.0,False
2024-04-22,Paper Cups (12oz),6.0,84.0,False
2024-04-23,Paper Cups (12oz),6.0,78.0,False
2024-04-24,Paper Cups (12oz),5.0,73.0,False
2024-04-25,Paper Cups (12oz),6.0,67.0,False
2024-04-26,Paper Cups (12oz),6.0,61.0,False
2024-04-27,Paper Cups (12oz),7.0,54.0,False
2024-04-28,Paper Cups (12oz),,54.0,False
2024-04-29,Paper Cups (12oz),7.0,47.0,False
2024-04-30,Paper Cups (12oz),6.0,146.0,False
2024-05-01,Paper Cups (12oz),4.0,142.0,False
2024-05-02,Paper Cups (12oz),6.0,136.0,False
2024-05-03,Paper Cups (12oz),6.0,130.0,False
2024-05-04,Paper Cups (12oz),6.0,124.0,False
2024-05-05,Paper Cups (12oz),6.0,118.0,False
2024-05-06,Paper Cups (12oz),6.0,112.0,False
2024-05-07,Paper Cups (12oz),7.0,105.0,False
2024-05-08,Paper Cups (12oz),6.0,99.0,False
2024-05-09,Paper Cups (12oz),5.0,94.0,False
2024-05-10,Paper Cups (12oz),7.0,87.0,False
2024-05-11,Paper Cups (12oz),,87.0,False
2024-05-12,Paper Cups (12oz),6.0,81.0,False
2024-05-13,Paper Cups (12oz),6.0,75.0,False
2024-05-14,Paper Cups (12oz),4.0,71.0,False
2024-05-15,Paper Cups (12oz),5.0,66.0,False
2024-05-16,Paper Cups (12oz),5.0,61.0,False
2024-05-17,Paper Cups (12oz),5.0,56.0,False
2024-05-18,Paper Cups (12oz),6.0,50.0,False
2024-05-19,Paper Cups (12oz),6.0,44.0,False
2024-05-20,Paper Cups (12oz),5.0,39.0,False
2024-05-21,Paper Cups (12oz),5.0,139.0,False
2024-05-22,Paper Cups (12oz),5.0,134.0,False
2024-05-23,Paper Cups (12oz),5.0,129.0,False
2024-05-24,Paper Cups (12oz),6.0,123.0,False
2024-05-25,Paper Cups (12oz),6.0,117.0,False
2024-05-26,Paper Cups (12oz),5.0,112.0,False
2024-05-27,Paper Cups (12oz),5.0,107.0,False
2024-05-28,Paper Cups (12oz),5.0,102.0,False
2024-05-29,Paper Cups (12oz),5.0,97.0,False
2024-05-30,Paper Cups (12oz),5.0,92.0,False
2024-05-31,Paper Cups (12oz),5.0,87.0,False
2024-06-01,Paper Cups (12oz),6.0,81.0,False
2024-06-02,Paper Cups (12oz),6.0,75.0,False
2024-06-03,Paper Cups (12oz),5.0,70.0,False
2024-06-04,Paper Cups (12oz),5.0,65.0,False
2024-06-05,Paper Cups (12oz),4.0,61.0,False
2024-06-06,Paper Cups (12oz),6.0,55.0,False
2024-06-07,Paper Cups (12oz),7.0,48.0,False
2024-06-08,Paper Cups (12oz),5.0,43.0,False
2024-06-09,Paper Cups (12oz),,43.0,False
2024-06-10,Paper Cups (12oz),4.0,39.0,False
2024-06-11,Paper Cups (12oz),5.0,139.0,False
2024-06-12,Paper Cups (12oz),5.0,134.0,False
2024-06-13,Paper Cups (12oz),4.0,130.0,False
2024-06-14,Paper Cups (12oz),5.0,125.0,False
2024-06-15,Paper Cups (12oz),6.0,119.0,False
2024-06-16,Paper Cups (12oz),5.0,114.0,False
2024-06-17,Paper Cups (12oz),5.0,109.0,False
2024-06-18,Paper Cups (12oz),5.0,104.0,False
2024-06-19,Paper Cups (12oz),5.0,99.0,False
2024-06-20,Paper Cups (12oz),5.0,94.0,False
2024-06-21,Paper Cups (12oz),7.0,87.0,False
2024-06-22,Paper Cups (12oz),6.0,81.0,False
2024-06-23,Paper Cups (12oz),6.0,75.0,False
2024-06-24,Paper Cups (12oz),5.0,70.0,False
2024-06-25,Paper Cups (12oz),5.0,65.0,False
2024-06-26,Paper Cups (12oz),4.0,61.0,False
2024-06-27,Paper Cups (12oz),6.0,55.0,False
2024-06-28,Paper Cups (12oz),5.0,50.0,False
2024-06-29,Paper Cups (12oz),5.0,45.0,False
2024-06-30,Paper Cups (12oz),4.0,41.0,False
2024-07-01,Paper Cups (12oz),4.0,37.0,False
2024-07-02,Paper Cups (12oz),5.0,137.0,False
2024-07-03,Paper Cups (12oz),5.0,132.0,False
2024-07-04,Paper Cups (12oz),5.0,127.0,False
2024-07-05,Paper Cups (12oz),5.0,122.0,False
2024-07-06,Paper Cups (12oz),5.0,117.0,False
2024-07-07,Paper Cups (12oz),5.0,112.0,False
2024-07-08,Paper Cups (12oz),5.0,107.0,False
2024-07-09,Paper Cups (12oz),5.0,102.0,False
2024-07-10,Paper Cups (12oz),4.0,98.0,False
2024-07-11,Paper Cups (12oz),5.0,93.0,False
2024-07-12,Paper Cups (12oz),6.0,87.0,False
2024-07-13,Paper Cups (12oz),6.0,81.0,False
2024-07-14,Paper Cups (12oz),6.0,75.0,False
2024-07-15,Paper Cups (12oz),5.0,70.0,False
2024-07-16,Paper Cups (12oz),4.0,66.0,False
2024-07-17,Paper Cups (12oz),5.0,61.0,False
2024-07-18,Paper Cups (12oz),3.0,58.0,False
2024-07-19,Paper Cups (12oz),5.0,53.0,False
2024-07-20,Paper Cups (12oz),5.0,48.0,False
2024-07-21,Paper Cups (12oz),5.0,43.0,False
2024-07-22,Paper Cups (12oz),5.0,38.0,False
2024-07-23,Paper Cups (12oz),5.0,138.0,False
2024-07-24,Paper Cups (12oz),6.0,132.0,False
2024-07-25,Paper Cups (12oz),4.0,128.0,False
2024-07-26,Paper Cups (12oz),5.0,123.0,False
2024-07-27,Paper Cups (12oz),6.0,117.0,False
2024-07-28,Paper Cups (12oz),4.0,113.0,False
2024-07-29,Paper Cups (12oz),4.0,109.0,False
2024-07-30,Paper Cups (12oz),4.0,105.0,False
2024-07-31,Paper Cups (12oz),5.0,100.0,False
2024-08-01,Paper Cups (12oz),0.0,100.0,False
2024-08-02,Paper Cups (12oz),5.0,95.0,False
2024-08-03,Paper Cups (12oz),5.0,90.0,False
2024-08-04,Paper Cups (12oz),5.0,85.0,False
2024-08-05,Paper Cups (12oz),4.0,81.0,False
2024-08-06,Paper Cups (12oz),5.0,76.0,False
2024-08-07,Paper Cups (12oz),4.0,72.0,False
2024-08-08,Paper Cups (12oz),5.0,67.0,False
2024-08-09,Paper Cups (12oz),6.0,61.0,False
2024-08-10,Paper Cups (12oz),6.0,55.0,False
2024-08-11,Paper Cups (12oz),6.0,49.0,False
2024-08-12,Paper Cups (12oz),6.0,43.0,False
2024-08-13,Paper Cups (12oz),5.0,143.0,False
2024-08-14,Paper Cups (12oz),6.0,137.0,False
2024-08-15,Paper Cups (12oz),0.0,137.0,False
2024-08-16,Paper Cups (12oz),5.0,132.0,False
2024-08-17,Paper Cups (12oz),5.0,127.0,False
2024-08-18,Paper Cups (12oz),5.0,122.0,False
2024-08-19,Paper Cups (12oz),6.0,116.0,False
2024-08-20,Paper Cups (12oz),6.0,110.0,False
2024-08-21,Paper Cups (12oz),5.0,105.0,False
2024-08-22,Paper Cups (12oz),6.0,99.0,False
2024-08-23,Paper Cups (12oz),4.0,95.0,False
2024-08-24,Paper Cups (12oz),5.0,90.0,False
2024-08-25,Paper Cups (12oz),5.0,85.0,False
2024-08-26,Paper Cups (12oz),5.0,80.0,False
2024-08-27,Paper Cups (12oz),4.0,76.0,False
2024-08-28,Paper Cups (12oz),6.0,70.0,False
2024-08-29,Paper Cups (12oz),5.0,65.0,False
2024-08-30,Paper Cups (12oz),5.0,60.0,False
2024-08-31,Paper Cups (12oz),6.0,54.0,False
2024-09-01,Paper Cups (12oz),5.0,49.0,False
2024-09-02,Paper Cups (12oz),6.0,43.0,False
2024-09-03,Paper Cups (12oz),5.0,143.0,False
2024-09-04,Paper Cups (12oz),5.0,138.0,False
2024-09-05,Paper Cups (12oz),6.0,132.0,False
2024-09-06,Paper Cups (12oz),5.0,127.0,False
2024-09-07,Paper Cups (12oz),5.0,122.0,False
2024-09-08,Paper Cups (12oz),5.0,117.0,False
2024-09-09,Paper Cups (12oz),6.0,111.0,False
2024-09-10,Paper Cups (12oz),6.0,105.0,False
2024-09-11,Paper Cups (12oz),6.0,99.0,False
2024-09-12,Paper Cups (12oz),7.0,92.0,False
2024-09-13,Paper Cups (12oz),6.0,86.0,False
2024-09-14,Paper Cups (12oz),5.0,81.0,False
2024-09-15,Paper Cups (12oz),6.0,75.0,False
2024-09-16,Paper Cups (12oz),4.0,71.0,False
2024-09-17,Paper Cups (12oz),6.0,65.0,False
2024-09-18,Paper Cups (12oz),5.0,60.0,False
2024-09-19,Paper Cups (12oz),5.0,55.0,False
2024-09-20,Paper Cups (12oz),7.0,48.0,False
2024-09-21,Paper Cups (12oz),6.0,42.0,False
2024-09-22,Paper Cups (12oz),7.0,35.0,False
2024-09-23,Paper Cups (12oz),4.0,31.0,False
2024-09-24,Paper Cups (12oz),6.0,130.0,False
2024-09-25,Paper Cups (12oz),5.0,125.0,False
2024-09-26,Paper Cups (12oz),6.0,119.0,False
2024-09-27,Paper Cups (12oz),6.0,113.0,False
2024-09-28,Paper Cups (12oz),5.0,108.0,False
2024-09-29,Paper Cups (12oz),5.0,103.0,False
2024-09-30,Paper Cups (12oz),6.0,97.0,False
2024-10-01,Paper Cups (12oz),6.0,91.0,False
2024-10-02,Paper Cups (12oz),5.0,86.0,False
2024-10-03,Paper Cups (12oz),6.0,80.0,False
2024-10-04,Paper Cups (12oz),7.0,73.0,False
2024-10-05,Paper Cups (12oz),7.0,66.0,False
2024-10-06,Paper Cups (12oz),,66.0,False
2024-10-07,Paper Cups (12oz),6.0,60.0,False
2024-10-08,Paper Cups (12oz),6.0,54.0,False
2024-10-09,Paper Cups (12oz),7.0,47.0,False
2024-10-10,Paper Cups (12oz),7.0,40.0,False
2024-10-11,Paper Cups (12oz),6.0,34.0,False
2024-10-12,Paper Cups (12oz),5.0,134.0,False
2024-10-13,Paper Cups (12oz),7.0,127.0,False
2024-10-14,Paper Cups (12oz),6.0,121.0,False
2024-10-15,Paper Cups (12oz),6.0,115.0,False
2024-10-16,Paper Cups (12oz),6.0,109.0,False
2024-10-17,Paper Cups (12oz),6.0,103.0,False
2024-10-18,Paper Cups (12oz),7.0,96.0,False
2024-10-19,Paper Cups (12oz),7.0,89.0,False
2024-10-20,Paper Cups (12oz),6.0,83.0,False
2024-10-21,Paper Cups (12oz),7.0,76.0,False
2024-10-22,Paper Cups (12oz),6.0,70.0,False
2024-10-23,Paper Cups (12oz),5.0,65.0,False
2024-10-24,Paper Cups (12oz),22.0,43.0,False
2024-10-25,Paper Cups (12oz),25.0,18.0,False
2024-10-26,Paper Cups (12oz),8.0,10.0,False
2024-10-27,Paper Cups (12oz),7.0,108.0,False
2024-10-28,Paper Cups (12oz),6.0,102.0,False
2024-10-29,Paper Cups (12oz),6.0,96.0,False
2024-10-30,Paper Cups (12oz),7.0,89.0,False
2024-10-31,Paper Cups (12oz),7.0,82.0,False
2024-11-01,Paper Cups (12oz),6.0,76.0,False
2024-11-02,Paper Cups (12oz),7.0,69.0,False
2024-11-03,Paper Cups (12oz),7.0,62.0,False
2024-11-04,Paper Cups (12oz),6.0,56.0,False
2024-11-05,Paper Cups (12oz),7.0,49.0,False
2024-11-06,Paper Cups (12oz),6.0,43.0,False
2024-11-07,Paper Cups (12oz),6.0,37.0,False
2024-11-08,Paper Cups (12oz),8.0,134.0,False
2024-11-09,Paper Cups (12oz),6.0,128.0,False
2024-11-10,Paper Cups (12oz),8.0,120.0,False
2024-11-11,Paper Cups (12oz),7.0,113.0,False
2024-11-12,Paper Cups (12oz),7.0,106.0,False
2024-11-13,Paper Cups (12oz),4.0,102.0,False
2024-11-14,Paper Cups (12oz),6.0,96.0,False
2024-11-15,Paper Cups (12oz),8.0,88.0,False
2024-11-16,Paper Cups (12oz),8.0,80.0,False
2024-11-17,Paper Cups (12oz),7.0,73.0,False
2024-11-18,Paper Cups (12oz),7.0,66.0,False
2024-11-19,Paper Cups (12oz),6.0,60.0,False
2024-11-20,Paper Cups (12oz),6.0,54.0,False
2024-11-21,Paper Cups (12oz),6.0,48.0,False
2024-11-22,Paper Cups (12oz),6.0,42.0,False
2024-11-23,Paper Cups (12oz),7.0,140.0,False
2024-11-24,Paper Cups (12oz),7.0,133.0,False
2024-11-25,Paper Cups (12oz),7.0,126.0,False
2024-11-26,Paper Cups (12oz),7.0,119.0,False
2024-11-27,Paper Cups (12oz),7.0,112.0,False
2024-11-28,Paper Cups (12oz),7.0,105.0,False
2024-11-29,Paper Cups (12oz),7.0,98.0,False
2024-11-30,Paper Cups (12oz),7.0,91.0,False
2024-12-01,Paper Cups (12oz),8.0,83.0,False
2024-12-02,Paper Cups (12oz),8.0,75.0,False
2024-12-03,Paper Cups (12oz),7.0,68.0,False
2024-12-04,Paper Cups (12oz),8.0,60.0,False
2024-12-05,Paper Cups (12oz),8.0,52.0,False
2024-12-06,Paper Cups (12oz),6.0,46.0,False
2024-12-07,Paper Cups (12oz),8.0,38.0,False
2024-12-08,Paper Cups (12oz),8.0,135.0,False
2024-12-09,Paper Cups (12oz),8.0,127.0,False
2024-12-10,Paper Cups (12oz),7.0,120.0,False
2024-12-11,Paper Cups (12oz),7.0,113.0,False
2024-12-12,Paper Cups (12oz),8.0,105.0,False
2024-12-13,Paper Cups (12oz),5.0,100.0,False
2024-12-14,Paper Cups (12oz),8.0,92.0,False
2024-12-15,Paper Cups (12oz),7.0,85.0,False
2024-12-16,Paper Cups (12oz),8.0,77.0,False
2024-12-17,Paper Cups (12oz),8.0,69.0,False
2024-12-18,Paper Cups (12oz),7.0,62.0,False
2024-12-19,Paper Cups (12oz),7.0,55.0,False
2024-12-20,Paper Cups (12oz),,55.0,False
2024-12-21,Paper Cups (12oz),9.0,46.0,False
2024-12-22,Paper Cups (12oz),8.0,38.0,False
2024-12-23,Paper Cups (12oz),7.0,136.0,False
2024-12-24,Paper Cups (12oz),7.0,129.0,False
2024-12-25,Paper Cups (12oz),8.0,121.0,False
2024-12-26,Paper Cups (12oz),7.0,114.0,False
2024-12-27,Paper Cups (12oz),8.0,106.0,False
2024-12-28,Paper Cups (12oz),8.0,98.0,False
2024-12-29,Paper Cups (12oz),10.0,88.0,False
2024-12-30,Paper Cups (12oz),6.0,82.0,False
2024-12-31,Paper Cups (12oz),5.0,77.0,False
2025-01-01,Paper Cups (12oz),7.0,70.0,False
2025-01-02,Paper Cups (12oz),6.0,64.0,False
2025-01-03,Paper Cups (12oz),8.0,56.0,False
2025-01-04,Paper Cups (12oz),6.0,50.0,False
2025-01-05,Paper Cups (12oz),8.0,42.0,False
2025-01-06,Paper Cups (12oz),7.0,35.0,False
2025-01-07,Paper Cups (12oz),5.0,135.0,False
2025-01-08,Paper Cups (12oz),7.0,128.0,False
2025-01-09,Paper Cups (12oz),7.0,121.0,False
2025-01-10,Paper Cups (12oz),7.0,114.0,False
2025-01-11,Paper Cups (12oz),7.0,107.0,False
2025-01-12,Paper Cups (12oz),7.0,100.0,False
2025-01-13,Paper Cups (12oz),7.0,93.0,False
2025-01-14,Paper Cups (12oz),7.0,86.0,False
2025-01-15,Paper Cups (12oz),7.0,79.0,False
2025-01-16,Paper Cups (12oz),6.0,73.0,False
2025-01-17,Paper Cups (12oz),8.0,65.0,False
2025-01-18,Paper Cups (12oz),7.0,58.0,False
2025-01-19,Paper Cups (12oz),6.0,52.0,False
2025-01-20,Paper Cups (12oz),9.0,43.0,False
2025-01-21,Paper Cups (12oz),8.0,35.0,False
2025-01-22,Paper Cups (12oz),6.0,134.0,False
2025-01-23,Paper Cups (12oz),8.0,126.0,False
2025-01-24,Paper Cups (12oz),8.0,118.0,False
2025-01-25,Paper Cups (12oz),8.0,110.0,False
2025-01-26,Paper Cups (12oz),9.0,101.0,False
2025-01-27,Paper Cups (12oz),7.0,94.0,False
2025-01-28,Paper Cups (12oz),7.0,87.0,False
2025-01-29,Paper Cups (12oz),8.0,79.0,False
2025-01-30,Paper Cups (12oz),6.0,73.0,False
2025-01-31,Paper Cups (12oz),8.0,65.0,False
2025-02-01,Paper Cups (12oz),8.0,57.0,False
2025-02-02,Paper Cups (12oz),9.0,48.0,False
2025-02-03,Paper Cups (12oz),8.0,145.0,False
2025-02-04,Paper Cups (12oz),7.0,138.0,False
2025-02-05,Paper Cups (12oz),8.0,130.0,False
2025-02-06,Paper Cups (12oz),8.0,122.0,False
2025-02-07,Paper Cups (12oz),8.0,114.0,False
2025-02-08,Paper Cups (12oz),7.0,107.0,False
2025-02-09,Paper Cups (12oz),7.0,100.0,False
2025-02-10,Paper Cups (12oz),8.0,92.0,False
2025-02-11,Paper Cups (12oz),7.0,85.0,False
2025-02-12,Paper Cups (12oz),7.0,78.0,False
2025-02-13,Paper Cups (12oz),7.0,71.0,False
2025-02-14,Paper Cups (12oz),8.0,63.0,False
2025-02-15,Paper Cups (12oz),8.0,55.0,False
2025-02-16,Paper Cups (12oz),8.0,47.0,False
2025-02-17,Paper Cups (12oz),6.0,41.0,False
2025-02-18,Paper Cups (12oz),7.0,139.0,False
2025-02-19,Paper Cups (12oz),8.0,131.0,False
2025-02-20,Paper Cups (12oz),8.0,123.0,False
2025-02-21,Paper Cups (12oz),7.0,116.0,False
2025-02-22,Paper Cups (12oz),8.0,108.0,False
2025-02-23,Paper Cups (12oz),7.0,101.0,False
2025-02-24,Paper Cups (12oz),8.0,93.0,False
2025-02-25,Paper Cups (12oz),7.0,86.0,False
2025-02-26,Paper Cups (12oz),8.0,78.0,False
2025-02-27,Paper Cups (12oz),8.0,70.0,False
2025-02-28,Paper Cups (12oz),6.0,64.0,False
2025-03-01,Paper Cups (12oz),6.0,58.0,False
2025-03-02,Paper Cups (12oz),26.0,137.0,False
2025-03-03,Paper Cups (12oz),7.0,130.0,False
2025-03-04,Paper Cups (12oz),6.0,124.0,False
2025-03-05,Paper Cups (12oz),7.0,117.0,False
2025-03-06,Paper Cups (12oz),7.0,110.0,False
2025-03-07,Paper Cups (12oz),7.0,103.0,False
2025-03-08,Paper Cups (12oz),9.0,94.0,False
2025-03-09,Paper Cups (12oz),7.0,87.0,False
2025-03-10,Paper Cups (12oz),8.0,79.0,False
2025-03-11,Paper Cups (12oz),7.0,72.0,False
2025-03-12,Paper Cups (12oz),8.0,64.0,False
2025-03-13,Paper Cups (12oz),7.0,57.0,False
2025-03-14,Paper Cups (12oz),6.0,51.0,False
2025-03-15,Paper Cups (12oz),7.0,44.0,False
2025-03-16,Paper Cups (12oz),6.0,38.0,False
2025-03-17,Paper Cups (12oz),7.0,136.0,False
2025-03-18,Paper Cups (12oz),7.0,129.0,False
2025-03-19,Paper Cups (12oz),6.0,123.0,False
2025-03-20,Paper Cups (12oz),6.0,117.0,False
2025-03-21,Paper Cups (12oz),6.0,111.0,False
2025-03-22,Paper Cups (12oz),6.0,105.0,False
2025-03-23,Paper Cups (12oz),6.0,99.0,False
2025-03-24,Paper Cups (12oz),8.0,91.0,False
2025-03-25,Paper Cups (12oz),6.0,85.0,False
2025-03-26,Paper Cups (12oz),6.0,79.0,False
2025-03-27,Paper Cups (12oz),6.0,73.0,False
2025-03-28,Paper Cups (12oz),6.0,67.0,False
2025-03-29,Paper Cups (12oz),6.0,61.0,False
2025-03-30,Paper Cups (12oz),8.0,53.0,False
2025-03-31,Paper Cups (12oz),6.0,47.0,False
2025-04-01,Paper Cups (12oz),6.0,146.0,False
2025-04-02,Paper Cups (12oz),7.0,139.0,False
2025-04-03,Paper Cups (12oz),6.0,133.0,False
2025-04-04,Paper Cups (12oz),7.0,126.0,False
2025-04-05,Paper Cups (12oz),7.0,119.0,False
2025-04-06,Paper Cups (12oz),5.0,114.0,False
2025-04-07,Paper Cups (12oz),6.0,108.0,False
2025-04-08,Paper Cups (12oz),5.0,103.0,False
2025-04-09,Paper Cups (12oz),7.0,96.0,False
2025-04-10,Paper Cups (12oz),5.0,91.0,False
2025-04-11,Paper Cups (12oz),6.0,85.0,False
2025-04-12,Paper Cups (12oz),7.0,78.0,False
2025-04-13,Paper Cups (12oz),8.0,70.0,False
2025-04-14,Paper Cups (12oz),6.0,64.0,False
2025-04-15,Paper Cups (12oz),22.0,42.0,False
2025-04-16,Paper Cups (12oz),5.0,142.0,False
2025-04-17,Paper Cups (12oz),6.0,136.0,False
2025-04-18,Paper Cups (12oz),7.0,129.0,False
2025-04-19,Paper Cups (12oz),6.0,123.0,False
2025-04-20,Paper Cups (12oz),6.0,117.0,False
2025-04-21,Paper Cups (12oz),6.0,111.0,False
2025-04-22,Paper Cups (12oz),0.0,111.0,False
2025-04-23,Paper Cups (12oz),5.0,106.0,False
2025-04-24,Paper Cups (12oz),6.0,100.0,False
2025-04-25,Paper Cups (12oz),7.0,93.0,False
2025-04-26,Paper Cups (12oz),5.0,88.0,False
2025-04-27,Paper Cups (12oz),6.0,82.0,False
2025-04-28,Paper Cups (12oz),5.0,77.0,False
2025-04-29,Paper Cups (12oz),5.0,72.0,False
2025-04-30,Paper Cups (12oz),6.0,66.0,False
2025-05-01,Paper Cups (12oz),5.0,61.0,False
2025-05-02,Paper Cups (12oz),6.0,55.0,False
2025-05-03,Paper Cups (12oz),7.0,48.0,False
2025-05-04,Paper Cups (12oz),6.0,42.0,False
2025-05-05,Paper Cups (12oz),4.0,38.0,False
2025-05-06,Paper Cups (12oz),6.0,32.0,False
2025-05-07,Paper Cups (12oz),6.0,131.0,False
2025-05-08,Paper Cups (12oz),6.0,125.0,False
2025-05-09,Paper Cups (12oz),5.0,120.0,False
2025-05-10,Paper Cups (12oz),7.0,113.0,False
2025-05-11,Paper Cups (12oz),5.0,108.0,False
2025-05-12,Paper Cups (12oz),5.0,103.0,False
2025-05-13,Paper Cups (12oz),6.0,97.0,False
2025-05-14,Paper Cups (12oz),6.0,91.0,False
2025-05-15,Paper Cups (12oz),5.0,86.0,False
2025-05-16,Paper Cups (12oz),5.0,81.0,False
2025-05-17,Paper Cups (12oz),7.0,74.0,False
2025-05-18,Paper Cups (12oz),6.0,68.0,False
2025-05-19,Paper Cups (12oz),5.0,63.0,False
2025-05-20,Paper Cups (12oz),5.0,58.0,False
2025-05-21,Paper Cups (12oz),5.0,53.0,False
2025-05-22,Paper Cups (12oz),5.0,48.0,False
2025-05-23,Paper Cups (12oz),6.0,42.0,False
2025-05-24,Paper Cups (12oz),7.0,35.0,False
2025-05-25,Paper Cups (12oz),5.0,135.0,False
2025-05-26,Paper Cups (12oz),6.0,129.0,False
2025-05-27,Paper Cups (12oz),6.0,123.0,False
2025-05-28,Paper Cups (12oz),4.0,119.0,False
2025-05-29,Paper Cups (12oz),5.0,114.0,False
2025-05-30,Paper Cups (12oz),6.0,108.0,False
2025-05-31,Paper Cups (12oz),6.0,102.0,False
2025-06-01,Paper Cups (12oz),5.0,97.0,False
2025-06-02,Paper Cups (12oz),6.0,91.0,False
2025-06-03,Paper Cups (12oz),6.0,85.0,False
2025-06-04,Paper Cups (12oz),5.0,80.0,False
2025-06-05,Paper Cups (12oz),5.0,75.0,False
2025-06-06,Paper Cups (12oz),5.0,70.0,False
2025-06-07,Paper Cups (12oz),6.0,64.0,False
2025-06-08,Paper Cups (12oz),5.0,59.0,False
2025-06-09,Paper Cups (12oz),5.0,54.0,False
2025-06-10,Paper Cups (12oz),5.0,49.0,False
2025-06-11,Paper Cups (12oz),5.0,44.0,False
2025-06-12,Paper Cups (12oz),6.0,143.0,False
2025-06-13,Paper Cups (12oz),5.0,138.0,False
2025-06-14,Paper Cups (12oz),5.0,133.0,False
2025-06-15,Paper Cups (12oz),5.0,128.0,False
2025-06-16,Paper Cups (12oz),5.0,123.0,False
2025-06-17,Paper Cups (12oz),4.0,119.0,False
2025-06-18,Paper Cups (12oz),4.0,115.0,False
2025-06-19,Paper Cups (12oz),4.0,111.0,False
2025-06-20,Paper Cups (12oz),6.0,105.0,False
2025-06-21,Paper Cups (12oz),5.0,100.0,False
2025-06-22,Paper Cups (12oz),5.0,95.0,False
2025-06-23,Paper Cups (12oz),5.0,90.0,False
2025-06-24,Paper Cups (12oz),5.0,85.0,False
2025-06-25,Paper Cups (12oz),4.0,81.0,False
2025-06-26,Paper Cups (12oz),5.0,76.0,False
2025-06-27,Paper Cups (12oz),5.0,71.0,False
2025-06-28,Paper Cups (12oz),4.0,67.0,False
2025-06-29,Paper Cups (12oz),4.0,63.0,False
2025-06-30,Paper Cups (12oz),5.0,58.0,False
2025-07-01,Paper Cups (12oz),5.0,53.0,False
2025-07-02,Paper Cups (12oz),4.0,49.0,False
2025-07-03,Paper Cups (12oz),5.0,44.0,False
2025-07-04,Paper Cups (12oz),5.0,39.0,False
2025-07-05,Paper Cups (12oz),5.0,34.0,False
2025-07-06,Paper Cups (12oz),5.0,134.0,False
2025-07-07,Paper Cups (12oz),5.0,129.0,False
2025-07-08,Paper Cups (12oz),5.0,124.0,False
2025-07-09,Paper Cups (12oz),4.0,120.0,False
2025-07-10,Paper Cups (12oz),5.0,115.0,False
2025-07-11,Paper Cups (12oz),4.0,111.0,False
2025-07-12,Paper Cups (12oz),5.0,106.0,False
2025-07-13,Paper Cups (12oz),5.0,101.0,False
2025-07-14,Paper Cups (12oz),6.0,95.0,False
2025-07-15,Paper Cups (12oz),,95.0,False
2025-07-16,Paper Cups (12oz),5.0,90.0,False
2025-07-17,Paper Cups (12oz),5.0,85.0,False
2025-07-18,Paper Cups (12oz),4.0,81.0,False
2025-07-19,Paper Cups (12oz),5.0,76.0,False
2025-07-20,Paper Cups (12oz),5.0,71.0,False
2025-07-21,Paper Cups (12oz),4.0,67.0,False
2025-07-22,Paper Cups (12oz),5.0,62.0,False
2025-07-23,Paper Cups (12oz),4.0,58.0,False
2025-07-24,Paper Cups (12oz),5.0,53.0,False
2025-07-25,Paper Cups (12oz),6.0,47.0,False
2025-07-26,Paper Cups (12oz),5.0,42.0,False
2025-07-27,Paper Cups (12oz),5.0,142.0,False
2025-07-28,Paper Cups (12oz),5.0,137.0,False
2025-07-29,Paper Cups (12oz),5.0,132.0,False
2025-07-30,Paper Cups (12oz),5.0,127.0,False
2025-07-31,Paper Cups (12oz),5.0,122.0,False
2025-08-01,Paper Cups (12oz),5.0,117.0,False
2025-08-02,Paper Cups (12oz),5.0,112.0,False
2025-08-03,Paper Cups (12oz),21.0,91.0,False
2025-08-04,Paper Cups (12oz),5.0,86.0,False
2025-08-05,Paper Cups (12oz),5.0,81.0,False
2025-08-06,Paper Cups (12oz),4.0,77.0,False
2025-08-07,Paper Cups (12oz),5.0,72.0,False
2025-08-08,Paper Cups (12oz),6.0,66.0,False
2025-08-09,Paper Cups (12oz),5.0,61.0,False
2025-08-10,Paper Cups (12oz),5.0,56.0,False
2025-08-11,Paper Cups (12oz),4.0,52.0,False
2025-08-12,Paper Cups (12oz),6.0,46.0,False
2025-08-13,Paper Cups (12oz),5.0,41.0,False
2025-08-14,Paper Cups (12oz),5.0,141.0,False
2025-08-15,Paper Cups (12oz),4.0,137.0,False
2025-08-16,Paper Cups (12oz),5.0,132.0,False
2025-08-17,Paper Cups (12oz),4.0,128.0,False
2025-08-18,Paper Cups (12oz),5.0,123.0,False
2025-08-19,Paper Cups (12oz),5.0,118.0,False
2025-08-20,Paper Cups (12oz),5.0,113.0,False
2025-08-21,Paper Cups (12oz),5.0,108.0,False
2025-08-22,Paper Cups (12oz),6.0,102.0,False
2025-08-23,Paper Cups (12oz),6.0,96.0,False
2025-08-24,Paper Cups (12oz),6.0,90.0,False
2025-08-25,Paper Cups (12oz),5.0,85.0,False
2025-08-26,Paper Cups (12oz),6.0,79.0,False
2025-08-27,Paper Cups (12oz),5.0,74.0,False
2025-08-28,Paper Cups (12oz),4.0,70.0,False
2025-08-29,Paper Cups (12oz),4.0,66.0,False
2025-08-30,Paper Cups (12oz),5.0,61.0,False
2025-08-31,Paper Cups (12oz),6.0,55.0,False
2025-09-01,Paper Cups (12oz),5.0,50.0,False
2025-09-02,Paper Cups (12oz),6.0,44.0,False
2025-09-03,Paper Cups (12oz),6.0,38.0,False
2025-09-04,Paper Cups (12oz),6.0,137.0,False
2025-09-05,Paper Cups (12oz),6.0,131.0,False
2025-09-06,Paper Cups (12oz),6.0,125.0,False
2025-09-07,Paper Cups (12oz),6.0,119.0,False
2025-09-08,Paper Cups (12oz),5.0,114.0,False
2025-09-09,Paper Cups (12oz),4.0,110.0,False
2025-09-10,Paper Cups (12oz),5.0,105.0,False
2025-09-11,Paper Cups (12oz),5.0,100.0,False
2025-09-12,Paper Cups (12oz),5.0,95.0,False
2025-09-13,Paper Cups (12oz),6.0,89.0,False
2025-09-14,Paper Cups (12oz),6.0,83.0,False
2025-09-15,Paper Cups (12oz),5.0,78.0,False
2025-09-16,Paper Cups (12oz),6.0,72.0,False
2025-09-17,Paper Cups (12oz),5.0,67.0,False
2025-09-18,Paper Cups (12oz),7.0,60.0,False
2025-09-19,Paper Cups (12oz),5.0,55.0,False
2025-09-20,Paper Cups (12oz),6.0,49.0,False
2025-09-21,Paper Cups (12oz),6.0,43.0,False
2025-09-22,Paper Cups (12oz),5.0,143.0,False
2025-09-23,Paper Cups (12oz),6.0,137.0,False
2025-09-24,Paper Cups (12oz),5.0,132.0,False
2025-09-25,Paper Cups (12oz),5.0,127.0,False
2025-09-26,Paper Cups (12oz),5.0,122.0,False
2025-09-27,Paper Cups (12oz),7.0,115.0,False
2025-09-28,Paper Cups (12oz),6.0,109.0,False
2025-09-29,Paper Cups (12oz),7.0,102.0,False
2025-09-30,Paper Cups (12oz),7.0,95.0,False
2025-10-01,Paper Cups (12oz),7.0,88.0,False
2025-10-02,Paper Cups (12oz),6.0,82.0,False
2025-10-03,Paper Cups (12oz),6.0,76.0,False
2025-10-04,Paper Cups (12oz),7.0,69.0,False
2025-10-05,Paper Cups (12oz),6.0,63.0,False
2025-10-06,Paper Cups (12oz),6.0,57.0,False
2025-10-07,Paper Cups (12oz),5.0,52.0,False
2025-10-08,Paper Cups (12oz),6.0,46.0,False
2025-10-09,Paper Cups (12oz),5.0,41.0,False
2025-10-10,Paper Cups (12oz),5.0,141.0,False
2025-10-11,Paper Cups (12oz),6.0,135.0,False
2025-10-12,Paper Cups (12oz),6.0,129.0,False
2025-10-13,Paper Cups (12oz),6.0,123.0,False
2025-10-14,Paper Cups (12oz),7.0,116.0,False
2025-10-15,Paper Cups (12oz),7.0,109.0,False
2025-10-16,Paper Cups (12oz),5.0,104.0,False
2025-10-17,Paper Cups (12oz),6.0,98.0,False
2025-10-18,Paper Cups (12oz),5.0,93.0,False
2025-10-19,Paper Cups (12oz),6.0,87.0,False
2025-10-20,Paper Cups (12oz),5.0,82.0,False
2025-10-21,Paper Cups (12oz),6.0,76.0,False
2025-10-22,Paper Cups (12oz),6.0,70.0,False
2025-10-23,Paper Cups (12oz),6.0,64.0,False
2025-10-24,Paper Cups (12oz),7.0,57.0,False
2025-10-25,Paper Cups (12oz),7.0,50.0,False
2025-10-26,Paper Cups (12oz),6.0,44.0,False
2025-10-27,Paper Cups (12oz),6.0,38.0,False
2025-10-28,Paper Cups (12oz),6.0,137.0,False
2025-10-29,Paper Cups (12oz),6.0,131.0,False
2025-10-30,Paper Cups (12oz),7.0,124.0,False
2025-10-31,Paper Cups (12oz),7.0,117.0,False
2025-11-01,Paper Cups (12oz),6.0,111.0,False
2025-11-02,Paper Cups (12oz),6.0,105.0,False
2025-11-03,Paper Cups (12oz),7.0,98.0,False
2025-11-04,Paper Cups (12oz),7.0,91.0,False
2025-11-05,Paper Cups (12oz),6.0,85.0,False
2025-11-06,Paper Cups (12oz),7.0,78.0,False
2025-11-07,Paper Cups (12oz),7.0,71.0,False
2025-11-08,Paper Cups (12oz),8.0,63.0,False
2025-11-09,Paper Cups (12oz),6.0,57.0,False
2025-11-10,Paper Cups (12oz),6.0,51.0,False
2025-11-11,Paper Cups (12oz),5.0,46.0,False
2025-11-12,Paper Cups (12oz),6.0,145.0,False
2025-11-13,Paper Cups (12oz),5.0,140.0,False
2025-11-14,Paper Cups (12oz),7.0,133.0,False
2025-11-15,Paper Cups (12oz),7.0,126.0,False
2025-11-16,Paper Cups (12oz),6.0,120.0,False
2025-11-17,Paper Cups (12oz),7.0,113.0,False
2025-11-18,Paper Cups (12oz),7.0,106.0,False
2025-11-19,Paper Cups (12oz),6.0,100.0,False
2025-11-20,Paper Cups (12oz),7.0,93.0,False
2025-11-21,Paper Cups (12oz),8.0,85.0,False
2025-11-22,Paper Cups (12oz),9.0,76.0,False
2025-11-23,Paper Cups (12oz),6.0,70.0,False
2025-11-24,Paper Cups (12oz),7.0,63.0,False
2025-11-25,Paper Cups (12oz),6.0,57.0,False
2025-11-26,Paper Cups (12oz),7.0,50.0,False
2025-11-27,Paper Cups (12oz),7.0,43.0,False
2025-11-28,Paper Cups (12oz),8.0,35.0,False
2025-11-29,Paper Cups (12oz),8.0,27.0,False
2025-11-30,Paper Cups (12oz),7.0,125.0,False
2025-12-01,Paper Cups (12oz),6.0,119.0,False
2025-12-02,Paper Cups (12oz),5.0,114.0,False
2025-12-03,Paper Cups (12oz),,114.0,False
2025-12-04,Paper Cups (12oz),7.0,107.0,False
2025-12-05,Paper Cups (12oz),8.0,99.0,False
2025-12-06,Paper Cups (12oz),9.0,90.0,False
2025-12-07,Paper Cups (12oz),6.0,84.0,False
2025-12-08,Paper Cups (12oz),8.0,76.0,False
2025-12-09,Paper Cups (12oz),6.0,70.0,False
2025-12-10,Paper Cups (12oz),8.0,62.0,False
2025-12-11,Paper Cups (12oz),7.0,55.0,False
2025-12-12,Paper Cups (12oz),9.0,46.0,False
2025-12-13,Paper Cups (12oz),7.0,39.0,False
2025-12-14,Paper Cups (12oz),9.0,30.0,False
2025-12-15,Paper Cups (12oz),7.0,128.0,False
2025-12-16,Paper Cups (12oz),8.0,120.0,False
2025-12-17,Paper Cups (12oz),6.0,114.0,False
2025-12-18,Paper Cups (12oz),6.0,108.0,False
2025-12-19,Paper Cups (12oz),9.0,99.0,False
2025-12-20,Paper Cups (12oz),9.0,90.0,False
2025-12-21,Paper Cups (12oz),8.0,82.0,False
2025-12-22,Paper Cups (12oz),8.0,74.0,False
2025-12-23,Paper Cups (12oz),8.0,66.0,False
2025-12-24,Paper Cups (12oz),8.0,58.0,False
2025-12-25,Paper Cups (12oz),8.0,50.0,False
2025-12-26,Paper Cups (12oz),7.0,43.0,False
2025-12-27,Paper Cups (12oz),8.0,140.0,False
2025-12-28,Paper Cups (12oz),7.0,133.0,False
2025-12-29,Paper Cups (12oz),8.0,125.0,False
2025-12-30,Paper Cups (12oz),8.0,117.0,False
2025-12-31,Paper Cups (12oz),8.0,109.0,False
2026-01-01,Paper Cups (12oz),8.0,101.0,False
2026-01-02,Paper Cups (12oz),7.0,94.0,False
2026-01-03,Paper Cups (12oz),7.0,87.0,False
2026-01-04,Paper Cups (12oz),8.0,79.0,False
2026-01-05,Paper Cups (12oz),7.0,72.0,False
2026-01-06,Paper Cups (12oz),6.0,66.0,False
2026-01-07,Paper Cups (12oz),7.0,59.0,False
2026-01-08,Paper Cups (12oz),7.0,52.0,False
2026-01-09,Paper Cups (12oz),10.0,42.0,False
2026-01-10,Paper Cups (12oz),7.0,35.0,False
2026-01-11,Paper Cups (12oz),8.0,132.0,False
2026-01-12,Paper Cups (12oz),8.0,124.0,False
2026-01-13,Paper Cups (12oz),7.0,117.0,False
2026-01-14,Paper Cups (12oz),8.0,109.0,False
2026-01-15,Paper Cups (12oz),7.0,102.0,False
2026-01-16,Paper Cups (12oz),8.0,94.0,False
2026-01-17,Paper Cups (12oz),10.0,84.0,False
2026-01-18,Paper Cups (12oz),8.0,76.0,False
2026-01-19,Paper Cups (12oz),8.0,68.0,False
2026-01-20,Paper Cups (12oz),7.0,61.0,False
2026-01-21,Paper Cups (12oz),6.0,55.0,False
2026-01-22,Paper Cups (12oz),6.0,49.0,False
2026-01-23,Paper Cups (12oz),7.0,42.0,False
2026-01-24,Paper Cups (12oz),8.0,34.0,False
2026-01-25,Paper Cups (12oz),7.0,27.0,False
2026-01-26,Paper Cups (12oz),8.0,124.0,False
2026-01-27,Paper Cups (12oz),7.0,117.0,False
2026-01-28,Paper Cups (12oz),8.0,109.0,False
2026-01-29,Paper Cups (12oz),7.0,102.0,False
2026-01-30,Paper Cups (12oz),11.0,91.0,False
2026-01-31,Paper Cups (12oz),9.0,82.0,False
2026-02-01,Paper Cups (12oz),7.0,75.0,False
2026-02-02,Paper Cups (12oz),7.0,68.0,False
2026-02-03,Paper Cups (12oz),6.0,62.0,False
2026-02-04,Paper Cups (12oz),7.0,55.0,False
2026-02-05,Paper Cups (12oz),7.0,48.0,False
2026-02-06,Paper Cups (12oz),8.0,40.0,False
2026-02-07,Paper Cups (12oz),8.0,137.0,False
2026-02-08,Paper Cups (12oz),9.0,128.0,False
2026-02-09,Paper Cups (12oz),8.0,120.0,False
2026-02-10,Paper Cups (12oz),8.0,112.0,False
2026-02-11,Paper Cups (12oz),6.0,106.0,False
2026-02-12,Paper Cups (12oz),8.0,98.0,False
2026-02-13,Paper Cups (12oz),7.0,91.0,False
2026-02-14,Paper Cups (12oz),7.0,84.0,False
2026-02-15,Paper Cups (12oz),7.0,77.0,False
2026-02-16,Paper Cups (12oz),8.0,69.0,False
2026-02-17,Paper Cups (12oz),9.0,60.0,False
2026-02-18,Paper Cups (12oz),7.0,53.0,False
2026-02-19,Paper Cups (12oz),6.0,47.0,False
2026-02-20,Paper Cups (12oz),8.0,39.0,False
2026-02-21,Paper Cups (12oz),8.0,31.0,False
2026-02-22,Paper Cups (12oz),7.0,129.0,False
2026-02-23,Paper Cups (12oz),7.0,122.0,False
2026-02-24,Paper Cups (12oz),6.0,116.0,False
2026-02-25,Paper Cups (12oz),8.0,108.0,False
2026-02-26,Paper Cups (12oz),8.0,100.0,False
2026-02-27,Paper Cups (12oz),7.0,93.0,False
2026-02-28,Paper Cups (12oz),8.0,85.0,False
2026-03-01,Paper Cups (12oz),8.0,77.0,False
2026-03-02,Paper Cups (12oz),6.0,71.0,False
2026-03-03,Paper Cups (12oz),6.0,65.0,False
2026-03-04,Paper Cups (12oz),6.0,59.0,False
2026-03-05,Paper Cups (12oz),7.0,52.0,False
2026-03-06,Paper Cups (12oz),6.0,46.0,False
2026-03-07,Paper Cups (12oz),10.0,36.0,False
2026-03-08,Paper Cups (12oz),6.0,30.0,False
2026-03-09,Paper Cups (12oz),7.0,128.0,False
2026-03-10,Paper Cups (12oz),6.0,122.0,False
2026-03-11,Paper Cups (12oz),6.0,116.0,False
2026-03-12,Paper Cups (12oz),7.0,109.0,False
2026-03-13,Paper Cups (12oz),7.0,102.0,False
2026-03-14,Paper Cups (12oz),6.0,96.0,False
2026-03-15,Paper Cups (12oz),7.0,89.0,False
2026-03-16,Paper Cups (12oz),7.0,82.0,False
2026-03-17,Paper Cups (12oz),7.0,75.0,False
2026-03-18,Paper Cups (12oz),5.0,70.0,False
2026-03-19,Paper Cups (12oz),7.0,63.0,False
2026-03-20,Paper Cups (12oz),6.0,57.0,False
2026-03-21,Paper Cups (12oz),6.0,51.0,False
2026-03-22,Paper Cups (12oz),8.0,43.0,False
2026-03-23,Paper Cups (12oz),7.0,36.0,False
2026-03-24,Paper Cups (12oz),7.0,134.0,False
2026-03-25,Paper Cups (12oz),7.0,127.0,False
2026-03-26,Paper Cups (12oz),7.0,120.0,False
2026-03-27,Paper Cups (12oz),7.0,113.0,False
2026-03-28,Paper Cups (12oz),6.0,107.0,False
2026-03-29,Paper Cups (12oz),6.0,101.0,False
2026-03-30,Paper Cups (12oz),7.0,94.0,False
2026-03-31,Paper Cups (12oz),6.0,88.0,False
2026-04-01,Paper Cups (12oz),7.0,81.0,False
2026-04-02,Paper Cups (12oz),6.0,75.0,False
2026-04-03,Paper Cups (12oz),6.0,69.0,False
2026-04-04,Paper Cups (12oz),6.0,63.0,False
2026-04-05,Paper Cups (12oz),6.0,57.0,False
2026-04-06,Paper Cups (12oz),6.0,51.0,False
2026-04-07,Paper Cups (12oz),7.0,44.0,False
2026-04-08,Paper Cups (12oz),6.0,143.0,False
2026-04-09,Paper Cups (12oz),7.0,136.0,False
2026-04-10,Paper Cups (12oz),5.0,131.0,False
2026-04-11,Paper Cups (12oz),7.0,124.0,False
2026-04-12,Paper Cups (12oz),6.0,118.0,False
2026-04-13,Paper Cups (12oz),6.0,112.0,False
2026-04-14,Paper Cups (12oz),6.0,106.0,False
2026-04-15,Paper Cups (12oz),5.0,101.0,False
2026-04-16,Paper Cups (12oz),7.0,94.0,False
2026-04-17,Paper Cups (12oz),5.0,89.0,False
2026-04-18,Paper Cups (12oz),7.0,82.0,False
2026-04-19,Paper Cups (12oz),5.0,77.0,False
2026-04-20,Paper Cups (12oz),5.0,72.0,False
2026-04-21,Paper Cups (12oz),6.0,66.0,False
2026-04-22,Paper Cups (12oz),6.0,60.0,False
2026-04-23,Paper Cups (12oz),6.0,54.0,False
2026-04-24,Paper Cups (12oz),6.0,48.0,False
2026-04-25,Paper Cups (12oz),6.0,42.0,False
2026-04-26,Paper Cups (12oz),5.0,142.0,False
2026-04-27,Paper Cups (12oz),5.0,137.0,False
2026-04-28,Paper Cups (12oz),6.0,131.0,False
2026-04-29,Paper Cups (12oz),6.0,125.0,False
2026-04-30,Paper Cups (12oz),5.0,120.0,False
2026-05-01,Paper Cups (12oz),5.0,115.0,False
2026-05-02,Paper Cups (12oz),7.0,108.0,False
2026-05-03,Paper Cups (12oz),7.0,101.0,False
2026-05-04,Paper Cups (12oz),5.0,96.0,False
2026-05-05,Paper Cups (12oz),5.0,91.0,False
2026-05-06,Paper Cups (12oz),5.0,86.0,False
2026-05-07,Paper Cups (12oz),6.0,80.0,False
2026-05-08,Paper Cups (12oz),6.0,74.0,False
2026-05-09,Paper Cups (12oz),6.0,68.0,False
2026-05-10,Paper Cups (12oz),7.0,61.0,False
2026-05-11,Paper Cups (12oz),5.0,56.0,False
2026-05-12,Paper Cups (12oz),6.0,50.0,False
2026-05-13,Paper Cups (12oz),6.0,44.0,False
2026-05-14,Paper Cups (12oz),6.0,143.0,False
2026-05-15,Paper Cups (12oz),6.0,137.0,False
2026-05-16,Paper Cups (12oz),5.0,132.0,False
2026-05-17,Paper Cups (12oz),6.0,126.0,False
2026-05-18,Paper Cups (12oz),5.0,121.0,False
2026-05-19,Paper Cups (12oz),5.0,116.0,False
2026-05-20,Paper Cups (12oz),6.0,110.0,False
2026-05-21,Paper Cups (12oz),5.0,105.0,False
2026-05-22,Paper Cups (12oz),6.0,99.0,False
2026-05-23,Paper Cups (12oz),6.0,93.0,False
2026-05-24,Paper Cups (12oz),5.0,88.0,False
2026-05-25,Paper Cups (12oz),4.0,84.0,False
2026-05-26,Paper Cups (12oz),5.0,79.0,False
2026-05-27,Paper Cups (12oz),5.0,74.0,False
2026-05-28,Paper Cups (12oz),5.0,69.0,False
2026-05-29,Paper Cups (12oz),5.0,64.0,False
2026-05-30,Paper Cups (12oz),6.0,58.0,False
2026-05-31,Paper Cups (12oz),6.0,52.0,False
2026-06-01,Paper Cups (12oz),6.0,46.0,False
2026-06-02,Paper Cups (12oz),5.0,41.0,False
2026-06-03,Paper Cups (12oz),4.0,37.0,False
2026-06-04,Paper Cups (12oz),5.0,137.0,False
2026-06-05,Paper Cups (12oz),5.0,132.0,False
2026-06-06,Paper Cups (12oz),5.0,127.0,False
2026-06-07,Paper Cups (12oz),5.0,122.0,False
2026-06-08,Paper Cups (12oz),5.0,117.0,False
2026-06-09,Paper Cups (12oz),4.0,113.0,False
2026-06-10,Paper Cups (12oz),3.0,110.0,False
2026-06-11,Paper Cups (12oz),5.0,105.0,False
2026-06-12,Paper Cups (12oz),5.0,100.0,False
2026-06-13,Paper Cups (12oz),5.0,95.0,False
2026-06-14,Paper Cups (12oz),6.0,89.0,False
2026-06-15,Paper Cups (12oz),4.0,85.0,False
2026-06-16,Paper Cups (12oz),,85.0,False
2026-06-17,Paper Cups (12oz),5.0,80.0,False
2026-06-18,Paper Cups (12oz),5.0,75.0,False
2026-06-19,Paper Cups (12oz),4.0,71.0,False
2026-06-20,Paper Cups (12oz),6.0,65.0,False
2026-06-21,Paper Cups (12oz),6.0,59.0,False
2026-06-22,Paper Cups (12oz),6.0,53.0,False
2026-06-23,Paper Cups (12oz),5.0,48.0,False
2026-06-24,Paper Cups (12oz),6.0,42.0,False
2026-06-25,Paper Cups (12oz),4.0,143.0,False
2026-06-26,Paper Cups (12oz),6.0,137.0,False
2026-06-27,Paper Cups (12oz),0.0,137.0,False
2026-06-28,Paper Cups (12oz),4.0,133.0,False
2026-06-29,Paper Cups (12oz),5.0,128.0,False
2026-06-30,Paper Cups (12oz),6.0,122.0,False
2026-07-01,Paper Cups (12oz),5.0,117.0,False
2026-07-02,Paper Cups (12oz),3.0,114.0,False
2026-07-03,Paper Cups (12oz),5.0,109.0,False
2026-07-04,Paper Cups (12oz),5.0,104.0,False
2026-07-05,Paper Cups (12oz),5.0,99.0,False
2026-07-06,Paper Cups (12oz),6.0,93.0,False
2026-07-07,Paper Cups (12oz),6.0,87.0,False
2026-07-08,Paper Cups (12oz),5.0,82.0,False
2026-07-09,Paper Cups (12oz),4.0,78.0,False
2026-07-10,Paper Cups (12oz),5.0,73.0,False
2026-07-11,Paper Cups (12oz),5.0,68.0,False
2026-07-12,Paper Cups (12oz),4.0,64.0,False
2026-07-13,Paper Cups (12oz),5.0,59.0,False
2026-07-14,Paper Cups (12oz),5.0,54.0,False
2026-07-15,Paper Cups (12oz),6.0,48.0,False
2026-07-16,Paper Cups (12oz),5.0,43.0,False
2026-07-17,Paper Cups (12oz),5.0,38.0,False
2026-07-18,Paper Cups (12oz),4.0,34.0,False
2026-07-19,Paper Cups (12oz),5.0,134.0,False
2026-07-20,Paper Cups (12oz),6.0,128.0,False
2026-07-21,Paper Cups (12oz),5.0,123.0,False
2026-07-22,Paper Cups (12oz),5.0,118.0,False
2026-07-23,Paper Cups (12oz),4.0,114.0,False
2026-07-24,Paper Cups (12oz),6.0,108.0,False
2026-07-25,Paper Cups (12oz),5.0,103.0,False
2026-07-26,Paper Cups (12oz),5.0,98.0,False
2026-07-27,Paper Cups (12oz),5.0,93.0,False
2026-07-28,Paper Cups (12oz),6.0,87.0,False
2026-07-29,Paper Cups (12oz),5.0,82.0,False
2026-07-30,Paper Cups (12oz),5.0,77.0,False
2026-07-31,Paper Cups (12oz),4.0,73.0,False
2026-08-01,Paper Cups (12oz),,73.0,False
2026-08-02,Paper Cups (12oz),4.0,69.0,False
2026-08-03,Paper Cups (12oz),5.0,64.0,False
2026-08-04,Paper Cups (12oz),5.0,59.0,False
2026-08-05,Paper Cups (12oz),5.0,54.0,False
2026-08-06,Paper Cups (12oz),5.0,49.0,False
2026-08-07,Paper Cups (12oz),5.0,44.0,False
2026-08-08,Paper Cups (12oz),6.0,38.0,False
2026-08-09,Paper Cups (12oz),6.0,137.0,False
2026-08-10,Paper Cups (12oz),6.0,131.0,False
2026-08-11,Paper Cups (12oz),4.0,127.0,False
2026-08-12,Paper Cups (12oz),5.0,122.0,False
2026-08-13,Paper Cups (12oz),5.0,117.0,False
2026-08-14,Paper Cups (12oz),5.0,112.0,False
2026-08-15,Paper Cups (12oz),5.0,107.0,False
2026-08-16,Paper Cups (12oz),5.0,102.0,False
2026-08-17,Paper Cups (12oz),5.0,97.0,False
2026-08-18,Paper Cups (12oz),5.0,92.0,False
2026-08-19,Paper Cups (12oz),5.0,87.0,False
2026-08-20,Paper Cups (12oz),5.0,82.0,False
2026-08-21,Paper Cups (12oz),5.0,77.0,False
2026-08-22,Paper Cups (12oz),5.0,72.0,False
2026-08-23,Paper Cups (12oz),5.0,67.0,False
2026-08-24,Paper Cups (12oz),4.0,63.0,False
2026-08-25,Paper Cups (12oz),5.0,58.0,False
2026-08-26,Paper Cups (12oz),4.0,54.0,False
2026-08-27,Paper Cups (12oz),6.0,48.0,False
2026-08-28,Paper Cups (12oz),6.0,42.0,False
2026-08-29,Paper Cups (12oz),6.0,36.0,False
2026-08-30,Paper Cups (12oz),6.0,135.0,False
2026-08-31,Paper Cups (12oz),6.0,129.0,False
2021-01-01,Vanilla Syrup,7.0,41.0,False
2021-01-02,Vanilla Syrup,5.0,36.0,False
2021-01-03,Vanilla Syrup,5.0,31.0,False
2021-01-04,Vanilla Syrup,6.0,25.0,False
2021-01-05,Vanilla Syrup,5.0,20.0,False
2021-01-06,Vanilla Syrup,4.0,16.0,False
2021-01-07,Vanilla Syrup,5.0,71.0,False
2021-01-08,Vanilla Syrup,6.0,65.0,False
2021-01-09,Vanilla Syrup,7.0,58.0,False
2021-01-10,Vanilla Syrup,5.0,53.0,False
2021-01-11,Vanilla Syrup,6.0,47.0,False
2021-01-12,Vanilla Syrup,5.0,42.0,False
2021-01-13,Vanilla Syrup,5.0,37.0,False
2021-01-14,Vanilla Syrup,4.0,33.0,False
2021-01-15,Vanilla Syrup,6.0,27.0,False
2021-01-16,Vanilla Syrup,5.0,82.0,False
2021-01-17,Vanilla Syrup,6.0,76.0,False
2021-01-18,Vanilla Syrup,6.0,70.0,False
2021-01-19,Vanilla Syrup,21.0,49.0,False
2021-01-20,Vanilla Syrup,5.0,44.0,False
2021-01-21,Vanilla Syrup,7.0,37.0,False
2021-01-22,Vanilla Syrup,6.0,31.0,False
2021-01-23,Vanilla Syrup,5.0,26.0,False
2021-01-24,Vanilla Syrup,6.0,20.0,False
2021-01-25,Vanilla Syrup,6.0,74.0,False
2021-01-26,Vanilla Syrup,6.0,68.0,False
2021-01-27,Vanilla Syrup,5.0,63.0,False
2021-01-28,Vanilla Syrup,4.0,59.0,False
2021-01-29,Vanilla Syrup,6.0,53.0,False
2021-01-30,Vanilla Syrup,6.0,47.0,False
2021-01-31,Vanilla Syrup,4.0,43.0,False
2021-02-01,Vanilla Syrup,6.0,37.0,False
2021-02-02,Vanilla Syrup,5.0,32.0,False
2021-02-03,Vanilla Syrup,5.0,27.0,False
2021-02-04,Vanilla Syrup,5.0,22.0,False
2021-02-05,Vanilla Syrup,5.0,17.0,False
2021-02-06,Vanilla Syrup,5.0,72.0,False
2021-02-07,Vanilla Syrup,4.0,68.0,False
2021-02-08,Vanilla Syrup,5.0,63.0,False
2021-02-09,Vanilla Syrup,5.0,58.0,False
2021-02-10,Vanilla Syrup,4.0,54.0,False
2021-02-11,Vanilla Syrup,5.0,49.0,False
2021-02-12,Vanilla Syrup,4.0,45.0,False
2021-02-13,Vanilla Syrup,5.0,40.0,False
2021-02-14,Vanilla Syrup,5.0,35.0,False
2021-02-15,Vanilla Syrup,6.0,29.0,False
2021-02-16,Vanilla Syrup,6.0,23.0,False
2021-02-17,Vanilla Syrup,6.0,17.0,False
2021-02-18,Vanilla Syrup,4.0,73.0,False
2021-02-19,Vanilla Syrup,4.0,69.0,False
2021-02-20,Vanilla Syrup,5.0,64.0,False
2021-02-21,Vanilla Syrup,5.0,59.0,False
2021-02-22,Vanilla Syrup,5.0,54.0,False
2021-02-23,Vanilla Syrup,6.0,48.0,False
2021-02-24,Vanilla Syrup,5.0,43.0,False
2021-02-25,Vanilla Syrup,5.0,38.0,False
2021-02-26,Vanilla Syrup,5.0,33.0,False
2021-02-27,Vanilla Syrup,5.0,28.0,False
2021-02-28,Vanilla Syrup,4.0,24.0,False
2021-03-01,Vanilla Syrup,6.0,18.0,False
2021-03-02,Vanilla Syrup,4.0,74.0,False
2021-03-03,Vanilla Syrup,5.0,69.0,False
2021-03-04,Vanilla Syrup,6.0,63.0,False
2021-03-05,Vanilla Syrup,6.0,57.0,False
2021-03-06,Vanilla Syrup,5.0,52.0,False
2021-03-07,Vanilla Syrup,4.0,48.0,False
2021-03-08,Vanilla Syrup,5.0,43.0,False
2021-03-09,Vanilla Syrup,4.0,39.0,False
2021-03-10,Vanilla Syrup,5.0,34.0,False
2021-03-11,Vanilla Syrup,5.0,29.0,False
2021-03-12,Vanilla Syrup,5.0,24.0,False
2021-03-13,Vanilla Syrup,4.0,20.0,False
2021-03-14,Vanilla Syrup,4.0,76.0,False
2021-03-15,Vanilla Syrup,5.0,71.0,False
2021-03-16,Vanilla Syrup,5.0,66.0,False
2021-03-17,Vanilla Syrup,5.0,61.0,False
2021-03-18,Vanilla Syrup,4.0,57.0,False
2021-03-19,Vanilla Syrup,4.0,53.0,False
2021-03-20,Vanilla Syrup,5.0,48.0,False
2021-03-21,Vanilla Syrup,5.0,43.0,False
2021-03-22,Vanilla Syrup,4.0,39.0,False
2021-03-23,Vanilla Syrup,4.0,35.0,False
2021-03-24,Vanilla Syrup,5.0,30.0,False
2021-03-25,Vanilla Syrup,5.0,25.0,False
2021-03-26,Vanilla Syrup,4.0,81.0,False
2021-03-27,Vanilla Syrup,5.0,76.0,False
2021-03-28,Vanilla Syrup,4.0,72.0,False
2021-03-29,Vanilla Syrup,5.0,67.0,False
2021-03-30,Vanilla Syrup,4.0,63.0,False
2021-03-31,Vanilla Syrup,4.0,59.0,False
2021-04-01,Vanilla Syrup,5.0,54.0,False
2021-04-02,Vanilla Syrup,4.0,50.0,False
2021-04-03,Vanilla Syrup,4.0,46.0,False
2021-04-04,Vanilla Syrup,4.0,42.0,False
2021-04-05,Vanilla Syrup,4.0,38.0,False
2021-04-06,Vanilla Syrup,5.0,33.0,False
2021-04-07,Vanilla Syrup,4.0,29.0,False
2021-04-08,Vanilla Syrup,4.0,25.0,False
2021-04-09,Vanilla Syrup,4.0,21.0,False
2021-04-10,Vanilla Syrup,3.0,78.0,False
2021-04-11,Vanilla Syrup,4.0,74.0,False
2021-04-12,Vanilla Syrup,4.0,70.0,False
2021-04-13,Vanilla Syrup,3.0,67.0,False
2021-04-14,Vanilla Syrup,4.0,63.0,False
2021-04-15,Vanilla Syrup,4.0,59.0,False
2021-04-16,Vanilla Syrup,4.0,55.0,False
2021-04-17,Vanilla Syrup,5.0,50.0,False
2021-04-18,Vanilla Syrup,4.0,46.0,False
2021-04-19,Vanilla Syrup,5.0,41.0,False
2021-04-20,Vanilla Syrup,4.0,37.0,False
2021-04-21,Vanilla Syrup,4.0,33.0,False
2021-04-22,Vanilla Syrup,4.0,29.0,False
2021-04-23,Vanilla Syrup,5.0,24.0,False
2021-04-24,Vanilla Syrup,3.0,21.0,False
2021-04-25,Vanilla Syrup,4.0,77.0,False
2021-04-26,Vanilla Syrup,4.0,73.0,False
2021-04-27,Vanilla Syrup,3.0,70.0,False
2021-04-28,Vanilla Syrup,4.0,66.0,False
2021-04-29,Vanilla Syrup,3.0,63.0,False
2021-04-30,Vanilla Syrup,3.0,60.0,False
2021-05-01,Vanilla Syrup,5.0,55.0,False
2021-05-02,Vanilla Syrup,4.0,51.0,False
2021-05-03,Vanilla Syrup,3.0,48.0,False
2021-05-04,Vanilla Syrup,4.0,44.0,False
2021-05-05,Vanilla Syrup,3.0,41.0,False
2021-05-06,Vanilla Syrup,4.0,37.0,False
2021-05-07,Vanilla Syrup,3.0,34.0,False
2021-05-08,Vanilla Syrup,4.0,30.0,False
2021-05-09,Vanilla Syrup,4.0,26.0,False
2021-05-10,Vanilla Syrup,3.0,83.0,False
2021-05-11,Vanilla Syrup,4.0,79.0,False
2021-05-12,Vanilla Syrup,3.0,76.0,False
2021-05-13,Vanilla Syrup,4.0,72.0,False
2021-05-14,Vanilla Syrup,5.0,67.0,False
2021-05-15,Vanilla Syrup,3.0,64.0,False
2021-05-16,Vanilla Syrup,3.0,61.0,False
2021-05-17,Vanilla Syrup,3.0,58.0,False
2021-05-18,Vanilla Syrup,3.0,55.0,False
2021-05-19,Vanilla Syrup,3.0,52.0,False
2021-05-20,Vanilla Syrup,3.0,49.0,False
2021-05-21,Vanilla Syrup,4.0,45.0,False
2021-05-22,Vanilla Syrup,3.0,42.0,False
2021-05-23,Vanilla Syrup,0.0,42.0,False
2021-05-24,Vanilla Syrup,4.0,38.0,False
2021-05-25,Vanilla Syrup,3.0,35.0,False
2021-05-26,Vanilla Syrup,3.0,32.0,False
2021-05-27,Vanilla Syrup,4.0,28.0,False
2021-05-28,Vanilla Syrup,3.0,25.0,False
2021-05-29,Vanilla Syrup,3.0,22.0,False
2021-05-30,Vanilla Syrup,3.0,19.0,False
2021-05-31,Vanilla Syrup,3.0,76.0,False
2021-06-01,Vanilla Syrup,3.0,73.0,False
2021-06-02,Vanilla Syrup,3.0,70.0,False
2021-06-03,Vanilla Syrup,3.0,67.0,False
2021-06-04,Vanilla Syrup,2.0,65.0,False
2021-06-05,Vanilla Syrup,3.0,62.0,False
2021-06-06,Vanilla Syrup,3.0,59.0,False
2021-06-07,Vanilla Syrup,3.0,56.0,False
2021-06-08,Vanilla Syrup,3.0,53.0,False
2021-06-09,Vanilla Syrup,3.0,50.0,False
2021-06-10,Vanilla Syrup,3.0,47.0,False
2021-06-11,Vanilla Syrup,3.0,44.0,False
2021-06-12,Vanilla Syrup,3.0,41.0,False
2021-06-13,Vanilla Syrup,3.0,38.0,False
2021-06-14,Vanilla Syrup,3.0,35.0,False
2021-06-15,Vanilla Syrup,3.0,32.0,False
2021-06-16,Vanilla Syrup,3.0,29.0,False
2021-06-17,Vanilla Syrup,2.0,27.0,False
2021-06-18,Vanilla Syrup,3.0,24.0,False
2021-06-19,Vanilla Syrup,3.0,21.0,False
2021-06-20,Vanilla Syrup,3.0,18.0,False
2021-06-21,Vanilla Syrup,3.0,75.0,False
2021-06-22,Vanilla Syrup,3.0,72.0,False
2021-06-23,Vanilla Syrup,3.0,69.0,False
2021-06-24,Vanilla Syrup,3.0,66.0,False
2021-06-25,Vanilla Syrup,3.0,63.0,False
2021-06-26,Vanilla Syrup,3.0,60.0,False
2021-06-27,Vanilla Syrup,3.0,57.0,False
2021-06-28,Vanilla Syrup,3.0,54.0,False
2021-06-29,Vanilla Syrup,3.0,51.0,False
2021-06-30,Vanilla Syrup,3.0,48.0,False
2021-07-01,Vanilla Syrup,3.0,45.0,False
2021-07-02,Vanilla Syrup,,45.0,False
2021-07-03,Vanilla Syrup,3.0,42.0,False
2021-07-04,Vanilla Syrup,3.0,39.0,False
2021-07-05,Vanilla Syrup,3.0,36.0,False
2021-07-06,Vanilla Syrup,3.0,33.0,False
2021-07-07,Vanilla Syrup,2.0,31.0,False
2021-07-08,Vanilla Syrup,3.0,28.0,False
2021-07-09,Vanilla Syrup,3.0,25.0,False
2021-07-10,Vanilla Syrup,2.0,23.0,False
2021-07-11,Vanilla Syrup,3.0,20.0,False
2021-07-12,Vanilla Syrup,3.0,77.0,False
2021-07-13,Vanilla Syrup,,77.0,False
2021-07-14,Vanilla Syrup,3.0,74.0,False
2021-07-15,Vanilla Syrup,3.0,71.0,False
2021-07-16,Vanilla Syrup,3.0,68.0,False
2021-07-17,Vanilla Syrup,3.0,65.0,False
2021-07-18,Vanilla Syrup,3.0,62.0,False
2021-07-19,Vanilla Syrup,3.0,59.0,False
2021-07-20,Vanilla Syrup,3.0,56.0,False
2021-07-21,Vanilla Syrup,3.0,53.0,False
2021-07-22,Vanilla Syrup,2.0,51.0,False
2021-07-23,Vanilla Syrup,3.0,48.0,False
2021-07-24,Vanilla Syrup,3.0,45.0,False
2021-07-25,Vanilla Syrup,3.0,42.0,False
2021-07-26,Vanilla Syrup,2.0,40.0,False
2021-07-27,Vanilla Syrup,3.0,37.0,False
2021-07-28,Vanilla Syrup,3.0,34.0,False
2021-07-29,Vanilla Syrup,2.0,32.0,False
2021-07-30,Vanilla Syrup,3.0,29.0,False
2021-07-31,Vanilla Syrup,3.0,26.0,False
2021-08-01,Vanilla Syrup,2.0,24.0,False
2021-08-02,Vanilla Syrup,3.0,81.0,False
2021-08-03,Vanilla Syrup,3.0,78.0,False
2021-08-04,Vanilla Syrup,3.0,75.0,False
2021-08-05,Vanilla Syrup,3.0,72.0,False
2021-08-06,Vanilla Syrup,3.0,69.0,False
2021-08-07,Vanilla Syrup,2.0,67.0,False
2021-08-08,Vanilla Syrup,3.0,64.0,False
2021-08-09,Vanilla Syrup,3.0,61.0,False
2021-08-10,Vanilla Syrup,3.0,58.0,False
2021-08-11,Vanilla Syrup,3.0,55.0,False
2021-08-12,Vanilla Syrup,3.0,52.0,False
2021-08-13,Vanilla Syrup,3.0,49.0,False
2021-08-14,Vanilla Syrup,3.0,46.0,False
2021-08-15,Vanilla Syrup,3.0,43.0,False
2021-08-16,Vanilla Syrup,3.0,40.0,False
2021-08-17,Vanilla Syrup,3.0,37.0,False
2021-08-18,Vanilla Syrup,3.0,34.0,False
2021-08-19,Vanilla Syrup,3.0,31.0,False
2021-08-20,Vanilla Syrup,4.0,27.0,False
2021-08-21,Vanilla Syrup,2.0,25.0,False
2021-08-22,Vanilla Syrup,2.0,23.0,False
2021-08-23,Vanilla Syrup,3.0,80.0,False
2021-08-24,Vanilla Syrup,2.0,78.0,False
2021-08-25,Vanilla Syrup,3.0,75.0,False
2021-08-26,Vanilla Syrup,3.0,72.0,False
2021-08-27,Vanilla Syrup,3.0,69.0,False
2021-08-28,Vanilla Syrup,3.0,66.0,False
2021-08-29,Vanilla Syrup,3.0,63.0,False
2021-08-30,Vanilla Syrup,3.0,60.0,False
2021-08-31,Vanilla Syrup,3.0,57.0,False
2021-09-01,Vanilla Syrup,3.0,54.0,False
2021-09-02,Vanilla Syrup,3.0,51.0,False
2021-09-03,Vanilla Syrup,3.0,48.0,False
2021-09-04,Vanilla Syrup,4.0,44.0,False
2021-09-05,Vanilla Syrup,3.0,41.0,False
2021-09-06,Vanilla Syrup,3.0,38.0,False
2021-09-07,Vanilla Syrup,3.0,35.0,False
2021-09-08,Vanilla Syrup,3.0,32.0,False
2021-09-09,Vanilla Syrup,3.0,29.0,False
2021-09-10,Vanilla Syrup,5.0,24.0,False
2021-09-11,Vanilla Syrup,3.0,21.0,False
2021-09-12,Vanilla Syrup,3.0,18.0,False
2021-09-13,Vanilla Syrup,4.0,74.0,False
2021-09-14,Vanilla Syrup,3.0,71.0,False
2021-09-15,Vanilla Syrup,4.0,67.0,False
2021-09-16,Vanilla Syrup,3.0,64.0,False
2021-09-17,Vanilla Syrup,3.0,61.0,False
2021-09-18,Vanilla Syrup,4.0,57.0,False
2021-09-19,Vanilla Syrup,3.0,54.0,False
2021-09-20,Vanilla Syrup,3.0,51.0,False
2021-09-21,Vanilla Syrup,3.0,48.0,False
2021-09-22,Vanilla Syrup,3.0,45.0,False
2021-09-23,Vanilla Syrup,3.0,42.0,False
2021-09-24,Vanilla Syrup,4.0,38.0,False
2021-09-25,Vanilla Syrup,3.0,35.0,False
2021-09-26,Vanilla Syrup,4.0,31.0,False
2021-09-27,Vanilla Syrup,4.0,27.0,False
2021-09-28,Vanilla Syrup,3.0,24.0,False
2021-09-29,Vanilla Syrup,4.0,20.0,False
2021-09-30,Vanilla Syrup,4.0,16.0,False
2021-10-01,Vanilla Syrup,3.0,73.0,False
2021-10-02,Vanilla Syrup,3.0,70.0,False
2021-10-03,Vanilla Syrup,3.0,67.0,False
2021-10-04,Vanilla Syrup,4.0,63.0,False
2021-10-05,Vanilla Syrup,4.0,59.0,False
2021-10-06,Vanilla Syrup,5.0,54.0,False
2021-10-07,Vanilla Syrup,4.0,50.0,False
2021-10-08,Vanilla Syrup,5.0,45.0,False
2021-10-09,Vanilla Syrup,3.0,42.0,False
2021-10-10,Vanilla Syrup,4.0,38.0,False
2021-10-11,Vanilla Syrup,3.0,35.0,False
2021-10-12,Vanilla Syrup,4.0,31.0,False
2021-10-13,Vanilla Syrup,3.0,28.0,False
2021-10-14,Vanilla Syrup,3.0,25.0,False
2021-10-15,Vanilla Syrup,3.0,22.0,False
2021-10-16,Vanilla Syrup,5.0,77.0,False
2021-10-17,Vanilla Syrup,4.0,73.0,False
2021-10-18,Vanilla Syrup,4.0,69.0,False
2021-10-19,Vanilla Syrup,4.0,65.0,False
2021-10-20,Vanilla Syrup,4.0,61.0,False
2021-10-21,Vanilla Syrup,5.0,56.0,False
2021-10-22,Vanilla Syrup,4.0,52.0,False
2021-10-23,Vanilla Syrup,5.0,47.0,False
2021-10-24,Vanilla Syrup,4.0,43.0,False
2021-10-25,Vanilla Syrup,4.0,39.0,False
2021-10-26,Vanilla Syrup,4.0,35.0,False
2021-10-27,Vanilla Syrup,4.0,31.0,False
2021-10-28,Vanilla Syrup,5.0,26.0,False
2021-10-29,Vanilla Syrup,5.0,21.0,False
2021-10-30,Vanilla Syrup,5.0,16.0,False
2021-10-31,Vanilla Syrup,4.0,72.0,False
2021-11-01,Vanilla Syrup,5.0,67.0,False
2021-11-02,Vanilla Syrup,4.0,63.0,False
2021-11-03,Vanilla Syrup,5.0,58.0,False
2021-11-04,Vanilla Syrup,4.0,54.0,False
2021-11-05,Vanilla Syrup,5.0,49.0,False
2021-11-06,Vanilla Syrup,5.0,44.0,False
2021-11-07,Vanilla Syrup,4.0,40.0,False
2021-11-08,Vanilla Syrup,4.0,36.0,False
2021-11-09,Vanilla Syrup,4.0,32.0,False
2021-11-10,Vanilla Syrup,5.0,27.0,False
2021-11-11,Vanilla Syrup,5.0,22.0,False
2021-11-12,Vanilla Syrup,5.0,77.0,False
2021-11-13,Vanilla Syrup,5.0,72.0,False
2021-11-14,Vanilla Syrup,5.0,67.0,False
2021-11-15,Vanilla Syrup,5.0,62.0,False
2021-11-16,Vanilla Syrup,4.0,58.0,False
2021-11-17,Vanilla Syrup,5.0,53.0,False
2021-11-18,Vanilla Syrup,5.0,48.0,False
2021-11-19,Vanilla Syrup,5.0,43.0,False
2021-11-20,Vanilla Syrup,4.0,39.0,False
2021-11-21,Vanilla Syrup,5.0,34.0,False
2021-11-22,Vanilla Syrup,6.0,28.0,False
2021-11-23,Vanilla Syrup,0.0,28.0,False
2021-11-24,Vanilla Syrup,4.0,24.0,False
2021-11-25,Vanilla Syrup,5.0,19.0,False
2021-11-26,Vanilla Syrup,6.0,13.0,False
2021-11-27,Vanilla Syrup,5.0,68.0,False
2021-11-28,Vanilla Syrup,4.0,64.0,False
2021-11-29,Vanilla Syrup,5.0,59.0,False
2021-11-30,Vanilla Syrup,6.0,53.0,False
2021-12-01,Vanilla Syrup,4.0,49.0,False
2021-12-02,Vanilla Syrup,4.0,45.0,False
2021-12-03,Vanilla Syrup,5.0,40.0,False
2021-12-04,Vanilla Syrup,5.0,35.0,False
2021-12-05,Vanilla Syrup,5.0,30.0,False
2021-12-06,Vanilla Syrup,4.0,26.0,False
2021-12-07,Vanilla Syrup,5.0,21.0,False
2021-12-08,Vanilla Syrup,5.0,16.0,False
2021-12-09,Vanilla Syrup,6.0,70.0,False
2021-12-10,Vanilla Syrup,5.0,65.0,False
2021-12-11,Vanilla Syrup,5.0,60.0,False
2021-12-12,Vanilla Syrup,5.0,55.0,False
2021-12-13,Vanilla Syrup,5.0,50.0,False
2021-12-14,Vanilla Syrup,6.0,44.0,False
2021-12-15,Vanilla Syrup,6.0,38.0,False
2021-12-16,Vanilla Syrup,6.0,32.0,False
2021-12-17,Vanilla Syrup,6.0,26.0,False
2021-12-18,Vanilla Syrup,6.0,80.0,False
2021-12-19,Vanilla Syrup,5.0,75.0,False
2021-12-20,Vanilla Syrup,5.0,70.0,False
2021-12-21,Vanilla Syrup,5.0,65.0,False
2021-12-22,Vanilla Syrup,6.0,59.0,False
2021-12-23,Vanilla Syrup,6.0,53.0,False
2021-12-24,Vanilla Syrup,4.0,49.0,False
2021-12-25,Vanilla Syrup,6.0,43.0,False
2021-12-26,Vanilla Syrup,5.0,38.0,False
2021-12-27,Vanilla Syrup,6.0,32.0,False
2021-12-28,Vanilla Syrup,5.0,27.0,False
2021-12-29,Vanilla Syrup,5.0,22.0,False
2021-12-30,Vanilla Syrup,6.0,76.0,False
2021-12-31,Vanilla Syrup,5.0,71.0,False
2022-01-01,Vanilla Syrup,6.0,65.0,False
2022-01-02,Vanilla Syrup,5.0,60.0,False
2022-01-03,Vanilla Syrup,5.0,55.0,False
2022-01-04,Vanilla Syrup,6.0,49.0,False
2022-01-05,Vanilla Syrup,5.0,44.0,False
2022-01-06,Vanilla Syrup,5.0,39.0,False
2022-01-07,Vanilla Syrup,5.0,34.0,False
2022-01-08,Vanilla Syrup,6.0,28.0,False
2022-01-09,Vanilla Syrup,6.0,22.0,False
2022-01-10,Vanilla Syrup,5.0,17.0,False
2022-01-11,Vanilla Syrup,6.0,71.0,False
2022-01-12,Vanilla Syrup,6.0,65.0,False
2022-01-13,Vanilla Syrup,6.0,59.0,False
2022-01-14,Vanilla Syrup,5.0,54.0,False
2022-01-15,Vanilla Syrup,5.0,49.0,False
2022-01-16,Vanilla Syrup,6.0,43.0,False
2022-01-17,Vanilla Syrup,4.0,39.0,False
2022-01-18,Vanilla Syrup,5.0,34.0,False
2022-01-19,Vanilla Syrup,6.0,28.0,False
2022-01-20,Vanilla Syrup,5.0,83.0,False
2022-01-21,Vanilla Syrup,6.0,77.0,False
2022-01-22,Vanilla Syrup,5.0,72.0,False
2022-01-23,Vanilla Syrup,6.0,66.0,False
2022-01-24,Vanilla Syrup,5.0,61.0,False
2022-01-25,Vanilla Syrup,5.0,56.0,False
2022-01-26,Vanilla Syrup,5.0,51.0,False
2022-01-27,Vanilla Syrup,6.0,45.0,False
2022-01-28,Vanilla Syrup,5.0,40.0,False
2022-01-29,Vanilla Syrup,6.0,34.0,False
2022-01-30,Vanilla Syrup,6.0,28.0,False
2022-01-31,Vanilla Syrup,6.0,22.0,False
2022-02-01,Vanilla Syrup,5.0,77.0,False
2022-02-02,Vanilla Syrup,5.0,72.0,False
2022-02-03,Vanilla Syrup,5.0,67.0,False
2022-02-04,Vanilla Syrup,5.0,62.0,False
2022-02-05,Vanilla Syrup,5.0,57.0,False
2022-02-06,Vanilla Syrup,5.0,52.0,False
2022-02-07,Vanilla Syrup,5.0,47.0,False
2022-02-08,Vanilla Syrup,6.0,41.0,False
2022-02-09,Vanilla Syrup,5.0,36.0,False
2022-02-10,Vanilla Syrup,4.0,32.0,False
2022-02-11,Vanilla Syrup,5.0,27.0,False
2022-02-12,Vanilla Syrup,6.0,21.0,False
2022-02-13,Vanilla Syrup,5.0,76.0,False
2022-02-14,Vanilla Syrup,5.0,71.0,False
2022-02-15,Vanilla Syrup,5.0,66.0,False
2022-02-16,Vanilla Syrup,5.0,61.0,False
2022-02-17,Vanilla Syrup,6.0,55.0,False
2022-02-18,Vanilla Syrup,5.0,50.0,False
2022-02-19,Vanilla Syrup,5.0,45.0,False
2022-02-20,Vanilla Syrup,6.0,39.0,False
2022-02-21,Vanilla Syrup,5.0,34.0,False
2022-02-22,Vanilla Syrup,6.0,28.0,False
2022-02-23,Vanilla Syrup,5.0,23.0,False
2022-02-24,Vanilla Syrup,,23.0,False
2022-02-25,Vanilla Syrup,6.0,77.0,False
2022-02-26,Vanilla Syrup,4.0,73.0,False
2022-02-27,Vanilla Syrup,5.0,68.0,False
2022-02-28,Vanilla Syrup,0.0,68.0,False
2022-03-01,Vanilla Syrup,5.0,63.0,False
2022-03-02,Vanilla Syrup,4.0,59.0,False
2022-03-03,Vanilla Syrup,5.0,54.0,False
2022-03-04,Vanilla Syrup,5.0,49.0,False
2022-03-05,Vanilla Syrup,4.0,45.0,False
2022-03-06,Vanilla Syrup,6.0,39.0,False
2022-03-07,Vanilla Syrup,4.0,35.0,False
2022-03-08,Vanilla Syrup,5.0,30.0,False
2022-03-09,Vanilla Syrup,5.0,25.0,False
2022-03-10,Vanilla Syrup,5.0,20.0,False
2022-03-11,Vanilla Syrup,4.0,16.0,False
2022-03-12,Vanilla Syrup,5.0,71.0,False
2022-03-13,Vanilla Syrup,5.0,66.0,False
2022-03-14,Vanilla Syrup,4.0,62.0,False
2022-03-15,Vanilla Syrup,5.0,57.0,False
2022-03-16,Vanilla Syrup,4.0,53.0,False
2022-03-17,Vanilla Syrup,5.0,48.0,False
2022-03-18,Vanilla Syrup,4.0,44.0,False
2022-03-19,Vanilla Syrup,0.0,44.0,False
2022-03-20,Vanilla Syrup,5.0,39.0,False
2022-03-21,Vanilla Syrup,5.0,34.0,False
2022-03-22,Vanilla Syrup,4.0,30.0,False
2022-03-23,Vanilla Syrup,5.0,25.0,False
2022-03-24,Vanilla Syrup,5.0,80.0,False
2022-03-25,Vanilla Syrup,5.0,75.0,False
2022-03-26,Vanilla Syrup,5.0,70.0,False
2022-03-27,Vanilla Syrup,3.0,67.0,False
2022-03-28,Vanilla Syrup,4.0,63.0,False
2022-03-29,Vanilla Syrup,4.0,59.0,False
2022-03-30,Vanilla Syrup,4.0,55.0,False
2022-03-31,Vanilla Syrup,3.0,52.0,False
2022-04-01,Vanilla Syrup,5.0,47.0,False
2022-04-02,Vanilla Syrup,4.0,43.0,False
2022-04-03,Vanilla Syrup,4.0,39.0,False
2022-04-04,Vanilla Syrup,3.0,36.0,False
2022-04-05,Vanilla Syrup,3.0,33.0,False
2022-04-06,Vanilla Syrup,5.0,28.0,False
2022-04-07,Vanilla Syrup,5.0,23.0,False
2022-04-08,Vanilla Syrup,4.0,79.0,False
2022-04-09,Vanilla Syrup,5.0,74.0,False
2022-04-10,Vanilla Syrup,4.0,70.0,False
2022-04-11,Vanilla Syrup,4.0,66.0,False
2022-04-12,Vanilla Syrup,3.0,63.0,False
2022-04-13,Vanilla Syrup,4.0,59.0,False
2022-04-14,Vanilla Syrup,4.0,55.0,False
2022-04-15,Vanilla Syrup,4.0,51.0,False
2022-04-16,Vanilla Syrup,5.0,46.0,False
2022-04-17,Vanilla Syrup,4.0,42.0,False
2022-04-18,Vanilla Syrup,4.0,38.0,False
2022-04-19,Vanilla Syrup,5.0,33.0,False
2022-04-20,Vanilla Syrup,4.0,29.0,False
2022-04-21,Vanilla Syrup,5.0,24.0,False
2022-04-22,Vanilla Syrup,4.0,20.0,False
2022-04-23,Vanilla Syrup,4.0,76.0,False
2022-04-24,Vanilla Syrup,3.0,73.0,False
2022-04-25,Vanilla Syrup,4.0,69.0,False
2022-04-26,Vanilla Syrup,5.0,64.0,False
2022-04-27,Vanilla Syrup,4.0,60.0,False
2022-04-28,Vanilla Syrup,3.0,57.0,False
2022-04-29,Vanilla Syrup,4.0,53.0,False
2022-04-30,Vanilla Syrup,2.0,51.0,False
2022-05-01,Vanilla Syrup,4.0,47.0,False
2022-05-02,Vanilla Syrup,4.0,43.0,False
2022-05-03,Vanilla Syrup,3.0,40.0,False
2022-05-04,Vanilla Syrup,4.0,36.0,False
2022-05-05,Vanilla Syrup,3.0,33.0,False
2022-05-06,Vanilla Syrup,3.0,30.0,False
2022-05-07,Vanilla Syrup,3.0,27.0,False
2022-05-08,Vanilla Syrup,4.0,83.0,False
2022-05-09,Vanilla Syrup,4.0,79.0,False
2022-05-10,Vanilla Syrup,3.0,76.0,False
2022-05-11,Vanilla Syrup,3.0,73.0,False
2022-05-12,Vanilla Syrup,3.0,70.0,False
2022-05-13,Vanilla Syrup,3.0,67.0,False
2022-05-14,Vanilla Syrup,3.0,64.0,False
2022-05-15,Vanilla Syrup,4.0,60.0,False
2022-05-16,Vanilla Syrup,4.0,56.0,False
2022-05-17,Vanilla Syrup,4.0,52.0,False
2022-05-18,Vanilla Syrup,4.0,48.0,False
2022-05-19,Vanilla Syrup,3.0,45.0,False
2022-05-20,Vanilla Syrup,4.0,41.0,False
2022-05-21,Vanilla Syrup,3.0,38.0,False
2022-05-22,Vanilla Syrup,4.0,34.0,False
2022-05-23,Vanilla Syrup,4.0,30.0,False
2022-05-24,Vanilla Syrup,3.0,27.0,False
2022-05-25,Vanilla Syrup,4.0,23.0,False
2022-05-26,Vanilla Syrup,3.0,80.0,False
2022-05-27,Vanilla Syrup,3.0,77.0,False
2022-05-28,Vanilla Syrup,4.0,73.0,False
2022-05-29,Vanilla Syrup,4.0,69.0,False
2022-05-30,Vanilla Syrup,3.0,66.0,False
2022-05-31,Vanilla Syrup,3.0,63.0,False
2022-06-01,Vanilla Syrup,3.0,60.0,False
2022-06-02,Vanilla Syrup,4.0,56.0,False
2022-06-03,Vanilla Syrup,3.0,53.0,False
2022-06-04,Vanilla Syrup,3.0,50.0,False
2022-06-05,Vanilla Syrup,3.0,47.0,False
2022-06-06,Vanilla Syrup,3.0,44.0,False
2022-06-07,Vanilla Syrup,3.0,41.0,False
2022-06-08,Vanilla Syrup,3.0,38.0,False
2022-06-09,Vanilla Syrup,3.0,35.0,False
2022-06-10,Vanilla Syrup,2.0,33.0,False
2022-06-11,Vanilla Syrup,4.0,29.0,False
2022-06-12,Vanilla Syrup,3.0,26.0,False
2022-06-13,Vanilla Syrup,3.0,83.0,False
2022-06-14,Vanilla Syrup,3.0,80.0,False
2022-06-15,Vanilla Syrup,3.0,77.0,False
2022-06-16,Vanilla Syrup,3.0,74.0,False
2022-06-17,Vanilla Syrup,3.0,71.0,False
2022-06-18,Vanilla Syrup,4.0,67.0,False
2022-06-19,Vanilla Syrup,3.0,64.0,False
2022-06-20,Vanilla Syrup,3.0,61.0,False
2022-06-21,Vanilla Syrup,3.0,58.0,False
2022-06-22,Vanilla Syrup,3.0,55.0,False
2022-06-23,Vanilla Syrup,3.0,52.0,False
2022-06-24,Vanilla Syrup,3.0,49.0,False
2022-06-25,Vanilla Syrup,3.0,46.0,False
2022-06-26,Vanilla Syrup,3.0,43.0,False
2022-06-27,Vanilla Syrup,3.0,40.0,False
2022-06-28,Vanilla Syrup,2.0,38.0,False
2022-06-29,Vanilla Syrup,3.0,35.0,False
2022-06-30,Vanilla Syrup,3.0,32.0,False
2022-07-01,Vanilla Syrup,3.0,29.0,False
2022-07-02,Vanilla Syrup,3.0,26.0,False
2022-07-03,Vanilla Syrup,3.0,23.0,False
2022-07-04,Vanilla Syrup,3.0,80.0,False
2022-07-05,Vanilla Syrup,2.0,78.0,False
2022-07-06,Vanilla Syrup,3.0,75.0,False
2022-07-07,Vanilla Syrup,3.0,72.0,False
2022-07-08,Vanilla Syrup,3.0,69.0,False
2022-07-09,Vanilla Syrup,3.0,66.0,False
2022-07-10,Vanilla Syrup,3.0,63.0,False
2022-07-11,Vanilla Syrup,3.0,60.0,False
2022-07-12,Vanilla Syrup,3.0,57.0,False
2022-07-13,Vanilla Syrup,3.0,54.0,False
2022-07-14,Vanilla Syrup,3.0,51.0,False
2022-07-15,Vanilla Syrup,2.0,49.0,False
2022-07-16,Vanilla Syrup,3.0,46.0,False
2022-07-17,Vanilla Syrup,3.0,43.0,False
2022-07-18,Vanilla Syrup,3.0,40.0,False
2022-07-19,Vanilla Syrup,4.0,36.0,False
2022-07-20,Vanilla Syrup,0.0,36.0,False
2022-07-21,Vanilla Syrup,2.0,34.0,False
2022-07-22,Vanilla Syrup,3.0,31.0,False
2022-07-23,Vanilla Syrup,3.0,28.0,False
2022-07-24,Vanilla Syrup,3.0,25.0,False
2022-07-25,Vanilla Syrup,3.0,82.0,False
2022-07-26,Vanilla Syrup,3.0,79.0,False
2022-07-27,Vanilla Syrup,2.0,77.0,False
2022-07-28,Vanilla Syrup,3.0,74.0,False
2022-07-29,Vanilla Syrup,3.0,71.0,False
2022-07-30,Vanilla Syrup,3.0,68.0,False
2022-07-31,Vanilla Syrup,3.0,65.0,False
2022-08-01,Vanilla Syrup,3.0,62.0,False
2022-08-02,Vanilla Syrup,3.0,59.0,False
2022-08-03,Vanilla Syrup,4.0,55.0,False
2022-08-04,Vanilla Syrup,2.0,53.0,False
2022-08-05,Vanilla Syrup,2.0,51.0,False
2022-08-06,Vanilla Syrup,3.0,48.0,False
2022-08-07,Vanilla Syrup,3.0,45.0,False
2022-08-08,Vanilla Syrup,2.0,43.0,False
2022-08-09,Vanilla Syrup,3.0,40.0,False
2022-08-10,Vanilla Syrup,3.0,37.0,False
2022-08-11,Vanilla Syrup,2.0,35.0,False
2022-08-12,Vanilla Syrup,3.0,32.0,False
2022-08-13,Vanilla Syrup,3.0,29.0,False
2022-08-14,Vanilla Syrup,4.0,25.0,False
2022-08-15,Vanilla Syrup,3.0,82.0,False
2022-08-16,Vanilla Syrup,3.0,79.0,False
2022-08-17,Vanilla Syrup,3.0,76.0,False
2022-08-18,Vanilla Syrup,3.0,73.0,False
2022-08-19,Vanilla Syrup,3.0,70.0,False
2022-08-20,Vanilla Syrup,3.0,67.0,False
2022-08-21,Vanilla Syrup,4.0,63.0,False
2022-08-22,Vanilla Syrup,3.0,60.0,False
2022-08-23,Vanilla Syrup,3.0,57.0,False
2022-08-24,Vanilla Syrup,4.0,53.0,False
2022-08-25,Vanilla Syrup,3.0,50.0,False
2022-08-26,Vanilla Syrup,3.0,47.0,False
2022-08-27,Vanilla Syrup,4.0,43.0,False
2022-08-28,Vanilla Syrup,3.0,40.0,False
2022-08-29,Vanilla Syrup,3.0,37.0,False
2022-08-30,Vanilla Syrup,4.0,33.0,False
2022-08-31,Vanilla Syrup,3.0,30.0,False
2022-09-01,Vanilla Syrup,3.0,27.0,False
2022-09-02,Vanilla Syrup,3.0,24.0,False
2022-09-03,Vanilla Syrup,3.0,21.0,False
2022-09-04,Vanilla Syrup,3.0,18.0,False
2022-09-05,Vanilla Syrup,3.0,75.0,False
2022-09-06,Vanilla Syrup,3.0,72.0,False
2022-09-07,Vanilla Syrup,3.0,69.0,False
2022-09-08,Vanilla Syrup,3.0,66.0,False
2022-09-09,Vanilla Syrup,3.0,63.0,False
2022-09-10,Vanilla Syrup,4.0,59.0,False
2022-09-11,Vanilla Syrup,4.0,55.0,False
2022-09-12,Vanilla Syrup,3.0,52.0,False
2022-09-13,Vanilla Syrup,4.0,48.0,False
2022-09-14,Vanilla Syrup,3.0,45.0,False
2022-09-15,Vanilla Syrup,4.0,41.0,False
2022-09-16,Vanilla Syrup,4.0,37.0,False
2022-09-17,Vanilla Syrup,4.0,33.0,False
2022-09-18,Vanilla Syrup,4.0,29.0,False
2022-09-19,Vanilla Syrup,3.0,26.0,False
2022-09-20,Vanilla Syrup,4.0,82.0,False
2022-09-21,Vanilla Syrup,3.0,79.0,False
2022-09-22,Vanilla Syrup,3.0,76.0,False
2022-09-23,Vanilla Syrup,3.0,73.0,False
2022-09-24,Vanilla Syrup,3.0,70.0,False
2022-09-25,Vanilla Syrup,4.0,66.0,False
2022-09-26,Vanilla Syrup,4.0,62.0,False
2022-09-27,Vanilla Syrup,4.0,58.0,False
2022-09-28,Vanilla Syrup,4.0,54.0,False
2022-09-29,Vanilla Syrup,4.0,50.0,False
2022-09-30,Vanilla Syrup,4.0,46.0,False
2022-10-01,Vanilla Syrup,4.0,42.0,False
2022-10-02,Vanilla Syrup,,42.0,False
2022-10-03,Vanilla Syrup,3.0,39.0,False
2022-10-04,Vanilla Syrup,3.0,36.0,False
2022-10-05,Vanilla Syrup,4.0,32.0,False
2022-10-06,Vanilla Syrup,5.0,27.0,False
2022-10-07,Vanilla Syrup,4.0,23.0,False
2022-10-08,Vanilla Syrup,4.0,79.0,False
2022-10-09,Vanilla Syrup,4.0,75.0,False
2022-10-10,Vanilla Syrup,4.0,71.0,False
2022-10-11,Vanilla Syrup,5.0,66.0,False
2022-10-12,Vanilla Syrup,4.0,62.0,False
2022-10-13,Vanilla Syrup,4.0,58.0,False
2022-10-14,Vanilla Syrup,4.0,54.0,False
2022-10-15,Vanilla Syrup,4.0,50.0,False
2022-10-16,Vanilla Syrup,4.0,46.0,False
2022-10-17,Vanilla Syrup,5.0,41.0,False
2022-10-18,Vanilla Syrup,5.0,36.0,False
2022-10-19,Vanilla Syrup,4.0,32.0,False
2022-10-20,Vanilla Syrup,4.0,28.0,False
2022-10-21,Vanilla Syrup,4.0,24.0,False
2022-10-22,Vanilla Syrup,5.0,19.0,False
2022-10-23,Vanilla Syrup,5.0,74.0,False
2022-10-24,Vanilla Syrup,4.0,70.0,False
2022-10-25,Vanilla Syrup,4.0,66.0,False
2022-10-26,Vanilla Syrup,4.0,62.0,False
2022-10-27,Vanilla Syrup,5.0,57.0,False
2022-10-28,Vanilla Syrup,5.0,52.0,False
2022-10-29,Vanilla Syrup,4.0,48.0,False
2022-10-30,Vanilla Syrup,4.0,44.0,False
2022-10-31,Vanilla Syrup,4.0,40.0,False
2022-11-01,Vanilla Syrup,4.0,36.0,False
2022-11-02,Vanilla Syrup,4.0,32.0,False
2022-11-03,Vanilla Syrup,4.0,28.0,False
2022-11-04,Vanilla Syrup,4.0,24.0,False
2022-11-05,Vanilla Syrup,5.0,19.0,False
2022-11-06,Vanilla Syrup,5.0,14.0,False
2022-11-07,Vanilla Syrup,4.0,70.0,False
2022-11-08,Vanilla Syrup,5.0,65.0,False
2022-11-09,Vanilla Syrup,4.0,61.0,False
2022-11-10,Vanilla Syrup,5.0,56.0,False
2022-11-11,Vanilla Syrup,4.0,52.0,False
2022-11-12,Vanilla Syrup,4.0,48.0,False
2022-11-13,Vanilla Syrup,4.0,44.0,False
2022-11-14,Vanilla Syrup,4.0,40.0,False
2022-11-15,Vanilla Syrup,4.0,36.0,False
2022-11-16,Vanilla Syrup,3.0,33.0,False
2022-11-17,Vanilla Syrup,4.0,29.0,False
2022-11-18,Vanilla Syrup,5.0,24.0,False
2022-11-19,Vanilla Syrup,4.0,80.0,False
2022-11-20,Vanilla Syrup,5.0,75.0,False
2022-11-21,Vanilla Syrup,4.0,71.0,False
2022-11-22,Vanilla Syrup,4.0,67.0,False
2022-11-23,Vanilla Syrup,5.0,62.0,False
2022-11-24,Vanilla Syrup,6.0,56.0,False
2022-11-25,Vanilla Syrup,5.0,51.0,False
2022-11-26,Vanilla Syrup,6.0,45.0,False
2022-11-27,Vanilla Syrup,5.0,40.0,False
2022-11-28,Vanilla Syrup,5.0,35.0,False
2022-11-29,Vanilla Syrup,5.0,30.0,False
2022-11-30,Vanilla Syrup,5.0,25.0,False
2022-12-01,Vanilla Syrup,6.0,79.0,False
2022-12-02,Vanilla Syrup,5.0,74.0,False
2022-12-03,Vanilla Syrup,4.0,70.0,False
2022-12-04,Vanilla Syrup,6.0,64.0,False
2022-12-05,Vanilla Syrup,5.0,59.0,False
2022-12-06,Vanilla Syrup,4.0,55.0,False
2022-12-07,Vanilla Syrup,5.0,50.0,False
2022-12-08,Vanilla Syrup,4.0,46.0,False
2022-12-09,Vanilla Syrup,5.0,41.0,False
2022-12-10,Vanilla Syrup,5.0,36.0,False
2022-12-11,Vanilla Syrup,5.0,31.0,False
2022-12-12,Vanilla Syrup,5.0,26.0,False
2022-12-13,Vanilla Syrup,6.0,80.0,False
2022-12-14,Vanilla Syrup,5.0,75.0,False
2022-12-15,Vanilla Syrup,6.0,69.0,False
2022-12-16,Vanilla Syrup,5.0,64.0,False
2022-12-17,Vanilla Syrup,5.0,59.0,False
2022-12-18,Vanilla Syrup,5.0,54.0,False
2022-12-19,Vanilla Syrup,5.0,49.0,False
2022-12-20,Vanilla Syrup,5.0,44.0,False
2022-12-21,Vanilla Syrup,5.0,39.0,False
2022-12-22,Vanilla Syrup,6.0,33.0,False
2022-12-23,Vanilla Syrup,4.0,29.0,False
2022-12-24,Vanilla Syrup,6.0,23.0,False
2022-12-25,Vanilla Syrup,4.0,79.0,False
2022-12-26,Vanilla Syrup,6.0,73.0,False
2022-12-27,Vanilla Syrup,5.0,68.0,False
2022-12-28,Vanilla Syrup,5.0,63.0,False
2022-12-29,Vanilla Syrup,4.0,59.0,False
2022-12-30,Vanilla Syrup,5.0,54.0,False
2022-12-31,Vanilla Syrup,7.0,47.0,False
2023-01-01,Vanilla Syrup,6.0,41.0,False
2023-01-02,Vanilla Syrup,6.0,35.0,False
2023-01-03,Vanilla Syrup,5.0,30.0,False
2023-01-04,Vanilla Syrup,5.0,25.0,False
2023-01-05,Vanilla Syrup,4.0,21.0,False
2023-01-06,Vanilla Syrup,6.0,75.0,False
2023-01-07,Vanilla Syrup,6.0,69.0,False
2023-01-08,Vanilla Syrup,7.0,62.0,False
2023-01-09,Vanilla Syrup,5.0,57.0,False
2023-01-10,Vanilla Syrup,6.0,51.0,False
2023-01-11,Vanilla Syrup,5.0,46.0,False
2023-01-12,Vanilla Syrup,5.0,41.0,False
2023-01-13,Vanilla Syrup,5.0,36.0,False
2023-01-14,Vanilla Syrup,5.0,31.0,False
2023-01-15,Vanilla Syrup,5.0,26.0,False
2023-01-16,Vanilla Syrup,5.0,21.0,False
2023-01-17,Vanilla Syrup,6.0,15.0,False
2023-01-18,Vanilla Syrup,5.0,70.0,False
2023-01-19,Vanilla Syrup,5.0,65.0,False
2023-01-20,Vanilla Syrup,4.0,61.0,False
2023-01-21,Vanilla Syrup,6.0,55.0,False
2023-01-22,Vanilla Syrup,22.0,33.0,False
2023-01-23,Vanilla Syrup,6.0,27.0,False
2023-01-24,Vanilla Syrup,5.0,82.0,False
2023-01-25,Vanilla Syrup,6.0,76.0,False
2023-01-26,Vanilla Syrup,5.0,71.0,False
2023-01-27,Vanilla Syrup,4.0,67.0,False
2023-01-28,Vanilla Syrup,7.0,60.0,False
2023-01-29,Vanilla Syrup,7.0,53.0,False
2023-01-30,Vanilla Syrup,5.0,48.0,False
2023-01-31,Vanilla Syrup,5.0,43.0,False
2023-02-01,Vanilla Syrup,5.0,38.0,False
2023-02-02,Vanilla Syrup,6.0,32.0,False
2023-02-03,Vanilla Syrup,5.0,27.0,False
2023-02-04,Vanilla Syrup,6.0,21.0,False
2023-02-05,Vanilla Syrup,5.0,76.0,False
2023-02-06,Vanilla Syrup,5.0,71.0,False
2023-02-07,Vanilla Syrup,4.0,67.0,False
2023-02-08,Vanilla Syrup,5.0,62.0,False
2023-02-09,Vanilla Syrup,6.0,56.0,False
2023-02-10,Vanilla Syrup,3.0,53.0,False
2023-02-11,Vanilla Syrup,6.0,47.0,False
2023-02-12,Vanilla Syrup,5.0,42.0,False
2023-02-13,Vanilla Syrup,5.0,37.0,False
2023-02-14,Vanilla Syrup,6.0,31.0,False
2023-02-15,Vanilla Syrup,5.0,26.0,False
2023-02-16,Vanilla Syrup,4.0,22.0,False
2023-02-17,Vanilla Syrup,5.0,77.0,False
2023-02-18,Vanilla Syrup,4.0,73.0,False
2023-02-19,Vanilla Syrup,5.0,68.0,False
2023-02-20,Vanilla Syrup,5.0,63.0,False
2023-02-21,Vanilla Syrup,6.0,57.0,False
2023-02-22,Vanilla Syrup,6.0,51.0,False
2023-02-23,Vanilla Syrup,6.0,45.0,False
2023-02-24,Vanilla Syrup,3.0,42.0,False
2023-02-25,Vanilla Syrup,5.0,37.0,False
2023-02-26,Vanilla Syrup,6.0,31.0,False
2023-02-27,Vanilla Syrup,5.0,26.0,False
2023-02-28,Vanilla Syrup,5.0,21.0,False
2023-03-01,Vanilla Syrup,4.0,77.0,False
2023-03-02,Vanilla Syrup,5.0,72.0,False
2023-03-03,Vanilla Syrup,5.0,67.0,False
2023-03-04,Vanilla Syrup,5.0,62.0,False
2023-03-05,Vanilla Syrup,5.0,57.0,False
2023-03-06,Vanilla Syrup,5.0,52.0,False
2023-03-07,Vanilla Syrup,6.0,46.0,False
2023-03-08,Vanilla Syrup,5.0,41.0,False
2023-03-09,Vanilla Syrup,5.0,36.0,False
2023-03-10,Vanilla Syrup,5.0,31.0,False
2023-03-11,Vanilla Syrup,4.0,27.0,False
2023-03-12,Vanilla Syrup,4.0,23.0,False
2023-03-13,Vanilla Syrup,6.0,77.0,False
2023-03-14,Vanilla Syrup,4.0,73.0,False
2023-03-15,Vanilla Syrup,3.0,70.0,False
2023-03-16,Vanilla Syrup,4.0,66.0,False
2023-03-17,Vanilla Syrup,4.0,62.0,False
2023-03-18,Vanilla Syrup,6.0,56.0,False
2023-03-19,Vanilla Syrup,6.0,50.0,False
2023-03-20,Vanilla Syrup,4.0,46.0,False
2023-03-21,Vanilla Syrup,5.0,41.0,False
2023-03-22,Vanilla Syrup,4.0,37.0,False
2023-03-23,Vanilla Syrup,6.0,31.0,False
2023-03-24,Vanilla Syrup,4.0,27.0,False
2023-03-25,Vanilla Syrup,5.0,82.0,False
2023-03-26,Vanilla Syrup,5.0,77.0,False
2023-03-27,Vanilla Syrup,5.0,72.0,False
2023-03-28,Vanilla Syrup,5.0,67.0,False
2023-03-29,Vanilla Syrup,5.0,62.0,False
2023-03-30,Vanilla Syrup,4.0,58.0,False
2023-03-31,Vanilla Syrup,5.0,53.0,False
2023-04-01,Vanilla Syrup,5.0,48.0,False
2023-04-02,Vanilla Syrup,4.0,44.0,False
2023-04-03,Vanilla Syrup,4.0,40.0,False
2023-04-04,Vanilla Syrup,4.0,36.0,False
2023-04-05,Vanilla Syrup,4.0,32.0,False
2023-04-06,Vanilla Syrup,5.0,27.0,False
2023-04-07,Vanilla Syrup,4.0,23.0,False
2023-04-08,Vanilla Syrup,5.0,18.0,False
2023-04-09,Vanilla Syrup,4.0,74.0,False
2023-04-10,Vanilla Syrup,4.0,70.0,False
2023-04-11,Vanilla Syrup,4.0,66.0,False
2023-04-12,Vanilla Syrup,4.0,62.0,False
2023-04-13,Vanilla Syrup,4.0,58.0,False
2023-04-14,Vanilla Syrup,4.0,54.0,False
2023-04-15,Vanilla Syrup,5.0,49.0,False
2023-04-16,Vanilla Syrup,5.0,44.0,False
2023-04-17,Vanilla Syrup,4.0,40.0,False
2023-04-18,Vanilla Syrup,4.0,36.0,False
2023-04-19,Vanilla Syrup,4.0,32.0,False
2023-04-20,Vanilla Syrup,4.0,28.0,False
2023-04-21,Vanilla Syrup,4.0,24.0,False
2023-04-22,Vanilla Syrup,3.0,21.0,False
2023-04-23,Vanilla Syrup,4.0,17.0,False
2023-04-24,Vanilla Syrup,4.0,73.0,False
2023-04-25,Vanilla Syrup,4.0,69.0,False
2023-04-26,Vanilla Syrup,4.0,65.0,False
2023-04-27,Vanilla Syrup,3.0,62.0,False
2023-04-28,Vanilla Syrup,4.0,58.0,False
2023-04-29,Vanilla Syrup,4.0,54.0,False
2023-04-30,Vanilla Syrup,4.0,50.0,False
2023-05-01,Vanilla Syrup,3.0,47.0,False
2023-05-02,Vanilla Syrup,4.0,43.0,False
2023-05-03,Vanilla Syrup,4.0,39.0,False
2023-05-04,Vanilla Syrup,4.0,35.0,False
2023-05-05,Vanilla Syrup,4.0,31.0,False
2023-05-06,Vanilla Syrup,3.0,28.0,False
2023-05-07,Vanilla Syrup,3.0,25.0,False
2023-05-08,Vanilla Syrup,4.0,21.0,False
2023-05-09,Vanilla Syrup,3.0,78.0,False
2023-05-10,Vanilla Syrup,3.0,75.0,False
2023-05-11,Vanilla Syrup,4.0,71.0,False
2023-05-12,Vanilla Syrup,4.0,67.0,False
2023-05-13,Vanilla Syrup,4.0,63.0,False
2023-05-14,Vanilla Syrup,3.0,60.0,False
2023-05-15,Vanilla Syrup,4.0,56.0,False
2023-05-16,Vanilla Syrup,3.0,53.0,False
2023-05-17,Vanilla Syrup,4.0,49.0,False
2023-05-18,Vanilla Syrup,4.0,45.0,False
2023-05-19,Vanilla Syrup,4.0,41.0,False
2023-05-20,Vanilla Syrup,4.0,37.0,False
2023-05-21,Vanilla Syrup,3.0,34.0,False
2023-05-22,Vanilla Syrup,4.0,30.0,False
2023-05-23,Vanilla Syrup,4.0,26.0,False
2023-05-24,Vanilla Syrup,3.0,83.0,False
2023-05-25,Vanilla Syrup,4.0,79.0,False
2023-05-26,Vanilla Syrup,3.0,76.0,False
2023-05-27,Vanilla Syrup,4.0,72.0,False
2023-05-28,Vanilla Syrup,3.0,69.0,False
2023-05-29,Vanilla Syrup,3.0,66.0,False
2023-05-30,Vanilla Syrup,4.0,62.0,False
2023-05-31,Vanilla Syrup,3.0,59.0,False
2023-06-01,Vanilla Syrup,4.0,55.0,False
2023-06-02,Vanilla Syrup,3.0,52.0,False
2023-06-03,Vanilla Syrup,3.0,49.0,False
2023-06-04,Vanilla Syrup,4.0,45.0,False
2023-06-05,Vanilla Syrup,3.0,42.0,False
2023-06-06,Vanilla Syrup,3.0,39.0,False
2023-06-07,Vanilla Syrup,2.0,37.0,False
2023-06-08,Vanilla Syrup,3.0,34.0,False
2023-06-09,Vanilla Syrup,4.0,30.0,False
2023-06-10,Vanilla Syrup,3.0,27.0,False
2023-06-11,Vanilla Syrup,3.0,24.0,False
2023-06-12,Vanilla Syrup,3.0,21.0,False
2023-06-13,Vanilla Syrup,3.0,18.0,False
2023-06-14,Vanilla Syrup,3.0,75.0,False
2023-06-15,Vanilla Syrup,4.0,71.0,False
2023-06-16,Vanilla Syrup,3.0,68.0,False
2023-06-17,Vanilla Syrup,3.0,65.0,False
2023-06-18,Vanilla Syrup,3.0,62.0,False
2023-06-19,Vanilla Syrup,3.0,59.0,False
2023-06-20,Vanilla Syrup,2.0,57.0,False
2023-06-21,Vanilla Syrup,3.0,54.0,False
2023-06-22,Vanilla Syrup,3.0,51.0,False
2023-06-23,Vanilla Syrup,2.0,49.0,False
2023-06-24,Vanilla Syrup,12.0,37.0,False
2023-06-25,Vanilla Syrup,2.0,35.0,False
2023-06-26,Vanilla Syrup,3.0,32.0,False
2023-06-27,Vanilla Syrup,3.0,29.0,False
2023-06-28,Vanilla Syrup,3.0,26.0,False
2023-06-29,Vanilla Syrup,3.0,83.0,False
2023-06-30,Vanilla Syrup,3.0,80.0,False
2023-07-01,Vanilla Syrup,3.0,77.0,False
2023-07-02,Vanilla Syrup,3.0,74.0,False
2023-07-03,Vanilla Syrup,3.0,71.0,False
2023-07-04,Vanilla Syrup,3.0,68.0,False
2023-07-05,Vanilla Syrup,3.0,65.0,False
2023-07-06,Vanilla Syrup,3.0,62.0,False
2023-07-07,Vanilla Syrup,3.0,59.0,False
2023-07-08,Vanilla Syrup,2.0,57.0,False
2023-07-09,Vanilla Syrup,3.0,54.0,False
2023-07-10,Vanilla Syrup,2.0,52.0,False
2023-07-11,Vanilla Syrup,2.0,50.0,False
2023-07-12,Vanilla Syrup,3.0,47.0,False
2023-07-13,Vanilla Syrup,3.0,44.0,False
2023-07-14,Vanilla Syrup,2.0,42.0,False
2023-07-15,Vanilla Syrup,3.0,39.0,False
2023-07-16,Vanilla Syrup,3.0,36.0,False
2023-07-17,Vanilla Syrup,3.0,33.0,False
2023-07-18,Vanilla Syrup,3.0,30.0,False
2023-07-19,Vanilla Syrup,3.0,27.0,False
2023-07-20,Vanilla Syrup,2.0,25.0,False
2023-07-21,Vanilla Syrup,3.0,22.0,False
2023-07-22,Vanilla Syrup,3.0,19.0,False
2023-07-23,Vanilla Syrup,3.0,76.0,False
2023-07-24,Vanilla Syrup,3.0,73.0,False
2023-07-25,Vanilla Syrup,3.0,70.0,False
2023-07-26,Vanilla Syrup,3.0,67.0,False
2023-07-27,Vanilla Syrup,3.0,64.0,False
2023-07-28,Vanilla Syrup,3.0,61.0,False
2023-07-29,Vanilla Syrup,3.0,58.0,False
2023-07-30,Vanilla Syrup,3.0,55.0,False
2023-07-31,Vanilla Syrup,2.0,53.0,False
2023-08-01,Vanilla Syrup,3.0,50.0,False
2023-08-02,Vanilla Syrup,3.0,47.0,False
2023-08-03,Vanilla Syrup,3.0,44.0,False
2023-08-04,Vanilla Syrup,3.0,41.0,False
2023-08-05,Vanilla Syrup,3.0,38.0,False
2023-08-06,Vanilla Syrup,3.0,35.0,False
2023-08-07,Vanilla Syrup,3.0,32.0,False
2023-08-08,Vanilla Syrup,3.0,29.0,False
2023-08-09,Vanilla Syrup,3.0,26.0,False
2023-08-10,Vanilla Syrup,3.0,83.0,False
2023-08-11,Vanilla Syrup,3.0,80.0,False
2023-08-12,Vanilla Syrup,3.0,77.0,False
2023-08-13,Vanilla Syrup,3.0,74.0,False
2023-08-14,Vanilla Syrup,3.0,71.0,False
2023-08-15,Vanilla Syrup,3.0,68.0,False
2023-08-16,Vanilla Syrup,3.0,65.0,False
2023-08-17,Vanilla Syrup,3.0,62.0,False
2023-08-18,Vanilla Syrup,2.0,60.0,False
2023-08-19,Vanilla Syrup,3.0,57.0,False
2023-08-20,Vanilla Syrup,3.0,54.0,False
2023-08-21,Vanilla Syrup,2.0,52.0,False
2023-08-22,Vanilla Syrup,3.0,49.0,False
2023-08-23,Vanilla Syrup,3.0,46.0,False
2023-08-24,Vanilla Syrup,2.0,44.0,False
2023-08-25,Vanilla Syrup,3.0,41.0,False
2023-08-26,Vanilla Syrup,3.0,38.0,False
2023-08-27,Vanilla Syrup,4.0,34.0,False
2023-08-28,Vanilla Syrup,3.0,31.0,False
2023-08-29,Vanilla Syrup,3.0,28.0,False
2023-08-30,Vanilla Syrup,3.0,25.0,False
2023-08-31,Vanilla Syrup,3.0,82.0,False
2023-09-01,Vanilla Syrup,4.0,78.0,False
2023-09-02,Vanilla Syrup,3.0,75.0,False
2023-09-03,Vanilla Syrup,4.0,71.0,False
2023-09-04,Vanilla Syrup,3.0,68.0,False
2023-09-05,Vanilla Syrup,4.0,64.0,False
2023-09-06,Vanilla Syrup,3.0,61.0,False
2023-09-07,Vanilla Syrup,3.0,58.0,False
2023-09-08,Vanilla Syrup,4.0,54.0,False
2023-09-09,Vanilla Syrup,3.0,51.0,False
2023-09-10,Vanilla Syrup,3.0,48.0,False
2023-09-11,Vanilla Syrup,3.0,45.0,False
2023-09-12,Vanilla Syrup,4.0,41.0,False
2023-09-13,Vanilla Syrup,3.0,38.0,False
2023-09-14,Vanilla Syrup,3.0,35.0,False
2023-09-15,Vanilla Syrup,3.0,32.0,False
2023-09-16,Vanilla Syrup,4.0,28.0,False
2023-09-17,Vanilla Syrup,3.0,25.0,False
2023-09-18,Vanilla Syrup,3.0,82.0,False
2023-09-19,Vanilla Syrup,3.0,79.0,False
2023-09-20,Vanilla Syrup,4.0,75.0,False
2023-09-21,Vanilla Syrup,3.0,72.0,False
2023-09-22,Vanilla Syrup,4.0,68.0,False
2023-09-23,Vanilla Syrup,4.0,64.0,False
2023-09-24,Vanilla Syrup,3.0,61.0,False
2023-09-25,Vanilla Syrup,4.0,57.0,False
2023-09-26,Vanilla Syrup,3.0,54.0,False
2023-09-27,Vanilla Syrup,4.0,50.0,False
2023-09-28,Vanilla Syrup,4.0,46.0,False
2023-09-29,Vanilla Syrup,4.0,42.0,False
2023-09-30,Vanilla Syrup,3.0,39.0,False
2023-10-01,Vanilla Syrup,3.0,36.0,False
2023-10-02,Vanilla Syrup,4.0,32.0,False
2023-10-03,Vanilla Syrup,3.0,29.0,False
2023-10-04,Vanilla Syrup,4.0,25.0,False
2023-10-05,Vanilla Syrup,4.0,21.0,False
2023-10-06,Vanilla Syrup,5.0,76.0,False
2023-10-07,Vanilla Syrup,4.0,72.0,False
2023-10-08,Vanilla Syrup,4.0,68.0,False
2023-10-09,Vanilla Syrup,4.0,64.0,False
2023-10-10,Vanilla Syrup,4.0,60.0,False
2023-10-11,Vanilla Syrup,4.0,56.0,False
2023-10-12,Vanilla Syrup,4.0,52.0,False
2023-10-13,Vanilla Syrup,5.0,47.0,False
2023-10-14,Vanilla Syrup,4.0,43.0,False
2023-10-15,Vanilla Syrup,4.0,39.0,False
2023-10-16,Vanilla Syrup,4.0,35.0,False
2023-10-17,Vanilla Syrup,4.0,31.0,False
2023-10-18,Vanilla Syrup,6.0,25.0,False
2023-10-19,Vanilla Syrup,4.0,21.0,False
2023-10-20,Vanilla Syrup,4.0,17.0,False
2023-10-21,Vanilla Syrup,4.0,73.0,False
2023-10-22,Vanilla Syrup,4.0,69.0,False
2023-10-23,Vanilla Syrup,4.0,65.0,False
2023-10-24,Vanilla Syrup,4.0,61.0,False
2023-10-25,Vanilla Syrup,4.0,57.0,False
2023-10-26,Vanilla Syrup,4.0,53.0,False
2023-10-27,Vanilla Syrup,4.0,49.0,False
2023-10-28,Vanilla Syrup,4.0,45.0,False
2023-10-29,Vanilla Syrup,4.0,41.0,False
2023-10-30,Vanilla Syrup,5.0,36.0,False
2023-10-31,Vanilla Syrup,4.0,32.0,False
2023-11-01,Vanilla Syrup,5.0,27.0,False
2023-11-02,Vanilla Syrup,5.0,82.0,False
2023-11-03,Vanilla Syrup,5.0,77.0,False
2023-11-04,Vanilla Syrup,5.0,72.0,False
2023-11-05,Vanilla Syrup,5.0,67.0,False
2023-11-06,Vanilla Syrup,5.0,62.0,False
2023-11-07,Vanilla Syrup,4.0,58.0,False
2023-11-08,Vanilla Syrup,5.0,53.0,False
2023-11-09,Vanilla Syrup,4.0,49.0,False
2023-11-10,Vanilla Syrup,5.0,44.0,False
2023-11-11,Vanilla Syrup,5.0,39.0,False
2023-11-12,Vanilla Syrup,4.0,35.0,False
2023-11-13,Vanilla Syrup,5.0,30.0,False
2023-11-14,Vanilla Syrup,4.0,26.0,False
2023-11-15,Vanilla Syrup,5.0,21.0,False
2023-11-16,Vanilla Syrup,5.0,16.0,False
2023-11-17,Vanilla Syrup,4.0,72.0,False
2023-11-18,Vanilla Syrup,5.0,67.0,False
2023-11-19,Vanilla Syrup,5.0,62.0,False
2023-11-20,Vanilla Syrup,5.0,57.0,False
2023-11-21,Vanilla Syrup,5.0,52.0,False
2023-11-22,Vanilla Syrup,4.0,48.0,False
2023-11-23,Vanilla Syrup,5.0,43.0,False
2023-11-24,Vanilla Syrup,5.0,38.0,False
2023-11-25,Vanilla Syrup,4.0,34.0,False
2023-11-26,Vanilla Syrup,5.0,29.0,False
2023-11-27,Vanilla Syrup,4.0,25.0,False
2023-11-28,Vanilla Syrup,5.0,20.0,False
2023-11-29,Vanilla Syrup,5.0,75.0,False
2023-11-30,Vanilla Syrup,5.0,70.0,False
2023-12-01,Vanilla Syrup,5.0,65.0,False
2023-12-02,Vanilla Syrup,5.0,60.0,False
2023-12-03,Vanilla Syrup,4.0,56.0,False
2023-12-04,Vanilla Syrup,5.0,51.0,False
2023-12-05,Vanilla Syrup,5.0,46.0,False
2023-12-06,Vanilla Syrup,5.0,41.0,False
2023-12-07,Vanilla Syrup,6.0,35.0,False
2023-12-08,Vanilla Syrup,5.0,30.0,False
2023-12-09,Vanilla Syrup,6.0,24.0,False
2023-12-10,Vanilla Syrup,3.0,21.0,False
2023-12-11,Vanilla Syrup,5.0,76.0,False
2023-12-12,Vanilla Syrup,5.0,71.0,False
2023-12-13,Vanilla Syrup,5.0,66.0,False
2023-12-14,Vanilla Syrup,4.0,62.0,False
2023-12-15,Vanilla Syrup,5.0,57.0,False
2023-12-16,Vanilla Syrup,6.0,51.0,False
2023-12-17,Vanilla Syrup,5.0,46.0,False
2023-12-18,Vanilla Syrup,,46.0,False
2023-12-19,Vanilla Syrup,5.0,41.0,False
2023-12-20,Vanilla Syrup,5.0,36.0,False
2023-12-21,Vanilla Syrup,5.0,31.0,False
2023-12-22,Vanilla Syrup,5.0,26.0,False
2023-12-23,Vanilla Syrup,5.0,81.0,False
2023-12-24,Vanilla Syrup,5.0,76.0,False
2023-12-25,Vanilla Syrup,5.0,71.0,False
2023-12-26,Vanilla Syrup,6.0,65.0,False
2023-12-27,Vanilla Syrup,5.0,60.0,False
2023-12-28,Vanilla Syrup,5.0,55.0,False
2023-12-29,Vanilla Syrup,5.0,50.0,False
2023-12-30,Vanilla Syrup,6.0,44.0,False
2023-12-31,Vanilla Syrup,6.0,38.0,False
2024-01-01,Vanilla Syrup,5.0,33.0,False
2024-01-02,Vanilla Syrup,5.0,28.0,False
2024-01-03,Vanilla Syrup,,28.0,False
2024-01-04,Vanilla Syrup,5.0,83.0,False
2024-01-05,Vanilla Syrup,5.0,78.0,False
2024-01-06,Vanilla Syrup,6.0,72.0,False
2024-01-07,Vanilla Syrup,6.0,66.0,False
2024-01-08,Vanilla Syrup,5.0,61.0,False
2024-01-09,Vanilla Syrup,5.0,56.0,False
2024-01-10,Vanilla Syrup,5.0,51.0,False
2024-01-11,Vanilla Syrup,4.0,47.0,False
2024-01-12,Vanilla Syrup,6.0,41.0,False
2024-01-13,Vanilla Syrup,5.0,36.0,False
2024-01-14,Vanilla Syrup,5.0,31.0,False
2024-01-15,Vanilla Syrup,6.0,25.0,False
2024-01-16,Vanilla Syrup,6.0,79.0,False
2024-01-17,Vanilla Syrup,4.0,75.0,False
2024-01-18,Vanilla Syrup,5.0,70.0,False
2024-01-19,Vanilla Syrup,6.0,64.0,False
2024-01-20,Vanilla Syrup,5.0,59.0,False
2024-01-21,Vanilla Syrup,4.0,55.0,False
2024-01-22,Vanilla Syrup,5.0,50.0,False
2024-01-23,Vanilla Syrup,5.0,45.0,False
2024-01-24,Vanilla Syrup,5.0,40.0,False
2024-01-25,Vanilla Syrup,5.0,35.0,False
2024-01-26,Vanilla Syrup,5.0,30.0,False
2024-01-27,Vanilla Syrup,7.0,23.0,False
2024-01-28,Vanilla Syrup,6.0,77.0,False
2024-01-29,Vanilla Syrup,5.0,72.0,False
2024-01-30,Vanilla Syrup,5.0,67.0,False
2024-01-31,Vanilla Syrup,4.0,63.0,False
2024-02-01,Vanilla Syrup,6.0,57.0,False
2024-02-02,Vanilla Syrup,5.0,52.0,False
2024-02-03,Vanilla Syrup,6.0,46.0,False
2024-02-04,Vanilla Syrup,5.0,41.0,False
2024-02-05,Vanilla Syrup,4.0,37.0,False
2024-02-06,Vanilla Syrup,4.0,33.0,False
2024-02-07,Vanilla Syrup,4.0,29.0,False
2024-02-08,Vanilla Syrup,5.0,24.0,False
2024-02-09,Vanilla Syrup,5.0,79.0,False
2024-02-10,Vanilla Syrup,5.0,74.0,False
2024-02-11,Vanilla Syrup,5.0,69.0,False
2024-02-12,Vanilla Syrup,4.0,65.0,False
2024-02-13,Vanilla Syrup,7.0,58.0,False
2024-02-14,Vanilla Syrup,5.0,53.0,False
2024-02-15,Vanilla Syrup,5.0,48.0,False
2024-02-16,Vanilla Syrup,6.0,42.0,False
2024-02-17,Vanilla Syrup,6.0,36.0,False
2024-02-18,Vanilla Syrup,5.0,31.0,False
2024-02-19,Vanilla Syrup,5.0,26.0,False
2024-02-20,Vanilla Syrup,4.0,22.0,False
2024-02-21,Vanilla Syrup,5.0,77.0,False
2024-02-22,Vanilla Syrup,4.0,73.0,False
2024-02-23,Vanilla Syrup,6.0,67.0,False
2024-02-24,Vanilla Syrup,6.0,61.0,False
2024-02-25,Vanilla Syrup,5.0,56.0,False
2024-02-26,Vanilla Syrup,4.0,52.0,False
2024-02-27,Vanilla Syrup,6.0,46.0,False
2024-02-28,Vanilla Syrup,5.0,41.0,False
2024-02-29,Vanilla Syrup,5.0,36.0,False
2024-03-01,Vanilla Syrup,5.0,31.0,False
2024-03-02,Vanilla Syrup,5.0,26.0,False
2024-03-03,Vanilla Syrup,5.0,21.0,False
2024-03-04,Vanilla Syrup,6.0,75.0,False
2024-03-05,Vanilla Syrup,6.0,69.0,False
2024-03-06,Vanilla Syrup,4.0,65.0,False
2024-03-07,Vanilla Syrup,4.0,61.0,False
2024-03-08,Vanilla Syrup,4.0,57.0,False
2024-03-09,Vanilla Syrup,5.0,52.0,False
2024-03-10,Vanilla Syrup,5.0,47.0,False
2024-03-11,Vanilla Syrup,5.0,42.0,False
2024-03-12,Vanilla Syrup,4.0,38.0,False
2024-03-13,Vanilla Syrup,5.0,33.0,False
2024-03-14,Vanilla Syrup,5.0,28.0,False
2024-03-15,Vanilla Syrup,4.0,24.0,False
2024-03-16,Vanilla Syrup,5.0,79.0,False
2024-03-17,Vanilla Syrup,5.0,74.0,False
2024-03-18,Vanilla Syrup,4.0,70.0,False
2024-03-19,Vanilla Syrup,5.0,65.0,False
2024-03-20,Vanilla Syrup,4.0,61.0,False
2024-03-21,Vanilla Syrup,5.0,56.0,False
2024-03-22,Vanilla Syrup,5.0,51.0,False
2024-03-23,Vanilla Syrup,4.0,47.0,False
2024-03-24,Vanilla Syrup,5.0,42.0,False
2024-03-25,Vanilla Syrup,4.0,38.0,False
2024-03-26,Vanilla Syrup,4.0,34.0,False
2024-03-27,Vanilla Syrup,4.0,30.0,False
2024-03-28,Vanilla Syrup,5.0,25.0,False
2024-03-29,Vanilla Syrup,5.0,20.0,False
2024-03-30,Vanilla Syrup,5.0,15.0,False
2024-03-31,Vanilla Syrup,3.0,72.0,False
2024-04-01,Vanilla Syrup,5.0,67.0,False
2024-04-02,Vanilla Syrup,4.0,63.0,False
2024-04-03,Vanilla Syrup,4.0,59.0,False
2024-04-04,Vanilla Syrup,4.0,55.0,False
2024-04-05,Vanilla Syrup,5.0,50.0,False
2024-04-06,Vanilla Syrup,4.0,46.0,False
2024-04-07,Vanilla Syrup,5.0,41.0,False
2024-04-08,Vanilla Syrup,4.0,37.0,False
2024-04-09,Vanilla Syrup,4.0,33.0,False
2024-04-10,Vanilla Syrup,4.0,29.0,False
2024-04-11,Vanilla Syrup,,29.0,False
2024-04-12,Vanilla Syrup,4.0,25.0,False
2024-04-13,Vanilla Syrup,4.0,21.0,False
2024-04-14,Vanilla Syrup,4.0,17.0,False
2024-04-15,Vanilla Syrup,4.0,73.0,False
2024-04-16,Vanilla Syrup,3.0,70.0,False
2024-04-17,Vanilla Syrup,4.0,66.0,False
2024-04-18,Vanilla Syrup,3.0,63.0,False
2024-04-19,Vanilla Syrup,4.0,59.0,False
2024-04-20,Vanilla Syrup,3.0,56.0,False
2024-04-21,Vanilla Syrup,5.0,51.0,False
2024-04-22,Vanilla Syrup,4.0,47.0,False
2024-04-23,Vanilla Syrup,4.0,43.0,False
2024-04-24,Vanilla Syrup,4.0,39.0,False
2024-04-25,Vanilla Syrup,3.0,36.0,False
2024-04-26,Vanilla Syrup,3.0,33.0,False
2024-04-27,Vanilla Syrup,4.0,29.0,False
2024-04-28,Vanilla Syrup,4.0,25.0,False
2024-04-29,Vanilla Syrup,3.0,22.0,False
2024-04-30,Vanilla Syrup,4.0,78.0,False
2024-05-01,Vanilla Syrup,5.0,73.0,False
2024-05-02,Vanilla Syrup,4.0,69.0,False
2024-05-03,Vanilla Syrup,3.0,66.0,False
2024-05-04,Vanilla Syrup,3.0,63.0,False
2024-05-05,Vanilla Syrup,3.0,60.0,False
2024-05-06,Vanilla Syrup,3.0,57.0,False
2024-05-07,Vanilla Syrup,3.0,54.0,False
2024-05-08,Vanilla Syrup,4.0,50.0,False
2024-05-09,Vanilla Syrup,4.0,46.0,False
2024-05-10,Vanilla Syrup,3.0,43.0,False
2024-05-11,Vanilla Syrup,3.0,40.0,False
2024-05-12,Vanilla Syrup,3.0,37.0,False
2024-05-13,Vanilla Syrup,3.0,34.0,False
2024-05-14,Vanilla Syrup,4.0,30.0,False
2024-05-15,Vanilla Syrup,3.0,27.0,False
2024-05-16,Vanilla Syrup,3.0,24.0,False
2024-05-17,Vanilla Syrup,3.0,21.0,False
2024-05-18,Vanilla Syrup,3.0,78.0,False
2024-05-19,Vanilla Syrup,3.0,75.0,False
2024-05-20,Vanilla Syrup,3.0,72.0,False
2024-05-21,Vanilla Syrup,3.0,69.0,False
2024-05-22,Vanilla Syrup,3.0,66.0,False
2024-05-23,Vanilla Syrup,3.0,63.0,False
2024-05-24,Vanilla Syrup,4.0,59.0,False
2024-05-25,Vanilla Syrup,3.0,56.0,False
2024-05-26,Vanilla Syrup,3.0,53.0,False
2024-05-27,Vanilla Syrup,3.0,50.0,False
2024-05-28,Vanilla Syrup,4.0,46.0,False
2024-05-29,Vanilla Syrup,3.0,43.0,False
2024-05-30,Vanilla Syrup,3.0,40.0,False
2024-05-31,Vanilla Syrup,3.0,37.0,False
2024-06-01,Vanilla Syrup,3.0,34.0,False
2024-06-02,Vanilla Syrup,3.0,31.0,False
2024-06-03,Vanilla Syrup,3.0,28.0,False
2024-06-04,Vanilla Syrup,3.0,25.0,False
2024-06-05,Vanilla Syrup,3.0,82.0,False
2024-06-06,Vanilla Syrup,3.0,79.0,False
2024-06-07,Vanilla Syrup,3.0,76.0,False
2024-06-08,Vanilla Syrup,4.0,72.0,False
2024-06-09,Vanilla Syrup,3.0,69.0,False
2024-06-10,Vanilla Syrup,3.0,66.0,False
2024-06-11,Vanilla Syrup,3.0,63.0,False
2024-06-12,Vanilla Syrup,3.0,60.0,False
2024-06-13,Vanilla Syrup,3.0,57.0,False
2024-06-14,Vanilla Syrup,2.0,55.0,False
2024-06-15,Vanilla Syrup,3.0,52.0,False
2024-06-16,Vanilla Syrup,3.0,49.0,False
2024-06-17,Vanilla Syrup,3.0,46.0,False
2024-06-18,Vanilla Syrup,3.0,43.0,False
2024-06-19,Vanilla Syrup,3.0,40.0,False
2024-06-20,Vanilla Syrup,3.0,37.0,False
2024-06-21,Vanilla Syrup,4.0,33.0,False
2024-06-22,Vanilla Syrup,3.0,30.0,False
2024-06-23,Vanilla Syrup,3.0,27.0,False
2024-06-24,Vanilla Syrup,3.0,24.0,False
2024-06-25,Vanilla Syrup,2.0,22.0,False
2024-06-26,Vanilla Syrup,2.0,80.0,False
2024-06-27,Vanilla Syrup,2.0,78.0,False
2024-06-28,Vanilla Syrup,3.0,75.0,False
2024-06-29,Vanilla Syrup,3.0,72.0,False
2024-06-30,Vanilla Syrup,3.0,69.0,False
2024-07-01,Vanilla Syrup,,69.0,False
2024-07-02,Vanilla Syrup,3.0,66.0,False
2024-07-03,Vanilla Syrup,2.0,64.0,False
2024-07-04,Vanilla Syrup,3.0,61.0,False
2024-07-05,Vanilla Syrup,3.0,58.0,False
2024-07-06,Vanilla Syrup,3.0,55.0,False
2024-07-07,Vanilla Syrup,3.0,52.0,False
2024-07-08,Vanilla Syrup,3.0,49.0,False
2024-07-09,Vanilla Syrup,3.0,46.0,False
2024-07-10,Vanilla Syrup,3.0,43.0,False
2024-07-11,Vanilla Syrup,3.0,40.0,False
2024-07-12,Vanilla Syrup,3.0,37.0,False
2024-07-13,Vanilla Syrup,3.0,34.0,False
2024-07-14,Vanilla Syrup,3.0,31.0,False
2024-07-15,Vanilla Syrup,3.0,28.0,False
2024-07-16,Vanilla Syrup,3.0,25.0,False
2024-07-17,Vanilla Syrup,3.0,82.0,False
2024-07-18,Vanilla Syrup,2.0,80.0,False
2024-07-19,Vanilla Syrup,3.0,77.0,False
2024-07-20,Vanilla Syrup,3.0,74.0,False
2024-07-21,Vanilla Syrup,3.0,71.0,False
2024-07-22,Vanilla Syrup,3.0,68.0,False
2024-07-23,Vanilla Syrup,3.0,65.0,False
2024-07-24,Vanilla Syrup,2.0,63.0,False
2024-07-25,Vanilla Syrup,3.0,60.0,False
2024-07-26,Vanilla Syrup,3.0,57.0,False
2024-07-27,Vanilla Syrup,3.0,54.0,False
2024-07-28,Vanilla Syrup,2.0,52.0,False
2024-07-29,Vanilla Syrup,3.0,49.0,False
2024-07-30,Vanilla Syrup,3.0,46.0,False
2024-07-31,Vanilla Syrup,3.0,43.0,False
2024-08-01,Vanilla Syrup,3.0,40.0,False
2024-08-02,Vanilla Syrup,3.0,37.0,False
2024-08-03,Vanilla Syrup,3.0,34.0,False
2024-08-04,Vanilla Syrup,3.0,31.0,False
2024-08-05,Vanilla Syrup,2.0,29.0,False
2024-08-06,Vanilla Syrup,3.0,26.0,False
2024-08-07,Vanilla Syrup,3.0,83.0,False
2024-08-08,Vanilla Syrup,2.0,81.0,False
2024-08-09,Vanilla Syrup,3.0,78.0,False
2024-08-10,Vanilla Syrup,3.0,75.0,False
2024-08-11,Vanilla Syrup,3.0,72.0,False
2024-08-12,Vanilla Syrup,4.0,68.0,False
2024-08-13,Vanilla Syrup,3.0,65.0,False
2024-08-14,Vanilla Syrup,4.0,61.0,False
2024-08-15,Vanilla Syrup,3.0,58.0,False
2024-08-16,Vanilla Syrup,3.0,55.0,False
2024-08-17,Vanilla Syrup,3.0,52.0,False
2024-08-18,Vanilla Syrup,3.0,49.0,False
2024-08-19,Vanilla Syrup,3.0,46.0,False
2024-08-20,Vanilla Syrup,4.0,42.0,False
2024-08-21,Vanilla Syrup,2.0,40.0,False
2024-08-22,Vanilla Syrup,3.0,37.0,False
2024-08-23,Vanilla Syrup,3.0,34.0,False
2024-08-24,Vanilla Syrup,3.0,31.0,False
2024-08-25,Vanilla Syrup,4.0,27.0,False
2024-08-26,Vanilla Syrup,4.0,23.0,False
2024-08-27,Vanilla Syrup,3.0,20.0,False
2024-08-28,Vanilla Syrup,3.0,77.0,False
2024-08-29,Vanilla Syrup,3.0,74.0,False
2024-08-30,Vanilla Syrup,3.0,71.0,False
2024-08-31,Vanilla Syrup,3.0,68.0,False
2024-09-01,Vanilla Syrup,3.0,65.0,False
2024-09-02,Vanilla Syrup,4.0,61.0,False
2024-09-03,Vanilla Syrup,4.0,57.0,False
2024-09-04,Vanilla Syrup,3.0,54.0,False
2024-09-05,Vanilla Syrup,4.0,50.0,False
2024-09-06,Vanilla Syrup,4.0,46.0,False
2024-09-07,Vanilla Syrup,3.0,43.0,False
2024-09-08,Vanilla Syrup,3.0,40.0,False
2024-09-09,Vanilla Syrup,0.0,40.0,False
2024-09-10,Vanilla Syrup,4.0,36.0,False
2024-09-11,Vanilla Syrup,3.0,33.0,False
2024-09-12,Vanilla Syrup,3.0,30.0,False
2024-09-13,Vanilla Syrup,4.0,26.0,False
2024-09-14,Vanilla Syrup,3.0,23.0,False
2024-09-15,Vanilla Syrup,3.0,80.0,False
2024-09-16,Vanilla Syrup,3.0,77.0,False
2024-09-17,Vanilla Syrup,4.0,73.0,False
2024-09-18,Vanilla Syrup,3.0,70.0,False
2024-09-19,Vanilla Syrup,3.0,67.0,False
2024-09-20,Vanilla Syrup,4.0,63.0,False
2024-09-21,Vanilla Syrup,3.0,60.0,False
2024-09-22,Vanilla Syrup,4.0,56.0,False
2024-09-23,Vanilla Syrup,4.0,52.0,False
2024-09-24,Vanilla Syrup,4.0,48.0,False
2024-09-25,Vanilla Syrup,15.0,33.0,False
2024-09-26,Vanilla Syrup,4.0,29.0,False
2024-09-27,Vanilla Syrup,3.0,26.0,False
2024-09-28,Vanilla Syrup,4.0,22.0,False
2024-09-29,Vanilla Syrup,3.0,19.0,False
2024-09-30,Vanilla Syrup,3.0,76.0,False
2024-10-01,Vanilla Syrup,3.0,73.0,False
2024-10-02,Vanilla Syrup,4.0,69.0,False
2024-10-03,Vanilla Syrup,3.0,66.0,False
2024-10-04,Vanilla Syrup,4.0,62.0,False
2024-10-05,Vanilla Syrup,4.0,58.0,False
2024-10-06,Vanilla Syrup,4.0,54.0,False
2024-10-07,Vanilla Syrup,4.0,50.0,False
2024-10-08,Vanilla Syrup,4.0,46.0,False
2024-10-09,Vanilla Syrup,3.0,43.0,False
2024-10-10,Vanilla Syrup,4.0,39.0,False
2024-10-11,Vanilla Syrup,4.0,35.0,False
2024-10-12,Vanilla Syrup,4.0,31.0,False
2024-10-13,Vanilla Syrup,4.0,27.0,False
2024-10-14,Vanilla Syrup,5.0,22.0,False
2024-10-15,Vanilla Syrup,4.0,78.0,False
2024-10-16,Vanilla Syrup,13.0,65.0,False
2024-10-17,Vanilla Syrup,4.0,61.0,False
2024-10-18,Vanilla Syrup,5.0,56.0,False
2024-10-19,Vanilla Syrup,4.0,52.0,False
2024-10-20,Vanilla Syrup,4.0,48.0,False
2024-10-21,Vanilla Syrup,4.0,44.0,False
2024-10-22,Vanilla Syrup,5.0,39.0,False
2024-10-23,Vanilla Syrup,4.0,35.0,False
2024-10-24,Vanilla Syrup,4.0,31.0,False
2024-10-25,Vanilla Syrup,4.0,27.0,False
2024-10-26,Vanilla Syrup,4.0,23.0,False
2024-10-27,Vanilla Syrup,4.0,79.0,False
2024-10-28,Vanilla Syrup,4.0,75.0,False
2024-10-29,Vanilla Syrup,4.0,71.0,False
2024-10-30,Vanilla Syrup,4.0,67.0,False
2024-10-31,Vanilla Syrup,4.0,63.0,False
2024-11-01,Vanilla Syrup,4.0,59.0,False
2024-11-02,Vanilla Syrup,5.0,54.0,False
2024-11-03,Vanilla Syrup,5.0,49.0,False
2024-11-04,Vanilla Syrup,5.0,44.0,False
2024-11-05,Vanilla Syrup,5.0,39.0,False
2024-11-06,Vanilla Syrup,4.0,35.0,False
2024-11-07,Vanilla Syrup,4.0,31.0,False
2024-11-08,Vanilla Syrup,5.0,26.0,False
2024-11-09,Vanilla Syrup,5.0,21.0,False
2024-11-10,Vanilla Syrup,5.0,16.0,False
2024-11-11,Vanilla Syrup,4.0,72.0,False
2024-11-12,Vanilla Syrup,4.0,68.0,False
2024-11-13,Vanilla Syrup,5.0,63.0,False
2024-11-14,Vanilla Syrup,4.0,59.0,False
2024-11-15,Vanilla Syrup,5.0,54.0,False
2024-11-16,Vanilla Syrup,5.0,49.0,False
2024-11-17,Vanilla Syrup,4.0,45.0,False
2024-11-18,Vanilla Syrup,4.0,41.0,False
2024-11-19,Vanilla Syrup,4.0,37.0,False
2024-11-20,Vanilla Syrup,5.0,32.0,False
2024-11-21,Vanilla Syrup,4.0,28.0,False
2024-11-22,Vanilla Syrup,6.0,22.0,False
2024-11-23,Vanilla Syrup,6.0,76.0,False
2024-11-24,Vanilla Syrup,5.0,71.0,False
2024-11-25,Vanilla Syrup,4.0,67.0,False
2024-11-26,Vanilla Syrup,4.0,63.0,False
2024-11-27,Vanilla Syrup,5.0,58.0,False
2024-11-28,Vanilla Syrup,5.0,53.0,False
2024-11-29,Vanilla Syrup,6.0,47.0,False
2024-11-30,Vanilla Syrup,5.0,42.0,False
2024-12-01,Vanilla Syrup,4.0,38.0,False
2024-12-02,Vanilla Syrup,5.0,33.0,False
2024-12-03,Vanilla Syrup,6.0,27.0,False
2024-12-04,Vanilla Syrup,4.0,23.0,False
2024-12-05,Vanilla Syrup,5.0,78.0,False
2024-12-06,Vanilla Syrup,6.0,72.0,False
2024-12-07,Vanilla Syrup,5.0,67.0,False
2024-12-08,Vanilla Syrup,5.0,62.0,False
2024-12-09,Vanilla Syrup,5.0,57.0,False
2024-12-10,Vanilla Syrup,6.0,51.0,False
2024-12-11,Vanilla Syrup,4.0,47.0,False
2024-12-12,Vanilla Syrup,5.0,42.0,False
2024-12-13,Vanilla Syrup,4.0,38.0,False
2024-12-14,Vanilla Syrup,5.0,33.0,False
2024-12-15,Vanilla Syrup,5.0,28.0,False
2024-12-16,Vanilla Syrup,4.0,24.0,False
2024-12-17,Vanilla Syrup,5.0,79.0,False
2024-12-18,Vanilla Syrup,5.0,74.0,False
2024-12-19,Vanilla Syrup,6.0,68.0,False
2024-12-20,Vanilla Syrup,5.0,63.0,False
2024-12-21,Vanilla Syrup,6.0,57.0,False
2024-12-22,Vanilla Syrup,5.0,52.0,False
2024-12-23,Vanilla Syrup,5.0,47.0,False
2024-12-24,Vanilla Syrup,5.0,42.0,False
2024-12-25,Vanilla Syrup,6.0,36.0,False
2024-12-26,Vanilla Syrup,4.0,32.0,False
2024-12-27,Vanilla Syrup,5.0,27.0,False
2024-12-28,Vanilla Syrup,6.0,21.0,False
2024-12-29,Vanilla Syrup,5.0,76.0,False
2024-12-30,Vanilla Syrup,6.0,70.0,False
2024-12-31,Vanilla Syrup,5.0,65.0,False
2025-01-01,Vanilla Syrup,5.0,60.0,False
2025-01-02,Vanilla Syrup,5.0,55.0,False
2025-01-03,Vanilla Syrup,6.0,49.0,False
2025-01-04,Vanilla Syrup,5.0,44.0,False
2025-01-05,Vanilla Syrup,6.0,38.0,False
2025-01-06,Vanilla Syrup,5.0,33.0,False
2025-01-07,Vanilla Syrup,6.0,27.0,False
2025-01-08,Vanilla Syrup,6.0,21.0,False
2025-01-09,Vanilla Syrup,6.0,15.0,False
2025-01-10,Vanilla Syrup,6.0,69.0,False
2025-01-11,Vanilla Syrup,5.0,64.0,False
2025-01-12,Vanilla Syrup,4.0,60.0,False
2025-01-13,Vanilla Syrup,6.0,54.0,False
2025-01-14,Vanilla Syrup,6.0,48.0,False
2025-01-15,Vanilla Syrup,5.0,43.0,False
2025-01-16,Vanilla Syrup,5.0,38.0,False
2025-01-17,Vanilla Syrup,6.0,32.0,False
2025-01-18,Vanilla Syrup,5.0,27.0,False
2025-01-19,Vanilla Syrup,5.0,82.0,False
2025-01-20,Vanilla Syrup,6.0,76.0,False
2025-01-21,Vanilla Syrup,6.0,70.0,False
2025-01-22,Vanilla Syrup,5.0,65.0,False
2025-01-23,Vanilla Syrup,5.0,60.0,False
2025-01-24,Vanilla Syrup,5.0,55.0,False
2025-01-25,Vanilla Syrup,6.0,49.0,False
2025-01-26,Vanilla Syrup,6.0,43.0,False
2025-01-27,Vanilla Syrup,6.0,37.0,False
2025-01-28,Vanilla Syrup,4.0,33.0,False
2025-01-29,Vanilla Syrup,5.0,28.0,False
2025-01-30,Vanilla Syrup,5.0,23.0,False
2025-01-31,Vanilla Syrup,5.0,78.0,False
2025-02-01,Vanilla Syrup,5.0,73.0,False
2025-02-02,Vanilla Syrup,5.0,68.0,False
2025-02-03,Vanilla Syrup,5.0,63.0,False
2025-02-04,Vanilla Syrup,5.0,58.0,False
2025-02-05,Vanilla Syrup,6.0,52.0,False
2025-02-06,Vanilla Syrup,4.0,48.0,False
2025-02-07,Vanilla Syrup,5.0,43.0,False
2025-02-08,Vanilla Syrup,6.0,37.0,False
2025-02-09,Vanilla Syrup,4.0,33.0,False
2025-02-10,Vanilla Syrup,4.0,29.0,False
2025-02-11,Vanilla Syrup,5.0,24.0,False
2025-02-12,Vanilla Syrup,5.0,79.0,False
2025-02-13,Vanilla Syrup,6.0,73.0,False
2025-02-14,Vanilla Syrup,4.0,69.0,False
2025-02-15,Vanilla Syrup,4.0,65.0,False
2025-02-16,Vanilla Syrup,5.0,60.0,False
2025-02-17,Vanilla Syrup,4.0,56.0,False
2025-02-18,Vanilla Syrup,5.0,51.0,False
2025-02-19,Vanilla Syrup,5.0,46.0,False
2025-02-20,Vanilla Syrup,0.0,46.0,False
2025-02-21,Vanilla Syrup,5.0,41.0,False
2025-02-22,Vanilla Syrup,5.0,36.0,False
2025-02-23,Vanilla Syrup,5.0,31.0,False
2025-02-24,Vanilla Syrup,17.0,74.0,False
2025-02-25,Vanilla Syrup,6.0,68.0,False
2025-02-26,Vanilla Syrup,5.0,63.0,False
2025-02-27,Vanilla Syrup,4.0,59.0,False
2025-02-28,Vanilla Syrup,5.0,54.0,False
2025-03-01,Vanilla Syrup,5.0,49.0,False
2025-03-02,Vanilla Syrup,4.0,45.0,False
2025-03-03,Vanilla Syrup,4.0,41.0,False
2025-03-04,Vanilla Syrup,5.0,36.0,False
2025-03-05,Vanilla Syrup,4.0,32.0,False
2025-03-06,Vanilla Syrup,5.0,27.0,False
2025-03-07,Vanilla Syrup,4.0,23.0,False
2025-03-08,Vanilla Syrup,6.0,77.0,False
2025-03-09,Vanilla Syrup,4.0,73.0,False
2025-03-10,Vanilla Syrup,4.0,69.0,False
2025-03-11,Vanilla Syrup,5.0,64.0,False
2025-03-12,Vanilla Syrup,4.0,60.0,False
2025-03-13,Vanilla Syrup,4.0,56.0,False
2025-03-14,Vanilla Syrup,5.0,51.0,False
2025-03-15,Vanilla Syrup,5.0,46.0,False
2025-03-16,Vanilla Syrup,5.0,41.0,False
2025-03-17,Vanilla Syrup,4.0,37.0,False
2025-03-18,Vanilla Syrup,5.0,32.0,False
2025-03-19,Vanilla Syrup,4.0,28.0,False
2025-03-20,Vanilla Syrup,19.0,69.0,False
2025-03-21,Vanilla Syrup,4.0,65.0,False
2025-03-22,Vanilla Syrup,3.0,62.0,False
2025-03-23,Vanilla Syrup,4.0,58.0,False
2025-03-24,Vanilla Syrup,4.0,54.0,False
2025-03-25,Vanilla Syrup,5.0,49.0,False
2025-03-26,Vanilla Syrup,5.0,44.0,False
2025-03-27,Vanilla Syrup,4.0,40.0,False
2025-03-28,Vanilla Syrup,5.0,35.0,False
2025-03-29,Vanilla Syrup,4.0,31.0,False
2025-03-30,Vanilla Syrup,4.0,27.0,False
2025-03-31,Vanilla Syrup,5.0,22.0,False
2025-04-01,Vanilla Syrup,4.0,78.0,False
2025-04-02,Vanilla Syrup,4.0,74.0,False
2025-04-03,Vanilla Syrup,4.0,70.0,False
2025-04-04,Vanilla Syrup,4.0,66.0,False
2025-04-05,Vanilla Syrup,5.0,61.0,False
2025-04-06,Vanilla Syrup,4.0,57.0,False
2025-04-07,Vanilla Syrup,4.0,53.0,False
2025-04-08,Vanilla Syrup,4.0,49.0,False
2025-04-09,Vanilla Syrup,5.0,44.0,False
2025-04-10,Vanilla Syrup,4.0,40.0,False
2025-04-11,Vanilla Syrup,5.0,35.0,False
2025-04-12,Vanilla Syrup,5.0,30.0,False
2025-04-13,Vanilla Syrup,5.0,25.0,False
2025-04-14,Vanilla Syrup,5.0,20.0,False
2025-04-15,Vanilla Syrup,4.0,16.0,False
2025-04-16,Vanilla Syrup,5.0,71.0,False
2025-04-17,Vanilla Syrup,4.0,67.0,False
2025-04-18,Vanilla Syrup,3.0,64.0,False
2025-04-19,Vanilla Syrup,4.0,60.0,False
2025-04-20,Vanilla Syrup,4.0,56.0,False
2025-04-21,Vanilla Syrup,4.0,52.0,False
2025-04-22,Vanilla Syrup,4.0,48.0,False
2025-04-23,Vanilla Syrup,3.0,45.0,False
2025-04-24,Vanilla Syrup,4.0,41.0,False
2025-04-25,Vanilla Syrup,3.0,38.0,False
2025-04-26,Vanilla Syrup,4.0,34.0,False
2025-04-27,Vanilla Syrup,4.0,30.0,False
2025-04-28,Vanilla Syrup,4.0,26.0,False
2025-04-29,Vanilla Syrup,4.0,22.0,False
2025-04-30,Vanilla Syrup,4.0,18.0,False
2025-05-01,Vanilla Syrup,4.0,74.0,False
2025-05-02,Vanilla Syrup,4.0,70.0,False
2025-05-03,Vanilla Syrup,4.0,66.0,False
2025-05-04,Vanilla Syrup,4.0,62.0,False
2025-05-05,Vanilla Syrup,4.0,58.0,False
2025-05-06,Vanilla Syrup,4.0,54.0,False
2025-05-07,Vanilla Syrup,4.0,50.0,False
2025-05-08,Vanilla Syrup,3.0,47.0,False
2025-05-09,Vanilla Syrup,3.0,44.0,False
2025-05-10,Vanilla Syrup,4.0,40.0,False
2025-05-11,Vanilla Syrup,4.0,36.0,False
2025-05-12,Vanilla Syrup,3.0,33.0,False
2025-05-13,Vanilla Syrup,4.0,29.0,False
2025-05-14,Vanilla Syrup,3.0,26.0,False
2025-05-15,Vanilla Syrup,3.0,23.0,False
2025-05-16,Vanilla Syrup,3.0,80.0,False
2025-05-17,Vanilla Syrup,3.0,77.0,False
2025-05-18,Vanilla Syrup,3.0,74.0,False
2025-05-19,Vanilla Syrup,4.0,70.0,False
2025-05-20,Vanilla Syrup,3.0,67.0,False
2025-05-21,Vanilla Syrup,4.0,63.0,False
2025-05-22,Vanilla Syrup,4.0,59.0,False
2025-05-23,Vanilla Syrup,4.0,55.0,False
2025-05-24,Vanilla Syrup,3.0,52.0,False
2025-05-25,Vanilla Syrup,4.0,48.0,False
2025-05-26,Vanilla Syrup,3.0,45.0,False
2025-05-27,Vanilla Syrup,3.0,42.0,False
2025-05-28,Vanilla Syrup,3.0,39.0,False
2025-05-29,Vanilla Syrup,4.0,35.0,False
2025-05-30,Vanilla Syrup,2.0,33.0,False
2025-05-31,Vanilla Syrup,4.0,29.0,False
2025-06-01,Vanilla Syrup,3.0,26.0,False
2025-06-02,Vanilla Syrup,3.0,23.0,False
2025-06-03,Vanilla Syrup,3.0,80.0,False
2025-06-04,Vanilla Syrup,3.0,77.0,False
2025-06-05,Vanilla Syrup,3.0,74.0,False
2025-06-06,Vanilla Syrup,3.0,71.0,False
2025-06-07,Vanilla Syrup,3.0,68.0,False
2025-06-08,Vanilla Syrup,4.0,64.0,False
2025-06-09,Vanilla Syrup,4.0,60.0,False
2025-06-10,Vanilla Syrup,3.0,57.0,False
2025-06-11,Vanilla Syrup,3.0,54.0,False
2025-06-12,Vanilla Syrup,3.0,51.0,False
2025-06-13,Vanilla Syrup,2.0,49.0,False
2025-06-14,Vanilla Syrup,3.0,46.0,False
2025-06-15,Vanilla Syrup,3.0,43.0,False
2025-06-16,Vanilla Syrup,3.0,40.0,False
2025-06-17,Vanilla Syrup,3.0,37.0,False
2025-06-18,Vanilla Syrup,3.0,34.0,False
2025-06-19,Vanilla Syrup,3.0,31.0,False
2025-06-20,Vanilla Syrup,3.0,28.0,False
2025-06-21,Vanilla Syrup,3.0,25.0,False
2025-06-22,Vanilla Syrup,0.0,25.0,False
2025-06-23,Vanilla Syrup,2.0,23.0,False
2025-06-24,Vanilla Syrup,3.0,80.0,False
2025-06-25,Vanilla Syrup,3.0,77.0,False
2025-06-26,Vanilla Syrup,3.0,74.0,False
2025-06-27,Vanilla Syrup,3.0,71.0,False
2025-06-28,Vanilla Syrup,3.0,68.0,False
2025-06-29,Vanilla Syrup,3.0,65.0,False
2025-06-30,Vanilla Syrup,3.0,62.0,False
2025-07-01,Vanilla Syrup,3.0,59.0,False
2025-07-02,Vanilla Syrup,3.0,56.0,False
2025-07-03,Vanilla Syrup,3.0,53.0,False
2025-07-04,Vanilla Syrup,4.0,49.0,False
2025-07-05,Vanilla Syrup,3.0,46.0,False
2025-07-06,Vanilla Syrup,3.0,43.0,False
2025-07-07,Vanilla Syrup,2.0,41.0,False
2025-07-08,Vanilla Syrup,3.0,38.0,False
2025-07-09,Vanilla Syrup,2.0,36.0,False
2025-07-10,Vanilla Syrup,2.0,34.0,False
2025-07-11,Vanilla Syrup,2.0,32.0,False
2025-07-12,Vanilla Syrup,2.0,30.0,False
2025-07-13,Vanilla Syrup,3.0,27.0,False
2025-07-14,Vanilla Syrup,3.0,24.0,False
2025-07-15,Vanilla Syrup,2.0,82.0,False
2025-07-16,Vanilla Syrup,3.0,79.0,False
2025-07-17,Vanilla Syrup,3.0,76.0,False
2025-07-18,Vanilla Syrup,3.0,73.0,False
2025-07-19,Vanilla Syrup,3.0,70.0,False
2025-07-20,Vanilla Syrup,3.0,67.0,False
2025-07-21,Vanilla Syrup,3.0,64.0,False
2025-07-22,Vanilla Syrup,,64.0,False
2025-07-23,Vanilla Syrup,3.0,61.0,False
2025-07-24,Vanilla Syrup,2.0,59.0,False
2025-07-25,Vanilla Syrup,2.0,57.0,False
2025-07-26,Vanilla Syrup,3.0,54.0,False
2025-07-27,Vanilla Syrup,3.0,51.0,False
2025-07-28,Vanilla Syrup,3.0,48.0,False
2025-07-29,Vanilla Syrup,3.0,45.0,False
2025-07-30,Vanilla Syrup,3.0,42.0,False
2025-07-31,Vanilla Syrup,3.0,39.0,False
2025-08-01,Vanilla Syrup,3.0,36.0,False
2025-08-02,Vanilla Syrup,3.0,33.0,False
2025-08-03,Vanilla Syrup,3.0,30.0,False
2025-08-04,Vanilla Syrup,3.0,27.0,False
2025-08-05,Vanilla Syrup,3.0,24.0,False
2025-08-06,Vanilla Syrup,,24.0,False
2025-08-07,Vanilla Syrup,2.0,22.0,False
2025-08-08,Vanilla Syrup,3.0,79.0,False
2025-08-09,Vanilla Syrup,2.0,77.0,False
2025-08-10,Vanilla Syrup,3.0,74.0,False
2025-08-11,Vanilla Syrup,2.0,72.0,False
2025-08-12,Vanilla Syrup,3.0,69.0,False
2025-08-13,Vanilla Syrup,3.0,66.0,False
2025-08-14,Vanilla Syrup,3.0,63.0,False
2025-08-15,Vanilla Syrup,3.0,60.0,False
2025-08-16,Vanilla Syrup,4.0,56.0,False
2025-08-17,Vanilla Syrup,3.0,53.0,False
2025-08-18,Vanilla Syrup,3.0,50.0,False
2025-08-19,Vanilla Syrup,3.0,47.0,False
2025-08-20,Vanilla Syrup,3.0,44.0,False
2025-08-21,Vanilla Syrup,3.0,41.0,False
2025-08-22,Vanilla Syrup,3.0,38.0,False
2025-08-23,Vanilla Syrup,3.0,35.0,False
2025-08-24,Vanilla Syrup,3.0,32.0,False
2025-08-25,Vanilla Syrup,3.0,29.0,False
2025-08-26,Vanilla Syrup,2.0,27.0,False
2025-08-27,Vanilla Syrup,3.0,24.0,False
2025-08-28,Vanilla Syrup,4.0,20.0,False
2025-08-29,Vanilla Syrup,4.0,76.0,False
2025-08-30,Vanilla Syrup,4.0,72.0,False
2025-08-31,Vanilla Syrup,3.0,69.0,False
2025-09-01,Vanilla Syrup,4.0,65.0,False
2025-09-02,Vanilla Syrup,3.0,62.0,False
2025-09-03,Vanilla Syrup,3.0,59.0,False
2025-09-04,Vanilla Syrup,3.0,56.0,False
2025-09-05,Vanilla Syrup,3.0,53.0,False
2025-09-06,Vanilla Syrup,4.0,49.0,False
2025-09-07,Vanilla Syrup,3.0,46.0,False
2025-09-08,Vanilla Syrup,4.0,42.0,False
2025-09-09,Vanilla Syrup,3.0,39.0,False
2025-09-10,Vanilla Syrup,3.0,36.0,False
2025-09-11,Vanilla Syrup,3.0,33.0,False
2025-09-12,Vanilla Syrup,3.0,30.0,False
2025-09-13,Vanilla Syrup,3.0,27.0,False
2025-09-14,Vanilla Syrup,4.0,23.0,False
2025-09-15,Vanilla Syrup,4.0,19.0,False
2025-09-16,Vanilla Syrup,3.0,76.0,False
2025-09-17,Vanilla Syrup,3.0,73.0,False
2025-09-18,Vanilla Syrup,3.0,70.0,False
2025-09-19,Vanilla Syrup,4.0,66.0,False
2025-09-20,Vanilla Syrup,4.0,62.0,False
2025-09-21,Vanilla Syrup,3.0,59.0,False
2025-09-22,Vanilla Syrup,3.0,56.0,False
2025-09-23,Vanilla Syrup,2.0,54.0,False
2025-09-24,Vanilla Syrup,3.0,51.0,False
2025-09-25,Vanilla Syrup,4.0,47.0,False
2025-09-26,Vanilla Syrup,4.0,43.0,False
2025-09-27,Vanilla Syrup,5.0,38.0,False
2025-09-28,Vanilla Syrup,4.0,34.0,False
2025-09-29,Vanilla Syrup,4.0,30.0,False
2025-09-30,Vanilla Syrup,4.0,26.0,False
2025-10-01,Vanilla Syrup,4.0,82.0,False
2025-10-02,Vanilla Syrup,4.0,78.0,False
2025-10-03,Vanilla Syrup,4.0,74.0,False
2025-10-04,Vanilla Syrup,4.0,70.0,False
2025-10-05,Vanilla Syrup,4.0,66.0,False
2025-10-06,Vanilla Syrup,4.0,62.0,False
2025-10-07,Vanilla Syrup,3.0,59.0,False
2025-10-08,Vanilla Syrup,4.0,55.0,False
2025-10-09,Vanilla Syrup,4.0,51.0,False
2025-10-10,Vanilla Syrup,4.0,47.0,False
2025-10-11,Vanilla Syrup,4.0,43.0,False
2025-10-12,Vanilla Syrup,4.0,39.0,False
2025-10-13,Vanilla Syrup,3.0,36.0,False
2025-10-14,Vanilla Syrup,4.0,32.0,False
2025-10-15,Vanilla Syrup,4.0,28.0,False
2025-10-16,Vanilla Syrup,4.0,24.0,False
2025-10-17,Vanilla Syrup,4.0,20.0,False
2025-10-18,Vanilla Syrup,4.0,16.0,False
2025-10-19,Vanilla Syrup,5.0,71.0,False
2025-10-20,Vanilla Syrup,4.0,67.0,False
2025-10-21,Vanilla Syrup,3.0,64.0,False
2025-10-22,Vanilla Syrup,4.0,60.0,False
2025-10-23,Vanilla Syrup,5.0,55.0,False
2025-10-24,Vanilla Syrup,5.0,50.0,False
2025-10-25,Vanilla Syrup,5.0,45.0,False
2025-10-26,Vanilla Syrup,4.0,41.0,False
2025-10-27,Vanilla Syrup,4.0,37.0,False
2025-10-28,Vanilla Syrup,5.0,32.0,False
2025-10-29,Vanilla Syrup,4.0,28.0,False
2025-10-30,Vanilla Syrup,4.0,24.0,False
2025-10-31,Vanilla Syrup,3.0,81.0,False
2025-11-01,Vanilla Syrup,5.0,76.0,False
2025-11-02,Vanilla Syrup,4.0,72.0,False
2025-11-03,Vanilla Syrup,5.0,67.0,False
2025-11-04,Vanilla Syrup,5.0,62.0,False
2025-11-05,Vanilla Syrup,4.0,58.0,False
2025-11-06,Vanilla Syrup,4.0,54.0,False
2025-11-07,Vanilla Syrup,5.0,49.0,False
2025-11-08,Vanilla Syrup,5.0,44.0,False
2025-11-09,Vanilla Syrup,4.0,40.0,False
2025-11-10,Vanilla Syrup,5.0,35.0,False
2025-11-11,Vanilla Syrup,6.0,29.0,False
2025-11-12,Vanilla Syrup,5.0,24.0,False
2025-11-13,Vanilla Syrup,5.0,19.0,False
2025-11-14,Vanilla Syrup,4.0,15.0,False
2025-11-15,Vanilla Syrup,5.0,70.0,False
2025-11-16,Vanilla Syrup,3.0,67.0,False
2025-11-17,Vanilla Syrup,5.0,62.0,False
2025-11-18,Vanilla Syrup,4.0,58.0,False
2025-11-19,Vanilla Syrup,5.0,53.0,False
2025-11-20,Vanilla Syrup,5.0,48.0,False
2025-11-21,Vanilla Syrup,5.0,43.0,False
2025-11-22,Vanilla Syrup,5.0,38.0,False
2025-11-23,Vanilla Syrup,4.0,34.0,False
2025-11-24,Vanilla Syrup,5.0,29.0,False
2025-11-25,Vanilla Syrup,5.0,24.0,False
2025-11-26,Vanilla Syrup,3.0,21.0,False
2025-11-27,Vanilla Syrup,4.0,77.0,False
2025-11-28,Vanilla Syrup,5.0,72.0,False
2025-11-29,Vanilla Syrup,5.0,67.0,False
2025-11-30,Vanilla Syrup,5.0,62.0,False
2025-12-01,Vanilla Syrup,4.0,58.0,False
2025-12-02,Vanilla Syrup,5.0,53.0,False
2025-12-03,Vanilla Syrup,4.0,49.0,False
2025-12-04,Vanilla Syrup,5.0,44.0,False
2025-12-05,Vanilla Syrup,5.0,39.0,False
2025-12-06,Vanilla Syrup,5.0,34.0,False
2025-12-07,Vanilla Syrup,5.0,29.0,False
2025-12-08,Vanilla Syrup,5.0,24.0,False
2025-12-09,Vanilla Syrup,6.0,78.0,False
2025-12-10,Vanilla Syrup,6.0,72.0,False
2025-12-11,Vanilla Syrup,6.0,66.0,False
2025-12-12,Vanilla Syrup,5.0,61.0,False
2025-12-13,Vanilla Syrup,5.0,56.0,False
2025-12-14,Vanilla Syrup,5.0,51.0,False
2025-12-15,Vanilla Syrup,6.0,45.0,False
2025-12-16,Vanilla Syrup,5.0,40.0,False
2025-12-17,Vanilla Syrup,5.0,35.0,False
2025-12-18,Vanilla Syrup,5.0,30.0,False
2025-12-19,Vanilla Syrup,6.0,24.0,False
2025-12-20,Vanilla Syrup,5.0,19.0,False
2025-12-21,Vanilla Syrup,5.0,74.0,False
2025-12-22,Vanilla Syrup,4.0,70.0,False
2025-12-23,Vanilla Syrup,4.0,66.0,False
2025-12-24,Vanilla Syrup,5.0,61.0,False
2025-12-25,Vanilla Syrup,5.0,56.0,False
2025-12-26,Vanilla Syrup,6.0,50.0,False
2025-12-27,Vanilla Syrup,6.0,44.0,False
2025-12-28,Vanilla Syrup,5.0,39.0,False
2025-12-29,Vanilla Syrup,6.0,33.0,False
2025-12-30,Vanilla Syrup,6.0,27.0,False
2025-12-31,Vanilla Syrup,4.0,23.0,False
2026-01-01,Vanilla Syrup,6.0,17.0,False
2026-01-02,Vanilla Syrup,4.0,73.0,False
2026-01-03,Vanilla Syrup,6.0,67.0,False
2026-01-04,Vanilla Syrup,5.0,62.0,False
2026-01-05,Vanilla Syrup,5.0,57.0,False
2026-01-06,Vanilla Syrup,5.0,52.0,False
2026-01-07,Vanilla Syrup,5.0,47.0,False
2026-01-08,Vanilla Syrup,5.0,42.0,False
2026-01-09,Vanilla Syrup,4.0,38.0,False
2026-01-10,Vanilla Syrup,5.0,33.0,False
2026-01-11,Vanilla Syrup,5.0,28.0,False
2026-01-12,Vanilla Syrup,4.0,24.0,False
2026-01-13,Vanilla Syrup,5.0,19.0,False
2026-01-14,Vanilla Syrup,5.0,74.0,False
2026-01-15,Vanilla Syrup,5.0,69.0,False
2026-01-16,Vanilla Syrup,6.0,63.0,False
2026-01-17,Vanilla Syrup,6.0,57.0,False
2026-01-18,Vanilla Syrup,6.0,51.0,False
2026-01-19,Vanilla Syrup,5.0,46.0,False
2026-01-20,Vanilla Syrup,6.0,40.0,False
2026-01-21,Vanilla Syrup,6.0,34.0,False
2026-01-22,Vanilla Syrup,4.0,30.0,False
2026-01-23,Vanilla Syrup,6.0,24.0,False
2026-01-24,Vanilla Syrup,5.0,19.0,False
2026-01-25,Vanilla Syrup,4.0,15.0,False
2026-01-26,Vanilla Syrup,6.0,69.0,False
2026-01-27,Vanilla Syrup,5.0,64.0,False
2026-01-28,Vanilla Syrup,6.0,58.0,False
2026-01-29,Vanilla Syrup,23.0,35.0,False
2026-01-30,Vanilla Syrup,5.0,30.0,False
2026-01-31,Vanilla Syrup,5.0,25.0,False
2026-02-01,Vanilla Syrup,5.0,80.0,False
2026-02-02,Vanilla Syrup,4.0,76.0,False
2026-02-03,Vanilla Syrup,6.0,70.0,False
2026-02-04,Vanilla Syrup,5.0,65.0,False
2026-02-05,Vanilla Syrup,6.0,59.0,False
2026-02-06,Vanilla Syrup,6.0,53.0,False
2026-02-07,Vanilla Syrup,5.0,48.0,False
2026-02-08,Vanilla Syrup,5.0,43.0,False
2026-02-09,Vanilla Syrup,5.0,38.0,False
2026-02-10,Vanilla Syrup,5.0,33.0,False
2026-02-11,Vanilla Syrup,5.0,28.0,False
2026-02-12,Vanilla Syrup,5.0,23.0,False
2026-02-13,Vanilla Syrup,6.0,77.0,False
2026-02-14,Vanilla Syrup,5.0,72.0,False
2026-02-15,Vanilla Syrup,6.0,66.0,False
2026-02-16,Vanilla Syrup,5.0,61.0,False
2026-02-17,Vanilla Syrup,6.0,55.0,False
2026-02-18,Vanilla Syrup,5.0,50.0,False
2026-02-19,Vanilla Syrup,4.0,46.0,False
2026-02-20,Vanilla Syrup,6.0,40.0,False
2026-02-21,Vanilla Syrup,5.0,35.0,False
2026-02-22,Vanilla Syrup,6.0,29.0,False
2026-02-23,Vanilla Syrup,6.0,23.0,False
2026-02-24,Vanilla Syrup,4.0,19.0,False
2026-02-25,Vanilla Syrup,5.0,74.0,False
2026-02-26,Vanilla Syrup,5.0,69.0,False
2026-02-27,Vanilla Syrup,5.0,64.0,False
2026-02-28,Vanilla Syrup,4.0,60.0,False
2026-03-01,Vanilla Syrup,5.0,55.0,False
2026-03-02,Vanilla Syrup,6.0,49.0,False
2026-03-03,Vanilla Syrup,5.0,44.0,False
2026-03-04,Vanilla Syrup,5.0,39.0,False
2026-03-05,Vanilla Syrup,4.0,35.0,False
2026-03-06,Vanilla Syrup,6.0,29.0,False
2026-03-07,Vanilla Syrup,5.0,24.0,False
2026-03-08,Vanilla Syrup,5.0,19.0,False
2026-03-09,Vanilla Syrup,6.0,73.0,False
2026-03-10,Vanilla Syrup,6.0,67.0,False
2026-03-11,Vanilla Syrup,4.0,63.0,False
2026-03-12,Vanilla Syrup,5.0,58.0,False
2026-03-13,Vanilla Syrup,5.0,53.0,False
2026-03-14,Vanilla Syrup,5.0,48.0,False
2026-03-15,Vanilla Syrup,4.0,44.0,False
2026-03-16,Vanilla Syrup,5.0,39.0,False
2026-03-17,Vanilla Syrup,4.0,35.0,False
2026-03-18,Vanilla Syrup,5.0,30.0,False
2026-03-19,Vanilla Syrup,4.0,26.0,False
2026-03-20,Vanilla Syrup,4.0,22.0,False
2026-03-21,Vanilla Syrup,4.0,78.0,False
2026-03-22,Vanilla Syrup,5.0,73.0,False
2026-03-23,Vanilla Syrup,4.0,69.0,False
2026-03-24,Vanilla Syrup,4.0,65.0,False
2026-03-25,Vanilla Syrup,4.0,61.0,False
2026-03-26,Vanilla Syrup,6.0,55.0,False
2026-03-27,Vanilla Syrup,5.0,50.0,False
2026-03-28,Vanilla Syrup,5.0,45.0,False
2026-03-29,Vanilla Syrup,5.0,40.0,False
2026-03-30,Vanilla Syrup,4.0,36.0,False
2026-03-31,Vanilla Syrup,4.0,32.0,False
2026-04-01,Vanilla Syrup,4.0,28.0,False
2026-04-02,Vanilla Syrup,4.0,24.0,False
2026-04-03,Vanilla Syrup,5.0,19.0,False
2026-04-04,Vanilla Syrup,4.0,15.0,False
2026-04-05,Vanilla Syrup,4.0,71.0,False
2026-04-06,Vanilla Syrup,3.0,68.0,False
2026-04-07,Vanilla Syrup,4.0,64.0,False
2026-04-08,Vanilla Syrup,4.0,60.0,False
2026-04-09,Vanilla Syrup,4.0,56.0,False
2026-04-10,Vanilla Syrup,4.0,52.0,False
2026-04-11,Vanilla Syrup,4.0,48.0,False
2026-04-12,Vanilla Syrup,4.0,44.0,False
2026-04-13,Vanilla Syrup,3.0,41.0,False
2026-04-14,Vanilla Syrup,5.0,36.0,False
2026-04-15,Vanilla Syrup,4.0,32.0,False
2026-04-16,Vanilla Syrup,4.0,28.0,False
2026-04-17,Vanilla Syrup,5.0,83.0,False
2026-04-18,Vanilla Syrup,3.0,80.0,False
2026-04-19,Vanilla Syrup,4.0,76.0,False
2026-04-20,Vanilla Syrup,4.0,72.0,False
2026-04-21,Vanilla Syrup,4.0,68.0,False
2026-04-22,Vanilla Syrup,4.0,64.0,False
2026-04-23,Vanilla Syrup,4.0,60.0,False
2026-04-24,Vanilla Syrup,4.0,56.0,False
2026-04-25,Vanilla Syrup,,56.0,False
2026-04-26,Vanilla Syrup,4.0,52.0,False
2026-04-27,Vanilla Syrup,5.0,47.0,False
2026-04-28,Vanilla Syrup,4.0,43.0,False
2026-04-29,Vanilla Syrup,5.0,38.0,False
2026-04-30,Vanilla Syrup,3.0,35.0,False
2026-05-01,Vanilla Syrup,3.0,32.0,False
2026-05-02,Vanilla Syrup,4.0,28.0,False
2026-05-03,Vanilla Syrup,4.0,24.0,False
2026-05-04,Vanilla Syrup,5.0,19.0,False
2026-05-05,Vanilla Syrup,4.0,75.0,False
2026-05-06,Vanilla Syrup,4.0,71.0,False
2026-05-07,Vanilla Syrup,3.0,68.0,False
2026-05-08,Vanilla Syrup,4.0,64.0,False
2026-05-09,Vanilla Syrup,3.0,61.0,False
2026-05-10,Vanilla Syrup,4.0,57.0,False
2026-05-11,Vanilla Syrup,4.0,53.0,False
2026-05-12,Vanilla Syrup,3.0,50.0,False
2026-05-13,Vanilla Syrup,3.0,47.0,False
2026-05-14,Vanilla Syrup,4.0,43.0,False
2026-05-15,Vanilla Syrup,4.0,39.0,False
2026-05-16,Vanilla Syrup,3.0,36.0,False
2026-05-17,Vanilla Syrup,4.0,32.0,False
2026-05-18,Vanilla Syrup,4.0,28.0,False
2026-05-19,Vanilla Syrup,3.0,25.0,False
2026-05-20,Vanilla Syrup,4.0,81.0,False
2026-05-21,Vanilla Syrup,3.0,78.0,False
2026-05-22,Vanilla Syrup,3.0,75.0,False
2026-05-23,Vanilla Syrup,4.0,71.0,False
2026-05-24,Vanilla Syrup,4.0,67.0,False
2026-05-25,Vanilla Syrup,3.0,64.0,False
2026-05-26,Vanilla Syrup,3.0,61.0,False
2026-05-27,Vanilla Syrup,3.0,58.0,False
2026-05-28,Vanilla Syrup,3.0,55.0,False
2026-05-29,Vanilla Syrup,3.0,52.0,False
2026-05-30,Vanilla Syrup,4.0,48.0,False
2026-05-31,Vanilla Syrup,3.0,45.0,False
2026-06-01,Vanilla Syrup,3.0,42.0,False
2026-06-02,Vanilla Syrup,3.0,39.0,False
2026-06-03,Vanilla Syrup,3.0,36.0,False
2026-06-04,Vanilla Syrup,3.0,33.0,False
2026-06-05,Vanilla Syrup,4.0,29.0,False
2026-06-06,Vanilla Syrup,3.0,26.0,False
2026-06-07,Vanilla Syrup,3.0,83.0,False
2026-06-08,Vanilla Syrup,3.0,80.0,False
2026-06-09,Vanilla Syrup,,80.0,False
2026-06-10,Vanilla Syrup,3.0,77.0,False
2026-06-11,Vanilla Syrup,3.0,74.0,False
2026-06-12,Vanilla Syrup,4.0,70.0,False
2026-06-13,Vanilla Syrup,3.0,67.0,False
2026-06-14,Vanilla Syrup,4.0,63.0,False
2026-06-15,Vanilla Syrup,2.0,61.0,False
2026-06-16,Vanilla Syrup,3.0,58.0,False
2026-06-17,Vanilla Syrup,2.0,56.0,False
2026-06-18,Vanilla Syrup,3.0,53.0,False
2026-06-19,Vanilla Syrup,4.0,49.0,False
2026-06-20,Vanilla Syrup,3.0,46.0,False
2026-06-21,Vanilla Syrup,3.0,43.0,False
2026-06-22,Vanilla Syrup,3.0,40.0,False
2026-06-23,Vanilla Syrup,3.0,37.0,False
2026-06-24,Vanilla Syrup,3.0,34.0,False
2026-06-25,Vanilla Syrup,3.0,31.0,False
2026-06-26,Vanilla Syrup,3.0,28.0,False
2026-06-27,Vanilla Syrup,2.0,26.0,False
2026-06-28,Vanilla Syrup,3.0,83.0,False
2026-06-29,Vanilla Syrup,2.0,81.0,False
2026-06-30,Vanilla Syrup,3.0,78.0,False
2026-07-01,Vanilla Syrup,3.0,75.0,False
2026-07-02,Vanilla Syrup,3.0,72.0,False
2026-07-03,Vanilla Syrup,3.0,69.0,False
2026-07-04,Vanilla Syrup,3.0,66.0,False
2026-07-05,Vanilla Syrup,3.0,63.0,False
2026-07-06,Vanilla Syrup,13.0,50.0,False
2026-07-07,Vanilla Syrup,3.0,47.0,False
2026-07-08,Vanilla Syrup,3.0,44.0,False
2026-07-09,Vanilla Syrup,3.0,41.0,False
2026-07-10,Vanilla Syrup,3.0,38.0,False
2026-07-11,Vanilla Syrup,3.0,35.0,False
2026-07-12,Vanilla Syrup,3.0,32.0,False
2026-07-13,Vanilla Syrup,3.0,29.0,False
2026-07-14,Vanilla Syrup,3.0,26.0,False
2026-07-15,Vanilla Syrup,3.0,23.0,False
2026-07-16,Vanilla Syrup,2.0,81.0,False
2026-07-17,Vanilla Syrup,3.0,78.0,False
2026-07-18,Vanilla Syrup,3.0,75.0,False
2026-07-19,Vanilla Syrup,3.0,72.0,False
2026-07-20,Vanilla Syrup,3.0,69.0,False
2026-07-21,Vanilla Syrup,3.0,66.0,False
2026-07-22,Vanilla Syrup,3.0,63.0,False
2026-07-23,Vanilla Syrup,3.0,60.0,False
2026-07-24,Vanilla Syrup,3.0,57.0,False
2026-07-25,Vanilla Syrup,4.0,53.0,False
2026-07-26,Vanilla Syrup,3.0,50.0,False
2026-07-27,Vanilla Syrup,3.0,47.0,False
2026-07-28,Vanilla Syrup,3.0,44.0,False
2026-07-29,Vanilla Syrup,3.0,41.0,False
2026-07-30,Vanilla Syrup,2.0,39.0,False
2026-07-31,Vanilla Syrup,3.0,36.0,False
2026-08-01,Vanilla Syrup,3.0,33.0,False
2026-08-02,Vanilla Syrup,3.0,30.0,False
2026-08-03,Vanilla Syrup,3.0,27.0,False
2026-08-04,Vanilla Syrup,4.0,23.0,False
2026-08-05,Vanilla Syrup,3.0,20.0,False
2026-08-06,Vanilla Syrup,2.0,78.0,False
2026-08-07,Vanilla Syrup,3.0,75.0,False
2026-08-08,Vanilla Syrup,4.0,71.0,False
2026-08-09,Vanilla Syrup,3.0,68.0,False
2026-08-10,Vanilla Syrup,3.0,65.0,False
2026-08-11,Vanilla Syrup,2.0,63.0,False
2026-08-12,Vanilla Syrup,3.0,60.0,False
2026-08-13,Vanilla Syrup,3.0,57.0,False
2026-08-14,Vanilla Syrup,3.0,54.0,False
2026-08-15,Vanilla Syrup,3.0,51.0,False
2026-08-16,Vanilla Syrup,3.0,48.0,False
2026-08-17,Vanilla Syrup,3.0,45.0,False
2026-08-18,Vanilla Syrup,4.0,41.0,False
2026-08-19,Vanilla Syrup,3.0,38.0,False
2026-08-20,Vanilla Syrup,3.0,35.0,False
2026-08-21,Vanilla Syrup,3.0,32.0,False
2026-08-22,Vanilla Syrup,3.0,29.0,False
2026-08-23,Vanilla Syrup,3.0,26.0,False
2026-08-24,Vanilla Syrup,3.0,83.0,False
2026-08-25,Vanilla Syrup,3.0,80.0,False
2026-08-26,Vanilla Syrup,3.0,77.0,False
2026-08-27,Vanilla Syrup,3.0,74.0,False
2026-08-28,Vanilla Syrup,3.0,71.0,False
2026-08-29,Vanilla Syrup,3.0,68.0,False
2026-08-30,Vanilla Syrup,3.0,65.0,False
2026-08-31,Vanilla Syrup,3.0,8.0,False
